tower_id,evi_median,evi_p10,soil_moisture_mean,soil_moisture_p90,clay_pct,land_cover_class,gsw_occurrence_pct,gsw_recurrence_pct,land_cover_label
MY_W1315123577,0.49012693935119894,0.4321376635967039,0.2780855894088745,0.39138785004615784,24.0,10.0,0.0,0.0,Tree cover
MY_N9455370923,0.32169636378295574,0.2803607774274654,0.2780855894088745,0.39138785004615784,32.0,10.0,0.0,0.0,Tree cover
MY_N13326193730,0.33613064186890446,0.23289970625262277,0.2780855894088745,0.39138785004615784,31.0,10.0,0.0,0.0,Tree cover
MY_W1321815854,0.30352018018672583,0.23428389695748975,0.2787811756134033,0.3860846757888794,30.0,10.0,0.0,0.0,Tree cover
MY_N10722696333,0.5646284101599248,0.49950832210365304,0.2890506982803345,0.3898409903049469,29.0,10.0,0.0,0.0,Tree cover
MY_W1316153148,0.23527687177044015,0.1613020022448315,0.2890506982803345,0.3898409903049469,27.0,10.0,0.0,0.0,Tree cover
MY_W1316153129,0.19750391300766135,0.16282308606070536,0.2890506982803345,0.3898409903049469,27.0,10.0,0.0,0.0,Tree cover
MY_W1316153146,0.3285075901172213,0.25618480476399824,0.2890506982803345,0.3898409903049469,27.0,10.0,0.0,0.0,Tree cover
MY_W1317650252,0.17184074676472666,0.14300376325692782,0.3582778573036194,0.4228581488132477,30.0,10.0,0.0,0.0,Tree cover
MY_N4541585270,0.3356382064937296,0.2293636056718433,0.36461254954338074,0.43101274967193604,41.0,40.0,0.0,0.0,Cropland
MY_N10736133691,0.603272370012092,0.5105206634580963,0.33555930852890015,0.3824710547924042,28.0,10.0,0.0,0.0,Tree cover
MY_N11691138451,0.11584362455354558,0.08325314814040079,0.29175207018852234,0.35685065388679504,29.0,50.0,0.0,0.0,Built-up
MY_N11302586992,0.1144309950750581,0.07123775601068563,0.34467175602912903,0.3831678330898285,28.0,50.0,0.0,0.0,Built-up
MY_N13961444689,0.14068409459290973,0.10408146572877482,0.34467175602912903,0.3831678330898285,30.0,50.0,0.0,0.0,Built-up
MY_N6828231262,0.05984766050054412,0.029924120978946228,0.34666499495506287,0.386052668094635,26.0,50.0,0.0,0.0,Built-up
MY_N11302586991,0.27812393791775236,0.21212794313638383,0.34467175602912903,0.3831678330898285,37.0,50.0,0.0,0.0,Built-up
MY_N13961263910,0.14632750957179952,0.10794365257981164,0.34467175602912903,0.3831678330898285,27.0,50.0,0.0,0.0,Built-up
MY_N13979312124,0.44472583553969536,0.3573097523275459,0.4204028844833374,0.4869275689125061,42.0,40.0,0.0,100.0,Cropland
MY_N13967382742,0.1191497043823622,0.07866153621353074,0.34467175602912903,0.3831678330898285,37.0,50.0,0.0,0.0,Built-up
MY_N13967382741,0.14126394052044614,0.08941767661838602,0.34467175602912903,0.3831678330898285,26.0,50.0,0.0,0.0,Built-up
MY_N7016316628,0.4431620471858446,0.24378128105661778,0.34666499495506287,0.386052668094635,33.0,50.0,0.0,0.0,Built-up
MY_N7041239295,0.40968987128024964,0.2425194698729335,0.34666499495506287,0.386052668094635,36.0,10.0,0.0,0.0,Tree cover
MY_N1656847453,0.43055902553241576,0.35759925029817685,0.34666499495506287,0.386052668094635,28.0,50.0,0.0,0.0,Built-up
MY_N9134432003,0.29133378570175417,0.20678140251733879,0.34666499495506287,0.386052668094635,34.0,50.0,0.0,0.0,Built-up
MY_N6192657329,0.42114017843641316,0.34296516338104244,0.4204028844833374,0.4869275689125061,39.0,50.0,0.0,0.0,Built-up
MY_N9150548693,0.4496304375817115,0.2888173381757331,0.34666499495506287,0.386052668094635,35.0,50.0,0.0,0.0,Built-up
MY_N9116081582,0.2650038971161341,0.1707360226468507,0.34218278527259827,0.38654112815856934,28.0,50.0,0.0,0.0,Built-up
MY_N3341958144,0.1358641065298074,0.09427389505769651,0.42311203479766846,0.4886510968208313,48.0,40.0,0.0,0.0,Cropland
MY_N5242116831,0.20103723950532,0.09411382905358809,0.31454265117645264,0.3801792562007904,39.0,40.0,0.0,0.0,Cropland
MY_N6154919249,0.1477511559478773,0.12059603485288546,0.3074527978897095,0.3773558735847473,35.0,40.0,0.0,0.0,Cropland
MY_N3341958135,0.24244521337946942,0.1898267600442315,0.42816683650016785,0.4923616051673889,49.0,40.0,0.0,0.0,Cropland
MY_N10591046691,0.026403149586563417,0.010425975573428645,0.31454265117645264,0.3801792562007904,35.0,50.0,0.0,0.0,Built-up
MY_N7568527411,0.2563174389186118,0.16949876184783536,0.36837565898895264,0.4269009828567505,39.0,40.0,0.0,0.0,Cropland
MY_N4859059453,0.18769178848492166,0.12474857311509836,0.3074527978897095,0.3773558735847473,31.0,40.0,0.0,0.0,Cropland
MY_N8811444133,0.36367978881340646,0.2878799193488164,0.31454265117645264,0.3801792562007904,36.0,50.0,0.0,0.0,Built-up
MY_N7568524744,0.28631488815530565,0.23077895801719778,0.36837565898895264,0.4269009828567505,43.0,50.0,0.0,0.0,Built-up
MY_N6157011103,0.35751398880895285,0.2839913620991729,0.42816683650016785,0.4923616051673889,43.0,50.0,0.0,0.0,Built-up
MY_N6418052180,0.12076974120769744,0.09397880013113324,0.3963755965232849,0.4350162148475647,32.0,50.0,0.0,0.0,Built-up
MY_N9035698652,0.5547245360846822,0.5088089923469388,0.2728957533836365,0.3466845452785492,34.0,10.0,0.0,0.0,Tree cover
MY_N8356509387,0.34195811816245486,0.2725037287862297,0.38809236884117126,0.42540842294692993,22.0,10.0,0.0,0.0,Tree cover
MY_N6406328430,0.09731270543301324,0.044401006100336905,0.39634087681770325,0.43313494324684143,27.0,50.0,0.0,0.0,Built-up
MY_N4775194882,0.31496062992125984,0.14022378424903167,0.42311203479766846,0.4886510968208313,46.0,40.0,0.0,0.0,Cropland
MY_N4775194881,0.31390771478430257,0.19300211679741003,0.42311203479766846,0.4886510968208313,46.0,40.0,0.0,0.0,Cropland
MY_N7574291535,0.3003559235853854,0.23895526535148653,0.3016832768917084,0.3701949119567871,41.0,40.0,0.0,0.0,Cropland
MY_N6039478983,0.3337815391916476,0.27133835811774293,0.42816683650016785,0.4923616051673889,47.0,40.0,0.0,0.0,Cropland
MY_N13404129716,0.3713666193640628,0.304222391844734,0.3963755965232849,0.4350162148475647,42.0,50.0,0.0,0.0,Built-up
MY_W1085859464,0.12625440738396,0.058487604272802717,0.39634087681770325,0.43313494324684143,36.0,50.0,0.0,0.0,Built-up
MY_N3365342814,0.24953789279112754,0.1445364483217507,0.31454265117645264,0.3801792562007904,48.0,40.0,0.0,0.0,Cropland
MY_N9037393722,0.2801030968567429,0.23093348187346238,0.39634087681770325,0.43313494324684143,42.0,50.0,0.0,0.0,Built-up
MY_N2526527663,0.2787147917018048,0.20255683020784832,0.3016832768917084,0.3701949119567871,42.0,40.0,0.0,0.0,Cropland
MY_N2526527678,0.21354733405875953,0.15702786953891962,0.270782470703125,0.34259092807769775,38.0,50.0,0.0,0.0,Built-up
MY_W1311505864,0.30514620180061724,0.2229760960283417,0.38938117027282715,0.42713263630867004,32.0,10.0,0.0,0.0,Tree cover
MY_N4955138177,0.3420263289451758,0.2646441826690334,0.34081169962882996,0.3809986710548401,42.0,50.0,0.0,0.0,Built-up
MY_N5395408067,0.2466505896967628,0.18490213560905194,0.23175333440303802,0.29732322692871094,27.0,10.0,0.0,0.0,Tree cover
MY_W390112561,0.4699049830198275,0.3377610766407412,0.23175333440303802,0.29732322692871094,31.0,10.0,0.0,0.0,Tree cover
MY_N2888308600,0.32261611541168195,0.21406415802791606,0.270782470703125,0.34259092807769775,40.0,40.0,0.0,0.0,Cropland
MY_N4195769900,0.38821794411893673,0.3529411764705882,0.270782470703125,0.34259092807769775,34.0,10.0,0.0,0.0,Tree cover
MY_N4625586068,0.4189448795625831,0.3428194899558342,0.3765842020511627,0.42904531955718994,38.0,50.0,0.0,0.0,Built-up
MY_N4625586066,0.45599812923844407,0.3763521634615385,0.3765842020511627,0.42904531955718994,37.0,50.0,0.0,0.0,Built-up
MY_W1311793313,0.13085296615701342,0.09077243888839749,0.29873842000961304,0.37603938579559326,34.0,10.0,0.0,0.0,Tree cover
MY_N4625627407,0.23948113852602176,0.13535499615853935,0.3765842020511627,0.42904531955718994,42.0,40.0,0.0,0.0,Cropland
MY_W1311793315,0.2713127172251234,0.20182126217704363,0.29873842000961304,0.37603938579559326,37.0,10.0,0.0,0.0,Tree cover
MY_W1311793314,0.34701938285788875,0.2897874326445755,0.29873842000961304,0.37603938579559326,36.0,10.0,0.0,0.0,Tree cover
MY_N4567112599,0.2622150948546472,0.21962712558901862,0.3765842020511627,0.42904531955718994,39.0,50.0,0.0,0.0,Built-up
MY_N4625637084,0.15516566349198885,0.11996001332889039,0.3765842020511627,0.42904531955718994,39.0,10.0,0.0,0.0,Tree cover
MY_W1311840962,0.27186571359730144,0.22895440282028434,0.29873842000961304,0.37603938579559326,37.0,10.0,0.0,0.0,Tree cover
MY_W1311840972,0.1884557317035085,0.14479552541937812,0.29873842000961304,0.37603938579559326,35.0,10.0,0.0,0.0,Tree cover
MY_N3604853933,0.17029418799330304,0.14040062197018202,0.2930193245410919,0.37003469467163086,46.0,40.0,0.0,0.0,Cropland
MY_N4955138206,0.25071168157281576,0.18143270681290008,0.3765842020511627,0.42904531955718994,34.0,50.0,0.0,0.0,Built-up
MY_N4760131971,0.25520632481399774,0.1961261221421306,0.299545019865036,0.3721541464328766,41.0,40.0,0.0,0.0,Cropland
MY_N4573203388,0.23239915121216745,0.133587786259542,0.34081169962882996,0.3809986710548401,31.0,40.0,0.0,0.0,Cropland
MY_N5952916379,0.19561430371666802,0.13202597784399217,0.39096978306770325,0.4273783564567566,30.0,50.0,0.0,0.0,Built-up
MY_N4612165249,0.19831753195796686,0.15106706098633202,0.3723267614841461,0.43408268690109253,35.0,30.0,0.0,0.0,Grassland
MY_N8825706826,0.5648932136989764,0.38966022465638733,0.4445266127586365,0.4808914065361023,38.0,30.0,0.0,0.0,Grassland
MY_W879207161,0.430008910970036,0.33117592670421114,0.4445266127586365,0.4808914065361023,40.0,10.0,0.0,0.0,Tree cover
MY_N5646827136,0.18808057109114473,0.14794620138131584,0.29873842000961304,0.37603938579559326,28.0,50.0,0.0,0.0,Built-up
MY_N4560309077,0.49661369478083983,0.43028419182948496,0.39096978306770325,0.4273783564567566,30.0,10.0,0.0,0.0,Tree cover
MY_N4758418627,0.3642940494041729,0.25989995608540917,0.2930193245410919,0.37003469467163086,39.0,40.0,0.0,0.0,Cropland
MY_N5931380383,0.19090519090519092,0.1453735505151835,0.39096978306770325,0.4273783564567566,32.0,10.0,0.0,0.0,Tree cover
MY_N4560309078,0.1747750146551424,0.1113417625967163,0.39096978306770325,0.4273783564567566,32.0,10.0,0.0,0.0,Tree cover
MY_N5931380384,0.3508771929824562,0.2898749828273115,0.39096978306770325,0.4273783564567566,32.0,10.0,0.0,0.0,Tree cover
MY_N14135289964,0.022789222038518256,-0.02286661976077997,0.3789949119091034,0.43181565403938293,35.0,50.0,0.0,0.0,Built-up
MY_N12434275222,0.25355321806886943,0.20830106860771253,0.4445266127586365,0.4808914065361023,43.0,50.0,0.0,0.0,Built-up
MY_N12434275187,0.3753764198300633,0.2881415309160974,0.4445266127586365,0.4808914065361023,40.0,50.0,0.0,0.0,Built-up
MY_N4952889109,0.34079646815028375,0.2448329148155302,0.29873842000961304,0.37603938579559326,26.0,10.0,0.0,0.0,Tree cover
MY_N7049747274,0.3460352253547829,0.20296948260261577,0.2914559245109558,0.36245495080947876,35.0,50.0,0.0,0.0,Built-up
MY_N4218038791,0.0780045631127829,0.04306784660766963,0.3723267614841461,0.43408268690109253,28.0,30.0,0.0,0.0,Grassland
MY_N7003374699,0.2688529175261336,0.2185609855653271,0.39096978306770325,0.4273783564567566,22.0,50.0,0.0,0.0,Built-up
MY_N12397225227,0.44034312640996465,0.3407697152517652,0.39096978306770325,0.4273783564567566,21.0,50.0,0.0,0.0,Built-up
MY_N12397225226,0.2407329202683675,0.18878305422784636,0.39096978306770325,0.4273783564567566,20.0,50.0,0.0,0.0,Built-up
MY_N12397225225,0.4311085001581636,0.32918630708600577,0.39096978306770325,0.4273783564567566,29.0,10.0,0.0,0.0,Tree cover
MY_N12397225228,0.06821776957553391,0.04443570585922141,0.39096978306770325,0.4273783564567566,27.0,50.0,0.0,0.0,Built-up
MY_N12397225224,0.5050625847086023,0.38771376077636976,0.39096978306770325,0.4273783564567566,32.0,10.0,0.0,0.0,Tree cover
MY_N12397225229,0.10654905940207633,0.052855730473800336,0.39096978306770325,0.4273783564567566,27.0,50.0,0.0,0.0,Built-up
MY_N12432739231,0.19717986931101683,0.12760327756913628,0.39096978306770325,0.4273783564567566,35.0,10.0,0.0,0.0,Tree cover
MY_N12397225230,0.4131352841246282,0.33017291788488856,0.39096978306770325,0.4273783564567566,26.0,50.0,0.0,0.0,Built-up
MY_N12397225231,0.1888379648430702,0.1331342540749036,0.39096978306770325,0.4273783564567566,24.0,50.0,0.0,0.0,Built-up
MY_N12397225232,0.07121902944191143,0.05689698090395079,0.39096978306770325,0.4273783564567566,27.0,50.0,0.0,0.0,Built-up
MY_N12432739232,0.4145283581101214,0.32343620832185177,0.39096978306770325,0.4273783564567566,26.0,10.0,0.0,0.0,Tree cover
MY_N12397225233,0.03344560937425875,-0.013771616923285305,0.39096978306770325,0.4273783564567566,29.0,50.0,0.0,0.0,Built-up
MY_N12432739233,0.32897995303544625,0.20728399845021309,0.39096978306770325,0.4273783564567566,28.0,50.0,0.0,0.0,Built-up
MY_N506433555,0.4541359862133792,0.3463644467082644,0.4372462332248688,0.5042963624000549,25.0,10.0,0.0,0.0,Tree cover
MY_N12432739234,0.2640226195934587,0.15944806439248754,0.39096978306770325,0.4273783564567566,28.0,50.0,0.0,0.0,Built-up
MY_N12717488852,0.2617533499886442,0.11104331909701037,0.30895304679870605,0.3521706461906433,38.0,40.0,0.0,0.0,Cropland
MY_N6795232571,0.22750273246164435,0.15641005436923802,0.39096978306770325,0.4273783564567566,29.0,50.0,0.0,0.0,Built-up
MY_W1312400607,0.36490381710806097,0.33633964790673865,0.39096978306770325,0.4273783564567566,28.0,10.0,0.0,0.0,Tree cover
MY_W1312400606,0.43796263658794493,0.3246039739950556,0.39096978306770325,0.4273783564567566,28.0,10.0,0.0,0.0,Tree cover
MY_W1312400608,0.3056603773584906,0.2633039403095517,0.39096978306770325,0.4273783564567566,28.0,10.0,0.0,0.0,Tree cover
MY_W1312840745,0.23445840519011246,0.18493938589505352,0.38938117027282715,0.42713263630867004,38.0,10.0,0.0,0.0,Tree cover
MY_W1312840761,0.3037847261426628,0.24540126973791299,0.38938117027282715,0.42713263630867004,37.0,10.0,0.0,0.0,Tree cover
MY_N5392512623,0.04566908487020366,0.01984635083226633,0.4372462332248688,0.5042963624000549,25.0,50.0,0.0,0.0,Built-up
MY_N11399381206,0.19988749296831054,0.14896867838044306,0.40662816166877747,0.49655166268348694,29.0,10.0,0.0,0.0,Tree cover
MY_W1274670480,0.37336710035187237,0.27864543653816853,0.40662816166877747,0.49655166268348694,29.0,10.0,0.0,0.0,Tree cover
MY_N12441857996,0.2257123649873012,0.1735249287744795,0.32833877205848694,0.36962229013442993,26.0,50.0,0.0,0.0,Built-up
MY_N3720185425,0.31743060893941155,0.20817074652700596,0.2788921296596527,0.354522705078125,25.0,10.0,0.0,0.0,Tree cover
MY_N3234716501,0.26158072168810087,0.23449459572296694,0.4405117928981781,0.4798576235771179,33.0,10.0,0.0,0.0,Tree cover
MY_N7567968606,0.10290506854274943,0.07759202339005922,0.32179099321365356,0.3803877532482147,32.0,50.0,0.0,0.0,Built-up
MY_W1165977860,0.1127879906879666,0.07861960524682418,0.4145607054233551,0.47933048009872437,36.0,50.0,0.0,0.0,Built-up
MY_N8090717866,0.12036149996975651,0.08922581510801025,0.41778072714805603,0.49754223227500916,31.0,50.0,0.0,0.0,Built-up
MY_N8091057340,0.2580264009133576,0.20417387203269927,0.291348934173584,0.3896867036819458,34.0,50.0,0.0,0.0,Built-up
MY_N8091061663,0.4145106652272643,0.31911040278180247,0.291348934173584,0.3896867036819458,35.0,10.0,0.0,0.0,Tree cover
MY_N7594127522,0.23590640978667182,0.20506660842978822,0.36377406120300293,0.4177840054035187,32.0,10.0,0.0,0.0,Tree cover
MY_W1254490022,0.3021464196651229,0.24675776830011323,0.34246116876602173,0.38724130392074585,28.0,10.0,0.0,0.0,Tree cover
MY_W1254490023,0.1656278537544828,0.1256046502174708,0.34246116876602173,0.38724130392074585,28.0,10.0,0.0,0.0,Tree cover
MY_W1254490021,0.49518889527068644,0.4230485329396567,0.34246116876602173,0.38724130392074585,28.0,10.0,0.0,0.0,Tree cover
MY_N12497506008,0.3178684150018693,0.2103479918119574,0.3127702474594116,0.3676336705684662,30.0,10.0,0.0,0.0,Tree cover
MY_N12968711538,0.6103277439024389,0.5731149373100968,0.33609697222709656,0.3668286204338074,27.0,10.0,0.0,0.0,Tree cover
MY_N12458638891,0.4882330577991614,0.4023870570874767,0.29887381196022034,0.3607286810874939,25.0,10.0,0.0,0.0,Tree cover
MY_N4928415626,0.33561307773691074,0.2192982456140351,0.25577911734580994,0.3152933120727539,31.0,10.0,0.0,0.0,Tree cover
MY_N11766381937,0.2732147310499541,0.13091613962353965,0.3390797972679138,0.36869022250175476,34.0,50.0,0.0,0.0,Built-up
MY_N1727292934,0.24815183087631315,0.1900242871278222,0.3390797972679138,0.36869022250175476,31.0,10.0,0.0,0.0,Tree cover
MY_N3782301332,0.5201888091380353,0.4321710469251454,0.3242398202419281,0.37260836362838745,34.0,10.0,0.0,0.0,Tree cover
MY_N6130994429,0.265888470421086,0.2246110446230125,0.29887381196022034,0.3607286810874939,32.0,10.0,0.0,0.0,Tree cover
MY_W1122921707,0.11091545819505788,0.0802038120400076,0.3549371361732483,0.3814137578010559,36.0,10.0,0.0,0.0,Tree cover
MY_W1255218612,0.22532930525965222,0.15755586151135462,0.3549371361732483,0.3814137578010559,36.0,10.0,0.0,0.0,Tree cover
MY_W1255218611,0.22921387484748132,0.14569336453536647,0.3549371361732483,0.3814137578010559,36.0,10.0,0.0,0.0,Tree cover
MY_W1122921706,0.22379047475281158,0.1582863480913208,0.3549371361732483,0.3814137578010559,36.0,10.0,0.0,0.0,Tree cover
MY_W1255218623,0.27738471782919927,0.1935423403158536,0.3549371361732483,0.3814137578010559,37.0,10.0,0.0,0.0,Tree cover
MY_W1122921708,0.2351445186585344,0.17708381812258572,0.3549371361732483,0.3814137578010559,37.0,10.0,0.0,0.0,Tree cover
MY_W1255218617,0.3233700048535836,0.2714035221468324,0.3549371361732483,0.3814137578010559,37.0,10.0,0.0,0.0,Tree cover
MY_W1255218618,0.38555756564468413,0.27781678603192433,0.3549371361732483,0.3814137578010559,37.0,10.0,0.0,0.0,Tree cover
MY_W1255218619,0.4813829787234042,0.3901178964101205,0.3549371361732483,0.3814137578010559,37.0,10.0,0.0,0.0,Tree cover
MY_N8085760113,0.06620085575497239,0.03886224574169006,0.44291239976882935,0.48812955617904663,36.0,50.0,0.0,0.0,Built-up
MY_N8095997576,0.05202842081136832,0.01677777280658585,0.3549371361732483,0.3814137578010559,39.0,50.0,0.0,0.0,Built-up
MY_N8106032860,0.12968110053765158,0.09142053445850917,0.3549371361732483,0.3814137578010559,36.0,50.0,0.0,0.0,Built-up
MY_N7417373280,0.03475935828877007,0.004707756934888084,0.3549371361732483,0.3814137578010559,36.0,50.0,0.0,0.0,Built-up
MY_N8263445806,0.5380552494585249,0.43812488209771744,0.3549371361732483,0.3814137578010559,42.0,50.0,0.0,0.0,Built-up
MY_N8263445804,0.5673646152012397,0.42178262846748527,0.3549371361732483,0.3814137578010559,40.0,10.0,0.0,0.0,Tree cover
MY_N8263445805,0.5461104589712192,0.4773065050874586,0.3549371361732483,0.3814137578010559,42.0,50.0,0.0,0.0,Built-up
MY_N8263445803,0.509539428096272,0.37545981142446405,0.3549371361732483,0.3814137578010559,40.0,10.0,0.0,0.0,Tree cover
MY_N8099999650,0.3259952302329848,0.17969933143722527,0.35764628648757935,0.3842471241950989,33.0,50.0,0.0,0.0,Built-up
MY_N7923607620,0.1977621182863924,0.15051507058374666,0.33976197242736816,0.379568487405777,36.0,50.0,0.0,0.0,Built-up
MY_N11221657074,0.3562259461524123,0.28772780502574136,0.34010422229766846,0.3695736825466156,28.0,10.0,0.0,0.0,Tree cover
MY_N8066614434,0.3107493486375925,0.24967049519864437,0.3541257977485657,0.3822810649871826,,50.0,17.0,100.0,Built-up
MY_N8068563589,0.4310705251365811,0.37281568751482563,0.3541257977485657,0.3822810649871826,35.0,10.0,0.0,0.0,Tree cover
MY_N5380592531,0.3548092591773767,0.2560130136721019,0.4361283779144287,0.4741693139076233,38.0,50.0,0.0,0.0,Built-up
MY_N2419619291,0.15820611695055972,0.08842008904423083,0.44437116384506226,0.48122110962867737,33.0,10.0,0.0,0.0,Tree cover
MY_N9938117617,0.053840976829151045,0.02690988759763762,0.4638444185256958,0.5100935101509094,29.0,50.0,0.0,0.0,Built-up
MY_W1144244595,0.35429365363929716,0.2720946416144746,0.3509320616722107,0.3830954432487488,36.0,10.0,0.0,0.0,Tree cover
MY_N8221431663,0.5407232719118416,0.4683746997598079,0.3509320616722107,0.3830954432487488,38.0,10.0,0.0,0.0,Tree cover
MY_N11738300326,0.3832570832330043,0.2619644348967657,0.4505542516708374,0.49149858951568604,40.0,10.0,0.0,0.0,Tree cover
MY_W1259361634,0.4202227087486258,0.334267845589821,0.3438626229763031,0.3735417425632477,28.0,10.0,0.0,0.0,Tree cover
MY_N14031280271,0.24447084628038754,0.21621132621675418,0.23766885697841644,0.27109917998313904,40.0,10.0,0.0,0.0,Tree cover
MY_N12603668089,0.3848631481737746,0.28377501163356705,0.40094783902168274,0.5028489828109741,31.0,10.0,0.0,0.0,Tree cover
MY_N5230359448,0.5334885318992595,0.3854942450914015,0.33279216289520264,0.364793598651886,37.0,10.0,0.0,0.0,Tree cover
MY_N8513142479,0.23164369695554,0.056306306306306245,0.47006797790527344,0.5110383629798889,28.0,50.0,0.0,0.0,Built-up
MY_N13331200729,0.6979501262032005,0.5970495841320329,0.3650716543197632,0.3902129530906677,31.0,30.0,0.0,0.0,Grassland
MY_N12988846941,0.37726860254083494,0.3025812029146598,0.3650716543197632,0.3902129530906677,29.0,30.0,0.0,0.0,Grassland
MY_N11361040488,0.3340393307883087,0.14023016107185612,0.3650716543197632,0.3902129530906677,30.0,50.0,0.0,0.0,Built-up
MY_N4282405794,0.35074342356080823,0.307742214532872,0.3650716543197632,0.3902129530906677,31.0,10.0,0.0,0.0,Tree cover
MY_N1989261313,0.5727580372250425,0.3759578544061303,0.3650716543197632,0.3902129530906677,28.0,10.0,0.0,0.0,Tree cover
MY_N4688736584,0.37860802199175314,0.2777388460640037,0.3650716543197632,0.3902129530906677,31.0,10.0,0.0,0.0,Tree cover
MY_N10230275358,0.3057263643351268,0.2526822610607726,0.4607211649417877,0.4943999946117401,38.0,10.0,0.0,0.0,Tree cover
MY_N12531429458,0.34423536439665475,0.20417609545361037,0.39636820554733276,0.496471643447876,33.0,10.0,0.0,0.0,Tree cover
MY_N8659560397,0.388607925832001,0.3088447890655802,0.46443620324134827,0.5053524971008301,37.0,10.0,0.0,0.0,Tree cover
MY_W1261862989,0.30179271053190493,0.2321308625390177,0.3506440818309784,0.378393292427063,27.0,10.0,0.0,0.0,Tree cover
MY_N8148777715,0.2889429613425112,0.17007448171165615,0.4607211649417877,0.4943999946117401,34.0,50.0,0.0,0.0,Built-up
MY_N10224694924,0.2755308239092292,0.1996079130279808,0.4607211649417877,0.4943999946117401,36.0,50.0,0.0,0.0,Built-up
MY_N12717364277,0.36527359947963245,0.295863765964926,0.4535689353942871,0.49003180861473083,30.0,50.0,0.0,0.0,Built-up
MY_W1258156597,0.40446735074144013,0.3197786148051349,0.3310101628303528,0.3724370002746582,30.0,10.0,0.0,0.0,Tree cover
MY_N8088772324,0.32492324647721005,0.2003905045730141,0.4443853199481964,0.4733315706253052,36.0,50.0,0.0,0.0,Built-up
MY_N10230298029,0.24889703276749509,0.12683150183150182,0.4607211649417877,0.4943999946117401,36.0,50.0,0.0,0.0,Built-up
MY_N12926409708,0.4897125806356583,0.40993956886443583,0.3696499764919281,0.3922753632068634,31.0,10.0,0.0,0.0,Tree cover
MY_N8008855555,0.24116967116446658,0.1811741714844068,0.46443620324134827,0.5053524971008301,35.0,50.0,0.0,0.0,Built-up
MY_W1552737108,0.3139189559434711,0.2725257353328822,0.4535689353942871,0.49003180861473083,27.0,50.0,0.0,0.0,Built-up
MY_N12038575594,0.49213742109568814,0.44209768898670954,0.44156524538993835,0.4730364680290222,28.0,10.0,0.0,0.0,Tree cover
MY_N8490772188,0.3131578947368421,0.20301757947676832,0.4607211649417877,0.4943999946117401,31.0,50.0,0.0,0.0,Built-up
MY_N8201683420,0.08269371345029242,0.03996227164416204,0.4535689353942871,0.49003180861473083,26.0,50.0,0.0,0.0,Built-up
MY_N8202178174,0.35583596214511043,0.1865504460103458,0.4535689353942871,0.49003180861473083,29.0,50.0,0.0,0.0,Built-up
MY_N12927458268,0.3884870035968869,0.23372959903284307,0.4607211649417877,0.4943999946117401,35.0,50.0,0.0,0.0,Built-up
MY_N8009459244,0.31417364411254434,0.21009850520079906,0.4607211649417877,0.4943999946117401,34.0,50.0,0.0,0.0,Built-up
MY_N8487785684,0.3567514677103718,0.23684963420116892,0.4607211649417877,0.4943999946117401,36.0,10.0,0.0,0.0,Tree cover
MY_N8487785683,0.172242317816436,0.1265798690421806,0.4607211649417877,0.4943999946117401,36.0,10.0,0.0,0.0,Tree cover
MY_N8006989819,0.5000659427616828,0.3931532495319604,0.4607211649417877,0.4943999946117401,29.0,50.0,0.0,0.0,Built-up
MY_N8125185377,0.20848269876608427,0.18276254340797515,0.36110031604766846,0.3912894129753113,30.0,50.0,0.0,0.0,Built-up
MY_N8044656639,0.4759440118817229,0.42885423400129274,0.3966801166534424,0.49367499351501465,30.0,10.0,0.0,0.0,Tree cover
MY_N8148264450,0.2841254283581497,0.16410244406931898,0.3556196391582489,0.38492926955223083,28.0,50.0,0.0,0.0,Built-up
MY_N10317040484,0.15818513358698455,0.05649717514124292,0.36110031604766846,0.3912894129753113,32.0,50.0,0.0,0.0,Built-up
MY_N8044687304,0.42051280077003106,0.32485212656088636,0.3966801166534424,0.49367499351501465,30.0,10.0,0.0,0.0,Tree cover
MY_N8044671936,0.2956284349294156,0.22591374542192993,0.3966801166534424,0.49367499351501465,33.0,50.0,0.0,0.0,Built-up
MY_N8044156760,0.3195049185615224,0.1575091575091575,0.6990277171134949,0.7918702960014343,36.0,50.0,0.0,0.0,Built-up
MY_N10923563956,0.34044895231355904,0.2794645627410133,0.3556196391582489,0.38492926955223083,33.0,10.0,0.0,0.0,Tree cover
MY_N8143719855,0.20270270270270274,0.15527085364155413,0.3556196391582489,0.38492926955223083,30.0,10.0,0.0,0.0,Tree cover
MY_N5599579030,0.2589933328448971,0.052939629093778785,0.36110031604766846,0.3912894129753113,28.0,50.0,0.0,0.0,Built-up
MY_N8281177692,0.4917327949860379,0.39404485692188707,0.36110031604766846,0.3912894129753113,28.0,10.0,0.0,0.0,Tree cover
MY_N10672756622,0.3334363889050094,0.14439229952547755,0.6990277171134949,0.7918702960014343,35.0,50.0,0.0,0.0,Built-up
MY_N8044980541,0.4423218221895665,0.3233179372410838,0.6990277171134949,0.7918702960014343,33.0,10.0,0.0,0.0,Tree cover
MY_N403749609,0.18952317550137304,0.14742396027312227,0.3556196391582489,0.38492926955223083,29.0,50.0,0.0,0.0,Built-up
MY_N5453636981,0.5468689825155973,0.4943439755897893,0.36110031604766846,0.3912894129753113,26.0,10.0,0.0,0.0,Tree cover
MY_N4069889954,0.2692050556315956,0.2274080690784577,0.6990277171134949,0.7918702960014343,33.0,50.0,0.0,0.0,Built-up
MY_N4749127191,0.14480809348821283,0.11143670807709767,0.36110031604766846,0.3912894129753113,28.0,50.0,0.0,0.0,Built-up
MY_N8044342361,0.34527998010437744,0.23287038979566144,0.36110031604766846,0.3912894129753113,29.0,50.0,0.0,0.0,Built-up
MY_N12042056319,0.3344797177408443,0.25781910397295016,0.346345990896225,0.3732307255268097,40.0,10.0,0.0,0.0,Tree cover
MY_W972995057,0.2096605112490929,0.15375567131574527,0.346345990896225,0.3732307255268097,39.0,50.0,0.0,0.0,Built-up
MY_N5788369100,0.2014375721004526,0.1658277907603811,0.34646233916282654,0.3755083680152893,27.0,10.0,0.0,0.0,Tree cover
MY_N5788369099,0.35026269702276713,0.30980739989863154,0.34646233916282654,0.3755083680152893,27.0,10.0,0.0,0.0,Tree cover
MY_N8089011204,0.15760819837130569,0.11990077177508265,0.346345990896225,0.3732307255268097,37.0,50.0,0.0,0.0,Built-up
MY_W1230312032,0.06486143239443008,0.04205004371539197,0.3556196391582489,0.38492926955223083,28.0,10.0,0.0,0.0,Tree cover
MY_N4124017619,0.2040032137492577,0.13706237782121913,0.36110031604766846,0.3912894129753113,32.0,30.0,0.0,0.0,Grassland
MY_N4225703452,0.3643338255952167,0.24919917090635013,0.36110031604766846,0.3912894129753113,32.0,50.0,0.0,0.0,Built-up
MY_N4124017453,0.31524270105677954,0.2177579365079365,0.36110031604766846,0.3912894129753113,27.0,50.0,0.0,0.0,Built-up
MY_N4124017454,0.11532529712790154,0.026735481471148917,0.36110031604766846,0.3912894129753113,29.0,50.0,0.0,0.0,Built-up
MY_N4124069725,0.3003841502454293,0.2517726462670155,0.36110031604766846,0.3912894129753113,33.0,50.0,0.0,0.0,Built-up
MY_N4124069726,0.33709295979625253,0.20035557986870883,0.36110031604766846,0.3912894129753113,33.0,50.0,0.0,0.0,Built-up
MY_W1364627838,0.2798565751887865,0.21794871794871798,0.3460792601108551,0.37382158637046814,31.0,10.0,0.0,0.0,Tree cover
MY_N8385914978,0.48706849514386535,0.2797938587073223,0.36110031604766846,0.3912894129753113,29.0,50.0,0.0,0.0,Built-up
MY_N4124069727,0.4627077739616521,0.27190332326283984,0.36110031604766846,0.3912894129753113,33.0,50.0,0.0,0.0,Built-up
MY_N4124069728,0.37407254693020353,0.30255785627283793,0.36110031604766846,0.3912894129753113,39.0,50.0,0.0,0.0,Built-up
MY_N8141381598,0.20688624990663979,0.11238700219887612,0.3556196391582489,0.38492926955223083,27.0,50.0,0.0,0.0,Built-up
MY_N4124069729,0.23434870595761031,0.20197874362740867,0.36110031604766846,0.3912894129753113,33.0,50.0,0.0,0.0,Built-up
MY_N11358783333,0.4786668691163073,0.37891509089581665,0.36110031604766846,0.3912894129753113,34.0,50.0,0.0,0.0,Built-up
MY_N4124069730,0.04291287386215868,0.021101498206372672,0.36110031604766846,0.3912894129753113,34.0,50.0,0.0,0.0,Built-up
MY_N11975720519,0.3140374641019155,0.2601409255379928,0.3556196391582489,0.38492926955223083,31.0,50.0,0.0,0.0,Built-up
MY_W1258179518,0.4200873986254654,0.34189547711674034,0.33814555406570435,0.37715837359428406,31.0,30.0,0.0,0.0,Grassland
MY_W1286305455,0.5631095273818453,0.43454465849387036,0.34761831164360046,0.37712112069129944,30.0,10.0,0.0,0.0,Tree cover
MY_W1286305456,0.501951600312256,0.33362155930249304,0.34761831164360046,0.37712112069129944,30.0,10.0,0.0,0.0,Tree cover
MY_N8141531800,0.3603931561703676,0.277123903274128,0.3556196391582489,0.38492926955223083,28.0,50.0,0.0,0.0,Built-up
MY_W1286305457,0.30638868456752677,0.19465309748808657,0.34761831164360046,0.37712112069129944,32.0,10.0,0.0,0.0,Tree cover
MY_N5462691797,0.3837369560937192,0.3331917604586962,0.34761831164360046,0.37712112069129944,31.0,10.0,0.0,0.0,Tree cover
MY_N412048097,0.4006778460644692,0.2869033463563785,0.36110031604766846,0.3912894129753113,26.0,50.0,0.0,0.0,Built-up
MY_N412048098,0.5234732885543733,0.32411781616353497,0.36110031604766846,0.3912894129753113,33.0,30.0,0.0,0.0,Grassland
MY_N13886055362,0.09412567979153909,0.06907940642880404,,,28.0,50.0,0.0,0.0,Built-up
MY_N8082097597,0.336620844598454,0.2175175136432248,0.34295904636383057,0.37161481380462646,30.0,50.0,0.0,0.0,Built-up
MY_N11853239841,0.33039462636439965,0.2548689138576779,0.3556196391582489,0.38492926955223083,28.0,50.0,0.0,0.0,Built-up
MY_N11403863828,0.24005722891724302,0.1706733962013548,0.36110031604766846,0.3912894129753113,34.0,50.0,0.0,0.0,Built-up
MY_N8119252103,0.20008250825082505,0.1493539184426917,0.6990277171134949,0.7918702960014343,33.0,50.0,0.0,0.0,Built-up
MY_N8004289377,0.16412997813347777,0.09134200911367457,0.34646233916282654,0.3755083680152893,33.0,10.0,0.0,0.0,Tree cover
MY_N9498642399,0.04534852761128959,0.0283217704399754,0.34761831164360046,0.37712112069129944,34.0,50.0,0.0,0.0,Built-up
MY_N12133717335,0.358183672383138,0.2855655934590804,0.3556196391582489,0.38492926955223083,31.0,50.0,0.0,0.0,Built-up
MY_N8114405464,0.10491779256994092,0.07470119521912351,0.34761831164360046,0.37712112069129944,29.0,50.0,0.0,0.0,Built-up
MY_N8081694353,0.3875025404657557,0.34351582810827347,0.34295904636383057,0.37161481380462646,28.0,50.0,0.0,0.0,Built-up
MY_N12366513311,0.25651532535649896,0.12590961317502875,0.3556196391582489,0.38492926955223083,30.0,50.0,0.0,0.0,Built-up
MY_N12366513312,0.1900731930466606,0.13127427547057063,0.3556196391582489,0.38492926955223083,30.0,50.0,0.0,0.0,Built-up
MY_N1982558019,0.3717645416139429,0.2463349501335223,0.3556196391582489,0.38492926955223083,29.0,50.0,0.0,0.0,Built-up
MY_N13763999844,0.49430171914236043,0.43188686989291447,0.3556196391582489,0.38492926955223083,26.0,50.0,0.0,0.0,Built-up
MY_N13103629668,0.09711712159828474,0.06291392153205508,0.36110031604766846,0.3912894129753113,28.0,50.0,0.0,0.0,Built-up
MY_N13103629669,0.11998434135838715,0.08227336967494453,0.36110031604766846,0.3912894129753113,31.0,50.0,0.0,0.0,Built-up
MY_N13103629667,0.34275394697646705,0.19208478224871672,0.36110031604766846,0.3912894129753113,31.0,50.0,0.0,0.0,Built-up
MY_N13103629670,0.20367848028628782,0.14087285096188204,0.36110031604766846,0.3912894129753113,29.0,50.0,0.0,0.0,Built-up
MY_N8254911755,0.06304558680892336,0.025339783460032256,0.3556196391582489,0.38492926955223083,28.0,50.0,0.0,0.0,Built-up
MY_N13103629671,0.2385389192229781,0.19947063642892515,0.36110031604766846,0.3912894129753113,31.0,50.0,0.0,0.0,Built-up
MY_N5597298234,0.25275408670931065,0.2012740580103009,0.3556196391582489,0.38492926955223083,29.0,10.0,0.0,0.0,Tree cover
MY_W1262375280,0.29291224686595946,0.23361625724312415,0.3556196391582489,0.38492926955223083,29.0,10.0,0.0,0.0,Tree cover
MY_N8004208520,0.5136503700511983,0.42162441800310396,0.34761831164360046,0.37712112069129944,29.0,10.0,0.0,0.0,Tree cover
MY_N12384569108,0.35417271241420134,0.25522089174056967,0.3556196391582489,0.38492926955223083,26.0,10.0,0.0,0.0,Tree cover
MY_N8255238093,0.27702275911865326,0.21143033197257954,0.3556196391582489,0.38492926955223083,31.0,50.0,0.0,0.0,Built-up
MY_N8120556662,0.03449311422091772,0.004493540535480246,0.3556196391582489,0.38492926955223083,31.0,50.0,0.0,0.0,Built-up
MY_N8255238086,0.22406971057662387,0.11285554490252475,0.3556196391582489,0.38492926955223083,32.0,50.0,0.0,0.0,Built-up
MY_N8255238092,0.2369223129850458,0.1999631064379266,0.3556196391582489,0.38492926955223083,32.0,50.0,0.0,0.0,Built-up
MY_N7841645805,0.4126445951336258,0.33890283550763406,0.3562556207180023,0.3826949894428253,26.0,10.0,0.0,0.0,Tree cover
MY_N8081515935,0.3263639203419584,0.2383050304389619,0.34276852011680603,0.37068653106689453,31.0,10.0,0.0,0.0,Tree cover
MY_N8224457107,0.42458110235850405,0.09924883586553823,0.6153357028961182,0.7688602209091187,30.0,10.0,0.0,0.0,Tree cover
MY_W1259473617,0.5567572882355833,0.48014440433213007,0.3562792241573334,0.38039231300354004,32.0,10.0,0.0,0.0,Tree cover
MY_N6093033474,0.46404973048165543,0.3849830537933432,0.35789817571640015,0.38423970341682434,32.0,10.0,0.0,0.0,Tree cover
MY_N11548619078,0.128564365645781,0.09885999287495546,0.36209577322006226,0.38812804222106934,32.0,50.0,0.0,0.0,Built-up
MY_N8146281229,0.18428929010847328,0.1524024716406898,0.36209577322006226,0.38812804222106934,34.0,50.0,0.0,0.0,Built-up
MY_N11529006459,0.32657216696687297,0.2665948007794684,0.3575548827648163,0.3868996500968933,30.0,50.0,0.0,0.0,Built-up
MY_N8047942568,0.15471323459366068,0.10714565541017003,0.3624798655509949,0.3892364501953125,24.0,50.0,0.0,0.0,Built-up
MY_W138669843,0.06155332192827709,0.039013732833957517,0.36209577322006226,0.38812804222106934,32.0,10.0,0.0,0.0,Tree cover
MY_W1264710479,0.27735281366869646,0.19055308841340338,0.36209577322006226,0.38812804222106934,32.0,10.0,0.0,0.0,Tree cover
MY_N11264702921,0.09739260513851963,0.06387002225226035,0.36209577322006226,0.38812804222106934,30.0,10.0,0.0,0.0,Tree cover
MY_N11346244297,0.24244000753838996,0.16699368708411533,0.3575548827648163,0.3868996500968933,28.0,50.0,0.0,0.0,Built-up
MY_N13584271255,0.2624025362008397,0.21945045523210716,0.36209577322006226,0.38812804222106934,32.0,10.0,0.0,0.0,Tree cover
MY_N12247796176,0.4233394967984888,0.3966449944516057,0.3624798655509949,0.3892364501953125,29.0,50.0,0.0,0.0,Built-up
MY_N8048433914,0.06954298365193903,0.03582254064480571,0.3624798655509949,0.3892364501953125,30.0,50.0,0.0,0.0,Built-up
MY_N12194813653,0.3991909893850114,0.2986947791164659,0.3575548827648163,0.3868996500968933,27.0,50.0,0.0,0.0,Built-up
MY_N7842060099,0.32587758952789025,0.2658973729437761,0.3589920699596405,0.3843446969985962,32.0,10.0,0.0,0.0,Tree cover
MY_N9471829676,0.07964021364113652,0.05595709955700627,0.36209577322006226,0.38812804222106934,28.0,50.0,0.0,0.0,Built-up
MY_N9466091146,0.18108781397333917,0.10927781617138907,0.36209577322006226,0.38812804222106934,31.0,50.0,0.0,0.0,Built-up
MY_N11607769670,0.1450476415368835,0.099456387447492,0.36209577322006226,0.38812804222106934,27.0,10.0,0.0,0.0,Tree cover
MY_N9469280562,0.041736560428149244,0.016802871763537775,0.36209577322006226,0.38812804222106934,33.0,50.0,0.0,0.0,Built-up
MY_N9469288221,0.04505316273202377,0.027275687998697264,0.36209577322006226,0.38812804222106934,33.0,50.0,0.0,0.0,Built-up
MY_N10578741616,0.20654256646443686,0.149243434668629,0.3575548827648163,0.3868996500968933,29.0,10.0,0.0,0.0,Tree cover
MY_N9469288220,0.0416402110618183,0.016926577501526187,0.36209577322006226,0.38812804222106934,33.0,50.0,0.0,0.0,Built-up
MY_N11559092888,0.23336988868833333,0.1662136734267196,0.36209577322006226,0.38812804222106934,30.0,50.0,0.0,0.0,Built-up
MY_N12533942882,0.3953935754730057,0.337890625,0.36209577322006226,0.38812804222106934,35.0,10.0,0.0,0.0,Tree cover
MY_N12941843009,0.33302112287272356,0.2025613124633799,0.36209577322006226,0.38812804222106934,33.0,50.0,0.0,0.0,Built-up
MY_N12266031222,0.46320254506892894,0.35139508440479317,0.36209577322006226,0.38812804222106934,37.0,50.0,0.0,0.0,Built-up
MY_N4436507977,0.47637350875830065,0.3723183651924744,0.6153357028961182,0.7688602209091187,29.0,10.0,0.0,0.0,Tree cover
MY_W1285114522,0.49849680571213834,0.40741028429392584,0.3562556207180023,0.3826949894428253,29.0,10.0,0.0,0.0,Tree cover
MY_N9029115227,0.2844258173298351,0.18871989314490073,0.5855242609977722,0.7491697072982788,28.0,50.0,0.0,0.0,Built-up
MY_N8542747596,0.30311535712835624,0.1958138997031954,0.36209577322006226,0.38812804222106934,38.0,50.0,0.0,0.0,Built-up
MY_W728820001,0.032350413933226255,-0.022647819673896397,0.3624798655509949,0.3892364501953125,32.0,50.0,0.0,0.0,Built-up
MY_W728820002,-0.011484412945029464,-0.16972503957319574,0.3624798655509949,0.3892364501953125,32.0,50.0,0.0,0.0,Built-up
MY_W728820006,0.007906901305652449,-0.11674834246180468,0.3624798655509949,0.3892364501953125,32.0,50.0,0.0,0.0,Built-up
MY_N8542747597,0.23410561816294917,0.17340479998300726,0.36209577322006226,0.38812804222106934,37.0,50.0,0.0,0.0,Built-up
MY_N8542747595,0.2101753987089093,0.14971883786316784,0.36209577322006226,0.38812804222106934,37.0,50.0,0.0,0.0,Built-up
MY_N11607773741,0.36838607857795497,0.3120369954653617,0.36209577322006226,0.38812804222106934,39.0,50.0,0.0,0.0,Built-up
MY_N8542747598,0.0996121605624265,0.05887311139681256,0.36209577322006226,0.38812804222106934,37.0,50.0,0.0,0.0,Built-up
MY_N11226315843,0.4408931202538819,0.31349109538911935,0.3562556207180023,0.3826949894428253,36.0,30.0,0.0,0.0,Grassland
MY_N9504789637,0.44418917748212283,0.3939664986176614,0.36209577322006226,0.38812804222106934,39.0,10.0,0.0,0.0,Tree cover
MY_N11768370522,0.42947959787108225,0.30253728452450124,0.3640856444835663,0.387118935585022,34.0,50.0,0.0,0.0,Built-up
MY_N8058373534,0.26951032685432674,0.24098901557866595,0.3562121093273163,0.3797621726989746,31.0,50.0,0.0,0.0,Built-up
MY_N8058373535,0.44127073151189805,0.36966494634226266,0.3562121093273163,0.3797621726989746,31.0,50.0,0.0,0.0,Built-up
MY_N8058373539,0.1774814372999577,0.11535272665020117,0.3562121093273163,0.3797621726989746,32.0,50.0,22.0,69.0,Built-up
MY_N9602824113,0.06908831908831914,0.03525461667599329,0.3562121093273163,0.3797621726989746,25.0,50.0,0.0,0.0,Built-up
MY_N12167585701,0.4985056069192862,0.4091337678842291,0.3640856444835663,0.387118935585022,36.0,50.0,0.0,0.0,Built-up
MY_N3765022576,0.4133246030446882,0.30027319738511077,0.3523075580596924,0.37723857164382935,31.0,30.0,0.0,0.0,Grassland
MY_N12167585702,0.4909761832912606,0.3917568803518062,0.3640856444835663,0.387118935585022,33.0,50.0,0.0,0.0,Built-up
MY_N3901579495,0.4428653735356252,0.3498496617389125,0.3562121093273163,0.3797621726989746,30.0,50.0,0.0,0.0,Built-up
MY_N12167559700,0.5318387339864356,0.3757192174913694,0.3640856444835663,0.387118935585022,36.0,10.0,0.0,0.0,Tree cover
MY_N12167559699,0.4740086920991913,0.36648052956621424,0.3640856444835663,0.387118935585022,32.0,50.0,0.0,0.0,Built-up
MY_N12182196429,0.12393309768083455,0.09347693558219874,0.3640856444835663,0.387118935585022,40.0,50.0,0.0,0.0,Built-up
MY_N3902995339,0.4673258183030986,0.3930279439666425,0.3562121093273163,0.3797621726989746,32.0,10.0,0.0,0.0,Tree cover
MY_N7808912865,0.4621423145100026,0.3974821727264724,0.3086075484752655,0.3776216208934784,23.0,10.0,0.0,0.0,Tree cover
MY_N7808912864,0.2916914567574147,0.25557065777008936,0.3086075484752655,0.3776216208934784,25.0,10.0,0.0,0.0,Tree cover
MY_N7806418386,0.27755747845636514,0.2337834326909381,0.3562121093273163,0.3797621726989746,30.0,10.0,0.0,0.0,Tree cover
MY_W1117797547,0.1427262410272494,0.1022208923616041,0.3562121093273163,0.3797621726989746,30.0,10.0,0.0,0.0,Tree cover
MY_W1117797548,0.23798607927312132,0.2041207107843137,0.3562121093273163,0.3797621726989746,30.0,10.0,0.0,0.0,Tree cover
MY_W545000403,0.37397799943804017,0.31095406360424027,0.34371745586395264,0.37056684494018555,30.0,10.0,0.0,0.0,Tree cover
MY_N7838524135,0.4962065056248365,0.36790895665016066,0.36310943961143494,0.38593828678131104,30.0,10.0,0.0,0.0,Tree cover
MY_N13247860091,0.35340628182165895,0.2540792540792541,0.3220329284667969,0.37847062945365906,27.0,10.0,0.0,0.0,Tree cover
MY_N12264929850,0.23779561727055765,0.16672245000418376,0.3562121093273163,0.3797621726989746,29.0,50.0,0.0,0.0,Built-up
MY_W972394406,0.3690871950975288,0.243251788325495,0.36310943961143494,0.38593828678131104,30.0,10.0,0.0,0.0,Tree cover
MY_N12068508652,0.4162118896892964,0.317947170823277,0.3086075484752655,0.3776216208934784,28.0,10.0,0.0,0.0,Tree cover
MY_N12068508739,0.4266979117424855,0.3523410201106942,0.3086075484752655,0.3776216208934784,29.0,10.0,0.0,0.0,Tree cover
MY_W1545410223,0.2244936950706916,0.1539072352748844,0.34371745586395264,0.37056684494018555,29.0,10.0,0.0,0.0,Tree cover
MY_N6174781121,0.3181153813085719,0.2337337105226546,0.3640856444835663,0.387118935585022,35.0,10.0,0.0,0.0,Tree cover
MY_N8157413021,0.3002464225498249,0.21887334050950846,0.3640856444835663,0.387118935585022,35.0,10.0,0.0,0.0,Tree cover
MY_W1545410209,0.3125128079019632,0.2517371693282946,0.34371745586395264,0.37056684494018555,26.0,10.0,0.0,0.0,Tree cover
MY_W1545410197,0.21331179628485913,0.18115257439773264,0.34371745586395264,0.37056684494018555,28.0,10.0,0.0,0.0,Tree cover
MY_W1545410199,0.4586573884568154,0.31952746939937376,0.34371745586395264,0.37056684494018555,28.0,10.0,0.0,0.0,Tree cover
MY_W1259673925,0.43833551509381574,0.35339769070603827,0.354760080575943,0.38434168696403503,32.0,10.0,0.0,0.0,Tree cover
MY_N9759198822,0.3496391339214114,0.25434002521578897,0.3839753568172455,0.48100829124450684,29.0,10.0,0.0,0.0,Tree cover
MY_N7838524117,0.33718509099017974,0.2829884872393527,0.3538391590118408,0.3793730139732361,28.0,10.0,0.0,0.0,Tree cover
MY_N13439298450,0.5349137603525568,0.4944096423757038,0.3640856444835663,0.387118935585022,29.0,50.0,0.0,0.0,Built-up
MY_N12152835803,0.22300944698379663,0.1808848692251283,0.3523075580596924,0.37723857164382935,29.0,10.0,0.0,0.0,Tree cover
MY_N3902995338,0.4585987261146497,0.3998811393640956,0.3086075484752655,0.3776216208934784,26.0,10.0,0.0,0.0,Tree cover
MY_N12152835735,0.1482251383193896,0.08891538780588967,0.3523075580596924,0.37723857164382935,27.0,10.0,0.0,0.0,Tree cover
MY_N12145341915,0.16243135064693287,0.09475099845138155,0.3523075580596924,0.37723857164382935,30.0,50.0,0.0,0.0,Built-up
MY_N12141160951,0.22758326216908628,0.131813323833274,0.3523075580596924,0.37723857164382935,33.0,50.0,0.0,0.0,Built-up
MY_N12241218628,0.15934201846965698,0.12648058887269734,0.3562121093273163,0.3797621726989746,32.0,10.0,0.0,0.0,Tree cover
MY_N12111896153,0.3063228974831185,0.2647279623849224,0.3523075580596924,0.37723857164382935,29.0,50.0,0.0,0.0,Built-up
MY_N12114343550,0.20140970229869493,0.14249912577223456,0.3523075580596924,0.37723857164382935,27.0,50.0,0.0,0.0,Built-up
MY_N12111896121,0.10107306875651925,0.061215925991867266,0.3523075580596924,0.37723857164382935,27.0,50.0,0.0,0.0,Built-up
MY_N12147506121,0.41779917682690065,0.3420479302832244,0.3523075580596924,0.37723857164382935,29.0,50.0,0.0,0.0,Built-up
MY_N12145341985,0.12456794002783139,0.0867077272528721,0.3523075580596924,0.37723857164382935,29.0,50.0,0.0,0.0,Built-up
MY_N12143414619,0.07855863921217549,0.04540705617616332,0.3523075580596924,0.37723857164382935,27.0,50.0,0.0,0.0,Built-up
MY_N12137013089,0.35667251975417036,0.26959052172105596,0.3562121093273163,0.3797621726989746,28.0,30.0,0.0,0.0,Grassland
MY_N12137013090,0.37058602554470327,0.28949792722247825,0.3562121093273163,0.3797621726989746,29.0,30.0,0.0,0.0,Grassland
MY_N12110057369,0.42445421705669867,0.3273981577831735,0.3523075580596924,0.37723857164382935,35.0,10.0,0.0,0.0,Tree cover
MY_N12137013091,0.47045170505266914,0.31376134129092353,0.3562121093273163,0.3797621726989746,31.0,30.0,0.0,0.0,Grassland
MY_N12241218640,0.6036564163440807,0.21465513295803013,0.3562121093273163,0.3797621726989746,29.0,50.0,0.0,0.0,Built-up
MY_N12137013092,0.4607832402642432,0.3114343378105644,0.3562121093273163,0.3797621726989746,30.0,30.0,0.0,0.0,Grassland
MY_N12137013099,0.2981840323793832,0.24880269012601475,0.3562121093273163,0.3797621726989746,28.0,30.0,0.0,0.0,Grassland
MY_N12137013093,0.47940973358048916,0.29239198010568856,0.3562121093273163,0.3797621726989746,30.0,30.0,0.0,0.0,Grassland
MY_N13015545329,0.4408639609824072,0.33584084994117447,0.3562121093273163,0.3797621726989746,29.0,30.0,0.0,0.0,Grassland
MY_N12137013100,0.3350772296960638,0.2806443922209734,0.3562121093273163,0.3797621726989746,28.0,30.0,0.0,0.0,Grassland
MY_N13015606466,0.3721819010553628,0.3051403262212,0.3562121093273163,0.3797621726989746,28.0,30.0,0.0,0.0,Grassland
MY_N12137013095,0.46224949651435376,0.31009160971353794,0.3562121093273163,0.3797621726989746,31.0,30.0,0.0,0.0,Grassland
MY_N12137024408,0.41604937039688733,0.30212341456462877,0.3562121093273163,0.3797621726989746,29.0,30.0,0.0,0.0,Grassland
MY_N13015545330,0.4590338644314379,0.3802552552552552,0.3562121093273163,0.3797621726989746,31.0,30.0,0.0,0.0,Grassland
MY_N13015606467,0.3477481432700399,0.26107445805843543,0.3562121093273163,0.3797621726989746,28.0,30.0,0.0,0.0,Grassland
MY_N12137024401,0.30481690931696953,0.23150349266722745,0.3562121093273163,0.3797621726989746,31.0,30.0,0.0,0.0,Grassland
MY_N12137024407,0.36625719275948804,0.30842776203966005,0.3562121093273163,0.3797621726989746,28.0,30.0,0.0,0.0,Grassland
MY_W545795634,0.17677269876875423,0.13390029856147648,0.3434126079082489,0.36970609426498413,30.0,10.0,0.0,0.0,Tree cover
MY_N12137013094,0.39655363388079995,0.28047795003390275,0.3562121093273163,0.3797621726989746,31.0,30.0,0.0,0.0,Grassland
MY_N12137024409,0.4192926445315842,0.3048788758058421,0.3562121093273163,0.3797621726989746,29.0,30.0,0.0,0.0,Grassland
MY_N13015606465,0.3785660453916258,0.3052481256694038,0.3562121093273163,0.3797621726989746,29.0,30.0,0.0,0.0,Grassland
MY_N12137013096,0.4234380497733783,0.2672284436119386,0.3562121093273163,0.3797621726989746,31.0,30.0,0.0,0.0,Grassland
MY_N13015606468,0.3476717661784185,0.22648945150153976,0.3562121093273163,0.3797621726989746,28.0,30.0,0.0,0.0,Grassland
MY_N12137024402,0.31049935979513443,0.184344866704481,0.3562121093273163,0.3797621726989746,31.0,30.0,0.0,0.0,Grassland
MY_N7838524104,0.40524308278865306,0.277486251626716,0.3538391590118408,0.3793730139732361,33.0,10.0,0.0,0.0,Tree cover
MY_N12137024406,0.4393455828297632,0.2802589669020911,0.3562121093273163,0.3797621726989746,29.0,30.0,0.0,0.0,Grassland
MY_N13015606469,0.32388948012141816,0.2674422926811137,0.3562121093273163,0.3797621726989746,28.0,30.0,0.0,0.0,Grassland
MY_N12137013097,0.49086957906656864,0.4045614451544264,0.3562121093273163,0.3797621726989746,31.0,30.0,0.0,0.0,Grassland
MY_N12137024403,0.3755942256690833,0.2947566628041715,0.3562121093273163,0.3797621726989746,31.0,30.0,0.0,0.0,Grassland
MY_N13015545328,0.3353802632244559,0.19741147386024863,0.3562121093273163,0.3797621726989746,29.0,30.0,0.0,0.0,Grassland
MY_N13015606470,0.3986605007175889,0.2266328051675592,0.3562121093273163,0.3797621726989746,29.0,30.0,0.0,0.0,Grassland
MY_N12137013080,0.35271155271975896,0.13199321869702105,0.3562121093273163,0.3797621726989746,26.0,30.0,0.0,0.0,Grassland
MY_N12137013081,0.37726820304723985,0.2663782029612602,0.3562121093273163,0.3797621726989746,26.0,30.0,0.0,0.0,Grassland
MY_N12137013082,0.3264778601933019,0.1617615234797663,0.3562121093273163,0.3797621726989746,28.0,30.0,0.0,0.0,Grassland
MY_N12137013083,0.24371039330968125,0.20404548381549226,0.3562121093273163,0.3797621726989746,28.0,30.0,0.0,0.0,Grassland
MY_N12137013098,0.45903049380330474,0.29304226025916436,0.3562121093273163,0.3797621726989746,31.0,30.0,0.0,0.0,Grassland
MY_N12137013084,0.34153035141023125,0.2521983819908547,0.3562121093273163,0.3797621726989746,28.0,30.0,0.0,0.0,Grassland
MY_N12137024404,0.35655205399185697,0.2671489645368949,0.3562121093273163,0.3797621726989746,31.0,30.0,0.0,0.0,Grassland
MY_N12137013088,0.45562995459093364,0.24271338443088802,0.3562121093273163,0.3797621726989746,29.0,30.0,0.0,0.0,Grassland
MY_N12137024405,0.33345973807364515,0.23732214520248082,0.3562121093273163,0.3797621726989746,29.0,30.0,0.0,0.0,Grassland
MY_N12137013087,0.3202260388971821,0.22957309084754157,0.3562121093273163,0.3797621726989746,29.0,30.0,0.0,0.0,Grassland
MY_N12137013085,0.39623254021639254,0.2881561482695698,0.3562121093273163,0.3797621726989746,28.0,30.0,0.0,0.0,Grassland
MY_N13015545327,0.4713559195273353,0.2593537414965987,0.3562121093273163,0.3797621726989746,31.0,30.0,0.0,0.0,Grassland
MY_N12137013086,0.42980494950273695,0.2998568785562188,0.3562121093273163,0.3797621726989746,27.0,30.0,0.0,0.0,Grassland
MY_N7838524095,0.3162017977406223,0.24889482493905235,0.3538391590118408,0.3793730139732361,28.0,10.0,0.0,0.0,Tree cover
MY_N8214146544,0.34202498850862895,0.23605059435678327,0.3839753568172455,0.48100829124450684,25.0,10.0,0.0,0.0,Tree cover
MY_N10943434976,0.12318205520604383,0.03281075120174387,0.34565505385398865,0.37078315019607544,30.0,50.0,0.0,0.0,Built-up
MY_W545795646,0.23097527774118473,0.11379215793803127,0.3519119918346405,0.3765316605567932,28.0,10.0,0.0,0.0,Tree cover
MY_W694482621,0.16876179951190312,0.09386382740263376,0.3519119918346405,0.3765316605567932,28.0,10.0,0.0,0.0,Tree cover
MY_N3902995337,0.31345805534295723,0.2079646017699115,0.3283684551715851,0.3791576623916626,26.0,10.0,0.0,0.0,Tree cover
MY_W694495534,0.13109885447602884,0.09363811622142658,0.3519119918346405,0.3765316605567932,28.0,10.0,0.0,0.0,Tree cover
MY_N12169092717,0.21181001283697046,0.14849219786756968,0.3474985957145691,0.37080711126327515,27.0,50.0,0.0,0.0,Built-up
MY_N10991780746,0.29511642949547223,0.25831485587583153,0.34565505385398865,0.37078315019607544,30.0,10.0,0.0,0.0,Tree cover
MY_N13474572720,0.1864296722951097,0.1492423665575269,0.3474985957145691,0.37080711126327515,30.0,50.0,0.0,0.0,Built-up
MY_N9944968255,0.217097123414785,0.17538081515026765,0.3457862436771393,0.370626837015152,29.0,10.0,0.0,0.0,Tree cover
MY_N1945539635,0.5184232976878986,0.29234023266354414,0.3457862436771393,0.370626837015152,32.0,10.0,0.0,0.0,Tree cover
MY_N12030488094,0.44247022723794593,0.37505880340418246,0.3283684551715851,0.3791576623916626,28.0,10.0,0.0,0.0,Tree cover
MY_N8063350945,0.677868126158741,0.5761069591016638,0.29535552859306335,0.3709259033203125,23.0,10.0,0.0,0.0,Tree cover
MY_N13845846105,0.3730868698859542,0.3037223110299154,0.3457862436771393,0.370626837015152,28.0,10.0,0.0,0.0,Tree cover
MY_N13845846092,0.3240781436919437,0.27354587490873694,0.3457862436771393,0.370626837015152,30.0,10.0,0.0,0.0,Tree cover
MY_N4200388722,0.23316962927550092,0.1685957401828656,0.3283684551715851,0.3791576623916626,26.0,10.0,0.0,0.0,Tree cover
MY_W1366117482,0.5032526174074672,0.4314649271160506,0.3457862436771393,0.370626837015152,30.0,10.0,0.0,0.0,Tree cover
MY_N6142258135,0.294394224352363,0.16509686396232473,0.3255119323730469,0.3917020261287689,26.0,10.0,0.0,0.0,Tree cover
MY_N2425808221,0.1832371625568561,0.14988332435828391,0.31794679164886475,0.3916373550891876,28.0,10.0,0.0,0.0,Tree cover
MY_N8084941767,0.32885486642712075,0.2651696129956999,0.3480640947818756,0.37245413661003113,30.0,10.0,0.0,0.0,Tree cover
MY_W1288067099,0.19869166178480768,0.16775311118202127,0.3454574644565582,0.36950793862342834,32.0,10.0,0.0,0.0,Tree cover
MY_N11257618116,0.5028752468345951,0.380523944745082,0.3466279208660126,0.37265923619270325,30.0,50.0,0.0,0.0,Built-up
MY_N11985118591,0.2538598574821853,0.19469104333304035,0.31343019008636475,0.3773476779460907,23.0,10.0,0.0,0.0,Tree cover
MY_N7848117182,0.37328094302554027,0.24867920718780495,0.3327857553958893,0.3784380257129669,29.0,10.0,0.0,0.0,Tree cover
MY_N14060840318,0.3090723096675714,0.24173277825779593,0.29119163751602173,0.3726688623428345,30.0,10.0,0.0,0.0,Tree cover
MY_N11189951508,0.2552492386600417,0.21267114963947178,0.31343019008636475,0.3773476779460907,31.0,10.0,0.0,0.0,Tree cover
MY_N11189951504,0.2836074872376631,0.23633325375984723,0.31343019008636475,0.3773476779460907,35.0,10.0,0.0,0.0,Tree cover
MY_N9126977972,0.5717834344343491,0.47300593544190594,0.29368194937705994,0.3701772093772888,29.0,10.0,0.0,0.0,Tree cover
MY_N9126977973,0.4429976506192012,0.2480705622932745,0.29368194937705994,0.3701772093772888,29.0,10.0,0.0,0.0,Tree cover
MY_N8735935858,0.3437920026881721,0.21786115673899892,0.34175387024879456,0.3677918612957001,33.0,10.0,0.0,0.0,Tree cover
MY_N8434323581,0.23639204078276602,0.17471091000502764,0.3511062264442444,0.3887995481491089,26.0,10.0,0.0,0.0,Tree cover
MY_N8434323582,0.3536390131767991,0.27718660783804827,0.3511062264442444,0.3887995481491089,26.0,10.0,0.0,0.0,Tree cover
MY_N3901579555,0.4737339529022604,0.3042505592841164,0.34216898679733276,0.3689650893211365,27.0,10.0,0.0,0.0,Tree cover
MY_W1367367946,0.5003182227557597,0.36937766982159315,0.3301612436771393,0.3540389835834503,31.0,10.0,0.0,0.0,Tree cover
MY_N5510158257,0.5521472854113129,0.46092184368737465,0.3489236533641815,0.385294109582901,27.0,10.0,0.0,0.0,Tree cover
MY_N8261057768,0.36754865800530956,0.28205778408706983,0.30481192469596863,0.34712815284729004,31.0,10.0,0.0,0.0,Tree cover
MY_N5510158263,0.4461295611811838,0.37561786262144203,0.35441040992736816,0.39018765091896057,27.0,10.0,0.0,0.0,Tree cover
MY_N5510158299,0.3186185090599538,0.23749451513821854,0.3477882444858551,0.386024534702301,27.0,10.0,0.0,0.0,Tree cover
MY_N5510158305,0.3646964140538886,0.18709651709572012,0.3477882444858551,0.386024534702301,30.0,10.0,0.0,0.0,Tree cover
MY_N3901579514,0.3398058252427184,0.2650563346032261,0.34216898679733276,0.3689650893211365,26.0,10.0,0.0,0.0,Tree cover
MY_N8259081451,0.4609372514355302,0.353774860413856,0.3118007779121399,0.3462238609790802,26.0,10.0,0.0,0.0,Tree cover
MY_N5510158307,0.6264108352144471,0.49697428139183064,0.34466788172721863,0.38399988412857056,31.0,10.0,0.0,0.0,Tree cover
MY_N9006098842,0.5104924887718755,0.4320257706736259,0.3378105163574219,0.3872408866882324,37.0,30.0,0.0,0.0,Grassland
MY_W1368598193,0.39929522676307727,0.32989690721649484,0.3301612436771393,0.3540389835834503,31.0,10.0,0.0,0.0,Tree cover
MY_N8032528770,0.3283979635031664,0.25285130191521415,0.33499109745025635,0.38314056396484375,29.0,10.0,0.0,0.0,Tree cover
MY_N5742976628,0.4990806409246126,0.3214268682340598,0.32964175939559937,0.3573472499847412,28.0,10.0,0.0,0.0,Tree cover
MY_W1368699691,0.37360675578198244,0.2551230870898975,0.32964175939559937,0.3573472499847412,28.0,10.0,0.0,0.0,Tree cover
MY_W1368623543,0.36251537342949036,0.3173241852487136,0.32964175939559937,0.3573472499847412,28.0,10.0,0.0,0.0,Tree cover
MY_N9621355555,0.3643943145270209,0.3069842262835695,0.3465753197669983,0.3849940299987793,28.0,10.0,0.0,0.0,Tree cover
MY_N11241526897,0.38583631076531655,0.31544236592144015,0.3072185814380646,0.3446592092514038,30.0,10.0,0.0,0.0,Tree cover
MY_N3273231502,0.4284745291578671,0.3149261207112447,0.3072185814380646,0.3446592092514038,34.0,10.0,0.0,0.0,Tree cover
MY_N11241526902,0.4353205221661397,0.3356239796499488,0.3072185814380646,0.3446592092514038,34.0,10.0,0.0,0.0,Tree cover
MY_N3273231509,0.1816071913237699,0.138493127723768,0.3072185814380646,0.3446592092514038,31.0,10.0,0.0,0.0,Tree cover
MY_N8752918921,0.3786253476360747,0.33789124249130564,0.3288068175315857,0.36168912053108215,38.0,10.0,0.0,0.0,Tree cover
MY_W1372701089,0.39941465094258416,0.32110912343470477,0.30214911699295044,0.33828747272491455,22.0,10.0,0.0,0.0,Tree cover
MY_N4663189043,0.32206947645703,0.24586231710242262,0.30214911699295044,0.33828747272491455,25.0,10.0,0.0,0.0,Tree cover
MY_W1381588641,0.3358614971637117,0.2518671862315311,0.30852562189102173,0.3442521095275879,29.0,10.0,0.0,0.0,Tree cover
MY_N10230277433,0.24752048296679607,0.21387506435558606,0.34606441855430603,0.39410898089408875,29.0,10.0,0.0,0.0,Tree cover
MY_N13713417878,0.4476827892135881,0.30270875135051706,0.3845556974411011,0.5109437108039856,26.0,10.0,0.0,0.0,Tree cover
MY_N8459640140,0.2714781864792539,0.23366397747204012,0.3620033860206604,0.4068240821361542,27.0,10.0,0.0,0.0,Tree cover
MY_N9038308805,0.162918519682072,0.11317960651576048,0.3845556974411011,0.5109437108039856,29.0,50.0,0.0,0.0,Built-up
MY_N13686660305,0.35093801764320665,0.26379477250726047,0.3852176368236542,0.5126771926879883,26.0,10.0,0.0,0.0,Tree cover
MY_W1533443392,0.35245310154898435,0.21680586995550696,0.29787617921829224,0.33948200941085815,29.0,10.0,0.0,0.0,Tree cover
MY_N13712401727,0.44265849560968595,0.2502097238939345,0.3845556974411011,0.5109437108039856,27.0,10.0,0.0,0.0,Tree cover
MY_N8025981358,0.3890244463882879,0.3401195669736629,0.3058759868144989,0.3491804897785187,34.0,10.0,0.0,0.0,Tree cover
MY_N8025859449,0.47577733945500683,0.3874762501515948,0.3058759868144989,0.3491804897785187,37.0,10.0,0.0,0.0,Tree cover
MY_N13663195383,0.17544582183600346,0.11268539232745046,0.3912990689277649,0.512279748916626,25.0,10.0,0.0,0.0,Tree cover
MY_N13663195381,0.09773662551440333,0.07884654164145996,0.3912990689277649,0.512279748916626,25.0,50.0,0.0,0.0,Built-up
MY_N13663195382,0.403522689837142,0.31589918514307375,0.3912990689277649,0.512279748916626,25.0,10.0,0.0,0.0,Tree cover
MY_N13663195380,0.13294758703193638,0.10102111268578075,0.3912990689277649,0.512279748916626,25.0,30.0,0.0,0.0,Grassland
MY_N4193669752,0.46040903178679515,0.3851122234781206,0.3072185814380646,0.3446592092514038,26.0,10.0,0.0,0.0,Tree cover
MY_W1383475622,0.5652535328345804,0.4818430300663803,0.2988137900829315,0.3372132480144501,31.0,10.0,0.0,0.0,Tree cover
MY_W1491528657,0.3824540803489055,0.2439024390243903,0.3912990689277649,0.512279748916626,28.0,10.0,0.0,0.0,Tree cover
MY_N8778604184,0.4841581721609457,0.37764939522930163,0.22849032282829285,0.307626873254776,27.0,10.0,0.0,0.0,Tree cover
MY_N8348937880,0.4903883876029816,0.45514620849165716,0.3397572338581085,0.3755188584327698,36.0,10.0,0.0,0.0,Tree cover
MY_N8277786902,0.3028138230738512,0.2435586068043641,0.2988137900829315,0.3372132480144501,26.0,10.0,0.0,0.0,Tree cover
MY_N13686353602,0.26500241551245723,0.23543707754234072,0.3852176368236542,0.5126771926879883,25.0,10.0,0.0,0.0,Tree cover
MY_N13678931196,0.4641312240557232,0.32444304592343964,0.3852176368236542,0.5126771926879883,29.0,10.0,0.0,0.0,Tree cover
MY_N8780937436,0.44464086758992494,0.3554718137522891,0.2969990670681,0.34424322843551636,26.0,10.0,0.0,0.0,Tree cover
MY_N8780937437,0.538597881127397,0.4321132703683115,0.2969990670681,0.34424322843551636,25.0,10.0,0.0,0.0,Tree cover
MY_N8780937438,0.22418828380003436,0.1792643833305213,0.2969990670681,0.34424322843551636,25.0,10.0,0.0,0.0,Tree cover
MY_N8025609742,0.36798149309912176,0.32885232744783305,0.3058759868144989,0.3491804897785187,37.0,10.0,0.0,0.0,Tree cover
MY_N13805621364,0.6772484488865746,0.5358818489657705,0.3519986569881439,0.3893156051635742,31.0,10.0,0.0,0.0,Tree cover
MY_N8785448481,0.39456378781236306,0.3431957532611827,0.3397572338581085,0.3755188584327698,32.0,10.0,0.0,0.0,Tree cover
MY_W823099395,0.33116325331163254,0.2832021762362771,0.22849032282829285,0.307626873254776,33.0,10.0,0.0,0.0,Tree cover
MY_W823097930,0.26463093696478557,0.21382938744832775,0.22849032282829285,0.307626873254776,28.0,10.0,0.0,0.0,Tree cover
MY_N13678930905,0.4971509971509972,0.2809409916824332,0.3852176368236542,0.5126771926879883,28.0,10.0,0.0,0.0,Tree cover
MY_W1456021260,0.3488361012313541,0.24781231140615564,0.3845556974411011,0.5109437108039856,31.0,10.0,0.0,0.0,Tree cover
MY_N13686353632,0.1811813128440446,0.1415728651041954,0.3852176368236542,0.5126771926879883,30.0,10.0,0.0,0.0,Tree cover
MY_W1492305145,0.21158994731842126,0.14951000921350202,0.3839205503463745,0.5089246034622192,29.0,10.0,0.0,0.0,Tree cover
MY_N3902995326,0.42417417821995607,0.35119248985115026,0.2794678211212158,0.3285449147224426,30.0,10.0,0.0,0.0,Tree cover
MY_N3902995325,0.4849387006890766,0.3756825034634504,0.2794678211212158,0.3285449147224426,29.0,50.0,0.0,0.0,Built-up
MY_N8789765101,0.3773546523454982,0.2842639593908629,0.29451483488082886,0.3361574411392212,30.0,10.0,0.0,0.0,Tree cover
MY_W818384093,0.22924477771826451,0.11053003080082136,0.38025930523872375,0.504949688911438,31.0,50.0,0.0,0.0,Built-up
MY_N13685405063,0.43579516420348885,0.22781675608749483,0.3839205503463745,0.5089246034622192,28.0,50.0,0.0,0.0,Built-up
MY_N3902995324,0.4679719330013581,0.38050457765441814,0.3069496750831604,0.3515909016132355,28.0,10.0,0.0,0.0,Tree cover
MY_N4958058752,0.10704380369764324,0.05288442458679465,0.3791802227497101,0.4185383915901184,29.0,40.0,0.0,0.0,Cropland
MY_N12546408507,0.5624439187535688,0.45863719234275296,0.38025930523872375,0.504949688911438,28.0,30.0,0.0,0.0,Grassland
MY_N12546408513,0.4658350154342717,0.3282302019878166,0.38025930523872375,0.504949688911438,28.0,30.0,0.0,0.0,Grassland
MY_W810687871,0.1740237691001698,0.13437285026370102,0.38025930523872375,0.504949688911438,30.0,10.0,0.0,0.0,Tree cover
MY_N13459535295,0.09883829866966462,0.054617888965044555,0.4419810175895691,0.5203427672386169,26.0,50.0,0.0,0.0,Built-up
MY_N11972377225,0.2967265854914354,0.21898621609604266,0.3069496750831604,0.3515909016132355,30.0,10.0,0.0,0.0,Tree cover
MY_N4963875869,0.5434984376151721,0.3889012208657049,0.3791802227497101,0.4185383915901184,26.0,50.0,22.0,92.0,Built-up
MY_W1312628412,0.40276038896698163,0.3321621839916,0.38025930523872375,0.504949688911438,32.0,10.0,0.0,0.0,Tree cover
MY_N8791272543,0.44256498854915827,0.3614557485525227,0.32935699820518494,0.359955370426178,29.0,10.0,0.0,0.0,Tree cover
MY_N4970042970,0.4769356882032938,0.3671612489145619,0.3791802227497101,0.4185383915901184,30.0,10.0,0.0,0.0,Tree cover
MY_W822583264,0.1377149325382917,0.09833721335678425,0.38025930523872375,0.504949688911438,27.0,10.0,0.0,0.0,Tree cover
MY_W822583298,0.4346371792853771,0.19516834696595017,0.38025930523872375,0.504949688911438,28.0,50.0,0.0,0.0,Built-up
MY_W818064274,0.43810195966644094,0.3259061460339695,0.38025930523872375,0.504949688911438,32.0,10.0,0.0,0.0,Tree cover
MY_N6555076109,0.4634972403411941,0.36735379319031014,0.3791802227497101,0.4185383915901184,27.0,50.0,0.0,0.0,Built-up
MY_N4970042971,0.4336562763268745,0.3059698109786501,0.3791802227497101,0.4185383915901184,28.0,50.0,0.0,0.0,Built-up
MY_N9324749766,0.10462074124260877,0.06797161537234889,0.3839205503463745,0.5089246034622192,30.0,50.0,0.0,0.0,Built-up
MY_W1492798729,0.14770904847882546,0.12301601983055238,0.3839205503463745,0.5089246034622192,24.0,50.0,0.0,0.0,Built-up
MY_W1311799403,0.24817461550411685,0.19256961259079897,0.38025930523872375,0.504949688911438,26.0,30.0,0.0,0.0,Grassland
MY_W1386907231,0.5584718576844561,0.5097506788447297,0.34924906492233276,0.38920706510543823,35.0,10.0,0.0,0.0,Tree cover
MY_N5012069413,0.33741088274750025,0.2573400908773156,0.3791802227497101,0.4185383915901184,27.0,50.0,0.0,0.0,Built-up
MY_N5723067598,0.16558465241811948,0.10290516842035605,0.3632695972919464,0.4077432453632355,29.0,50.0,0.0,0.0,Built-up
MY_N3813367954,0.31253946253950204,0.20093800166039655,0.3839205503463745,0.5089246034622192,23.0,50.0,0.0,0.0,Built-up
MY_N1870943138,0.05708180398140121,0.0107980759791892,0.3839205503463745,0.5089246034622192,28.0,50.0,0.0,0.0,Built-up
MY_N4970042972,0.255442025766326,0.19134805241428832,0.3791802227497101,0.4185383915901184,29.0,50.0,0.0,0.0,Built-up
MY_N4999309149,0.12929716507229286,0.10030233698316718,0.3632695972919464,0.4077432453632355,29.0,50.0,0.0,0.0,Built-up
MY_N1869579109,0.14775977121067682,0.09926943110329436,0.3839205503463745,0.5089246034622192,27.0,50.0,0.0,0.0,Built-up
MY_N8794834933,0.34937481238498624,0.24708111637608168,0.29451483488082886,0.3361574411392212,31.0,10.0,0.0,0.0,Tree cover
MY_N8794834932,0.280805062401125,0.19481224224006946,0.29451483488082886,0.3361574411392212,36.0,10.0,0.0,0.0,Tree cover
MY_N8794834931,0.29859946975100227,0.22668606561224008,0.29451483488082886,0.3361574411392212,33.0,10.0,0.0,0.0,Tree cover
MY_N4970042973,0.2507564915300954,0.17385282647519773,0.3791802227497101,0.4185383915901184,31.0,50.0,0.0,0.0,Built-up
MY_N11972345281,0.14527302363488184,0.07661849138784402,0.3069496750831604,0.3515909016132355,27.0,50.0,0.0,0.0,Built-up
MY_N13679676092,0.2522740645623345,0.14420674933006317,0.3839205503463745,0.5089246034622192,33.0,30.0,0.0,0.0,Grassland
MY_N3902995323,0.41184609373381437,0.3488931665062561,0.3069496750831604,0.3515909016132355,24.0,10.0,0.0,0.0,Tree cover
MY_N13700552576,0.4352427073476407,0.3443062771484541,0.3791802227497101,0.4185383915901184,34.0,10.0,0.0,0.0,Tree cover
MY_N9099933246,0.3035177341977796,0.24479190408898205,0.3632695972919464,0.4077432453632355,26.0,10.0,0.0,0.0,Tree cover
MY_W1529662867,0.48195383079749515,0.40394389880383685,0.28412115573883057,0.32954055070877075,24.0,10.0,0.0,0.0,Tree cover
MY_N13953354888,0.34081032984314863,0.27517518305645233,0.3791802227497101,0.4185383915901184,29.0,50.0,0.0,0.0,Built-up
MY_N13701267976,0.2861916567855988,0.22585502258550227,0.3839205503463745,0.5089246034622192,29.0,50.0,0.0,0.0,Built-up
MY_N13919815292,0.5259272515771106,0.41801623290020207,0.3791802227497101,0.4185383915901184,27.0,50.0,0.0,0.0,Built-up
MY_N13659918586,0.5007332763220653,0.3178849360755976,0.39163458347320557,0.5111605525016785,35.0,10.0,0.0,0.0,Tree cover
MY_N13116648924,0.15044718399018236,0.10426128509932478,0.3791802227497101,0.4185383915901184,36.0,50.0,0.0,0.0,Built-up
MY_N13977483959,0.35795642385032855,0.24821959116126857,0.3791802227497101,0.4185383915901184,34.0,50.0,0.0,0.0,Built-up
MY_N14017332911,0.33841093993422194,0.2742607070020394,0.3791802227497101,0.4185383915901184,30.0,50.0,0.0,0.0,Built-up
MY_N13057626241,0.2522029164452396,0.17269474653724892,,,,50.0,79.0,93.0,Built-up
MY_N9038308804,0.3264026470840067,0.2676622129071696,0.3839205503463745,0.5089246034622192,26.0,50.0,0.0,0.0,Built-up
MY_N3902995322,0.4469538811918771,0.34314439749380743,0.3276567757129669,0.3685472309589386,27.0,10.0,0.0,0.0,Tree cover
MY_N3902995321,0.29114776169639855,0.19014012997562957,0.3276567757129669,0.3685472309589386,28.0,10.0,0.0,0.0,Tree cover
MY_N9038308801,0.2876754909491299,0.13077755449064768,0.1840638965368271,0.2844524383544922,30.0,30.0,0.0,0.0,Grassland
MY_W1318445327,0.30527861582292914,0.2552307464015433,0.3072448968887329,0.3839394152164459,32.0,10.0,0.0,0.0,Tree cover
MY_W1318445329,0.5361943105042639,0.44731528484288635,0.3072448968887329,0.3839394152164459,33.0,10.0,0.0,0.0,Tree cover
MY_W1318445322,0.23609290510709596,0.17697810179831064,0.3072448968887329,0.3839394152164459,33.0,10.0,0.0,0.0,Tree cover
MY_W1318445328,0.43306700837621737,0.36026046233088027,0.3072448968887329,0.3839394152164459,33.0,10.0,0.0,0.0,Tree cover
MY_N4951837872,0.31262954262816084,0.236094041152916,0.3801861107349396,0.4196760058403015,33.0,10.0,0.0,0.0,Tree cover
MY_N11142031514,0.4862492726269298,0.3689014668367347,0.3801861107349396,0.4196760058403015,33.0,10.0,0.0,0.0,Tree cover
MY_N13710652786,0.13393242892940463,0.07454435210614546,0.1840638965368271,0.2844524383544922,32.0,50.0,0.0,0.0,Built-up
MY_N13682521098,0.5345274719950146,0.27441534914361004,0.39759767055511475,0.5130054950714111,28.0,10.0,0.0,0.0,Tree cover
MY_N6251035648,0.09037512489935301,0.07231929948008287,0.3887195885181427,0.515081524848938,27.0,50.0,0.0,0.0,Built-up
MY_N8920295576,0.28096725767841935,0.14358915529042868,0.43831080198287964,0.5189906358718872,27.0,10.0,0.0,0.0,Tree cover
MY_N9038308802,0.2873034867257396,0.2169579883471328,0.39759767055511475,0.5130054950714111,28.0,50.0,0.0,0.0,Built-up
MY_N8962634816,0.4401200267032437,0.35670067881996337,0.3887195885181427,0.515081524848938,32.0,10.0,0.0,0.0,Tree cover
MY_N13682521114,0.3320922703927526,0.21968680089485462,0.39759767055511475,0.5130054950714111,27.0,10.0,0.0,0.0,Tree cover
MY_N13682149677,0.1858566145873454,0.13812392426850262,0.39759767055511475,0.5130054950714111,29.0,10.0,0.0,0.0,Tree cover
MY_N6721910508,0.39025291509279025,0.3138257658032622,0.3276567757129669,0.3685472309589386,30.0,10.0,0.0,0.0,Tree cover
MY_N6721910509,0.3185844238748803,0.260080791648131,0.3276567757129669,0.3685472309589386,30.0,10.0,0.0,0.0,Tree cover
MY_N8923088437,0.2132793851739292,0.16834807157387804,0.43831080198287964,0.5189906358718872,32.0,10.0,0.0,0.0,Tree cover
MY_N14089499502,0.6245373797187268,0.5098849331994749,0.3276567757129669,0.3685472309589386,35.0,10.0,0.0,0.0,Tree cover
MY_N8330712478,0.6974558578865625,0.5773572127323352,0.32625430822372437,0.377183735370636,37.0,10.0,0.0,0.0,Tree cover
MY_N9810551836,0.3898552377676682,0.25202016161292895,0.34463971853256226,0.3911820352077484,35.0,10.0,0.0,0.0,Tree cover
MY_N8813291617,0.3640514237654692,0.20467235296132633,0.39759767055511475,0.5130054950714111,27.0,10.0,0.0,0.0,Tree cover
MY_N5821570253,0.4232416208287459,0.268029056537721,0.2913411855697632,0.3383982181549072,26.0,30.0,0.0,0.0,Grassland
MY_N5825177638,0.4227947515805046,0.31240186611385656,0.2913411855697632,0.3383982181549072,29.0,10.0,0.0,0.0,Tree cover
MY_N13710662203,0.19405135158037456,0.10898319609523452,0.1840638965368271,0.2844524383544922,,50.0,0.0,0.0,Built-up
MY_N13672724268,0.3183646112600536,0.2588889753364973,0.39759767055511475,0.5130054950714111,29.0,10.0,0.0,0.0,Tree cover
MY_N8813215619,0.2735717012342537,0.1977596194422066,0.39759767055511475,0.5130054950714111,27.0,10.0,0.0,0.0,Tree cover
MY_N8812260333,0.38001232350596825,0.3077949701797556,0.43831080198287964,0.5189906358718872,31.0,10.0,0.0,0.0,Tree cover
MY_N6119769616,0.37693441414885787,0.27923271705574243,0.3801861107349396,0.4196760058403015,29.0,50.0,0.0,0.0,Built-up
MY_N8330792847,0.3706191235970142,0.23829996314949026,0.32625430822372437,0.377183735370636,39.0,10.0,0.0,0.0,Tree cover
MY_N13684596777,0.12497284789753957,0.07927356586912655,0.39759767055511475,0.5130054950714111,28.0,30.0,0.0,0.0,Grassland
MY_N9810551665,0.3849769095590339,0.3029023512156095,0.3519629240036011,0.3951813280582428,36.0,10.0,0.0,0.0,Tree cover
MY_N13690665303,0.5406080582953705,0.46812596006144397,0.34897321462631226,0.39378249645233154,31.0,10.0,0.0,0.0,Tree cover
MY_N5991228999,0.24747475707363079,0.1969529523208083,0.3801861107349396,0.4196760058403015,28.0,10.0,0.0,0.0,Tree cover
MY_N13691070933,0.26999767243385836,0.14594460315488758,0.34897321462631226,0.39378249645233154,30.0,10.0,0.0,0.0,Tree cover
MY_N3901607133,0.38943176219412057,0.2806793416998572,0.317886084318161,0.37823379039764404,32.0,50.0,0.0,0.0,Built-up
MY_N8948810495,0.356014136415167,0.2505678920773262,0.2974426746368408,0.3453730046749115,28.0,10.0,0.0,0.0,Tree cover
MY_N8948862269,0.3716078803811258,0.25119178584525126,0.2974426746368408,0.3453730046749115,28.0,10.0,0.0,0.0,Tree cover
MY_N9038308803,0.3100586740160451,0.23804728722761515,0.3847818076610565,0.5104827284812927,24.0,10.0,0.0,0.0,Tree cover
MY_W968313453,0.18102609651905424,0.1423446090765073,0.30090633034706116,0.3596160113811493,38.0,10.0,0.0,0.0,Tree cover
MY_W968313454,0.39073806078147616,0.3384194053208139,0.30090633034706116,0.3596160113811493,38.0,10.0,0.0,0.0,Tree cover
MY_W968313455,0.2888766418664463,0.21878483835005572,0.30090633034706116,0.3596160113811493,38.0,10.0,0.0,0.0,Tree cover
MY_N3901607132,0.5661972938955319,0.5170289043244456,0.317886084318161,0.37823379039764404,32.0,10.0,0.0,0.0,Tree cover
MY_N8971151860,0.20489947913859244,0.15147225368063413,0.18076170980930328,0.2824317514896393,27.0,30.0,0.0,0.0,Grassland
MY_N3901150079,0.223717056282752,0.17494703751793889,0.3505699038505554,0.39477550983428955,31.0,10.0,0.0,0.0,Tree cover
MY_N8971256083,0.391871465810798,0.22943492929267764,0.18076170980930328,0.2824317514896393,24.0,30.0,0.0,0.0,Grassland
MY_N3901607131,0.382341501361338,0.31736506631508266,0.317886084318161,0.37823379039764404,35.0,10.0,0.0,0.0,Tree cover
MY_N8946302294,0.40160903545930776,0.29282233883058467,0.2974426746368408,0.3453730046749115,30.0,50.0,0.0,0.0,Built-up
MY_N3901607088,0.5241994760967473,0.43426393836581784,0.3339511454105377,0.38453933596611023,36.0,10.0,0.0,0.0,Tree cover
MY_N3901387616,0.4377170138888889,0.36542162351294616,0.3426656723022461,0.3879964351654053,34.0,10.0,0.0,0.0,Tree cover
MY_N3901607068,0.3930534183336997,0.3378778897451096,0.3339511454105377,0.38453933596611023,38.0,10.0,0.0,0.0,Tree cover
MY_N13858903199,0.180910189132358,0.12996259431147117,0.28228724002838135,0.330338716506958,31.0,50.0,0.0,0.0,Built-up
MY_N13858903200,0.2781364749206412,0.1901083781640992,0.28228724002838135,0.330338716506958,26.0,50.0,0.0,0.0,Built-up
MY_N8015247585,0.1588014981273408,0.1213629599219993,0.3847818076610565,0.5104827284812927,24.0,10.0,0.0,0.0,Tree cover
MY_N3902995319,0.536688584219362,0.3706259641146384,0.28419652581214905,0.33253908157348633,26.0,10.0,0.0,0.0,Tree cover
MY_W1435379188,0.3171852899575672,0.19649275247837591,,,27.0,50.0,0.0,0.0,Built-up
MY_N8327095826,0.4439075412826153,0.3224949182788111,0.4039567708969116,0.47078630328178406,45.0,10.0,0.0,0.0,Tree cover
MY_N6833359897,0.5516952198394632,0.393304244994495,0.4344959557056427,0.474992036819458,32.0,10.0,0.0,0.0,Tree cover
MY_N3902995320,0.5912067432034245,0.4619223349828064,0.26773861050605774,0.3178843557834625,29.0,10.0,0.0,0.0,Tree cover
MY_W1318195110,0.39830334235420184,0.24741520043533471,0.3163674473762512,0.39011460542678833,29.0,10.0,0.0,0.0,Tree cover
MY_N8988150886,0.3801906431467077,0.21364163579900478,0.453889936208725,0.524903416633606,28.0,50.0,0.0,0.0,Built-up
MY_N8988150887,0.33597223305514395,0.19421547888248594,0.453889936208725,0.524903416633606,28.0,50.0,0.0,0.0,Built-up
MY_N8988150888,0.30977483419123375,0.17380730992060653,0.453889936208725,0.524903416633606,28.0,50.0,0.0,0.0,Built-up
MY_N8988150889,0.35268817202490343,0.19042253521126762,0.453889936208725,0.524903416633606,28.0,50.0,0.0,0.0,Built-up
MY_N8988150890,0.3204860385767008,0.18034058456439728,0.453889936208725,0.524903416633606,28.0,50.0,0.0,0.0,Built-up
MY_N8988150892,0.36318259703494005,0.24981563421828915,0.453889936208725,0.524903416633606,28.0,50.0,0.0,0.0,Built-up
MY_N8988150891,0.18692367677051108,0.14239279050479775,0.453889936208725,0.524903416633606,28.0,30.0,0.0,0.0,Grassland
MY_N11148230157,0.42047054092097325,0.3268892794376099,0.453889936208725,0.524903416633606,28.0,50.0,0.0,0.0,Built-up
MY_N8955815813,0.1491052875253996,0.10097161364069344,0.453889936208725,0.524903416633606,29.0,50.0,0.0,0.0,Built-up
MY_N9040016333,0.6149129473233904,0.4802736997098438,0.5908649563789368,0.7406908273696899,34.0,10.0,0.0,0.0,Tree cover
MY_N9040016332,0.6363899334683253,0.5304514735873954,0.5908649563789368,0.7406908273696899,33.0,10.0,0.0,0.0,Tree cover
MY_N11099179697,0.2708189792624597,0.22813005209268908,0.18736231327056885,0.261110782623291,26.0,30.0,0.0,0.0,Grassland
MY_N8883327417,0.1991080248873241,0.15173237753882912,0.45812463760375977,0.5256701707839966,31.0,10.0,0.0,0.0,Tree cover
MY_N8370639164,0.13640167364016736,0.07714695797783273,0.3530261516571045,0.38974153995513916,35.0,50.0,0.0,0.0,Built-up
MY_N13495665455,0.39242950946311317,0.3152413303968047,0.4583650827407837,0.520873486995697,28.0,10.0,0.0,0.0,Tree cover
MY_N6034372552,0.42887402395255797,0.3028957528957529,0.3530261516571045,0.38974153995513916,31.0,10.0,0.0,0.0,Tree cover
MY_N13495459821,0.29762629336579427,0.2650974797907751,0.45154768228530884,0.5222147703170776,30.0,10.0,0.0,0.0,Tree cover
MY_N8482428335,0.3458953251265011,0.20693261616614372,0.34877559542655945,0.3850000202655792,30.0,50.0,0.0,0.0,Built-up
MY_N9040016327,0.3321939756462295,0.2532376474470016,0.29317814111709595,0.34137994050979614,33.0,10.0,0.0,0.0,Tree cover
MY_N9040016329,0.328371366932423,0.21351944663049338,0.29317814111709595,0.34137994050979614,33.0,10.0,0.0,0.0,Tree cover
MY_N9040016328,0.29596934614007375,0.21990195154143488,0.29317814111709595,0.34137994050979614,33.0,10.0,0.0,0.0,Tree cover
MY_N9040016326,0.36916242273207167,0.27931004290342354,0.29317814111709595,0.34137994050979614,32.0,10.0,0.0,0.0,Tree cover
MY_W526039065,0.22172949002217296,0.1561206831690618,0.2865560054779053,0.3374744951725006,30.0,10.0,0.0,0.0,Tree cover
MY_N13564516539,0.4714041506882344,0.4132446877851649,0.34808802604675293,0.40274789929389954,27.0,10.0,0.0,0.0,Tree cover
MY_N8899877343,0.44983137624045816,0.30510871315668986,0.27597296237945557,0.3307809829711914,37.0,10.0,0.0,0.0,Tree cover
MY_N8899964140,0.22125657789826184,0.17879753744051,0.44586804509162903,0.5208293795585632,32.0,10.0,0.0,0.0,Tree cover
MY_N8899964135,0.44632096895991824,0.35728838411135644,0.44586804509162903,0.5208293795585632,29.0,10.0,0.0,0.0,Tree cover
MY_N8899990561,0.44853483950847484,0.29435483870967744,0.44586804509162903,0.5208293795585632,31.0,10.0,0.0,0.0,Tree cover
MY_N8899964134,0.5278721278721279,0.4144420131291029,0.44586804509162903,0.5208293795585632,29.0,10.0,0.0,0.0,Tree cover
MY_N11190210332,0.24632637277648872,0.13640142069069747,0.6049779057502747,0.7428807616233826,29.0,50.0,0.0,0.0,Built-up
MY_N11190210319,0.40024678028842453,0.31571507107515906,0.6049779057502747,0.7428807616233826,30.0,10.0,0.0,0.0,Tree cover
MY_N8904189343,0.4287464598997174,0.33871970167806087,0.34877559542655945,0.3850000202655792,30.0,10.0,0.0,0.0,Tree cover
MY_N13502641928,0.40699568368759664,0.33947379463723726,0.44586804509162903,0.5208293795585632,28.0,10.0,0.0,0.0,Tree cover
MY_N8456957357,0.3680194831088472,0.29220903156850025,0.3372918963432312,0.37448179721832275,32.0,10.0,0.0,0.0,Tree cover
MY_N13251167214,0.13523956723338487,0.11360115666632241,0.2775588631629944,0.36222490668296814,32.0,10.0,0.0,0.0,Tree cover
MY_W1262090419,0.2193835537179727,0.17966069386199007,0.2775588631629944,0.36222490668296814,29.0,10.0,0.0,0.0,Tree cover
MY_N4027233384,0.32984555975227187,0.1933175022576006,0.30645447969436646,0.395324170589447,31.0,10.0,0.0,0.0,Tree cover
MY_N3989115263,0.4055557687142692,0.31397256448741667,0.30645447969436646,0.395324170589447,30.0,10.0,0.0,0.0,Tree cover
MY_N8927264925,0.3995309964446433,0.36538693953188583,0.4377126097679138,0.4857718348503113,32.0,10.0,0.0,0.0,Tree cover
MY_N8022325824,0.4490449854247537,0.28506384242304267,0.3970608115196228,0.44288256764411926,31.0,10.0,0.0,0.0,Tree cover
MY_N13507319534,0.32566195728029645,0.2282921713022132,0.32720592617988586,0.39785271883010864,27.0,10.0,0.0,0.0,Tree cover
MY_N13564968138,0.5343570353794515,0.46895269393755956,0.33900779485702515,0.3954971432685852,35.0,10.0,0.0,0.0,Tree cover
MY_N610175376,0.5207651394765246,0.4475507573316145,0.6086113452911377,0.7480437159538269,32.0,10.0,0.0,0.0,Tree cover
MY_N12383562688,0.4759213590902863,0.23319411296738268,0.3970608115196228,0.44288256764411926,35.0,10.0,0.0,0.0,Tree cover
MY_N12383562687,0.5617309193650322,0.416155116210152,0.3970608115196228,0.44288256764411926,33.0,10.0,0.0,0.0,Tree cover
MY_N8930207046,0.2413028182634309,0.1502021952628539,0.32982906699180603,0.40084195137023926,32.0,30.0,0.0,0.0,Grassland
MY_N13564515921,0.6110716660647035,0.5177638661828622,0.33900779485702515,0.3954971432685852,28.0,10.0,0.0,0.0,Tree cover
MY_N8930320928,0.27461696980557304,0.20557577763070817,0.26844432950019836,0.3349735140800476,32.0,10.0,0.0,0.0,Tree cover
MY_N13186063976,0.3282621651447406,0.2795578340275553,0.3443102538585663,0.4014958143234253,,10.0,0.0,0.0,Tree cover
MY_N8935231315,0.34719260838663824,0.28951775604626634,0.3426850736141205,0.40106043219566345,31.0,10.0,0.0,0.0,Tree cover
MY_N8935231314,0.5483760942888545,0.45560747663551404,0.3426850736141205,0.40106043219566345,31.0,10.0,0.0,0.0,Tree cover
MY_N13544527378,0.3489738170898286,0.2838655608636186,0.3225175142288208,0.3921491503715515,27.0,10.0,0.0,0.0,Tree cover
MY_N9040099170,0.26462463365239064,0.21655823901613047,0.4141513407230377,0.45940345525741577,30.0,10.0,0.0,0.0,Tree cover
MY_W1264795110,0.24371411942783616,0.16637306713642594,0.35490238666534424,0.38499680161476135,26.0,10.0,0.0,0.0,Tree cover
MY_N8971623432,0.2435891757828071,0.166422034190986,,,26.0,10.0,0.0,0.0,Tree cover
MY_N3902995318,0.5725496280698958,0.414223930802499,0.6514833569526672,0.7722318768501282,33.0,10.0,0.0,0.0,Tree cover
MY_W1265004387,0.33346602379670653,0.27098317706810227,0.35711684823036194,0.3875570595264435,30.0,10.0,0.0,0.0,Tree cover
MY_N8647935020,0.4285259407251596,0.3436571160553101,0.3803864121437073,0.40408855676651,32.0,50.0,0.0,0.0,Built-up
MY_N8646761662,0.2866478810044305,0.23393785467677292,0.3803864121437073,0.40408855676651,30.0,10.0,0.0,0.0,Tree cover
MY_N8646761663,0.40146257741959557,0.2281530307148682,0.3803864121437073,0.40408855676651,30.0,10.0,0.0,0.0,Tree cover
MY_N8645028382,0.26730387590620064,0.23430488899293772,0.3803864121437073,0.40408855676651,32.0,50.0,0.0,0.0,Built-up
MY_N8979761302,0.1353085267700921,0.08494298347684426,0.30678778886795044,0.3679488003253937,29.0,10.0,0.0,0.0,Tree cover
MY_N9040090261,0.5898776986904717,0.4628410985347021,0.35711684823036194,0.3875570595264435,27.0,10.0,0.0,0.0,Tree cover
MY_N3720847447,0.5603183067394069,0.3201610604332954,0.3100961744785309,0.3601217269897461,35.0,50.0,0.0,0.0,Built-up
MY_N13013877873,0.3678080058512959,0.31017264725795535,0.3498658239841461,0.39503228664398193,35.0,10.0,0.0,0.0,Tree cover
MY_N9040032180,0.20485557643904406,0.14119197946298476,0.3365361988544464,0.3605438470840454,28.0,10.0,0.0,0.0,Tree cover
MY_N9040032179,0.461494087107009,0.3348376765176881,0.3365361988544464,0.3605438470840454,27.0,10.0,0.0,0.0,Tree cover
MY_N13456366477,0.35647099474027716,0.29647335094561167,0.3498658239841461,0.39503228664398193,39.0,10.0,0.0,0.0,Tree cover
MY_N8982897335,0.36109254236872657,0.30940702461242,0.3350147008895874,0.39314156770706177,31.0,10.0,0.0,0.0,Tree cover
MY_N3902995316,0.3266173752310536,0.21397855033417953,0.3365361988544464,0.3605438470840454,30.0,50.0,0.0,0.0,Built-up
MY_N13526011249,0.5730592036173366,0.4417507921302778,0.35188671946525574,0.39894920587539673,25.0,10.0,0.0,0.0,Tree cover
MY_N8987661324,0.5264182796556126,0.4994315731702536,0.31281307339668274,0.3745153546333313,36.0,10.0,0.0,0.0,Tree cover
MY_N13517883535,0.6085208076722676,0.5506440057922415,0.4560524821281433,0.5232793688774109,33.0,10.0,0.0,0.0,Tree cover
MY_N3902995314,0.4998753374799104,0.33803598319727357,0.33889803290367126,0.3616039752960205,34.0,10.0,0.0,0.0,Tree cover
MY_N3902995315,0.1774531833622792,0.10768595609991052,0.33889803290367126,0.3616039752960205,33.0,10.0,0.0,0.0,Tree cover
MY_N13331200714,0.44564677092494165,0.354514820163675,0.4550398290157318,0.5181496143341064,33.0,50.0,0.0,0.0,Built-up
MY_N8785281387,0.2826181404460671,0.24515567167428698,0.38789138197898865,0.40950679779052734,34.0,10.0,0.0,0.0,Tree cover
MY_N13331200716,0.3187036823714626,0.26800176704461787,0.4550398290157318,0.5181496143341064,35.0,50.0,0.0,0.0,Built-up
MY_N13526994647,0.20536558660661472,0.17565756231673058,0.3250545263290405,0.3901827335357666,28.0,10.0,0.0,0.0,Tree cover
MY_N10701796645,0.39378173121302384,0.3205305332964907,0.3168306052684784,0.3471546769142151,32.0,50.0,0.0,0.0,Built-up
MY_N8992708257,0.44250857649462283,0.3706032474017088,0.3163706660270691,0.3947630226612091,31.0,10.0,0.0,0.0,Tree cover
MY_N12062187762,0.33380569988978115,0.2815270345819024,0.343900203704834,0.3927924931049347,32.0,10.0,0.0,0.0,Tree cover
MY_N3902995313,0.5469390809742307,0.4159591875073656,0.33889803290367126,0.3616039752960205,25.0,10.0,0.0,0.0,Tree cover
MY_N3902995312,0.14495460046460357,0.08984965750378082,0.33889803290367126,0.3616039752960205,28.0,10.0,0.0,0.0,Tree cover
MY_W1497883954,0.4276659907099054,0.35920461834509304,0.33748021721839905,0.39020591974258423,30.0,10.0,0.0,0.0,Tree cover
MY_N9040072040,0.4923344062341183,0.37177167297252844,0.33889803290367126,0.3616039752960205,32.0,10.0,0.0,0.0,Tree cover
MY_N13331200717,0.5148416956611575,0.38059966116386285,0.4550398290157318,0.5181496143341064,28.0,10.0,0.0,0.0,Tree cover
MY_N13331200718,0.47617291236352915,0.3914719804550314,0.4089409410953522,0.5184749364852905,30.0,10.0,0.0,0.0,Tree cover
MY_N8998441828,0.36415267685625996,0.23879700889689423,0.3148204982280731,0.385860800743103,30.0,10.0,0.0,0.0,Tree cover
MY_N8998441829,0.3627691230526869,0.29856983655274894,0.3148204982280731,0.385860800743103,30.0,10.0,0.0,0.0,Tree cover
MY_N3902995311,0.48630400410238883,0.4073324336482232,0.3370518088340759,0.36056816577911377,27.0,10.0,0.0,0.0,Tree cover
MY_W843347331,0.38779199602991743,0.27072646762242975,0.38067102432250977,0.40010446310043335,33.0,50.0,0.0,0.0,Built-up
MY_W1304274095,0.45261782375765064,0.40154264972776765,0.2876681089401245,0.3860104978084564,26.0,10.0,0.0,0.0,Tree cover
MY_N3902995310,0.5063695737755696,0.42691608004429327,0.3370518088340759,0.36056816577911377,29.0,10.0,0.0,0.0,Tree cover
MY_N9003249367,0.6807054456373268,0.5492676431424768,0.43148431181907654,0.5172784328460693,32.0,10.0,0.0,0.0,Tree cover
MY_N9003249366,0.280873591290935,0.21146659374715157,0.43148431181907654,0.5172784328460693,33.0,10.0,0.0,0.0,Tree cover
MY_N9003249365,0.3059877722909574,0.24805844178871594,0.43148431181907654,0.5172784328460693,33.0,10.0,0.0,0.0,Tree cover
MY_N8762031836,0.4196111310735817,0.3622791109611573,0.441007137298584,0.45783740282058716,32.0,10.0,0.0,0.0,Tree cover
MY_N3902995309,0.37425435438936616,0.3185044140557383,0.3370518088340759,0.36056816577911377,30.0,10.0,0.0,0.0,Tree cover
MY_N9004704904,0.22649742165807232,0.1521674028599237,0.39507463574409485,0.5111850500106812,30.0,10.0,0.0,0.0,Tree cover
MY_N9004704891,0.5690547900172278,0.5197148992552657,0.39507463574409485,0.5111850500106812,30.0,10.0,0.0,0.0,Tree cover
MY_N5991600704,0.04955467031801618,0.007180247371102959,0.39507463574409485,0.5111850500106812,32.0,10.0,0.0,0.0,Tree cover
MY_W1270085205,0.3650050522743209,0.23688259649903132,0.22754418849945068,0.3087845742702484,32.0,10.0,0.0,0.0,Tree cover
MY_W1270085203,0.427666589804928,0.27374726056722587,0.22754418849945068,0.3087845742702484,32.0,10.0,0.0,0.0,Tree cover
MY_W1270085213,0.5029166009774554,0.26004845009146194,0.22754418849945068,0.3087845742702484,31.0,10.0,0.0,0.0,Tree cover
MY_W1270085208,0.4016623847190376,0.2713700398495819,0.22754418849945068,0.3087845742702484,32.0,10.0,0.0,0.0,Tree cover
MY_N3902995303,0.4372748116606617,0.20793192035966604,0.3828888535499573,0.40420132875442505,32.0,10.0,0.0,0.0,Tree cover
MY_W1098994137,0.42314166046893953,0.2561325040184499,0.22754418849945068,0.3087845742702484,27.0,50.0,0.0,0.0,Built-up
MY_N8805785687,0.5201199156834722,0.42831511307685893,0.3438037633895874,0.3784888982772827,29.0,10.0,0.0,0.0,Tree cover
MY_N3902995302,0.4879145379286355,0.42382955376737386,0.3828888535499573,0.40420132875442505,31.0,10.0,0.0,0.0,Tree cover
MY_N8806058356,0.4847385272145144,0.2668726235741445,0.3716067969799042,0.3981686234474182,31.0,10.0,0.0,0.0,Tree cover
MY_N9040016373,0.4847349690953362,0.42576232544884596,0.3055800795555115,0.33751827478408813,33.0,10.0,0.0,0.0,Tree cover
MY_N3902995301,0.49625754219812107,0.3572245520396493,0.3064453601837158,0.3382692039012909,28.0,10.0,0.0,0.0,Tree cover
MY_N9066954157,0.3416738916284532,0.29471976515122256,0.32445934414863586,0.3821982443332672,34.0,10.0,0.0,0.0,Tree cover
MY_N13481076521,0.2631477259554079,0.21887121032217208,0.42180904746055603,0.5124478340148926,31.0,50.0,0.0,0.0,Built-up
MY_N13406960825,0.2427692643667038,0.15547310012903087,0.42180904746055603,0.5124478340148926,34.0,50.0,0.0,0.0,Built-up
MY_N9084071195,0.4439085585574201,0.32132305355370006,0.510212242603302,0.724775493144989,38.0,50.0,0.0,0.0,Built-up
MY_N13651261629,0.33684541142554403,0.21416526138279937,0.42180904746055603,0.5124478340148926,29.0,50.0,0.0,0.0,Built-up
MY_N13522010386,0.15396848344658087,0.13132595682931253,0.42180904746055603,0.5124478340148926,30.0,10.0,0.0,0.0,Tree cover
MY_N3902995275,0.46256143394044524,0.35447975220832867,0.6850449442863464,0.7779821753501892,29.0,10.0,0.0,0.0,Tree cover
MY_N13415562182,0.28513642507515435,0.1514819361627499,0.42180904746055603,0.5124478340148926,24.0,50.0,0.0,0.0,Built-up
MY_N13415595016,0.21888558195457067,0.17247073501889848,0.42180904746055603,0.5124478340148926,28.0,50.0,0.0,0.0,Built-up
MY_N13415562181,0.26841406768414067,0.23256568277651632,0.42180904746055603,0.5124478340148926,24.0,30.0,0.0,0.0,Grassland
MY_N13415562180,0.3884547835724653,0.23102092077866274,0.42180904746055603,0.5124478340148926,28.0,30.0,0.0,0.0,Grassland
MY_N5365310004,0.003231017770597775,-0.0323392718822618,0.510395348072052,0.7388988733291626,28.0,50.0,0.0,0.0,Built-up
MY_N8176878231,0.2560814247292189,0.21077376683401067,0.3178589344024658,0.4015549421310425,33.0,10.0,0.0,0.0,Tree cover
MY_N6643210358,0.3347335236594253,0.24446537918040506,0.42115890979766846,0.522819459438324,30.0,50.0,0.0,0.0,Built-up
MY_N11151660426,0.5354600888704649,0.46007459523607697,0.32864463329315186,0.3714582920074463,37.0,10.0,0.0,0.0,Tree cover
MY_W1201224318,0.47863950124272536,0.3651135473766641,0.3043473958969116,0.3375762701034546,32.0,10.0,0.0,0.0,Tree cover
MY_W1267147816,0.18093718564421224,0.11794999584683111,0.42115890979766846,0.522819459438324,30.0,10.0,0.0,0.0,Tree cover
MY_W1267147818,0.13228339232251907,0.08257512042205065,0.42115890979766846,0.522819459438324,30.0,10.0,0.0,0.0,Tree cover
MY_W1267147817,0.32121057985757895,0.2572706935123042,0.42115890979766846,0.522819459438324,30.0,10.0,0.0,0.0,Tree cover
MY_W1267147815,0.5620858314925845,0.4552498220044394,0.42115890979766846,0.522819459438324,29.0,10.0,0.0,0.0,Tree cover
MY_W1267147829,0.5890350204989003,0.49145728643216086,0.42115890979766846,0.522819459438324,29.0,10.0,0.0,0.0,Tree cover
MY_W1267147827,0.28689818468823997,0.2305262316058861,0.42115890979766846,0.522819459438324,29.0,10.0,0.0,0.0,Tree cover
MY_W1267147830,0.2827473704895326,0.2268731686898284,0.42115890979766846,0.522819459438324,28.0,10.0,0.0,0.0,Tree cover
MY_W1267147836,0.2967539813767296,0.19978689397975485,0.42115890979766846,0.522819459438324,30.0,10.0,0.0,0.0,Tree cover
MY_N11139114232,0.22234247949481087,0.15200756532520202,0.3043473958969116,0.3375762701034546,33.0,10.0,0.0,0.0,Tree cover
MY_N11139114233,0.15319150924043173,0.12417402489977088,0.3043473958969116,0.3375762701034546,35.0,10.0,0.0,0.0,Tree cover
MY_W1267147841,0.19710452852618776,0.15065913370998119,0.42115890979766846,0.522819459438324,29.0,10.0,0.0,0.0,Tree cover
MY_N13617864927,0.3949203767610557,0.2009939481383512,0.34793004393577576,0.4442639946937561,32.0,10.0,0.0,0.0,Tree cover
MY_W1267064693,0.5239090108828485,0.45094702574726253,0.42115890979766846,0.522819459438324,31.0,10.0,0.0,0.0,Tree cover
MY_N13430456062,0.08776136581622872,0.02694380292532716,0.2913808822631836,0.3917574882507324,29.0,50.0,0.0,0.0,Built-up
MY_N3902995238,0.5019868032517953,0.379545700769203,0.6427836418151855,0.749765932559967,30.0,10.0,0.0,0.0,Tree cover
MY_N8614668705,0.5209489313818554,0.43890913459613157,0.3135702908039093,0.3994278907775879,31.0,10.0,0.0,0.0,Tree cover
MY_W1304210537,0.4499549143372408,0.3199111556924841,0.3135702908039093,0.3994278907775879,33.0,10.0,0.0,0.0,Tree cover
MY_W1304210538,0.32928021767781984,0.2634815339320986,0.3135702908039093,0.3994278907775879,33.0,10.0,0.0,0.0,Tree cover
MY_W1304210539,0.22233190267988065,0.18016280236102006,0.3135702908039093,0.3994278907775879,31.0,10.0,0.0,0.0,Tree cover
MY_W1304210547,0.291010466594933,0.24051565377532236,0.3135702908039093,0.3994278907775879,33.0,10.0,0.0,0.0,Tree cover
MY_W1304210549,0.21860588861298338,0.15550676911818512,0.3135702908039093,0.3994278907775879,33.0,10.0,0.0,0.0,Tree cover
MY_W1304967763,0.33053106417879835,0.27840436898967114,0.2927871346473694,0.3917355537414551,32.0,10.0,0.0,0.0,Tree cover
MY_N8191059241,0.7012119018908736,0.5966996780287805,0.4065718650817871,0.44203516840934753,34.0,10.0,0.0,0.0,Tree cover
MY_N13103284367,0.6241920952642093,0.5834214421653627,0.4627474546432495,0.5029810667037964,38.0,10.0,0.0,0.0,Tree cover
MY_N8439185733,0.38280971449159096,0.32302857560476506,0.4860551357269287,0.7181039452552795,27.0,10.0,0.0,0.0,Tree cover
MY_N13165619831,0.12329858345166761,0.08714719442257954,0.614081621170044,0.7296175360679626,31.0,10.0,0.0,0.0,Tree cover
MY_N7848117003,0.4279465657879183,0.3889220320315728,0.5539602637290955,0.7681760787963867,29.0,10.0,0.0,0.0,Tree cover
MY_N8422298542,0.3342435527865325,0.28824854996843663,0.4684790372848511,0.695620596408844,31.0,10.0,0.0,0.0,Tree cover
MY_N2894780935,0.43605185730047813,0.326401193695794,0.48329946398735046,0.7125269174575806,36.0,10.0,0.0,0.0,Tree cover
MY_N8617095383,0.2646930779277318,0.19376564110113348,0.2837498188018799,0.3878442049026489,29.0,50.0,0.0,0.0,Built-up
MY_N8637257819,0.34939195509822263,0.2678006329113924,0.2801104784011841,0.38574516773223877,35.0,10.0,0.0,0.0,Tree cover
MY_N8418750930,0.393326081889519,0.3505351364805443,0.614081621170044,0.7296175360679626,28.0,10.0,0.0,0.0,Tree cover
MY_N8637709581,0.1125415112131524,0.03303097723772037,0.2801104784011841,0.38574516773223877,35.0,50.0,0.0,0.0,Built-up
MY_N8621891632,0.2397206834672701,0.19199174722041795,0.2837498188018799,0.3878442049026489,31.0,30.0,0.0,0.0,Grassland
MY_W1303810175,0.39821958036091915,0.34157718283854044,0.5539602637290955,0.7681760787963867,29.0,10.0,0.0,0.0,Tree cover
MY_W1303810174,0.2727295912318574,0.24131831636704934,0.5539602637290955,0.7681760787963867,29.0,10.0,0.0,0.0,Tree cover
MY_W1303814691,0.5895171243443381,0.5307585568917669,0.5303012728691101,0.7590509653091431,28.0,10.0,0.0,0.0,Tree cover
MY_W1303814692,0.3907858396136215,0.3081282096688507,0.5303012728691101,0.7590509653091431,28.0,10.0,0.0,0.0,Tree cover
MY_W1303814690,0.5807458201710455,0.5057493665952058,0.5303012728691101,0.7590509653091431,31.0,10.0,0.0,0.0,Tree cover
MY_W1303814689,0.40908548590763594,0.377751913330305,0.5303012728691101,0.7590509653091431,31.0,10.0,0.0,0.0,Tree cover
MY_N6700401660,0.3726578466937567,0.28883876029815614,0.30033376812934875,0.3316310942173004,26.0,10.0,0.0,0.0,Tree cover
MY_N3902995237,0.29062919570679513,0.22961184081552638,0.3295380771160126,0.35410648584365845,29.0,10.0,0.0,0.0,Tree cover
MY_N3902995230,0.32160089608823017,0.16287546717113463,0.3295380771160126,0.35410648584365845,29.0,10.0,0.0,0.0,Tree cover
MY_N3902995227,0.43619117780329353,0.20694228482575686,0.3295380771160126,0.35410648584365845,28.0,10.0,0.0,0.0,Tree cover
MY_W229952243,0.21906626129690562,0.17938321661137735,0.6192598342895508,0.7350919842720032,29.0,10.0,0.0,0.0,Tree cover
MY_N9038753536,0.26063386155129276,0.1212666230651842,0.3295380771160126,0.35410648584365845,27.0,50.0,0.0,0.0,Built-up
MY_N4553240899,0.29186962892558715,0.20136054421768707,0.5988922715187073,0.7157225012779236,33.0,10.0,0.0,0.0,Tree cover
MY_N4553240947,0.3003939992020476,0.2078398108231882,0.5742172002792358,0.7003481984138489,30.0,10.0,0.0,0.0,Tree cover
MY_N4540536734,0.23000896128281645,0.12048192771084336,0.5988922715187073,0.7157225012779236,32.0,10.0,0.0,0.0,Tree cover
MY_N4540518868,0.4111995800075233,0.31238142893899723,0.31089267134666443,0.35215944051742554,38.0,10.0,0.0,0.0,Tree cover
MY_N9040373402,0.3229580573951435,0.17492138364779877,0.3216923475265503,0.35407719016075134,30.0,10.0,0.0,0.0,Tree cover
MY_N9040090263,0.4394043006459263,0.3557450137723122,0.3216923475265503,0.35407719016075134,33.0,10.0,0.0,0.0,Tree cover
MY_N11158439300,0.38522482935168867,0.28102345415778257,0.3216923475265503,0.35407719016075134,33.0,10.0,0.0,0.0,Tree cover
MY_N8194411065,0.3174393736544595,0.24910401323303527,0.33629879355430603,0.3684732913970947,32.0,50.0,0.0,0.0,Built-up
MY_N8194411066,0.3372274229835629,0.2887628080277755,0.33629879355430603,0.3684732913970947,32.0,50.0,0.0,0.0,Built-up
MY_N8194478063,0.1955521472392638,0.1534642780056119,0.33629879355430603,0.3684732913970947,26.0,10.0,0.0,0.0,Tree cover
MY_N4540518856,0.4044671903515037,0.33096138166184863,0.31089267134666443,0.35215944051742554,33.0,10.0,0.0,0.0,Tree cover
MY_N8194554171,0.43794342573075273,0.21543924340195986,0.33629879355430603,0.3684732913970947,30.0,50.0,0.0,0.0,Built-up
MY_N8194311012,0.3477064967887705,0.19143318175150362,0.33629879355430603,0.3684732913970947,31.0,30.0,0.0,0.0,Grassland
MY_N8194411113,0.37167507199736405,0.28313301605227076,0.33629879355430603,0.3684732913970947,28.0,50.0,0.0,0.0,Built-up
MY_N8296464154,0.402945427555764,0.3408007626310772,0.33629879355430603,0.3684732913970947,31.0,50.0,0.0,0.0,Built-up
MY_N4540518855,0.6029052101089454,0.5592196749970201,0.31089267134666443,0.35215944051742554,33.0,10.0,0.0,0.0,Tree cover
MY_N8296464134,0.4357460341114081,0.34370507946609413,0.33629879355430603,0.3684732913970947,34.0,30.0,0.0,0.0,Grassland
MY_N8242471252,0.36813530091326285,0.25651325942303316,0.3216923475265503,0.35407719016075134,29.0,50.0,0.0,0.0,Built-up
MY_N8242031174,0.45225797907561915,0.3558408622602631,0.3216923475265503,0.35407719016075134,29.0,50.0,0.0,0.0,Built-up
MY_N8194880382,0.3149479310662612,0.16047297297297292,0.33629879355430603,0.3684732913970947,25.0,50.0,0.0,0.0,Built-up
MY_N8194310997,0.3837212314027318,0.18540210849456723,0.33629879355430603,0.3684732913970947,26.0,50.0,0.0,0.0,Built-up
MY_N5046482112,0.34661483641075475,0.2649247694547808,0.33629879355430603,0.3684732913970947,29.0,10.0,0.0,0.0,Tree cover
MY_N9040477852,0.34833788145471684,0.1891378655526016,0.3216923475265503,0.35407719016075134,34.0,10.0,0.0,0.0,Tree cover
MY_N8242137991,0.3522098760034007,0.3138494413034769,0.3216923475265503,0.35407719016075134,34.0,50.0,0.0,0.0,Built-up
MY_N3902995226,0.33587176307384903,0.11224949674384938,0.31089267134666443,0.35215944051742554,29.0,10.0,0.0,0.0,Tree cover
MY_N8248283073,0.37191950534453844,0.3237229932751467,0.3216923475265503,0.35407719016075134,29.0,50.0,0.0,0.0,Built-up
MY_N5249581791,0.5209238100248695,0.3648886283704572,0.3095657527446747,0.3558988571166992,33.0,10.0,0.0,0.0,Tree cover
MY_N7010113806,0.3644168017169638,0.233435717419921,0.3216923475265503,0.35407719016075134,31.0,10.0,0.0,0.0,Tree cover
MY_N9038753537,0.5055771614171546,0.3794148979759076,0.3216923475265503,0.35407719016075134,31.0,10.0,0.0,0.0,Tree cover
MY_N10290743704,0.3487891561286057,0.19943422913719946,0.33629879355430603,0.3684732913970947,29.0,10.0,0.0,0.0,Tree cover
MY_N13142317645,0.5899891916067237,0.5363963154347338,0.40832096338272095,0.49465417861938477,28.0,10.0,0.0,0.0,Tree cover
MY_N8850585799,0.4449270586830051,0.2697448359659781,0.5060315132141113,0.6852480173110962,26.0,10.0,0.0,0.0,Tree cover
MY_N8297204273,0.3153231982219221,0.20196191575302944,0.33629879355430603,0.3684732913970947,32.0,50.0,0.0,0.0,Built-up
MY_N8297308060,0.4959863637078051,0.2702022513041091,0.33629879355430603,0.3684732913970947,32.0,10.0,0.0,0.0,Tree cover
MY_N8297308061,0.3065094182363728,0.1788998056007986,0.33629879355430603,0.3684732913970947,34.0,10.0,0.0,0.0,Tree cover
MY_N9040373401,0.3328496281516416,0.27482769084052183,0.33629879355430603,0.3684732913970947,31.0,50.0,0.0,0.0,Built-up
MY_N8300544984,0.0982472687259294,0.04152130116456193,0.33629879355430603,0.3684732913970947,28.0,50.0,0.0,0.0,Built-up
MY_N8300543972,0.3856441374905186,0.33147113594040967,0.33485856652259827,0.3685380220413208,31.0,50.0,0.0,0.0,Built-up
MY_N8254539319,0.2244464731794263,0.1371623614681219,0.33485856652259827,0.3685380220413208,33.0,50.0,0.0,0.0,Built-up
MY_N9038719772,0.18406321010827345,0.10218978102189781,0.3107452988624573,0.345134973526001,28.0,50.0,0.0,0.0,Built-up
MY_N9038719774,0.06895506554519966,0.008627197239296834,0.3107452988624573,0.345134973526001,28.0,50.0,0.0,0.0,Built-up
MY_N9038719773,0.11157055966419424,0.07882609750181907,0.3107452988624573,0.345134973526001,28.0,50.0,0.0,0.0,Built-up
MY_N9038719827,0.09921322183185707,0.041235136171845016,0.3107452988624573,0.345134973526001,29.0,50.0,0.0,0.0,Built-up
MY_N9038719771,0.3447082539650985,0.16224919494674261,0.3107452988624573,0.345134973526001,28.0,50.0,0.0,0.0,Built-up
MY_N11388841309,0.021016173563782964,-0.004402843911029907,0.3107452988624573,0.345134973526001,30.0,50.0,0.0,0.0,Built-up
MY_N11388880572,0.07463213239705001,0.023880597014925373,0.3107452988624573,0.345134973526001,30.0,50.0,0.0,0.0,Built-up
MY_N8254392355,0.2096356973485665,0.12007261410788381,0.33485856652259827,0.3685380220413208,31.0,50.0,0.0,0.0,Built-up
MY_N10948802708,0.044217687074829946,0.026397581640907726,0.3107452988624573,0.345134973526001,30.0,50.0,0.0,0.0,Built-up
MY_N11388862435,0.07174585595222532,0.029123871234576458,0.3107452988624573,0.345134973526001,29.0,50.0,0.0,0.0,Built-up
MY_N11388862434,0.09451560751150355,0.052569635151039594,0.3107452988624573,0.345134973526001,31.0,50.0,0.0,0.0,Built-up
MY_N11360752509,0.18825330768324763,0.0702247191011236,0.33485856652259827,0.3685380220413208,28.0,50.0,0.0,0.0,Built-up
MY_N13325808685,0.42138055301806276,0.2221338459327539,0.33485856652259827,0.3685380220413208,29.0,10.0,0.0,0.0,Tree cover
MY_N11360752510,0.18213692295490091,0.14396067415730338,0.33485856652259827,0.3685380220413208,27.0,50.0,0.0,0.0,Built-up
MY_N9040072038,0.26218059984660724,0.22598332254502534,0.33485856652259827,0.3685380220413208,32.0,10.0,0.0,0.0,Tree cover
MY_N9040477851,0.20150046154571938,0.11292218077768126,0.33485856652259827,0.3685380220413208,33.0,50.0,0.0,0.0,Built-up
MY_N9040477850,0.39693848471277937,0.3555612487647769,0.33485856652259827,0.3685380220413208,33.0,10.0,0.0,0.0,Tree cover
MY_N9040016330,0.6688225223511508,0.454484664764622,0.33485856652259827,0.3685380220413208,31.0,10.0,0.0,0.0,Tree cover
MY_N10948101724,0.35466001229490013,0.19096529716792973,0.33485856652259827,0.3685380220413208,30.0,50.0,0.0,0.0,Built-up
MY_N8302956903,0.11315757794631034,0.030285162950257297,0.33485856652259827,0.3685380220413208,34.0,50.0,0.0,0.0,Built-up
MY_N8302956904,0.14065627704796277,0.10010125184094261,0.33485856652259827,0.3685380220413208,29.0,50.0,0.0,0.0,Built-up
MY_N10948101740,0.37960748585962106,0.30988148259983395,0.33485856652259827,0.3685380220413208,31.0,30.0,0.0,0.0,Grassland
MY_N8302956902,0.14548842542822338,0.034385745545482974,0.33485856652259827,0.3685380220413208,32.0,50.0,0.0,0.0,Built-up
MY_N8302956901,0.0940555410981821,0.013273377397334495,0.33485856652259827,0.3685380220413208,29.0,50.0,0.0,0.0,Built-up
MY_N8302956900,0.33876978836857585,0.16478098401494706,0.33485856652259827,0.3685380220413208,29.0,50.0,0.0,0.0,Built-up
MY_N10948101726,0.547112462006079,0.4286100073299642,0.33485856652259827,0.3685380220413208,29.0,30.0,0.0,0.0,Grassland
MY_N10948101725,0.06003908959829291,0.018042878369772874,0.33485856652259827,0.3685380220413208,33.0,30.0,0.0,0.0,Grassland
MY_N9040016331,0.2121135091995014,0.12589751155699816,0.33485856652259827,0.3685380220413208,34.0,10.0,0.0,0.0,Tree cover
MY_W1388820991,0.33143279704773854,0.2106761565836299,0.48222070932388306,0.66371750831604,30.0,10.0,0.0,0.0,Tree cover
MY_N9040431790,0.20717377860235,0.1637062306395326,0.42920172214508057,0.47049403190612793,35.0,10.0,0.0,0.0,Tree cover
MY_N8387910052,0.4314872062465126,0.31537947918985093,0.274036705493927,0.3564454913139343,27.0,10.0,0.0,0.0,Tree cover
MY_W1315843998,0.36796483738342356,0.20375011603081775,0.31948530673980713,0.3597576320171356,28.0,60.0,0.0,0.0,Bare / sparse vegetation
MY_N8182722420,0.20540949498770572,0.12533342452636623,0.4410257041454315,0.5834473967552185,35.0,10.0,0.0,0.0,Tree cover
MY_N8387123936,0.12865059817030258,0.0830815709969788,0.31813207268714905,0.3541399836540222,36.0,10.0,0.0,0.0,Tree cover
MY_N11167076406,0.5581161952198639,0.45542813175539515,0.31813207268714905,0.3541399836540222,33.0,10.0,0.0,0.0,Tree cover
MY_N8381293209,0.19481971610111665,0.10298661174047372,0.3144163489341736,0.35198718309402466,28.0,50.0,0.0,0.0,Built-up
MY_N8381065572,0.2959874352645848,0.25191675794085433,0.2948974072933197,0.34611275792121887,33.0,10.0,0.0,0.0,Tree cover
MY_N9841737653,0.45840693077634787,0.1754301874131237,0.2948974072933197,0.34611275792121887,34.0,10.0,0.0,0.0,Tree cover
MY_N9040072039,0.39029535864978904,0.2897568906782286,0.35698971152305603,0.402931809425354,28.0,10.0,0.0,0.0,Tree cover
MY_N8377840940,0.5475632437045523,0.45515980283033874,0.320203572511673,0.35877513885498047,34.0,10.0,0.0,0.0,Tree cover
MY_N13722751040,0.3504201680672269,0.2798488915399145,,,,10.0,0.0,0.0,Tree cover
MY_N11147435458,0.2608021428067949,0.18452638228546733,0.27614375948905945,0.360769122838974,35.0,10.0,0.0,0.0,Tree cover
MY_W1387401029,0.5235650583723674,0.4795475038937618,0.2812616229057312,0.3604775071144104,36.0,10.0,0.0,0.0,Tree cover
MY_W446330609,0.4632809383365807,0.40858725761772857,0.22144733369350433,0.3110135495662689,30.0,10.0,0.0,0.0,Tree cover
MY_N12889290985,0.34238200048911704,0.2817234848484848,0.23587684333324432,0.3406522572040558,26.0,10.0,0.0,0.0,Tree cover
MY_N12889290986,0.2528007996335013,0.18445322793148883,0.23587684333324432,0.3406522572040558,26.0,10.0,0.0,0.0,Tree cover
MY_N12889290231,0.281008701984786,0.18375167920514915,0.23587684333324432,0.3406522572040558,,80.0,92.0,100.0,Permanent water
MY_W1450150668,0.09713037316957962,0.033302542661286384,0.48651137948036194,0.520682692527771,35.0,10.0,0.0,0.0,Tree cover
MY_N13889784607,0.6502680112655581,0.5025006467189792,0.3757919371128082,0.416579008102417,33.0,50.0,0.0,0.0,Built-up
MY_N3623334350,0.11013003036748123,0.09506573473123653,0.38304632902145386,0.4215284585952759,29.0,50.0,0.0,0.0,Built-up
MY_N3623367413,0.08906881163284931,0.054558506819813314,0.38304632902145386,0.4215284585952759,31.0,50.0,0.0,0.0,Built-up
MY_N12773184677,0.4617742862617359,0.37373447260716597,0.48576682806015015,0.5202593207359314,28.0,30.0,0.0,0.0,Grassland
MY_N3573581293,0.19649614262756504,0.14183584620319875,0.48209527134895325,0.5205341577529907,35.0,50.0,0.0,0.0,Built-up
MY_N2782631993,0.47582220774991857,0.3167731376379284,0.48209527134895325,0.5205341577529907,31.0,50.0,0.0,0.0,Built-up
MY_N13889774655,0.6229266494655363,0.554370623155949,0.377892404794693,0.4174425005912781,36.0,50.0,0.0,0.0,Built-up
MY_N13889776578,0.255104017355596,0.18684698348500173,0.379856675863266,0.416540265083313,35.0,10.0,0.0,0.0,Tree cover
MY_N13891743611,0.3240270857802585,0.23020798389802086,0.377892404794693,0.4174425005912781,36.0,30.0,0.0,0.0,Grassland
MY_N6745537235,0.40204899440495995,0.36334191512332864,0.7127107381820679,0.8098433017730713,39.0,10.0,0.0,0.0,Tree cover
MY_N6745537234,0.4559177512137408,0.3580261688208075,0.7127107381820679,0.8098433017730713,39.0,10.0,0.0,0.0,Tree cover
MY_N6745537233,0.5007779506557012,0.3597477586992858,0.7127107381820679,0.8098433017730713,39.0,10.0,0.0,0.0,Tree cover
MY_N6759131549,0.3255311487216421,0.29253335543217046,0.6797052025794983,0.8138090372085571,34.0,10.0,0.0,0.0,Tree cover
MY_N12548986934,0.2831223794035817,0.21726088447034625,0.6797052025794983,0.8138090372085571,31.0,10.0,0.0,0.0,Tree cover
MY_N6451638812,0.6143582772928889,0.422294714307559,0.482400119304657,0.5118910670280457,32.0,30.0,0.0,0.0,Grassland
MY_N10802588447,0.4771038120354831,0.3759774109470026,0.6720619797706604,0.8155626058578491,38.0,10.0,0.0,0.0,Tree cover
MY_N10802588425,0.38281460089435815,0.2980456751101812,0.6564423441886902,0.813141942024231,33.0,10.0,0.0,0.0,Tree cover
MY_N10801806749,0.43720547535342963,0.3437455427185851,0.4752458333969116,0.5109891891479492,32.0,10.0,0.0,0.0,Tree cover
MY_N5067194637,0.4430482367247669,0.3893685457931268,0.7042747139930725,0.8074579834938049,33.0,10.0,0.0,0.0,Tree cover
MY_N11526632808,0.4011012282930962,0.32012821566532423,0.34416526556015015,0.38111454248428345,32.0,10.0,0.0,0.0,Tree cover
MY_N6457937009,0.30536592080120983,0.21841529748219593,0.6607117652893066,0.8156580924987793,32.0,30.0,0.0,0.0,Grassland
MY_N10746755999,0.3177982503677324,0.2495633106626528,0.34416526556015015,0.38111454248428345,30.0,10.0,0.0,0.0,Tree cover
MY_N10746755997,0.31154461104082354,0.2701352597602213,0.34416526556015015,0.38111454248428345,30.0,10.0,0.0,0.0,Tree cover
MY_N10746755998,0.21740621433288365,0.13883275973191223,0.34416526556015015,0.38111454248428345,31.0,10.0,0.0,0.0,Tree cover
MY_W1425495547,0.31348325298232316,0.2123598763045999,0.6970793008804321,0.8054553866386414,37.0,10.0,0.0,0.0,Tree cover
MY_N10780423481,0.3331133298976097,0.2804863605858434,0.3648366332054138,0.3988358974456787,32.0,10.0,0.0,0.0,Tree cover
MY_N5257595022,0.032518921357092626,0.004993191103041325,0.7134765386581421,0.8134192228317261,36.0,50.0,0.0,0.0,Built-up
MY_N10771843285,0.5298499299423713,0.43295879031025947,0.38128307461738586,0.4081467390060425,38.0,10.0,0.0,0.0,Tree cover
MY_N11962284837,0.19495655859292224,0.131920120092799,0.7106412649154663,0.8113750219345093,,50.0,0.0,0.0,Built-up
MY_N10780417393,0.24570388554981804,0.18875968992248066,0.3894995450973511,0.41376519203186035,37.0,10.0,0.0,0.0,Tree cover
MY_N9696620835,0.36787412381745993,0.3142097557216614,0.377530574798584,0.4026361107826233,33.0,10.0,0.0,0.0,Tree cover
MY_N5063253063,0.361208318249467,0.24029039729200075,0.3893602788448334,0.4132489264011383,39.0,10.0,0.0,0.0,Tree cover
MY_N6628565568,0.32299465955361023,0.26879471196084176,0.7207069993019104,0.8154894709587097,35.0,50.0,0.0,0.0,Built-up
MY_N9810094393,0.2916789858425888,0.22871693491097822,0.37686997652053833,0.40211498737335205,41.0,10.0,0.0,0.0,Tree cover
MY_N14017237793,0.15564463492120117,0.050938727987192595,0.3796590566635132,0.40799063444137573,38.0,10.0,0.0,0.0,Tree cover
MY_N3765699308,0.18143511700212733,0.08916191649976893,0.7205778360366821,0.8195468783378601,30.0,10.0,0.0,0.0,Tree cover
MY_N3765699325,0.17618656416381562,0.11823797668457918,0.7205778360366821,0.8195468783378601,30.0,10.0,0.0,0.0,Tree cover
MY_N3765699324,0.5605331168173948,0.461869718806483,0.7205778360366821,0.8195468783378601,32.0,10.0,0.0,0.0,Tree cover
MY_N3765691973,0.38423265563947506,0.30813751200440775,0.7205778360366821,0.8195468783378601,33.0,10.0,0.0,0.0,Tree cover
MY_N3765686551,0.30994295773479025,0.2682785459965223,0.7205778360366821,0.8195468783378601,33.0,10.0,0.0,0.0,Tree cover
MY_N12265504950,0.5062598760179896,0.3886010362694301,0.7071143388748169,0.8134137392044067,41.0,10.0,0.0,0.0,Tree cover
MY_N12265504949,0.2554859551668439,0.18844448466202157,0.7071143388748169,0.8134137392044067,41.0,10.0,0.0,0.0,Tree cover
MY_N13104827528,0.18480627918378925,0.15273627928919642,0.38526013493537903,0.41290202736854553,35.0,10.0,0.0,0.0,Tree cover
MY_N12266043339,0.48350270851054306,0.4079024965598585,0.7010402083396912,0.8120637536048889,32.0,10.0,0.0,0.0,Tree cover
MY_N4971032710,0.39742473902718867,0.3484434799046229,0.38298970460891724,0.4098881185054779,33.0,10.0,0.0,0.0,Tree cover
MY_N12270851329,0.4938624201262527,0.3362589689707869,0.36354830861091614,0.41641902923583984,31.0,10.0,0.0,0.0,Tree cover
MY_N11482095447,0.34150508059568374,0.29306220095693786,0.3549233078956604,0.4149303734302521,32.0,10.0,0.0,0.0,Tree cover
MY_N11484371222,0.4991942774517816,0.2975758831451362,0.3549233078956604,0.4149303734302521,37.0,10.0,0.0,0.0,Tree cover
MY_N12124802651,0.5268750228996446,0.37895762299074515,0.37356600165367126,0.41390129923820496,35.0,10.0,0.0,0.0,Tree cover
MY_N11482649670,0.2507662136770398,0.18665452653485948,0.3630846440792084,0.41775524616241455,33.0,10.0,0.0,0.0,Tree cover
MY_N12419607083,0.43122306237854263,0.2964688944457074,0.3630846440792084,0.41775524616241455,35.0,10.0,0.0,0.0,Tree cover
MY_N12120294219,0.4065730597130073,0.32346433463281,0.3630846440792084,0.41775524616241455,39.0,10.0,0.0,0.0,Tree cover
MY_N12116945444,0.3956601327129891,0.2650868561100512,0.35547682642936707,0.415767639875412,34.0,30.0,0.0,0.0,Grassland
MY_N11730767539,0.1349261118822671,0.09812878024193553,0.35547682642936707,0.415767639875412,34.0,10.0,0.0,0.0,Tree cover
MY_N12260551262,0.3862628116873184,0.29206332781456956,0.3549233078956604,0.4149303734302521,36.0,10.0,0.0,0.0,Tree cover
MY_N11463362309,0.3287929767102113,0.258800593636536,0.35547682642936707,0.415767639875412,34.0,50.0,0.0,0.0,Built-up
MY_N11496601911,0.33317362621162416,0.24482986070694143,0.35547682642936707,0.415767639875412,29.0,10.0,0.0,0.0,Tree cover
MY_N11496601910,0.24324079934894663,0.17277347898649678,0.35547682642936707,0.415767639875412,29.0,10.0,0.0,0.0,Tree cover
MY_N11727753196,0.43710518505956686,0.3402843132398831,0.35547682642936707,0.415767639875412,32.0,10.0,0.0,0.0,Tree cover
MY_N12084295135,0.3682114409847937,0.26106129103979847,0.6922383308410645,0.8230729103088379,27.0,10.0,0.0,0.0,Tree cover
MY_N12407437060,0.5127421403844576,0.46052631578947373,0.35547682642936707,0.415767639875412,38.0,10.0,0.0,0.0,Tree cover
MY_N11794540712,0.6039393826562908,0.5300372142477408,0.35547682642936707,0.415767639875412,28.0,50.0,0.0,0.0,Built-up
MY_N12058759613,0.5211045635192545,0.3345609747702475,0.6922383308410645,0.8230729103088379,,30.0,33.0,63.0,Grassland
MY_N11496879857,0.32537774725274726,0.24135050775926492,0.35547682642936707,0.415767639875412,29.0,10.0,0.0,0.0,Tree cover
MY_N12110472263,0.17291684544752425,0.113878732480195,0.6922383308410645,0.8230729103088379,31.0,80.0,35.0,74.0,Permanent water
MY_N12238462274,0.3462220234535478,0.2593202635384862,0.35547682642936707,0.415767639875412,29.0,50.0,0.0,0.0,Built-up
MY_N12063268241,0.3361273053600769,0.27332162262789245,0.35547682642936707,0.415767639875412,32.0,10.0,0.0,0.0,Tree cover
MY_N11795630828,0.32315686911334845,0.17337602927721868,0.6922383308410645,0.8230729103088379,29.0,10.0,0.0,0.0,Tree cover
MY_N11487000566,0.2956722376310854,0.23037940921517636,0.6922383308410645,0.8230729103088379,29.0,30.0,0.0,0.0,Grassland
MY_N12273248580,0.4858501418820461,0.4008142116950408,0.35547682642936707,0.415767639875412,34.0,10.0,0.0,0.0,Tree cover
MY_N11496907513,0.4252820453582844,0.2882190220486536,0.3630846440792084,0.41775524616241455,33.0,30.0,0.0,0.0,Grassland
MY_N11584058118,0.26250798271372455,0.2001178401582425,0.6922383308410645,0.8230729103088379,31.0,50.0,0.0,0.0,Built-up
MY_N12205012364,0.16604710353109908,0.12519433761557974,0.35547682642936707,0.415767639875412,32.0,50.0,0.0,0.0,Built-up
MY_N12408552579,0.400609091250893,0.2418115790208813,0.35547682642936707,0.415767639875412,31.0,50.0,0.0,0.0,Built-up
MY_N12177011821,0.04828143610685724,0.023862420801448198,0.35547682642936707,0.415767639875412,32.0,50.0,0.0,0.0,Built-up
MY_N12177011820,0.06702130948343427,0.04075159593688523,0.35547682642936707,0.415767639875412,32.0,50.0,0.0,0.0,Built-up
MY_N12177011819,0.04119741636303412,0.008315514373960635,0.35547682642936707,0.415767639875412,32.0,50.0,0.0,0.0,Built-up
MY_N11875484220,0.5122913060200844,0.3734005905511811,0.6969460844993591,0.8274091482162476,35.0,10.0,0.0,0.0,Tree cover
MY_W1235093106,0.09484982111656545,0.031469611553015635,0.35547682642936707,0.415767639875412,34.0,50.0,0.0,0.0,Built-up
MY_N12177011818,0.004201275261489768,-0.02089947089947094,0.35547682642936707,0.415767639875412,32.0,50.0,0.0,0.0,Built-up
MY_N12408785870,0.37818637693272045,0.32615796694322857,0.35547682642936707,0.415767639875412,29.0,50.0,0.0,0.0,Built-up
MY_N12121993477,0.33859649122807023,0.22611303704280766,0.35547682642936707,0.415767639875412,29.0,50.0,0.0,0.0,Built-up
MY_N12231992517,0.5401580591802977,0.4499597923824841,0.35547682642936707,0.415767639875412,28.0,50.0,0.0,0.0,Built-up
MY_N11502197115,0.07801775418687651,0.0325398558637257,0.6922383308410645,0.8230729103088379,38.0,50.0,0.0,0.0,Built-up
MY_N11774742821,0.6487713257160744,0.41592920353982316,0.6922383308410645,0.8230729103088379,31.0,10.0,0.0,0.0,Tree cover
MY_N11774742770,0.4130755682873841,0.30468065658681487,0.6922383308410645,0.8230729103088379,31.0,10.0,0.0,0.0,Tree cover
MY_N12141554109,0.28450023726327595,0.19863438857852267,0.6922383308410645,0.8230729103088379,29.0,30.0,0.0,0.0,Grassland
MY_N12222591751,0.25437201907790147,0.19736842105263158,0.35547682642936707,0.415767639875412,29.0,50.0,0.0,0.0,Built-up
MY_N11802478955,0.3650329188002926,0.2677651905252317,0.35547682642936707,0.415767639875412,26.0,50.0,0.0,0.0,Built-up
MY_N12222591771,0.4301426549058041,0.3171974522292994,0.35547682642936707,0.415767639875412,31.0,50.0,0.0,0.0,Built-up
MY_N12284563602,0.6518887722980062,0.5175611452416832,0.6922383308410645,0.8230729103088379,29.0,10.0,0.0,0.0,Tree cover
MY_N11653038151,0.4820000935862965,0.31205311542390196,0.6922383308410645,0.8230729103088379,40.0,50.0,0.0,0.0,Built-up
MY_N12222591752,0.15251363466168405,0.0955125762195122,0.35547682642936707,0.415767639875412,31.0,50.0,0.0,0.0,Built-up
MY_N11465075859,0.28764805414551603,0.24864844849292755,0.35547682642936707,0.415767639875412,32.0,30.0,0.0,0.0,Grassland
MY_N12222591753,0.17199402948597117,0.12421517711805287,0.35547682642936707,0.415767639875412,28.0,50.0,0.0,0.0,Built-up
MY_N12112838716,0.4282620465619924,0.3309251454946819,0.35547682642936707,0.415767639875412,33.0,50.0,0.0,0.0,Built-up
MY_N12243059849,0.3861938131557552,0.3060809812324516,,,38.0,50.0,0.0,0.0,Built-up
MY_N11528285260,0.3123557588011576,0.22047298944655352,0.35547682642936707,0.415767639875412,31.0,50.0,0.0,0.0,Built-up
MY_N11536997187,0.27192795859037094,0.22702876771146424,0.35547682642936707,0.415767639875412,26.0,50.0,0.0,0.0,Built-up
MY_N12105659133,0.3394036357904622,0.2229095563139931,0.6922383308410645,0.8230729103088379,31.0,50.0,0.0,0.0,Built-up
MY_N12433988983,0.38504180555366796,0.295103616416091,0.6922383308410645,0.8230729103088379,36.0,50.0,0.0,0.0,Built-up
MY_N12284680509,0.3081621321488061,0.25728662299439853,0.35547682642936707,0.415767639875412,26.0,50.0,0.0,0.0,Built-up
MY_N12284680513,0.184051121613526,0.14447580135630333,0.35547682642936707,0.415767639875412,26.0,50.0,0.0,0.0,Built-up
MY_N12513784874,0.20083390674164203,0.11719745222929936,0.35547682642936707,0.415767639875412,34.0,50.0,0.0,0.0,Built-up
MY_N11524986796,0.1003422197811483,0.07808412155363254,0.35547682642936707,0.415767639875412,29.0,50.0,0.0,0.0,Built-up
MY_N12103811729,0.46235513412756307,0.3545937042459737,0.35547682642936707,0.415767639875412,26.0,50.0,0.0,0.0,Built-up
MY_N12102882755,0.180282605164853,0.1419354838709677,0.35547682642936707,0.415767639875412,28.0,50.0,0.0,0.0,Built-up
MY_N12001114536,0.39981216966437116,0.316241642046338,0.6922383308410645,0.8230729103088379,30.0,10.0,0.0,0.0,Tree cover
MY_N12001114555,0.22649863760217978,0.14122708567153008,0.6922383308410645,0.8230729103088379,29.0,30.0,0.0,0.0,Grassland
MY_N12273280525,0.28649227200923943,0.20935421771088558,0.35547682642936707,0.415767639875412,30.0,50.0,0.0,0.0,Built-up
MY_N12090303865,0.23716597211063134,0.16795438027950604,0.6922383308410645,0.8230729103088379,32.0,50.0,0.0,0.0,Built-up
MY_N11875484221,0.07441859000938635,0.05598084510842074,0.6969460844993591,0.8274091482162476,34.0,50.0,0.0,0.0,Built-up
MY_N12275922702,0.41468082710999365,0.3363991189086834,0.6922383308410645,0.8230729103088379,35.0,50.0,0.0,0.0,Built-up
MY_N11494365614,0.49877626803949715,0.4100709907844261,0.37639620900154114,0.4196282625198364,33.0,10.0,0.0,0.0,Tree cover
MY_N11530928262,0.24516536134516168,0.19815668202764974,0.37639620900154114,0.4196282625198364,31.0,50.0,0.0,0.0,Built-up
MY_N11513739731,0.21708132559740398,0.13620339707296233,0.6865118145942688,0.8172228336334229,37.0,50.0,0.0,0.0,Built-up
MY_N11536997297,0.36632846374410066,0.3001582828243833,0.37639620900154114,0.4196282625198364,31.0,50.0,0.0,0.0,Built-up
MY_N12146143720,0.34044395465994964,0.24892010995244124,0.6865118145942688,0.8172228336334229,31.0,50.0,0.0,0.0,Built-up
MY_N11747587796,0.418533186815545,0.3001024574832058,0.6865118145942688,0.8172228336334229,28.0,10.0,0.0,0.0,Tree cover
MY_N11478359637,0.37952357237715806,0.3169190459677109,0.6901037693023682,0.8192830085754395,40.0,50.0,0.0,0.0,Built-up
MY_N11500414303,0.3972909556313992,0.30135481508604905,0.6865118145942688,0.8172228336334229,29.0,50.0,0.0,0.0,Built-up
MY_N11806114326,0.28967350037965073,0.20575012689435138,0.6865118145942688,0.8172228336334229,36.0,50.0,0.0,0.0,Built-up
MY_N11770524376,0.14712656910226285,0.0753417486444197,0.6865118145942688,0.8172228336334229,26.0,50.0,0.0,0.0,Built-up
MY_N12117702098,0.3245481927710844,0.21465581051073282,0.6901037693023682,0.8192830085754395,37.0,30.0,0.0,0.0,Grassland
MY_N12097503031,0.41394715716728914,0.2919490261262413,0.6865118145942688,0.8172228336334229,41.0,50.0,0.0,0.0,Built-up
MY_N11755867459,0.5046120097130999,0.37678886492844554,0.6865118145942688,0.8172228336334229,34.0,10.0,0.0,0.0,Tree cover
MY_N12106117448,0.3680026227358413,0.27641525766056896,0.6865118145942688,0.8172228336334229,34.0,50.0,0.0,0.0,Built-up
MY_N12312150904,0.1937134011145788,0.08278370179015918,0.6901037693023682,0.8192830085754395,42.0,30.0,0.0,0.0,Grassland
MY_N12304257938,0.5738732898159631,0.4365092712250441,0.6865118145942688,0.8172228336334229,27.0,50.0,0.0,0.0,Built-up
MY_N11475792788,0.19534775369334623,0.11327264901272231,0.6865118145942688,0.8172228336334229,31.0,50.0,0.0,0.0,Built-up
MY_N12309364294,0.4851711026615971,0.3430220132506946,0.6901037693023682,0.8192830085754395,32.0,30.0,0.0,0.0,Grassland
MY_N12040151716,0.36359272208104776,0.26524605592024925,0.6865118145942688,0.8172228336334229,30.0,50.0,0.0,0.0,Built-up
MY_N11479281286,0.15118628845146323,0.10266306445387881,0.37639620900154114,0.4196282625198364,33.0,50.0,0.0,0.0,Built-up
MY_N12309364295,0.4406251594583392,0.2942802388147711,0.6901037693023682,0.8192830085754395,32.0,30.0,0.0,0.0,Grassland
MY_N12309364296,0.5480062494719203,0.3471958584987057,0.6901037693023682,0.8192830085754395,32.0,30.0,0.0,0.0,Grassland
MY_N11815789148,0.3875429129180249,0.23606249466404852,0.6865118145942688,0.8172228336334229,31.0,50.0,0.0,0.0,Built-up
MY_N12309364297,0.5314731643076418,0.2500928144723075,0.6901037693023682,0.8192830085754395,32.0,30.0,0.0,0.0,Grassland
MY_N12135759497,0.541340095282004,0.3332366829591583,0.688101053237915,0.8217068910598755,29.0,30.0,0.0,0.0,Grassland
MY_N11808712034,0.6260663874670389,0.554854526444821,0.6865118145942688,0.8172228336334229,30.0,50.0,0.0,0.0,Built-up
MY_N12160448277,0.17079946496553144,0.13262854396924545,0.6901037693023682,0.8192830085754395,37.0,50.0,0.0,0.0,Built-up
MY_N12411576424,0.4084126337616174,0.3276986951364176,0.6865118145942688,0.8172228336334229,28.0,50.0,0.0,0.0,Built-up
MY_N12093626517,0.21556290760976238,0.1452861964729903,0.6901037693023682,0.8192830085754395,32.0,50.0,0.0,0.0,Built-up
MY_N12250265699,0.5112035152021007,0.35348063305343813,0.6901037693023682,0.8192830085754395,36.0,50.0,0.0,0.0,Built-up
MY_N11479281285,0.22140796756841036,0.1594681222430263,0.37639620900154114,0.4196282625198364,33.0,30.0,0.0,0.0,Grassland
MY_N12316486573,0.35230015618344446,0.27424177701836816,0.6865118145942688,0.8172228336334229,29.0,50.0,0.0,0.0,Built-up
MY_N11610007739,0.20174482006543082,0.13356164383561642,0.6865118145942688,0.8172228336334229,30.0,10.0,0.0,0.0,Tree cover
MY_N12240441026,0.3240775113222957,0.2461288795726553,0.37639620900154114,0.4196282625198364,31.0,60.0,0.0,0.0,Bare / sparse vegetation
MY_N11556619144,0.4079911601914922,0.24317834533944555,0.6901037693023682,0.8192830085754395,35.0,50.0,0.0,0.0,Built-up
MY_N12420165772,0.17665079162258945,0.11934326819370346,0.6865118145942688,0.8172228336334229,30.0,10.0,0.0,0.0,Tree cover
MY_N11584348427,0.008228703342915328,-0.08473011888060251,0.6865118145942688,0.8172228336334229,32.0,50.0,0.0,0.0,Built-up
MY_N11990327538,0.5028966287429328,0.44200599330160406,0.6901037693023682,0.8192830085754395,33.0,30.0,0.0,0.0,Grassland
MY_N11470209272,0.30511811023622043,0.15641722235943034,0.6901037693023682,0.8192830085754395,30.0,50.0,0.0,0.0,Built-up
MY_N12050962639,0.40881584915842767,0.24382605583392988,0.6865118145942688,0.8172228336334229,28.0,50.0,0.0,0.0,Built-up
MY_N12035797862,0.24340175953079177,0.17253948967193194,0.6865118145942688,0.8172228336334229,35.0,50.0,0.0,0.0,Built-up
MY_N12145362317,0.20435087891991666,0.1320422535211268,0.6865118145942688,0.8172228336334229,33.0,50.0,0.0,0.0,Built-up
MY_N12118515279,0.36881856801073515,0.3028733647907316,0.6901037693023682,0.8192830085754395,28.0,50.0,0.0,0.0,Built-up
MY_N12227780480,0.16825808843978862,0.13826588455661262,0.6865118145942688,0.8172228336334229,35.0,50.0,0.0,0.0,Built-up
MY_N12035797853,0.38717735220649463,0.3016259523996544,0.6865118145942688,0.8172228336334229,35.0,50.0,0.0,0.0,Built-up
MY_N6354464187,0.3721244925575101,0.1875662778366914,0.6901037693023682,0.8192830085754395,32.0,30.0,0.0,0.0,Grassland
MY_N12035797852,0.39053672316384186,0.3264415976920699,0.6865118145942688,0.8172228336334229,36.0,50.0,0.0,0.0,Built-up
MY_N12035797854,0.3555546571798188,0.2576844852066465,0.6865118145942688,0.8172228336334229,36.0,50.0,0.0,0.0,Built-up
MY_N11581896101,0.3129490001533171,0.24497854914196576,0.6865118145942688,0.8172228336334229,31.0,50.0,0.0,0.0,Built-up
MY_N12035797857,0.1482811867835469,0.11511830423516423,0.6865118145942688,0.8172228336334229,34.0,50.0,0.0,0.0,Built-up
MY_N12035797856,0.09085356955621732,0.052812193600142686,0.6865118145942688,0.8172228336334229,36.0,50.0,0.0,0.0,Built-up
MY_N12035797855,0.585924047339589,0.2845811015251258,0.6865118145942688,0.8172228336334229,36.0,50.0,0.0,0.0,Built-up
MY_N12128924931,0.3734169940147872,0.17825207993157607,0.37639620900154114,0.4196282625198364,30.0,10.0,0.0,0.0,Tree cover
MY_N11472433066,0.617197812558929,0.4148914060064429,0.6901037693023682,0.8192830085754395,34.0,30.0,0.0,0.0,Grassland
MY_N11608082001,0.2781274292140501,0.22472617398967643,0.6865118145942688,0.8172228336334229,35.0,50.0,0.0,0.0,Built-up
MY_N11476096501,0.26926865881690665,0.14896148317057456,0.6865118145942688,0.8172228336334229,32.0,50.0,0.0,0.0,Built-up
MY_N11659562128,0.35861968016979545,0.25472576256623225,0.6865118145942688,0.8172228336334229,33.0,30.0,0.0,0.0,Grassland
MY_N11659562129,0.34101020223375156,0.2659613819634534,0.6865118145942688,0.8172228336334229,33.0,30.0,0.0,0.0,Grassland
MY_N11659562130,0.3952235589872509,0.24525542237442924,0.6865118145942688,0.8172228336334229,33.0,30.0,0.0,0.0,Grassland
MY_N11659562131,0.46367094805830733,0.34365666334803013,0.6865118145942688,0.8172228336334229,33.0,30.0,0.0,0.0,Grassland
MY_N11659562132,0.3439551213198042,0.27692480527261837,0.6865118145942688,0.8172228336334229,33.0,30.0,0.0,0.0,Grassland
MY_N11659562133,0.2267932489451477,0.19264268880008206,0.6865118145942688,0.8172228336334229,33.0,30.0,0.0,0.0,Grassland
MY_N11659562141,0.38873945244850594,0.29113067027758976,0.6865118145942688,0.8172228336334229,33.0,30.0,0.0,0.0,Grassland
MY_N11659562142,0.5580357142857142,0.4400815273907076,0.6865118145942688,0.8172228336334229,33.0,30.0,0.0,0.0,Grassland
MY_N11875484227,0.275111352454814,0.16305120910384063,0.6901037693023682,0.8192830085754395,31.0,50.0,0.0,0.0,Built-up
MY_N12138116212,0.5260140497460193,0.36368376458319746,0.6901037693023682,0.8192830085754395,33.0,30.0,0.0,0.0,Grassland
MY_N11493783227,0.5387044147456463,0.3416203826148285,0.37639620900154114,0.4196282625198364,30.0,10.0,0.0,0.0,Tree cover
MY_N11875484226,0.46396881996848827,0.3115892336704955,0.6901037693023682,0.8192830085754395,32.0,10.0,0.0,0.0,Tree cover
MY_N12109825595,0.3261013153535197,0.18676442214933442,0.6901037693023682,0.8192830085754395,30.0,50.0,0.0,0.0,Built-up
MY_N12334436706,0.2076618661009343,0.14485713023892596,0.6901037693023682,0.8192830085754395,31.0,50.0,0.0,0.0,Built-up
MY_N11875484222,0.6176092998171484,0.5481540639634079,0.688101053237915,0.8217068910598755,27.0,10.0,0.0,0.0,Tree cover
MY_N12270341400,0.4374376414245429,0.2977276875342216,0.6901037693023682,0.8192830085754395,32.0,30.0,0.0,0.0,Grassland
MY_N12132195205,0.26695526695526695,0.17190480515941503,0.6901037693023682,0.8192830085754395,31.0,50.0,0.0,0.0,Built-up
MY_N12278677313,0.3673535440716366,0.26013714967203344,0.37639620900154114,0.4196282625198364,32.0,10.0,0.0,0.0,Tree cover
MY_N11991939583,0.3440608543007606,0.20997783567290118,0.6901037693023682,0.8192830085754395,29.0,50.0,0.0,0.0,Built-up
MY_N12258694524,0.4526141146001943,0.1319779194526512,0.6901037693023682,0.8192830085754395,31.0,50.0,0.0,0.0,Built-up
MY_N12227903176,0.6359552216821328,0.2805970149253731,0.6901037693023682,0.8192830085754395,31.0,50.0,0.0,0.0,Built-up
MY_N12258461026,0.5778547887569278,0.3438443475343842,0.6901037693023682,0.8192830085754395,25.0,50.0,0.0,0.0,Built-up
MY_N11463098096,0.12952522946466008,0.10112739095553772,0.6901037693023682,0.8192830085754395,30.0,50.0,0.0,0.0,Built-up
MY_N11609644622,0.5403895538166961,0.301794453507341,0.6865118145942688,0.8172228336334229,31.0,10.0,0.0,0.0,Tree cover
MY_N11875484225,0.3171384700185047,0.21800679501698744,0.6901037693023682,0.8192830085754395,30.0,30.0,0.0,0.0,Grassland
MY_N12258444889,0.564481668172659,0.3166107230336569,0.6901037693023682,0.8192830085754395,29.0,50.0,0.0,0.0,Built-up
MY_N11787027806,0.2817311134980308,0.17862341443127472,0.6901037693023682,0.8192830085754395,33.0,50.0,0.0,0.0,Built-up
MY_N11463098097,0.2796835751509017,0.20027434842249656,0.6901037693023682,0.8192830085754395,29.0,50.0,0.0,0.0,Built-up
MY_N11637810092,0.5380443648509533,0.4164992878793412,0.6901037693023682,0.8192830085754395,37.0,50.0,0.0,0.0,Built-up
MY_N11515263684,0.38448047392626084,0.2800838940837194,0.6901037693023682,0.8192830085754395,36.0,50.0,0.0,0.0,Built-up
MY_N11515263700,0.09914760903349748,0.05916554067886831,0.6901037693023682,0.8192830085754395,34.0,50.0,0.0,0.0,Built-up
MY_N11637810090,0.32755572565072233,0.25123382427233515,0.6901037693023682,0.8192830085754395,35.0,50.0,0.0,0.0,Built-up
MY_N12270101746,0.20592930444697832,0.18398508588929824,0.3744555711746216,0.4156239330768585,32.0,10.0,0.0,0.0,Tree cover
MY_N12118428198,0.3984346863775558,0.26315046897483335,0.6901037693023682,0.8192830085754395,30.0,50.0,0.0,0.0,Built-up
MY_N12097355159,0.49678981159877905,0.32568014970490866,0.6901037693023682,0.8192830085754395,29.0,50.0,0.0,0.0,Built-up
MY_N12000683989,0.5049769361495509,0.381,0.6865118145942688,0.8172228336334229,32.0,50.0,0.0,0.0,Built-up
MY_N12270101729,0.2212079780199724,0.1560364464692483,0.3744555711746216,0.4156239330768585,32.0,10.0,0.0,0.0,Tree cover
MY_N11998923957,0.5263447971781305,0.41164162069621457,0.6865118145942688,0.8172228336334229,35.0,50.0,0.0,0.0,Built-up
MY_N12118412113,0.3993988352432839,0.2438097048619362,0.6901037693023682,0.8192830085754395,34.0,50.0,0.0,0.0,Built-up
MY_N12131514589,0.3632806976628881,0.2824448278993734,0.6865118145942688,0.8172228336334229,30.0,30.0,0.0,0.0,Grassland
MY_N12131514594,0.35198147557722204,0.2320682901592698,0.6865118145942688,0.8172228336334229,30.0,30.0,0.0,0.0,Grassland
MY_N12131514586,0.20776534737237948,0.1667873521602703,0.6901037693023682,0.8192830085754395,31.0,30.0,0.0,0.0,Grassland
MY_N12131514588,0.32205736894164194,0.22827736359437886,0.6865118145942688,0.8172228336334229,30.0,30.0,0.0,0.0,Grassland
MY_N12131514585,0.3952497834247762,0.2879001883239172,0.6901037693023682,0.8192830085754395,31.0,30.0,0.0,0.0,Grassland
MY_N12131514587,0.30732941166751493,0.16702285820479468,0.6901037693023682,0.8192830085754395,31.0,30.0,0.0,0.0,Grassland
MY_N11875484223,0.28023303993681636,0.1606548148058884,0.688101053237915,0.8217068910598755,33.0,30.0,0.0,0.0,Grassland
MY_N11875484224,0.4747670807453416,0.29535631164801074,0.688101053237915,0.8217068910598755,35.0,30.0,0.0,0.0,Grassland
MY_N12135375724,0.3917346035382911,0.29182659742605555,0.688101053237915,0.8217068910598755,37.0,50.0,0.0,0.0,Built-up
MY_N12135375710,0.3192190460499217,0.21476982659977117,0.688101053237915,0.8217068910598755,34.0,50.0,0.0,0.0,Built-up
MY_N12135373696,0.5880537935229622,0.449891540130152,0.688101053237915,0.8217068910598755,38.0,30.0,0.0,0.0,Grassland
MY_N12135375711,0.5440245414790157,0.24183884672646064,0.688101053237915,0.8217068910598755,33.0,10.0,0.0,0.0,Tree cover
MY_N13335389686,0.28298563544561434,0.18041958041958042,0.3918134868144989,0.41286325454711914,33.0,10.0,0.0,0.0,Tree cover
MY_N2669688740,0.20942982948733604,0.17190148248499995,0.3930773437023163,0.41386932134628296,33.0,10.0,0.0,0.0,Tree cover
MY_N13335390186,0.6167160455325121,0.5235141084650791,0.38948437571525574,0.4068664610385895,30.0,10.0,0.0,0.0,Tree cover
MY_N11875484219,0.1159722585813204,0.09621418113365408,0.7295284271240234,0.8115862607955933,30.0,50.0,0.0,0.0,Built-up
MY_N11875484217,0.42907105107523985,0.3744390243902439,0.7295284271240234,0.8115862607955933,33.0,50.0,0.0,0.0,Built-up
MY_N11806207720,0.45300294531950325,0.37904007416459484,0.7295284271240234,0.8115862607955933,31.0,10.0,0.0,0.0,Tree cover
MY_N3458624509,0.2595659175546445,0.24071039461446475,0.7295284271240234,0.8115862607955933,35.0,10.0,0.0,0.0,Tree cover
MY_N11875484218,0.10580279232111695,0.05938914027149322,0.7295284271240234,0.8115862607955933,31.0,50.0,0.0,0.0,Built-up
MY_N3458624508,0.20088171685243725,0.1623900124383839,0.7295284271240234,0.8115862607955933,35.0,10.0,0.0,0.0,Tree cover
MY_N4798173661,0.25264513454151827,0.19841428743042486,0.3900657296180725,0.4089902341365814,35.0,10.0,0.0,0.0,Tree cover
MY_N4822914443,0.2784109410615434,0.22116934691149295,0.3552217185497284,0.41333726048469543,29.0,10.0,0.0,0.0,Tree cover
MY_N7033248825,0.5011697321716684,0.29931999528320424,0.509174644947052,0.5297800302505493,33.0,30.0,0.0,0.0,Grassland
MY_N11521176120,0.19717231934262464,0.1211334631191867,0.35119864344596863,0.4109942317008972,31.0,50.0,0.0,0.0,Built-up
MY_N3269166213,0.5888635191868601,0.49892379094639144,0.3871738016605377,0.4074785113334656,31.0,10.0,0.0,0.0,Tree cover
MY_N10125233295,0.23779629889926684,0.17897043654701078,0.36884066462516785,0.394069641828537,35.0,10.0,0.0,0.0,Tree cover
MY_N10125233294,0.1292530714123862,0.08684985973401986,0.36884066462516785,0.394069641828537,35.0,10.0,0.0,0.0,Tree cover
MY_N10251772774,0.3793261922437869,0.32660676762553437,0.36884066462516785,0.394069641828537,32.0,10.0,0.0,0.0,Tree cover
MY_N10137863759,0.5013397537959691,0.3979066649366376,0.36884066462516785,0.394069641828537,32.0,10.0,0.0,0.0,Tree cover
MY_N10263911645,0.6746142712472712,0.4916333855720137,0.36884066462516785,0.394069641828537,32.0,10.0,0.0,0.0,Tree cover
MY_N10264085957,0.3105769784638063,0.23432806305178183,0.36884066462516785,0.394069641828537,32.0,50.0,0.0,0.0,Built-up
MY_N10264190520,0.3702689879192671,0.29226537333960695,0.36884066462516785,0.394069641828537,34.0,10.0,0.0,0.0,Tree cover
MY_N10179178545,0.26414203046884227,0.21531605945614382,0.37261876463890076,0.40004628896713257,30.0,50.0,0.0,0.0,Built-up
MY_N12462362562,0.0046967925041776805,-0.025254203495713418,0.3600586950778961,0.3902600407600403,,80.0,61.0,81.0,Permanent water
MY_N12462421365,0.09687081024153935,0.044345585492218786,0.3600586950778961,0.3902600407600403,,80.0,54.0,69.0,Permanent water
MY_N12462360044,0.26435741620535513,0.1530160976472669,0.3600586950778961,0.3902600407600403,,80.0,71.0,100.0,Permanent water
MY_N12462366356,-0.036796764390003414,-0.06779661016949151,0.3600586950778961,0.3902600407600403,,50.0,44.0,69.0,Built-up
MY_N12462397948,0.012463176977113065,-0.021898972446638916,0.3600586950778961,0.3902600407600403,,50.0,39.0,60.0,Built-up
MY_N12462360043,0.11590415080391074,0.04468302045222818,0.3600586950778961,0.3902600407600403,,50.0,39.0,89.0,Built-up
MY_N12462360045,-0.010544407666887705,-0.04061927055522853,0.3600586950778961,0.3902600407600403,33.0,50.0,51.0,72.0,Built-up
MY_N12462362561,0.199222315040699,0.1459273507435082,0.3600586950778961,0.3902600407600403,30.0,80.0,18.0,71.0,Permanent water
MY_N12462366355,-0.014067575466134246,-0.035905143620574474,0.3600586950778961,0.3902600407600403,33.0,50.0,43.0,81.0,Built-up
MY_N12462397947,-0.009544561434178638,-0.045459983447642946,0.3600586950778961,0.3902600407600403,36.0,50.0,41.0,78.0,Built-up
MY_N12462445716,0.13603426006388006,0.06715300780325495,0.3600586950778961,0.3902600407600403,33.0,50.0,39.0,54.0,Built-up
MY_N12462366354,-0.02300453776872047,-0.05788934426229505,0.3600586950778961,0.3902600407600403,33.0,50.0,42.0,84.0,Built-up
MY_N12462397946,-0.02088156448809496,-0.06400204223040737,0.3600586950778961,0.3902600407600403,36.0,50.0,43.0,84.0,Built-up
MY_N12462445717,0.013075708934726227,-0.026823616237534192,0.3600586950778961,0.3902600407600403,33.0,50.0,41.0,69.0,Built-up
MY_N12462362564,-0.031714408251308036,-0.06434384537131228,0.3600586950778961,0.3902600407600403,33.0,50.0,45.0,90.0,Built-up
MY_N12462388214,0.21651194211592234,0.10837338438531641,0.3600586950778961,0.3902600407600403,36.0,50.0,34.0,100.0,Built-up
MY_N12462362563,0.20648127042018083,0.14585982496821007,0.3600586950778961,0.3902600407600403,36.0,50.0,5.0,77.0,Built-up
MY_N13759043085,0.2616931308249914,0.18908762249072403,0.3601561486721039,0.3881963789463043,35.0,10.0,0.0,0.0,Tree cover
MY_W1496819391,0.3283437482593416,0.2495916780388433,0.38428154587745667,0.40358471870422363,34.0,10.0,0.0,0.0,Tree cover
MY_W1183622030,0.6242854677098266,0.48782438322204014,0.3841628432273865,0.4031219482421875,35.0,10.0,0.0,0.0,Tree cover
MY_N5202494203,0.347161486883941,0.2538406818456157,0.33878204226493835,0.37269383668899536,34.0,10.0,0.0,0.0,Tree cover
MY_N13719964947,0.08783686889244656,0.03402618536874028,0.34751445055007935,0.38112643361091614,37.0,10.0,0.0,0.0,Tree cover
MY_N13719053843,0.4275215018320129,0.27055436962287344,0.35926589369773865,0.3900994658470154,30.0,10.0,0.0,0.0,Tree cover
MY_N5115603531,0.43344082571834813,0.3195973319147195,0.3569495975971222,0.38366246223449707,37.0,10.0,0.0,0.0,Tree cover
MY_N5159160718,0.25887244468643267,0.2090909090909091,0.3693714439868927,0.3931010365486145,38.0,10.0,0.0,0.0,Tree cover
MY_N5188734187,0.5033033234046758,0.3973641379857886,0.3755430579185486,0.39817577600479126,31.0,30.0,0.0,0.0,Grassland
MY_N1662637919,0.6681423875027274,0.5789713404806951,0.3795052766799927,0.3992619514465332,32.0,30.0,0.0,0.0,Grassland
MY_N1662564012,0.37923614711796416,0.22711931705380187,0.3773670494556427,0.39877772331237793,25.0,10.0,0.0,0.0,Tree cover
MY_N9935128396,0.3229534572690236,0.22053714563383991,0.3718816339969635,0.39398494362831116,33.0,10.0,0.0,0.0,Tree cover
MY_N1648142937,0.2708074623165808,0.19959503961002004,0.28570976853370667,0.3543444871902466,33.0,10.0,0.0,0.0,Tree cover
MY_N1648142940,0.4436593681961961,0.40695580593713027,0.28570976853370667,0.3543444871902466,32.0,10.0,0.0,0.0,Tree cover
MY_N1648142939,0.3049590823249632,0.23610523346029055,0.28570976853370667,0.3543444871902466,32.0,10.0,0.0,0.0,Tree cover
MY_N13531662855,0.2132562405430308,0.18058046632969185,0.30264878273010254,0.401090532541275,29.0,10.0,0.0,0.0,Tree cover
MY_N4824910112,0.2695130605397714,0.2428038265196688,0.3458990156650543,0.3993954062461853,28.0,10.0,0.0,0.0,Tree cover
MY_N13809732758,0.4815564754497307,0.2936835850166959,0.3427247107028961,0.3659957945346832,33.0,10.0,0.0,0.0,Tree cover
MY_N4405530070,0.4319942428988697,0.3609172482552343,0.35643839836120605,0.38319292664527893,36.0,10.0,0.0,0.0,Tree cover
MY_N6727065189,0.37670146991403586,0.304326767839845,0.32980918884277344,0.36010950803756714,39.0,10.0,0.0,0.0,Tree cover
MY_N13809732305,0.5145518884957031,0.40559349310599796,0.32980918884277344,0.36010950803756714,37.0,10.0,0.0,0.0,Tree cover
MY_N13771359079,0.2919704942800464,0.24143370432039252,0.3457309305667877,0.3802691698074341,,10.0,0.0,0.0,Tree cover
MY_N9983597281,0.48625059755415145,0.38848809845299176,0.3457309305667877,0.3802691698074341,29.0,10.0,0.0,0.0,Tree cover
MY_N9983597288,0.31533333333333335,0.26358148893360167,0.3457309305667877,0.3802691698074341,33.0,10.0,0.0,0.0,Tree cover
MY_N9919057003,0.4142044017176243,0.34913557397047074,0.3420459032058716,0.3765791654586792,33.0,10.0,0.0,0.0,Tree cover
MY_N1988043288,0.176330321685173,0.12313742337173274,0.3420459032058716,0.3765791654586792,34.0,10.0,0.0,0.0,Tree cover
MY_N9919057004,0.33001277358734504,0.26134081017743555,0.3420459032058716,0.3765791654586792,34.0,10.0,0.0,0.0,Tree cover
MY_N9919057005,0.2252161646232817,0.16277837565423992,0.3420459032058716,0.3765791654586792,33.0,10.0,0.0,0.0,Tree cover
MY_N1988043289,0.17043802530614555,0.12588704420525254,0.3420459032058716,0.3765791654586792,34.0,10.0,0.0,0.0,Tree cover
MY_N9968171086,0.5894596782274417,0.5010272512307633,0.4684908390045166,0.5024592876434326,33.0,10.0,0.0,0.0,Tree cover
MY_N13807032941,0.4688014036626823,0.34352585881464703,0.2845158576965332,0.3378596603870392,35.0,10.0,0.0,0.0,Tree cover
MY_N7852427612,0.29635671560630783,0.26091658780586724,0.29054588079452515,0.3475586175918579,31.0,10.0,0.0,0.0,Tree cover
MY_N1663990392,0.37060546875,0.2872979214780601,0.2639859616756439,0.29932141304016113,33.0,10.0,0.0,0.0,Tree cover
MY_N7853152961,0.343998673740053,0.25731275414280097,0.29054588079452515,0.3475586175918579,29.0,50.0,0.0,0.0,Built-up
MY_N11950354037,0.17050281137494439,0.11669929227525973,0.1748395711183548,0.2554789185523987,24.0,50.0,0.0,0.0,Built-up
MY_N8267445980,0.24938524599072243,0.18033545715087673,0.1802958995103836,0.2641217112541199,27.0,30.0,0.0,0.0,Grassland
MY_N1662840937,0.3613813749599059,0.289573623338512,,,,30.0,0.0,0.0,Grassland
