tower_id,evi_median_recent,evi_median_baseline,evi_delta_per_year,land_cover_changed,window_recent,window_baseline
MY_W1315123577,0.49012693935119894,0.48154132227826274,0.004292808536468101,,2025-09-12/2026-09-12,2023-09-13/2024-09-12
MY_N9455370923,0.32169636378295574,0.31707548440101274,0.0023104396909714997,,2025-09-12/2026-09-12,2023-09-13/2024-09-12
MY_N13326193730,0.33613064186890446,0.3660054947254981,-0.014937426428296818,,2025-09-12/2026-09-12,2023-09-13/2024-09-12
MY_W1321815854,0.30352018018672583,0.34149667863772265,-0.01898824922549841,,2025-09-12/2026-09-12,2023-09-13/2024-09-12
MY_N10722696333,0.5646284101599248,0.46078873986031416,0.05191983514980533,,2025-09-12/2026-09-12,2023-09-13/2024-09-12
MY_W1316153148,0.23527687177044015,0.22036838802554348,0.007454241872448336,,2025-09-12/2026-09-12,2023-09-13/2024-09-12
MY_W1316153129,0.19750391300766135,0.19895742832319718,-0.000726757657767918,,2025-09-12/2026-09-12,2023-09-13/2024-09-12
MY_W1316153146,0.3285075901172213,0.3422871001693132,-0.006889755026045941,,2025-09-12/2026-09-12,2023-09-13/2024-09-12
MY_W1317650252,0.17184074676472666,0.2637834741084758,-0.04597136367187457,,2025-09-12/2026-09-12,2023-09-13/2024-09-12
MY_N4541585270,0.3356382064937296,0.39234021792161333,-0.028351005713941863,,2025-09-12/2026-09-12,2023-09-13/2024-09-12
MY_N10736133691,0.603272370012092,0.5943997182488898,0.004436325881601089,,2025-09-12/2026-09-12,2023-09-13/2024-09-12
MY_N11691138451,0.11584362455354558,0.12255217126035071,-0.003354273353402569,,2025-09-12/2026-09-12,2023-09-13/2024-09-12
MY_N11302586992,0.1144309950750581,0.1360279828993393,-0.010798493912140592,,2025-09-12/2026-09-12,2023-09-13/2024-09-12
MY_N13961444689,0.14068409459290973,0.1516169676606468,-0.005466436533868538,,2025-09-12/2026-09-12,2023-09-13/2024-09-12
MY_N6828231262,0.05984766050054412,0.052278071589910546,0.0037847944553167853,,2025-09-12/2026-09-12,2023-09-13/2024-09-12
MY_N11302586991,0.27971444014465463,0.22321962794164407,0.02824740610150528,,2025-09-12/2026-09-12,2023-09-13/2024-09-12
MY_N13961263910,0.14632750957179952,0.15761757469003712,-0.005645032559118801,,2025-09-12/2026-09-12,2023-09-13/2024-09-12
MY_N13979312124,0.44472583553969536,0.49564048362313606,-0.025457324041720353,,2025-09-12/2026-09-12,2023-09-13/2024-09-12
MY_N13967382742,0.11987507029835295,0.14030352228382686,-0.010214225992736956,,2025-09-12/2026-09-12,2023-09-13/2024-09-12
MY_N13967382741,0.1416021010921164,0.1049677403690519,0.01831718036153225,,2025-09-12/2026-09-12,2023-09-13/2024-09-12
MY_N7016316628,0.4431620471858446,0.4184434303574698,0.01235930841418742,,2025-09-12/2026-09-12,2023-09-13/2024-09-12
MY_N7041239295,0.40968987128024964,0.33484413019999515,0.037422870540127245,,2025-09-12/2026-09-12,2023-09-13/2024-09-12
MY_N1656847453,0.43055902553241576,0.3653490697854771,0.03260497787346933,,2025-09-12/2026-09-12,2023-09-13/2024-09-12
MY_N9134432003,0.29194575065427675,0.3271356154741601,-0.01759493240994167,,2025-09-12/2026-09-12,2023-09-13/2024-09-12
MY_N6192657329,0.42114017843641316,0.3392518664655139,0.04094415598544962,,2025-09-12/2026-09-12,2023-09-13/2024-09-12
MY_N9150548693,0.4496304375817115,0.3723127175873533,0.03865885999717911,,2025-09-12/2026-09-12,2023-09-13/2024-09-12
MY_N9116081582,0.2650038971161341,0.14117835799943845,0.06191276955834782,,2025-09-12/2026-09-12,2023-09-13/2024-09-12
MY_N3341958144,0.1358641065298074,0.11952682165448122,0.00816864243766309,,2025-09-12/2026-09-12,2023-09-13/2024-09-12
MY_N5242116831,0.20103723950532,0.35817910915934753,-0.07857093482701377,,2025-09-12/2026-09-12,2023-09-13/2024-09-12
MY_N6154919249,0.1477511559478773,0.15706046889947706,-0.004654656475799879,,2025-09-12/2026-09-12,2023-09-13/2024-09-12
MY_N3341958135,0.24244521337946942,0.21266389510713146,0.01489065913616898,,2025-09-12/2026-09-12,2023-09-13/2024-09-12
MY_N10591046691,0.026403149586563417,0.022351975184745927,0.002025587200908745,,2025-09-12/2026-09-12,2023-09-13/2024-09-12
MY_N7568527411,0.2563174389186118,0.3022716736207696,-0.022977117351078907,,2025-09-12/2026-09-12,2023-09-13/2024-09-12
MY_N4859059453,0.18769178848492166,0.17026123196184784,0.00871527826153691,,2025-09-12/2026-09-12,2023-09-13/2024-09-12
MY_N8811444133,0.36367978881340646,0.440520847226877,-0.03842052920673528,,2025-09-12/2026-09-12,2023-09-13/2024-09-12
MY_N7568524744,0.28631488815530565,0.35930093856923123,-0.03649302520696279,,2025-09-12/2026-09-12,2023-09-13/2024-09-12
MY_N6157011103,0.35751398880895285,0.4159939067166185,-0.02923995895383283,,2025-09-12/2026-09-12,2023-09-13/2024-09-12
MY_N6418052180,0.12055141525977844,0.19268360916976313,-0.03606609695499234,,2025-09-12/2026-09-12,2023-09-13/2024-09-12
MY_N9035698652,0.5547245360846822,0.5814208702770678,-0.013348167096192798,,2025-09-12/2026-09-12,2023-09-13/2024-09-12
MY_N8356509387,0.34254098731146165,0.42591444513329196,-0.041686728910915155,,2025-09-12/2026-09-12,2023-09-13/2024-09-12
MY_N6406328430,0.09731270543301324,0.07681874518047702,0.01024698012626811,,2025-09-12/2026-09-12,2023-09-13/2024-09-12
MY_N4775194882,0.31496062992125984,0.3828519027968822,-0.03394563643781118,,2025-09-12/2026-09-12,2023-09-13/2024-09-12
MY_N4775194881,0.31390771478430257,0.30404151120351586,0.004933101790393357,,2025-09-12/2026-09-12,2023-09-13/2024-09-12
MY_N7574291535,0.3003559235853854,0.3850076559562743,-0.042325866185444455,,2025-09-12/2026-09-12,2023-09-13/2024-09-12
MY_N6039478983,0.3337815391916476,0.37840984697272123,-0.022314153890536814,,2025-09-12/2026-09-12,2023-09-13/2024-09-12
MY_N13404129716,0.3713666193640628,0.3529608535876604,0.009202882888201203,,2025-09-12/2026-09-12,2023-09-13/2024-09-12
MY_W1085859464,0.12625440738396,0.1117004178720668,0.007276994755946592,,2025-09-12/2026-09-12,2023-09-13/2024-09-12
MY_N3365342814,0.24953789279112754,0.23950257158209878,0.005017660604514376,,2025-09-12/2026-09-12,2023-09-13/2024-09-12
MY_N9037393722,0.2801030968567429,0.23105207385338195,0.024525511501680475,,2025-09-12/2026-09-12,2023-09-13/2024-09-12
MY_N2526527663,0.2787147917018048,0.2511242347238716,0.013795278488966611,,2025-09-12/2026-09-12,2023-09-13/2024-09-12
MY_N2526527678,0.21354733405875953,0.235288865077239,-0.010870765509239738,,2025-09-12/2026-09-12,2023-09-13/2024-09-12
MY_W1311505864,0.30514620180061724,0.28113382899628253,0.012006186402167357,,2025-09-12/2026-09-12,2023-09-13/2024-09-12
MY_N4955138177,0.3420263289451758,0.30411078665259494,0.018957771146290436,,2025-09-12/2026-09-12,2023-09-13/2024-09-12
MY_N5395408067,0.2466505896967628,0.2897250751222138,-0.0215372427127255,,2025-09-12/2026-09-12,2023-09-13/2024-09-12
MY_W390112561,0.4699049830198275,0.4875932273851902,-0.008844122182681324,,2025-09-12/2026-09-12,2023-09-13/2024-09-12
MY_N2888308600,0.32261611541168195,0.2771434280585142,0.022736343676583864,,2025-09-12/2026-09-12,2023-09-13/2024-09-12
MY_N4195769900,0.38821794411893673,0.44570131061304546,-0.028741683247054367,,2025-09-12/2026-09-12,2023-09-13/2024-09-12
MY_N4625586068,0.4189448795625831,0.30992180213788656,0.05451153871234826,,2025-09-12/2026-09-12,2023-09-13/2024-09-12
MY_N4625586066,0.45599812923844407,0.4728801228679977,-0.008440996814776808,,2025-09-12/2026-09-12,2023-09-13/2024-09-12
MY_W1311793313,0.13085296615701342,0.14668984164523508,-0.007918437744110829,,2025-09-12/2026-09-12,2023-09-13/2024-09-12
MY_N4625627407,0.23948113852602176,0.15895278167367927,0.04026417842617125,,2025-09-12/2026-09-12,2023-09-13/2024-09-12
MY_W1311793315,0.2713127172251234,0.3331314734817955,-0.03090937812833605,,2025-09-12/2026-09-12,2023-09-13/2024-09-12
MY_W1311793314,0.34701938285788875,0.3566663126814994,-0.004823464911805325,,2025-09-12/2026-09-12,2023-09-13/2024-09-12
MY_N4567112599,0.2622150948546472,0.31938742029560774,-0.028586162720480257,,2025-09-12/2026-09-12,2023-09-13/2024-09-12
MY_N4625637084,0.15516566349198885,0.16774249326841867,-0.0062884148882149105,,2025-09-12/2026-09-12,2023-09-13/2024-09-12
MY_W1311840962,0.27186571359730144,0.26335615986840744,0.004254776864447002,,2025-09-12/2026-09-12,2023-09-13/2024-09-12
MY_W1311840972,0.1884557317035085,0.2017508043061157,-0.006647536301303603,,2025-09-12/2026-09-12,2023-09-13/2024-09-12
MY_N3604853933,0.17008410930172724,0.17775520568816655,-0.0038355481932196567,,2025-09-12/2026-09-12,2023-09-13/2024-09-12
MY_N4955138206,0.25071168157281576,0.27062865809358416,-0.009958488260384202,,2025-09-12/2026-09-12,2023-09-13/2024-09-12
MY_N4760131971,0.25520632481399774,0.1523082203535267,0.05144905223023552,,2025-09-12/2026-09-12,2023-09-13/2024-09-12
MY_N4573203388,0.23239915121216745,0.20458749651569974,0.013905827348233854,,2025-09-12/2026-09-12,2023-09-13/2024-09-12
MY_N5952916379,0.19561430371666802,0.23308229288910817,-0.018733994586220076,,2025-09-12/2026-09-12,2023-09-13/2024-09-12
MY_N4612165249,0.19831753195796686,0.20203494428050234,-0.001858706161267737,,2025-09-12/2026-09-12,2023-09-13/2024-09-12
MY_N8825706826,0.5648932136989764,0.5226940492744323,0.02109958221227204,,2025-09-12/2026-09-12,2023-09-13/2024-09-12
MY_W879207161,0.430008910970036,0.3695871228484169,0.030210894060809568,,2025-09-12/2026-09-12,2023-09-13/2024-09-12
MY_N5646827136,0.18808057109114473,0.4081503458800918,-0.11003488739447354,,2025-09-12/2026-09-12,2023-09-13/2024-09-12
MY_N4560309077,0.49661369478083983,0.48057933832268696,0.008017178229076438,,2025-09-12/2026-09-12,2023-09-13/2024-09-12
MY_N4758418627,0.3614063777596075,0.3768941221889779,-0.007743872214685199,,2025-09-12/2026-09-12,2023-09-13/2024-09-12
MY_N5931380383,0.19090519090519092,0.17393825192056817,0.00848346949231138,,2025-09-12/2026-09-12,2023-09-13/2024-09-12
MY_N4560309078,0.1747750146551424,0.1447046267813422,0.015035193936900101,,2025-09-12/2026-09-12,2023-09-13/2024-09-12
MY_N5931380384,0.3508771929824562,0.37037037037037035,-0.009746588693957087,,2025-09-12/2026-09-12,2023-09-13/2024-09-12
MY_N14135289964,0.022789222038518256,0.03304178814382896,-0.005126283052655351,,2025-09-12/2026-09-12,2023-09-13/2024-09-12
MY_N12434275222,0.25355321806886943,0.2723718119612549,-0.009409296946192719,,2025-09-12/2026-09-12,2023-09-13/2024-09-12
MY_N12434275187,0.3753764198300633,0.3659627266460894,0.004706846591986946,,2025-09-12/2026-09-12,2023-09-13/2024-09-12
MY_N4952889109,0.34079646815028375,0.3602027983021538,-0.009703165075935022,,2025-09-12/2026-09-12,2023-09-13/2024-09-12
MY_N7049747274,0.34472876151484144,0.3997752498109826,-0.027523244148070586,,2025-09-12/2026-09-12,2023-09-13/2024-09-12
MY_N4218038791,0.0780045631127829,0.13086669580330623,-0.02643106634526167,,2025-09-12/2026-09-12,2023-09-13/2024-09-12
MY_N7003374699,0.2688529175261336,0.2695960413976721,-0.0003715619357692601,,2025-09-12/2026-09-12,2023-09-13/2024-09-12
MY_N12397225227,0.44034312640996465,0.429675735367935,0.005333695521014814,,2025-09-12/2026-09-12,2023-09-13/2024-09-12
MY_N12397225226,0.2407329202683675,0.2848547139654646,-0.022060896848548533,,2025-09-12/2026-09-12,2023-09-13/2024-09-12
MY_N12397225225,0.4311085001581636,0.4800738999648947,-0.024482699903365546,,2025-09-12/2026-09-12,2023-09-13/2024-09-12
MY_N12397225228,0.06821776957553391,0.08616522666660822,-0.008973728545537157,,2025-09-12/2026-09-12,2023-09-13/2024-09-12
MY_N12397225224,0.5050625847086023,0.4881923757539302,0.008435104477336058,,2025-09-12/2026-09-12,2023-09-13/2024-09-12
MY_N12397225229,0.10654905940207633,0.09700069084748003,0.0047741842772981505,,2025-09-12/2026-09-12,2023-09-13/2024-09-12
MY_N12432739231,0.19717986931101683,0.2036690326451301,-0.0032445816670566285,,2025-09-12/2026-09-12,2023-09-13/2024-09-12
MY_N12397225230,0.4131352841246282,0.3871773522064947,0.012978965959066752,,2025-09-12/2026-09-12,2023-09-13/2024-09-12
MY_N12397225231,0.1888379648430702,0.17715699072955512,0.0058404870567575345,,2025-09-12/2026-09-12,2023-09-13/2024-09-12
MY_N12397225232,0.07121902944191143,0.11115855715240965,-0.01996976385524911,,2025-09-12/2026-09-12,2023-09-13/2024-09-12
MY_N12432739232,0.4145283581101214,0.6217077607172781,-0.10358970130357834,,2025-09-12/2026-09-12,2023-09-13/2024-09-12
MY_N12397225233,0.03344560937425875,0.04572498898193038,-0.006139689803835814,,2025-09-12/2026-09-12,2023-09-13/2024-09-12
MY_N12432739233,0.32897995303544625,0.3190185820620603,0.004980685486692976,,2025-09-12/2026-09-12,2023-09-13/2024-09-12
MY_N506433555,0.4544876956287849,0.47376208085354493,-0.009637192612380024,,2025-09-12/2026-09-12,2023-09-13/2024-09-12
MY_N12432739234,0.2640226195934587,0.2730879950206177,-0.0045326877135795085,,2025-09-12/2026-09-12,2023-09-13/2024-09-12
MY_N12717488852,0.2617533499886442,0.3215684035029066,-0.02990752675713121,,2025-09-12/2026-09-12,2023-09-13/2024-09-12
MY_N6795232571,0.22750273246164435,0.2070195818121473,0.010241575324748523,,2025-09-12/2026-09-12,2023-09-13/2024-09-12
MY_W1312400607,0.36490381710806097,0.3689838794506744,-0.0020400311713067165,,2025-09-12/2026-09-12,2023-09-13/2024-09-12
MY_W1312400606,0.43796263658794493,0.45743686600018185,-0.00973711470611846,,2025-09-12/2026-09-12,2023-09-13/2024-09-12
MY_W1312400608,0.3056603773584906,0.3286624318362076,-0.011501027238858486,,2025-09-12/2026-09-12,2023-09-13/2024-09-12
MY_W1312840745,0.23445840519011246,0.21000587429018988,0.01222626544996129,,2025-09-12/2026-09-12,2023-09-13/2024-09-12
MY_W1312840761,0.3037847261426628,0.4212482730137127,-0.058731773435524964,,2025-09-12/2026-09-12,2023-09-13/2024-09-12
MY_N5392512623,0.04566908487020366,0.04585424754037861,-9.258133508747643e-05,,2025-09-12/2026-09-12,2023-09-13/2024-09-12
MY_N11399381206,0.2005751592702642,0.3642250056005058,-0.0818249231651208,,2025-09-12/2026-09-12,2023-09-13/2024-09-12
MY_W1274670480,0.37950060125910734,0.3975202005986167,-0.009009799669754681,,2025-09-12/2026-09-12,2023-09-13/2024-09-12
MY_N12441857996,0.2257123649873012,0.29434220043397896,-0.034314917723338875,,2025-09-12/2026-09-12,2023-09-13/2024-09-12
MY_N3720185425,0.31743060893941155,0.36336547614120773,-0.02296743360089809,,2025-09-12/2026-09-12,2023-09-13/2024-09-12
MY_N3234716501,0.26158072168810087,0.27285240061533483,-0.005635839463616982,,2025-09-12/2026-09-12,2023-09-13/2024-09-12
MY_N7567968606,0.10290506854274943,0.11469799278512627,-0.0058964621211884186,,2025-09-12/2026-09-12,2023-09-13/2024-09-12
MY_W1165977860,0.1127879906879666,0.11651667948027025,-0.0018643443961518236,,2025-09-12/2026-09-12,2023-09-13/2024-09-12
MY_N8090717866,0.12036149996975651,0.11085188975063809,0.00475480510955921,,2025-09-12/2026-09-12,2023-09-13/2024-09-12
MY_N8091057340,0.2588969823100937,0.22070015220700154,0.019098415051546094,,2025-09-12/2026-09-12,2023-09-13/2024-09-12
MY_N8091061663,0.4193465483344123,0.5015913943837879,-0.04112242302468777,,2025-09-12/2026-09-12,2023-09-13/2024-09-12
MY_N7594127522,0.23590640978667182,0.21087120893892294,0.01251760042387444,,2025-09-12/2026-09-12,2023-09-13/2024-09-12
MY_W1254490022,0.3021464196651229,0.27902473373822734,0.011560842963447782,,2025-09-12/2026-09-12,2023-09-13/2024-09-12
MY_W1254490023,0.1656278537544828,0.16312025543963002,0.0012537991574263913,,2025-09-12/2026-09-12,2023-09-13/2024-09-12
MY_W1254490021,0.49518889527068644,0.5428604570235472,-0.0238357808764304,,2025-09-12/2026-09-12,2023-09-13/2024-09-12
MY_N12497506008,0.3178684150018693,0.334228644926988,-0.008180114962559354,,2025-09-12/2026-09-12,2023-09-13/2024-09-12
MY_N12968711538,0.6103277439024389,0.4872329338196978,0.06154740504137057,,2025-09-12/2026-09-12,2023-09-13/2024-09-12
MY_N12458638891,0.4882330577991614,0.5357681290517111,-0.02376753562627487,,2025-09-12/2026-09-12,2023-09-13/2024-09-12
MY_N4928415626,0.33561307773691074,0.36136911390840043,-0.012878018085744847,,2025-09-12/2026-09-12,2023-09-13/2024-09-12
MY_N11766381937,0.2582504520795661,0.21612157457183784,0.02106443875386413,,2025-09-12/2026-09-12,2023-09-13/2024-09-12
MY_N1727292934,0.24815183087631315,0.30090871540685665,-0.02637844226527175,,2025-09-12/2026-09-12,2023-09-13/2024-09-12
MY_N3782301332,0.5201888091380353,0.494325662786147,0.012931573175944178,,2025-09-12/2026-09-12,2023-09-13/2024-09-12
MY_N6130994429,0.265888470421086,0.29450679806551694,-0.014309163822215476,,2025-09-12/2026-09-12,2023-09-13/2024-09-12
MY_W1122921707,0.11201923076923075,0.16347092516899892,-0.025725847199884085,,2025-09-12/2026-09-12,2023-09-13/2024-09-12
MY_W1255218612,0.22562480715828448,0.24326114054222503,-0.008818166691970275,,2025-09-12/2026-09-12,2023-09-13/2024-09-12
MY_W1255218611,0.23169674416871983,0.21332220380488975,0.009187270181915036,,2025-09-12/2026-09-12,2023-09-13/2024-09-12
MY_W1122921706,0.22805342946680127,0.23568121785071672,-0.0038138941919577257,,2025-09-12/2026-09-12,2023-09-13/2024-09-12
MY_W1255218623,0.2693390439025763,0.27876318355271157,-0.0047120698250676385,,2025-09-12/2026-09-12,2023-09-13/2024-09-12
MY_W1122921708,0.23571333716966933,0.2293999300209937,0.0031567035743378102,,2025-09-12/2026-09-12,2023-09-13/2024-09-12
MY_W1255218617,0.33100542641614616,0.33112860013395856,-6.158685890619853e-05,,2025-09-12/2026-09-12,2023-09-13/2024-09-12
MY_W1255218618,0.39564116476758904,0.3771493212669683,0.00924592175031036,,2025-09-12/2026-09-12,2023-09-13/2024-09-12
MY_W1255218619,0.4830384281372123,0.5032325328086568,-0.010097052335722223,,2025-09-12/2026-09-12,2023-09-13/2024-09-12
MY_N8085760113,0.06752053459557288,0.18356348939036715,-0.05802147739739714,,2025-09-12/2026-09-12,2023-09-13/2024-09-12
MY_N8095997576,0.050740099866413646,0.060387703492585876,-0.004823801813086115,,2025-09-12/2026-09-12,2023-09-13/2024-09-12
MY_N8106032860,0.12968110053765158,0.12479754458625646,0.0024417779756975636,,2025-09-12/2026-09-12,2023-09-13/2024-09-12
MY_N7417373280,0.03475935828877007,0.039452708740240844,-0.002346675225735388,,2025-09-12/2026-09-12,2023-09-13/2024-09-12
MY_N8263445806,0.5380552494585249,0.5738240418118467,-0.017884396176660877,,2025-09-12/2026-09-12,2023-09-13/2024-09-12
MY_N8263445804,0.5673646152012397,0.5579250720461095,0.004719771577565091,,2025-09-12/2026-09-12,2023-09-13/2024-09-12
MY_N8263445805,0.5461104589712192,0.5666337971586136,-0.01026166909369719,,2025-09-12/2026-09-12,2023-09-13/2024-09-12
MY_N8263445803,0.509539428096272,0.503112386687417,0.003213520704427486,,2025-09-12/2026-09-12,2023-09-13/2024-09-12
MY_N8099999650,0.3259952302329848,0.5118891667659086,-0.09294696826646187,,2025-09-12/2026-09-12,2023-09-13/2024-09-12
MY_N7923607620,0.1977621182863924,0.1703166174314487,0.013722750427471841,,2025-09-12/2026-09-12,2023-09-13/2024-09-12
MY_N11221657074,0.3562259461524123,0.3759080172913231,-0.009841035569455397,,2025-09-12/2026-09-12,2023-09-13/2024-09-12
MY_N8066614434,0.30700584975730105,0.2871470766138867,0.009929386571707166,,2025-09-12/2026-09-12,2023-09-13/2024-09-12
MY_N8068563589,0.4310705251365811,0.40613568340538747,0.012467420865596823,,2025-09-12/2026-09-12,2023-09-13/2024-09-12
MY_N5380592531,0.35929029078363733,0.3371177965407001,0.011086247121468606,,2025-09-12/2026-09-12,2023-09-13/2024-09-12
MY_N2419619291,0.1558051858121105,0.16936479251180564,-0.0067798033498475685,,2025-09-12/2026-09-12,2023-09-13/2024-09-12
MY_N9938117617,0.053840976829151045,0.048634105960264934,0.0026034354344430556,,2025-09-12/2026-09-12,2023-09-13/2024-09-12
MY_W1144244595,0.35630877965230023,0.3191959660036803,0.01855640682430998,,2025-09-12/2026-09-12,2023-09-13/2024-09-12
MY_N8221431663,0.5407232719118416,0.5477306452635023,-0.0035036866758303975,,2025-09-12/2026-09-12,2023-09-13/2024-09-12
MY_N11738300326,0.3832570832330043,0.3102796674225246,0.03648870790523984,,2025-09-12/2026-09-12,2023-09-13/2024-09-12
MY_W1259361634,0.4202227087486258,0.4175700087373254,0.0013263500056501787,,2025-09-12/2026-09-12,2023-09-13/2024-09-12
MY_N14031280271,0.24336706286305754,0.24643066692743987,-0.0015318020321911652,,2025-09-12/2026-09-12,2023-09-13/2024-09-12
MY_N12603668089,0.3900001038106997,0.40361520366472703,-0.006807549927013656,,2025-09-12/2026-09-12,2023-09-13/2024-09-12
MY_N5230359448,0.5315562524500196,0.4650202491534989,0.033268001648260354,,2025-09-12/2026-09-12,2023-09-13/2024-09-12
MY_N8513142479,0.23164369695554,0.3027203927183472,-0.035538347881403615,,2025-09-12/2026-09-12,2023-09-13/2024-09-12
MY_N13331200729,0.6841922795352711,0.649376433787707,0.01740792287378201,,2025-09-12/2026-09-12,2023-09-13/2024-09-12
MY_N12988846941,0.37726860254083494,0.29067086759394456,0.04329886747344519,,2025-09-12/2026-09-12,2023-09-13/2024-09-12
MY_N11361040488,0.3340393307883087,0.2689516244829135,0.032543853152697616,,2025-09-12/2026-09-12,2023-09-13/2024-09-12
MY_N4282405794,0.35074342356080823,0.2878837044238125,0.031429859568497864,,2025-09-12/2026-09-12,2023-09-13/2024-09-12
MY_N1989261313,0.5727580372250425,0.5112880352944629,0.030735000965289805,,2025-09-12/2026-09-12,2023-09-13/2024-09-12
MY_N4688736584,0.37860802199175314,0.3231420988122715,0.027732961589740812,,2025-09-12/2026-09-12,2023-09-13/2024-09-12
MY_N10230275358,0.313130333984483,0.3577294395705644,-0.022299552793040717,,2025-09-12/2026-09-12,2023-09-13/2024-09-12
MY_N12531429458,0.3572783965214585,0.308433734939759,0.02442233079084974,,2025-09-12/2026-09-12,2023-09-13/2024-09-12
MY_N8659560397,0.3833155080213904,0.37422823302112657,0.004543637500131925,,2025-09-12/2026-09-12,2023-09-13/2024-09-12
MY_W1261862989,0.30179271053190493,0.3920552677029362,-0.04513127858551563,,2025-09-12/2026-09-12,2023-09-13/2024-09-12
MY_N8148777715,0.2889429613425112,0.29307425622833183,-0.0020656474429103233,,2025-09-12/2026-09-12,2023-09-13/2024-09-12
MY_N10224694924,0.2755308239092292,0.36520363121512456,-0.044836403652947665,,2025-09-12/2026-09-12,2023-09-13/2024-09-12
MY_N12717364277,0.3633670228635485,0.30790269777464674,0.027732162544450878,,2025-09-12/2026-09-12,2023-09-13/2024-09-12
MY_W1258156597,0.40446735074144013,0.4655727408337914,-0.030552695046175637,,2025-09-12/2026-09-12,2023-09-13/2024-09-12
MY_N8088772324,0.32492324647721005,0.2929992394828484,0.015962003497180827,,2025-09-12/2026-09-12,2023-09-13/2024-09-12
MY_N10230298029,0.24889703276749509,0.22376093609808856,0.012568048334703263,,2025-09-12/2026-09-12,2023-09-13/2024-09-12
MY_N12926409708,0.4897125806356583,0.4777797696201805,0.005966405507738914,,2025-09-12/2026-09-12,2023-09-13/2024-09-12
MY_N8008855555,0.24116967116446658,0.28923155563128294,-0.02403094223340818,,2025-09-12/2026-09-12,2023-09-13/2024-09-12
MY_W1552737108,0.3138272770174611,0.30327584755242964,0.005275714732515729,,2025-09-12/2026-09-12,2023-09-13/2024-09-12
MY_N12038575594,0.4970381340244354,0.5228509937966831,-0.012906429886123838,,2025-09-12/2026-09-12,2023-09-13/2024-09-12
MY_N8490772188,0.3131578947368421,0.31391797556719025,-0.0003800404151740877,,2025-09-12/2026-09-12,2023-09-13/2024-09-12
MY_N8201683420,0.08269371345029242,0.09963136395337253,-0.008468825251540059,,2025-09-12/2026-09-12,2023-09-13/2024-09-12
MY_N8202178174,0.35583596214511043,0.2684197108205558,0.0437081256622773,,2025-09-12/2026-09-12,2023-09-13/2024-09-12
MY_N12927458268,0.3884870035968869,0.38690596767005625,0.0007905179634153381,,2025-09-12/2026-09-12,2023-09-13/2024-09-12
MY_N8009459244,0.3135574977419928,0.3040570541704447,0.004750221785774056,,2025-09-12/2026-09-12,2023-09-13/2024-09-12
MY_N8487785684,0.35734270928812994,0.3133102852203976,0.022016212033866167,,2025-09-12/2026-09-12,2023-09-13/2024-09-12
MY_N8487785683,0.175287597615249,0.19774265176182543,-0.01122752707328821,,2025-09-12/2026-09-12,2023-09-13/2024-09-12
MY_N8006989819,0.5000659427616828,0.4908336215842269,0.004616160588727963,,2025-09-12/2026-09-12,2023-09-13/2024-09-12
MY_N8125185377,0.20848269876608427,0.21346265439774514,-0.0024899778158304353,,2025-09-12/2026-09-12,2023-09-13/2024-09-12
MY_N8044656639,0.48468984072171384,0.49030136846032757,-0.0028057638693068654,,2025-09-12/2026-09-12,2023-09-13/2024-09-12
MY_N8148264450,0.2841254283581497,0.30406941529593234,-0.009971993468891327,,2025-09-12/2026-09-12,2023-09-13/2024-09-12
MY_N10317040484,0.15818513358698455,0.2118685154659168,-0.02684169093946613,,2025-09-12/2026-09-12,2023-09-13/2024-09-12
MY_N8044687304,0.42195608782435134,0.47765824569885984,-0.027851078937254248,,2025-09-12/2026-09-12,2023-09-13/2024-09-12
MY_N8044671936,0.3019718007720886,0.28434761452430307,0.008812093123892778,,2025-09-12/2026-09-12,2023-09-13/2024-09-12
MY_N8044156760,0.3195049185615224,0.2769367647668838,0.021284076897319315,,2025-09-12/2026-09-12,2023-09-13/2024-09-12
MY_N10923563956,0.33640052781379215,0.2914299827117808,0.022485272551005686,,2025-09-12/2026-09-12,2023-09-13/2024-09-12
MY_N8143719855,0.2044515233556105,0.3324846709570251,-0.0640165738007073,,2025-09-12/2026-09-12,2023-09-13/2024-09-12
MY_N5599579030,0.2589933328448971,0.2693306525927789,-0.005168659873940884,,2025-09-12/2026-09-12,2023-09-13/2024-09-12
MY_N8281177692,0.4917327949860379,0.47548765210761984,0.008122571439209025,,2025-09-12/2026-09-12,2023-09-13/2024-09-12
MY_N10672756622,0.3334363889050094,0.2818784972540726,0.025778945825468386,,2025-09-12/2026-09-12,2023-09-13/2024-09-12
MY_N8044980541,0.44139728000429607,0.5224732849335182,-0.04053800246461106,,2025-09-12/2026-09-12,2023-09-13/2024-09-12
MY_N403749609,0.18292250729091641,0.25765712043340877,-0.03736730657124618,,2025-09-12/2026-09-12,2023-09-13/2024-09-12
MY_N5453636981,0.5468564049119364,0.5204148307587297,0.013220787076603346,,2025-09-12/2026-09-12,2023-09-13/2024-09-12
MY_N4069889954,0.26963719904789973,0.29501113261306705,-0.012686966782583659,,2025-09-12/2026-09-12,2023-09-13/2024-09-12
MY_N4749127191,0.14480809348821283,0.13594562175129948,0.004431235868456673,,2025-09-12/2026-09-12,2023-09-13/2024-09-12
MY_N8044342361,0.34527998010437744,0.40800945164181535,-0.031364735768718954,,2025-09-12/2026-09-12,2023-09-13/2024-09-12
MY_N12042056319,0.33851166117048753,0.35292475497710396,-0.007206546903308214,,2025-09-12/2026-09-12,2023-09-13/2024-09-12
MY_W972995057,0.22094516334644357,0.23192487504801707,-0.005489855850786748,,2025-09-12/2026-09-12,2023-09-13/2024-09-12
MY_N5788369100,0.1998278994167702,0.22419020264879524,-0.01218115161601252,,2025-09-12/2026-09-12,2023-09-13/2024-09-12
MY_N5788369099,0.35213054075694095,0.3358544642649331,0.008138038246003926,,2025-09-12/2026-09-12,2023-09-13/2024-09-12
MY_N8089011204,0.1578456795859289,0.11953172257571594,0.019156978505106483,,2025-09-12/2026-09-12,2023-09-13/2024-09-12
MY_W1230312032,0.0652151975111081,0.09081827263645445,-0.012801537562673174,,2025-09-12/2026-09-12,2023-09-13/2024-09-12
MY_N4124017619,0.2040032137492577,0.19643427827135507,0.0037844677389513165,,2025-09-12/2026-09-12,2023-09-13/2024-09-12
MY_N4225703452,0.3643338255952167,0.3231024833857992,0.020615671104708744,,2025-09-12/2026-09-12,2023-09-13/2024-09-12
MY_N4124017453,0.3127218032731549,0.3075381823680629,0.0025918104525460006,,2025-09-12/2026-09-12,2023-09-13/2024-09-12
MY_N4124017454,0.11073663938372653,0.1591339305899918,-0.02419864560313264,,2025-09-12/2026-09-12,2023-09-13/2024-09-12
MY_N4124069725,0.29821960143463044,0.2959618262626576,0.0011288875859864211,,2025-09-12/2026-09-12,2023-09-13/2024-09-12
MY_N4124069726,0.3356202118014217,0.3309753539974096,0.0023224289020060407,,2025-09-12/2026-09-12,2023-09-13/2024-09-12
MY_W1364627838,0.2798565751887865,0.2722568988173456,0.003799838185720439,,2025-09-12/2026-09-12,2023-09-13/2024-09-12
MY_N8385914978,0.48442906574394456,0.4880299133064888,-0.0018004237812721258,,2025-09-12/2026-09-12,2023-09-13/2024-09-12
MY_N4124069727,0.4627077739616521,0.5116560702391765,-0.024474148138762197,,2025-09-12/2026-09-12,2023-09-13/2024-09-12
MY_N4124069728,0.37407254693020353,0.35084041620612116,0.011616065362041184,,2025-09-12/2026-09-12,2023-09-13/2024-09-12
MY_N8141381598,0.2022614471769228,0.2211451110341719,-0.00944183192862455,,2025-09-12/2026-09-12,2023-09-13/2024-09-12
MY_N4124069729,0.23434870595761031,0.2398657519389831,-0.0027585229906863934,,2025-09-12/2026-09-12,2023-09-13/2024-09-12
MY_N11358783333,0.4786668691163073,0.47018214036669015,0.0042423643748085715,,2025-09-12/2026-09-12,2023-09-13/2024-09-12
MY_N4124069730,0.04291287386215868,0.05973414278353293,-0.008410634460687124,,2025-09-12/2026-09-12,2023-09-13/2024-09-12
MY_N11975720519,0.3107566125883473,0.2748760977466006,0.01794025742087335,,2025-09-12/2026-09-12,2023-09-13/2024-09-12
MY_W1258179518,0.4200873986254654,0.41012269590313,0.004982351361167703,,2025-09-12/2026-09-12,2023-09-13/2024-09-12
MY_W1286305455,0.5640207267941209,0.59123947972456,-0.013609376465219591,,2025-09-12/2026-09-12,2023-09-13/2024-09-12
MY_W1286305456,0.506303424135415,0.5060158210524928,0.00014380154146109714,,2025-09-12/2026-09-12,2023-09-13/2024-09-12
MY_N8141531800,0.35982423969830124,0.35095366520205584,0.004435287248122699,,2025-09-12/2026-09-12,2023-09-13/2024-09-12
MY_W1286305457,0.30944817037298505,0.3134164458877931,-0.0019841377574040253,,2025-09-12/2026-09-12,2023-09-13/2024-09-12
MY_N5462691797,0.3836655285799696,0.3596872034031165,0.011989162588426555,,2025-09-12/2026-09-12,2023-09-13/2024-09-12
MY_N412048097,0.39909769878170015,0.3184044899026457,0.04034660443952723,,2025-09-12/2026-09-12,2023-09-13/2024-09-12
MY_N412048098,0.5111188199439327,0.46068467716212824,0.025217071390902235,,2025-09-12/2026-09-12,2023-09-13/2024-09-12
MY_N13886055362,0.09818858980870154,0.12892481620292873,-0.015368113197113592,,2025-09-12/2026-09-12,2023-09-13/2024-09-12
MY_N8082097597,0.33647145359086217,0.3467105014548615,-0.005119523931999659,,2025-09-12/2026-09-12,2023-09-13/2024-09-12
MY_N11853239841,0.3238725404840676,0.33231139397345816,-0.004219426744695276,,2025-09-12/2026-09-12,2023-09-13/2024-09-12
MY_N11403863828,0.23835530935476318,0.23559864894541654,0.001378330204673317,,2025-09-12/2026-09-12,2023-09-13/2024-09-12
MY_N8119252103,0.2008510638297873,0.17939023409218885,0.01073041486879922,,2025-09-12/2026-09-12,2023-09-13/2024-09-12
MY_N8004289377,0.16216891687877363,0.1356369914770651,0.01326596270085427,,2025-09-12/2026-09-12,2023-09-13/2024-09-12
MY_N9498642399,0.04534852761128959,0.05400359182876494,-0.004327532108737677,,2025-09-12/2026-09-12,2023-09-13/2024-09-12
MY_N12133717335,0.35793261934700604,0.4285714285714286,-0.03531940461221128,,2025-09-12/2026-09-12,2023-09-13/2024-09-12
MY_N8114405464,0.11034777870328363,0.1481260138307863,-0.018889117563751334,,2025-09-12/2026-09-12,2023-09-13/2024-09-12
MY_N8081694353,0.3875025404657557,0.40860312751690375,-0.010550293525574017,,2025-09-12/2026-09-12,2023-09-13/2024-09-12
MY_N12366513311,0.26377267975955704,0.24343977236800507,0.010166453695775984,,2025-09-12/2026-09-12,2023-09-13/2024-09-12
MY_N12366513312,0.1900731930466606,0.24522059763769394,-0.027573702295516672,,2025-09-12/2026-09-12,2023-09-13/2024-09-12
MY_N1982558019,0.3689516129032258,0.3930254169684129,-0.012036902032593555,,2025-09-12/2026-09-12,2023-09-13/2024-09-12
MY_N13763999844,0.4868588630311451,0.4371004190271721,0.0248792220019865,,2025-09-12/2026-09-12,2023-09-13/2024-09-12
MY_N13103629668,0.09711712159828474,0.26143923413921794,-0.0821610562704666,,2025-09-12/2026-09-12,2023-09-13/2024-09-12
MY_N13103629669,0.11998434135838715,0.16304599664331096,-0.021530827642461906,,2025-09-12/2026-09-12,2023-09-13/2024-09-12
MY_N13103629667,0.34275394697646705,0.39987207140657716,-0.028559062215055053,,2025-09-12/2026-09-12,2023-09-13/2024-09-12
MY_N13103629670,0.20367848028628782,0.18576378576378572,0.008957347261251053,,2025-09-12/2026-09-12,2023-09-13/2024-09-12
MY_N8254911755,0.05699949071865165,0.06784181839267082,-0.005421163837009586,,2025-09-12/2026-09-12,2023-09-13/2024-09-12
MY_N13103629671,0.2385389192229781,0.2658535954299365,-0.013657338103479189,,2025-09-12/2026-09-12,2023-09-13/2024-09-12
MY_N5597298234,0.2528384260297911,0.29953283869194836,-0.023347206331078618,,2025-09-12/2026-09-12,2023-09-13/2024-09-12
MY_W1262375280,0.29605054727026014,0.28663530231747686,0.004707622476391643,,2025-09-12/2026-09-12,2023-09-13/2024-09-12
MY_N8004208520,0.5140484044032906,0.5491104369927031,-0.01753101629470627,,2025-09-12/2026-09-12,2023-09-13/2024-09-12
MY_N12384569108,0.3545722203495995,0.4070265516143341,-0.026227165632367294,,2025-09-12/2026-09-12,2023-09-13/2024-09-12
MY_N8255238093,0.27515755653499196,0.29353514195328223,-0.009188792709145133,,2025-09-12/2026-09-12,2023-09-13/2024-09-12
MY_N8120556662,0.03394592063677865,0.02970214190093709,0.002121889367920779,,2025-09-12/2026-09-12,2023-09-13/2024-09-12
MY_N8255238086,0.22406971057662387,0.23262792934970603,-0.00427910938654108,,2025-09-12/2026-09-12,2023-09-13/2024-09-12
MY_N8255238092,0.23723748311294873,0.22394590294351635,0.006645790084716191,,2025-09-12/2026-09-12,2023-09-13/2024-09-12
MY_N7841645805,0.4103096138980431,0.41001152364402726,0.0001490451270079185,,2025-09-12/2026-09-12,2023-09-13/2024-09-12
MY_N8081515935,0.33264840182648403,0.33753508656797526,-0.002443342370745616,,2025-09-12/2026-09-12,2023-09-13/2024-09-12
MY_N8224457107,0.4122505679095464,0.3688295063605088,0.021710530774518788,,2025-09-12/2026-09-12,2023-09-13/2024-09-12
MY_W1259473617,0.5567572882355833,0.508557146488181,0.024100070873701196,,2025-09-12/2026-09-12,2023-09-13/2024-09-12
MY_N6093033474,0.46404973048165543,0.39468854763718464,0.034680591422235396,,2025-09-12/2026-09-12,2023-09-13/2024-09-12
MY_N11548619078,0.128564365645781,0.12866422385076617,-4.9929102492587973e-05,,2025-09-12/2026-09-12,2023-09-13/2024-09-12
MY_N8146281229,0.18398723011005624,0.18059518956379944,0.0016960202731284013,,2025-09-12/2026-09-12,2023-09-13/2024-09-12
MY_N11529006459,0.3256231306081755,0.32040654508758026,0.0026082927602976147,,2025-09-12/2026-09-12,2023-09-13/2024-09-12
MY_N8047942568,0.15471323459366068,0.16099117949535702,-0.003138972450848168,,2025-09-12/2026-09-12,2023-09-13/2024-09-12
MY_W138669843,0.06157744975991465,0.08707190873489087,-0.012747229487488111,,2025-09-12/2026-09-12,2023-09-13/2024-09-12
MY_W1264710479,0.27776516011810126,0.34233312337473776,-0.03228398162831825,,2025-09-12/2026-09-12,2023-09-13/2024-09-12
MY_N11264702921,0.09724689165186504,0.14354521187952268,-0.023149160113828823,,2025-09-12/2026-09-12,2023-09-13/2024-09-12
MY_N11346244297,0.24285595267849708,0.20466118292205251,0.01909738487822228,,2025-09-12/2026-09-12,2023-09-13/2024-09-12
MY_N13584271255,0.26255611779811205,0.2553269159008655,0.0036146009486232866,,2025-09-12/2026-09-12,2023-09-13/2024-09-12
MY_N12247796176,0.4255858138062064,0.4225822084302385,0.0015018026879839441,,2025-09-12/2026-09-12,2023-09-13/2024-09-12
MY_N8048433914,0.06938712340074285,0.07652015486221819,-0.003566515730737671,,2025-09-12/2026-09-12,2023-09-13/2024-09-12
MY_N12194813653,0.39614518740866533,0.383855801574035,0.006144692917315175,,2025-09-12/2026-09-12,2023-09-13/2024-09-12
MY_N7842060099,0.313717822626583,0.327766120003537,-0.0070241486884770055,,2025-09-12/2026-09-12,2023-09-13/2024-09-12
MY_N9471829676,0.07858938466917056,0.07096725743466507,0.0038110636172527454,,2025-09-12/2026-09-12,2023-09-13/2024-09-12
MY_N9466091146,0.1812981113027384,0.2040816326530612,-0.0113917606751614,,2025-09-12/2026-09-12,2023-09-13/2024-09-12
MY_N11607769670,0.1475332068311196,0.18286346559070157,-0.017665129379790992,,2025-09-12/2026-09-12,2023-09-13/2024-09-12
MY_N9469280562,0.041736560428149244,0.040084096671586314,0.0008262318782814651,,2025-09-12/2026-09-12,2023-09-13/2024-09-12
MY_N9469288221,0.04389914835053553,0.030930607853684795,0.006484270248425367,,2025-09-12/2026-09-12,2023-09-13/2024-09-12
MY_N10578741616,0.20654256646443686,0.24531159342395262,-0.01938451347975788,,2025-09-12/2026-09-12,2023-09-13/2024-09-12
MY_N9469288220,0.04189710072063018,0.05855473780279911,-0.008328818541084464,,2025-09-12/2026-09-12,2023-09-13/2024-09-12
MY_N11559092888,0.23336988868833333,0.2501876407305479,-0.008408876021107278,,2025-09-12/2026-09-12,2023-09-13/2024-09-12
MY_N12533942882,0.3953935754730057,0.41858479900457146,-0.011595611765782887,,2025-09-12/2026-09-12,2023-09-13/2024-09-12
MY_N12941843009,0.33302112287272356,0.32191420358403977,0.005553459644341896,,2025-09-12/2026-09-12,2023-09-13/2024-09-12
MY_N12266031222,0.4681474935732648,0.42420892583768555,0.021969283867789624,,2025-09-12/2026-09-12,2023-09-13/2024-09-12
MY_N4436507977,0.47360751295336784,0.4336491150767423,0.019979198938312764,,2025-09-12/2026-09-12,2023-09-13/2024-09-12
MY_W1285114522,0.5031629603756743,0.4122488038277512,0.04545707827396156,,2025-09-12/2026-09-12,2023-09-13/2024-09-12
MY_N9029115227,0.2849260549047985,0.27982252697388327,0.002551763965457615,,2025-09-12/2026-09-12,2023-09-13/2024-09-12
MY_N8542747596,0.30237716581568597,0.24497041374144968,0.028703376037118145,,2025-09-12/2026-09-12,2023-09-13/2024-09-12
MY_W728820001,0.03305537539500755,0.06430277420540137,-0.015623699405196909,,2025-09-12/2026-09-12,2023-09-13/2024-09-12
MY_W728820002,-0.014380651269195084,-0.005549389567147621,-0.004415630851023732,,2025-09-12/2026-09-12,2023-09-13/2024-09-12
MY_W728820006,0.004063860667634127,-0.008448960121087586,0.006256410394360857,,2025-09-12/2026-09-12,2023-09-13/2024-09-12
MY_N8542747597,0.23277580938651266,0.18343885006860905,0.024668479658951803,,2025-09-12/2026-09-12,2023-09-13/2024-09-12
MY_N8542747595,0.2095949834643302,0.20266284654925426,0.0034660684575379686,,2025-09-12/2026-09-12,2023-09-13/2024-09-12
MY_N11607773741,0.3651142521505172,0.3085088022091819,0.02830272497066763,,2025-09-12/2026-09-12,2023-09-13/2024-09-12
MY_N8542747598,0.09891870244293152,0.08247743541861191,0.008220633512159806,,2025-09-12/2026-09-12,2023-09-13/2024-09-12
MY_N11226315843,0.4408931202538819,0.41405269761606023,0.01342021131891083,,2025-09-12/2026-09-12,2023-09-13/2024-09-12
MY_N9504789637,0.4459814465150646,0.43110935649427556,0.007436045010394521,,2025-09-12/2026-09-12,2023-09-13/2024-09-12
MY_N11768370522,0.4345056065239552,0.41056111508220144,0.011972245720876878,,2025-09-12/2026-09-12,2023-09-13/2024-09-12
MY_N8058373534,0.26661510052635196,0.2629211645403991,0.0018469679929764282,,2025-09-12/2026-09-12,2023-09-13/2024-09-12
MY_N8058373535,0.44127073151189805,0.5070671600992472,-0.032898214293674594,,2025-09-12/2026-09-12,2023-09-13/2024-09-12
MY_N8058373539,0.1755643772287166,0.27217205664473787,-0.04830383970801064,,2025-09-12/2026-09-12,2023-09-13/2024-09-12
MY_N9602824113,0.06908831908831914,0.050438608418234554,0.009324855335042292,,2025-09-12/2026-09-12,2023-09-13/2024-09-12
MY_N12167585701,0.5093471986945732,0.5583696639548029,-0.024511232630114843,,2025-09-12/2026-09-12,2023-09-13/2024-09-12
MY_N3765022576,0.4118268215417107,0.45838408444985795,-0.023278631454073634,,2025-09-12/2026-09-12,2023-09-13/2024-09-12
MY_N12167585702,0.4909761832912606,0.47445111250042205,0.008262535395419268,,2025-09-12/2026-09-12,2023-09-13/2024-09-12
MY_N3901579495,0.4428653735356252,0.451040421803531,-0.004087524133952886,,2025-09-12/2026-09-12,2023-09-13/2024-09-12
MY_N12167559700,0.5359597713624196,0.4243412118239295,0.055809279769245046,,2025-09-12/2026-09-12,2023-09-13/2024-09-12
MY_N12167559699,0.4840734707558454,0.467307545586328,0.008382962584758707,,2025-09-12/2026-09-12,2023-09-13/2024-09-12
MY_N12182196429,0.12500403736007995,0.1424385479407456,-0.00871725529033282,,2025-09-12/2026-09-12,2023-09-13/2024-09-12
MY_N3902995339,0.4654267169031642,0.5410615025999641,-0.03781739284839997,,2025-09-12/2026-09-12,2023-09-13/2024-09-12
MY_N7808912865,0.45488410596026485,0.4121495327102803,0.021367286624992265,,2025-09-12/2026-09-12,2023-09-13/2024-09-12
MY_N7808912864,0.2957198119177307,0.29336938672730395,0.0011752125952133874,,2025-09-12/2026-09-12,2023-09-13/2024-09-12
MY_N7806418386,0.27641897662862025,0.33579099214617736,-0.029686007758778554,,2025-09-12/2026-09-12,2023-09-13/2024-09-12
MY_W1117797547,0.14093873348206623,0.14633237021157608,-0.0026968183647549243,,2025-09-12/2026-09-12,2023-09-13/2024-09-12
MY_W1117797548,0.2365856522249618,0.2564298252308632,-0.009922086502950705,,2025-09-12/2026-09-12,2023-09-13/2024-09-12
MY_W545000403,0.3788174337896405,0.372353883851279,0.0032317749691807562,,2025-09-12/2026-09-12,2023-09-13/2024-09-12
MY_N7838524135,0.4931347901759814,0.49216473738089606,0.00048502639754266497,,2025-09-12/2026-09-12,2023-09-13/2024-09-12
MY_N13247860091,0.35340628182165895,0.3658424471255778,-0.006218082651959417,,2025-09-12/2026-09-12,2023-09-13/2024-09-12
MY_N12264929850,0.23779561727055765,0.2292102018233162,0.004292707723620726,,2025-09-12/2026-09-12,2023-09-13/2024-09-12
MY_W972394406,0.3690871950975288,0.33135425382077544,0.01886647063837668,,2025-09-12/2026-09-12,2023-09-13/2024-09-12
MY_N12068508652,0.4162118896892964,0.49153287882120084,-0.03766049456595222,,2025-09-12/2026-09-12,2023-09-13/2024-09-12
MY_N12068508739,0.4266979117424855,0.44136728570270045,-0.007334686980107474,,2025-09-12/2026-09-12,2023-09-13/2024-09-12
MY_W1545410223,0.21429278432148866,0.1824160929653153,0.015938345678086677,,2025-09-12/2026-09-12,2023-09-13/2024-09-12
MY_N6174781121,0.3181153813085719,0.34516785679945605,-0.013526237745442066,,2025-09-12/2026-09-12,2023-09-13/2024-09-12
MY_N8157413021,0.3002464225498249,0.3237534143017561,-0.01175349587596558,,2025-09-12/2026-09-12,2023-09-13/2024-09-12
MY_W1545410209,0.3121856461436001,0.2693964053563714,0.021394620393614366,,2025-09-12/2026-09-12,2023-09-13/2024-09-12
MY_W1545410197,0.211021314806938,0.203268985063487,0.0038761648717254987,,2025-09-12/2026-09-12,2023-09-13/2024-09-12
MY_W1545410199,0.47151747247486836,0.45155283283418346,0.00998231982034245,,2025-09-12/2026-09-12,2023-09-13/2024-09-12
MY_W1259673925,0.43833551509381574,0.47612511367524,-0.01889479929071214,,2025-09-12/2026-09-12,2023-09-13/2024-09-12
MY_N9759198822,0.35231058469683857,0.39036306403680565,-0.01902623966998354,,2025-09-12/2026-09-12,2023-09-13/2024-09-12
MY_N7838524117,0.33465984409486954,0.3343744763188615,0.00014268388800400822,,2025-09-12/2026-09-12,2023-09-13/2024-09-12
MY_N13439298450,0.5322941488425197,0.4898283920289113,0.021232878406804184,,2025-09-12/2026-09-12,2023-09-13/2024-09-12
MY_N12152835803,0.22300944698379663,0.20623110480499973,0.008389171089398448,,2025-09-12/2026-09-12,2023-09-13/2024-09-12
MY_N3902995338,0.4585987261146497,0.4572793207146648,0.0006597026999924371,,2025-09-12/2026-09-12,2023-09-13/2024-09-12
MY_N12152835735,0.144998163505331,0.20405108760726404,-0.029526462050966512,,2025-09-12/2026-09-12,2023-09-13/2024-09-12
MY_N12145341915,0.16331543990537714,0.1537553227158986,0.004780058594739275,,2025-09-12/2026-09-12,2023-09-13/2024-09-12
MY_N12141160951,0.22846895523778482,0.23776153220140334,-0.004646288481809258,,2025-09-12/2026-09-12,2023-09-13/2024-09-12
MY_N12241218628,0.15838746656476876,0.20783542304379315,-0.024723978239512195,,2025-09-12/2026-09-12,2023-09-13/2024-09-12
MY_N12111896153,0.2955796766031522,0.27367083245075197,0.010954422076200121,,2025-09-12/2026-09-12,2023-09-13/2024-09-12
MY_N12114343550,0.20110925253205564,0.21193428816423282,-0.005412517816088591,,2025-09-12/2026-09-12,2023-09-13/2024-09-12
MY_N12111896121,0.10107306875651925,0.09951636904761905,0.0007783498544500986,,2025-09-12/2026-09-12,2023-09-13/2024-09-12
MY_N12147506121,0.411871126679241,0.3947005244272701,0.008585301125985434,,2025-09-12/2026-09-12,2023-09-13/2024-09-12
MY_N12145341985,0.1251763757306995,0.22191832749293056,-0.048370975881115524,,2025-09-12/2026-09-12,2023-09-13/2024-09-12
MY_N12143414619,0.0782813441386589,0.07572310889284023,0.0012791176229093384,,2025-09-12/2026-09-12,2023-09-13/2024-09-12
MY_N12137013089,0.35647314200636276,0.36033519553072624,-0.0019310267621817367,,2025-09-12/2026-09-12,2023-09-13/2024-09-12
MY_N12137013090,0.36994659334493296,0.3925492050787644,-0.011301305866915717,,2025-09-12/2026-09-12,2023-09-13/2024-09-12
MY_N12110057369,0.42445421705669867,0.42080950872500644,0.0018223541658461129,,2025-09-12/2026-09-12,2023-09-13/2024-09-12
MY_N12137013091,0.4667235215240036,0.49316276036285733,-0.01321961941942687,,2025-09-12/2026-09-12,2023-09-13/2024-09-12
MY_N12241218640,0.5959642772863858,0.5790358525237517,0.00846421238131706,,2025-09-12/2026-09-12,2023-09-13/2024-09-12
MY_N12137013092,0.4490077651074099,0.4595554341712739,-0.0052738345319320035,,2025-09-12/2026-09-12,2023-09-13/2024-09-12
MY_N12137013099,0.2980842911877395,0.30816369655561043,-0.005039702683935471,,2025-09-12/2026-09-12,2023-09-13/2024-09-12
MY_N12137013093,0.469314745150107,0.4659406650840878,0.0016870400330095958,,2025-09-12/2026-09-12,2023-09-13/2024-09-12
MY_N13015545329,0.43903499239295807,0.407844362840847,0.015595314776055524,,2025-09-12/2026-09-12,2023-09-13/2024-09-12
MY_N12137013100,0.3314765272840547,0.3297313300273851,0.0008725986283348031,,2025-09-12/2026-09-12,2023-09-13/2024-09-12
MY_N13015606466,0.37127628504672894,0.3922671353251318,-0.01049542513920143,,2025-09-12/2026-09-12,2023-09-13/2024-09-12
MY_N12137013095,0.44662544732154874,0.37907541927466065,0.033775014023444044,,2025-09-12/2026-09-12,2023-09-13/2024-09-12
MY_N12137024408,0.4146275802963184,0.4205217655088731,-0.002947092606277346,,2025-09-12/2026-09-12,2023-09-13/2024-09-12
MY_N13015545330,0.4531478101609081,0.40124275376046686,0.02595252820022062,,2025-09-12/2026-09-12,2023-09-13/2024-09-12
MY_N13015606467,0.34757330637007083,0.3514856795508992,-0.0019561865904141884,,2025-09-12/2026-09-12,2023-09-13/2024-09-12
MY_N12137024401,0.3058518870241952,0.314770901858793,-0.004459507417298891,,2025-09-12/2026-09-12,2023-09-13/2024-09-12
MY_N12137024407,0.3645015183354469,0.3557360942259433,0.004382712054751797,,2025-09-12/2026-09-12,2023-09-13/2024-09-12
MY_W545795634,0.17677269876875423,0.18447200503954286,-0.0038496531353943153,,2025-09-12/2026-09-12,2023-09-13/2024-09-12
MY_N12137013094,0.37965875905904245,0.3645613442539897,0.007548707402526361,,2025-09-12/2026-09-12,2023-09-13/2024-09-12
MY_N12137024409,0.4126712941982277,0.42463256679722344,-0.005980636299497882,,2025-09-12/2026-09-12,2023-09-13/2024-09-12
MY_N13015606465,0.3783301983591187,0.3610155766005042,0.00865731087930724,,2025-09-12/2026-09-12,2023-09-13/2024-09-12
MY_N12137013096,0.4120124283541534,0.38116645568263885,0.015422986335757283,,2025-09-12/2026-09-12,2023-09-13/2024-09-12
MY_N13015606468,0.3433085255487954,0.31832716559479746,0.012490679976998958,,2025-09-12/2026-09-12,2023-09-13/2024-09-12
MY_N12137024402,0.31323308034131775,0.3254801029499109,-0.006123511304296586,,2025-09-12/2026-09-12,2023-09-13/2024-09-12
MY_N7838524104,0.40742609995508605,0.3631961015604431,0.02211499919732149,,2025-09-12/2026-09-12,2023-09-13/2024-09-12
MY_N12137024406,0.4347130080724196,0.39617283976073286,0.01927008415584336,,2025-09-12/2026-09-12,2023-09-13/2024-09-12
MY_N13015606469,0.32230100831934455,0.3137622020876997,0.004269403115822412,,2025-09-12/2026-09-12,2023-09-13/2024-09-12
MY_N12137013097,0.49086957906656864,0.4384437877009028,0.026212895682832915,,2025-09-12/2026-09-12,2023-09-13/2024-09-12
MY_N12137024403,0.3818272469404566,0.31468353684321393,0.03357185504862134,,2025-09-12/2026-09-12,2023-09-13/2024-09-12
MY_N13015545328,0.3398752495346253,0.3162318034330229,0.011821723050801203,,2025-09-12/2026-09-12,2023-09-13/2024-09-12
MY_N13015606470,0.39554117224020147,0.3490584778496113,0.02324134719529508,,2025-09-12/2026-09-12,2023-09-13/2024-09-12
MY_N12137013080,0.34427083493758065,0.2970443885204431,0.023613223208568762,,2025-09-12/2026-09-12,2023-09-13/2024-09-12
MY_N12137013081,0.3732115789862841,0.3716355504045468,0.0007880142908686383,,2025-09-12/2026-09-12,2023-09-13/2024-09-12
MY_N12137013082,0.3085422708417459,0.3388904883668796,-0.015174108762566862,,2025-09-12/2026-09-12,2023-09-13/2024-09-12
MY_N12137013083,0.24104709460820703,0.2490551776266062,-0.004004041509199585,,2025-09-12/2026-09-12,2023-09-13/2024-09-12
MY_N12137013098,0.4369790890192044,0.43963904723461056,-0.0013299791077030776,,2025-09-12/2026-09-12,2023-09-13/2024-09-12
MY_N12137013084,0.3412547616576277,0.3398382540485828,0.0007082538045224407,,2025-09-12/2026-09-12,2023-09-13/2024-09-12
MY_N12137024404,0.3588720326510816,0.3188028781937364,0.02003457722867258,,2025-09-12/2026-09-12,2023-09-13/2024-09-12
MY_N12137013088,0.4574438591627391,0.4203083773087072,0.018567740927015963,,2025-09-12/2026-09-12,2023-09-13/2024-09-12
MY_N12137024405,0.33362513045863734,0.3016278993221575,0.01599861556823992,,2025-09-12/2026-09-12,2023-09-13/2024-09-12
MY_N12137013087,0.3228558418134023,0.2984049454323437,0.012225448190529314,,2025-09-12/2026-09-12,2023-09-13/2024-09-12
MY_N12137013085,0.39382348112395565,0.35051655070630405,0.0216534652088258,,2025-09-12/2026-09-12,2023-09-13/2024-09-12
MY_N13015545327,0.46699341924869747,0.47954923182942166,-0.006277906290362095,,2025-09-12/2026-09-12,2023-09-13/2024-09-12
MY_N12137013086,0.4284969073701469,0.3651630206670661,0.03166694335154041,,2025-09-12/2026-09-12,2023-09-13/2024-09-12
MY_N7838524095,0.3243969256371346,0.3316304817312775,-0.003616778047071445,,2025-09-12/2026-09-12,2023-09-13/2024-09-12
MY_N8214146544,0.34166520749430934,0.5133000038163569,-0.08581739816102377,,2025-09-12/2026-09-12,2023-09-13/2024-09-12
MY_N10943434976,0.12237604053564968,0.13476705423205138,-0.006195506848200846,,2025-09-12/2026-09-12,2023-09-13/2024-09-12
MY_W545795646,0.23097527774118473,0.2489706023173418,-0.008997662288078537,,2025-09-12/2026-09-12,2023-09-13/2024-09-12
MY_W694482621,0.16876179951190312,0.13326941514860974,0.01774619218164669,,2025-09-12/2026-09-12,2023-09-13/2024-09-12
MY_N3902995337,0.30981775426219876,0.28786997006983706,0.010973892096180854,,2025-09-12/2026-09-12,2023-09-13/2024-09-12
MY_W694495534,0.13109885447602884,0.1504524863875949,-0.009676815955783027,,2025-09-12/2026-09-12,2023-09-13/2024-09-12
MY_N12169092717,0.21167423718771602,0.21629642953503017,-0.0023110961736570734,,2025-09-12/2026-09-12,2023-09-13/2024-09-12
MY_N10991780746,0.28737300435413643,0.2848319379814445,0.0012705331863459568,,2025-09-12/2026-09-12,2023-09-13/2024-09-12
MY_N13474572720,0.1874089160200797,0.3859077487017615,-0.09924941634084089,,2025-09-12/2026-09-12,2023-09-13/2024-09-12
MY_N9944968255,0.22148635997642105,0.48744754622112174,-0.13298059312235033,,2025-09-12/2026-09-12,2023-09-13/2024-09-12
MY_N1945539635,0.5208972778681,0.4825641791339428,0.019166549367078622,,2025-09-12/2026-09-12,2023-09-13/2024-09-12
MY_N12030488094,0.4454214845406309,0.43441954892685997,0.005500967806885471,,2025-09-12/2026-09-12,2023-09-13/2024-09-12
MY_N8063350945,0.6629505759940542,0.7004548931202449,-0.018752158563095367,,2025-09-12/2026-09-12,2023-09-13/2024-09-12
MY_N13845846105,0.37303685405907816,0.34062972860981766,0.01620356272463025,,2025-09-12/2026-09-12,2023-09-13/2024-09-12
MY_N13845846092,0.3235051245931898,0.32844297207761486,-0.0024689237422125254,,2025-09-12/2026-09-12,2023-09-13/2024-09-12
MY_N4200388722,0.23316962927550092,0.24564746837460386,-0.006238919549551469,,2025-09-12/2026-09-12,2023-09-13/2024-09-12
MY_W1366117482,0.5045538037654982,0.48156406884476394,0.011494867460367125,,2025-09-12/2026-09-12,2023-09-13/2024-09-12
MY_N6142258135,0.2983014044657594,0.4450408588367249,-0.07336972718548274,,2025-09-12/2026-09-12,2023-09-13/2024-09-12
MY_N2425808221,0.1832371625568561,0.17551216068540126,0.003862500935727417,,2025-09-12/2026-09-12,2023-09-13/2024-09-12
MY_N8084941767,0.330091430620294,0.38965487710884644,-0.02978172324427622,,2025-09-12/2026-09-12,2023-09-13/2024-09-12
MY_W1288067099,0.1992646543094605,0.23979591836734698,-0.020265632028943242,,2025-09-12/2026-09-12,2023-09-13/2024-09-12
MY_N11257618116,0.5005827946608981,0.46083127317676154,0.01987576074206826,,2025-09-12/2026-09-12,2023-09-13/2024-09-12
MY_N11985118591,0.2538598574821853,0.2513190206069674,0.0012704184376089445,,2025-09-12/2026-09-12,2023-09-13/2024-09-12
MY_N7848117182,0.37328094302554027,0.3007065005147868,0.03628722125537673,,2025-09-12/2026-09-12,2023-09-13/2024-09-12
MY_N14060840318,0.3121927236971485,0.2892627197144561,0.011465001991346202,,2025-09-12/2026-09-12,2023-09-13/2024-09-12
MY_N11189951508,0.2567170354095898,0.2705843786479405,-0.006933671619175352,,2025-09-12/2026-09-12,2023-09-13/2024-09-12
MY_N11189951504,0.28457468725009905,0.26858531994981183,0.007994683650143608,,2025-09-12/2026-09-12,2023-09-13/2024-09-12
MY_N9126977972,0.5693889691510156,0.4565088999545728,0.05644003459822139,,2025-09-12/2026-09-12,2023-09-13/2024-09-12
MY_N9126977973,0.4485804994977256,0.4447817781598349,0.0018993606689453602,,2025-09-12/2026-09-12,2023-09-13/2024-09-12
MY_N8735935858,0.3455254699235523,0.34584264093760797,-0.00015858550702782526,,2025-09-12/2026-09-12,2023-09-13/2024-09-12
MY_N8434323581,0.23639204078276602,0.3026336355110972,-0.03312079736416558,,2025-09-12/2026-09-12,2023-09-13/2024-09-12
MY_N8434323582,0.3536390131767991,0.36123384061528396,-0.003797413719242443,,2025-09-12/2026-09-12,2023-09-13/2024-09-12
MY_N3901579555,0.4610822230879016,0.5563802604085032,-0.0476490186603008,,2025-09-12/2026-09-12,2023-09-13/2024-09-12
MY_W1367367946,0.5003182227557597,0.4853654312435054,0.00747639575612713,,2025-09-12/2026-09-12,2023-09-13/2024-09-12
MY_N5510158257,0.5521472854113129,0.5969488387070805,-0.022400776647883813,,2025-09-12/2026-09-12,2023-09-13/2024-09-12
MY_N8261057768,0.36541815463831917,0.3329614424569967,0.016228356090661228,,2025-09-12/2026-09-12,2023-09-13/2024-09-12
MY_N5510158263,0.4449125220306926,0.401841309375556,0.02153560632756829,,2025-09-12/2026-09-12,2023-09-13/2024-09-12
MY_N5510158299,0.3242510397822408,0.21387050166325058,0.0551902690594951,,2025-09-12/2026-09-12,2023-09-13/2024-09-12
MY_N5510158305,0.367895805142084,0.30397668124089117,0.031959561950596405,,2025-09-12/2026-09-12,2023-09-13/2024-09-12
MY_N3901579514,0.3414785782077726,0.3565813638686952,-0.007551392830461301,,2025-09-12/2026-09-12,2023-09-13/2024-09-12
MY_N8259081451,0.4608784300399287,0.49409448818897644,-0.016608029074523883,,2025-09-12/2026-09-12,2023-09-13/2024-09-12
MY_N5510158307,0.6249938862080315,0.6302437135920155,-0.0026249136919919702,,2025-09-12/2026-09-12,2023-09-13/2024-09-12
MY_N9006098842,0.5056140162542189,0.4424440575771729,0.03158497933852297,,2025-09-12/2026-09-12,2023-09-13/2024-09-12
MY_W1368598193,0.4005884463431348,0.26677957667371077,0.066904434834712,,2025-09-12/2026-09-12,2023-09-13/2024-09-12
MY_N8032528770,0.33118775279432866,0.38386964933924633,-0.026340948272458836,,2025-09-12/2026-09-12,2023-09-13/2024-09-12
MY_N5742976628,0.49214308108153915,0.44605802174465126,0.023042529668443945,,2025-09-12/2026-09-12,2023-09-13/2024-09-12
MY_W1368699691,0.3771228771228772,0.3113096982127162,0.03290658945508049,,2025-09-12/2026-09-12,2023-09-13/2024-09-12
MY_W1368623543,0.3634386446886446,0.34621433159644693,0.008612156546098843,,2025-09-12/2026-09-12,2023-09-13/2024-09-12
MY_N9621355555,0.3643943145270209,0.36292914927050296,0.000732582628258982,,2025-09-12/2026-09-12,2023-09-13/2024-09-12
MY_N11241526897,0.38583631076531655,0.4185632936289846,-0.01636349143183402,,2025-09-12/2026-09-12,2023-09-13/2024-09-12
MY_N3273231502,0.4284745291578671,0.422266139657444,0.003104194750211564,,2025-09-12/2026-09-12,2023-09-13/2024-09-12
MY_N11241526902,0.4353205221661397,0.40409734100450945,0.015611590580815127,,2025-09-12/2026-09-12,2023-09-13/2024-09-12
MY_N3273231509,0.1816071913237699,0.1866220189480562,-0.0025074138121431444,,2025-09-12/2026-09-12,2023-09-13/2024-09-12
MY_N8752918921,0.38004781160526446,0.34952507915347436,0.015261366225895051,,2025-09-12/2026-09-12,2023-09-13/2024-09-12
MY_W1372701089,0.4012178611402436,0.40455492166983625,-0.0016685302647963252,,2025-09-12/2026-09-12,2023-09-13/2024-09-12
MY_N4663189043,0.32198688425712874,0.32487045300646483,-0.001441784374668048,,2025-09-12/2026-09-12,2023-09-13/2024-09-12
MY_W1381588641,0.3447358518168963,0.27947964750314724,0.03262810215687453,,2025-09-12/2026-09-12,2023-09-13/2024-09-12
MY_N10230277433,0.24797359359359478,0.24631007541541283,0.0008317590890909721,,2025-09-12/2026-09-12,2023-09-13/2024-09-12
MY_N13713417878,0.4476827892135881,0.4349436870183758,0.0063695510976061465,,2025-09-12/2026-09-12,2023-09-13/2024-09-12
MY_N8459640140,0.2715457218010212,0.2987844132237665,-0.013619345711372632,,2025-09-12/2026-09-12,2023-09-13/2024-09-12
MY_N9038308805,0.162918519682072,0.18311216546815928,-0.010096822893043644,,2025-09-12/2026-09-12,2023-09-13/2024-09-12
MY_N13686660305,0.35093801764320665,0.3508628778915589,3.7569875823872945e-05,,2025-09-12/2026-09-12,2023-09-13/2024-09-12
MY_W1533443392,0.36053846431553127,0.4186702039462776,-0.029065869815373152,,2025-09-12/2026-09-12,2023-09-13/2024-09-12
MY_N13712401727,0.44265849560968595,0.3229219327269902,0.05986828144134787,,2025-09-12/2026-09-12,2023-09-13/2024-09-12
MY_N8025981358,0.3890244463882879,0.3774898717083052,0.0057672873399913505,,2025-09-12/2026-09-12,2023-09-13/2024-09-12
MY_N8025859449,0.47577733945500683,0.4538734513479017,0.01095194405355257,,2025-09-12/2026-09-12,2023-09-13/2024-09-12
MY_N13663195383,0.16520733203968097,0.18252941114406196,-0.008661039552190497,,2025-09-12/2026-09-12,2023-09-13/2024-09-12
MY_N13663195381,0.09770163342300694,0.06767290816445622,0.015014362629275364,,2025-09-12/2026-09-12,2023-09-13/2024-09-12
MY_N13663195382,0.37562082046067813,0.3734566499276301,0.0010820852665240077,,2025-09-12/2026-09-12,2023-09-13/2024-09-12
MY_N13663195380,0.1355192157185814,0.13958162733566593,-0.002031205808542269,,2025-09-12/2026-09-12,2023-09-13/2024-09-12
MY_N4193669752,0.45985028130376165,0.3956108069293601,0.032119737187200764,,2025-09-12/2026-09-12,2023-09-13/2024-09-12
MY_W1383475622,0.5490977635594854,0.27627485459218176,0.1364114544836518,,2025-09-12/2026-09-12,2023-09-13/2024-09-12
MY_W1491528657,0.3824540803489055,0.30410540996455027,0.03917433519217761,,2025-09-12/2026-09-12,2023-09-13/2024-09-12
MY_N8778604184,0.4841581721609457,0.45538757303007915,0.014385299565433274,,2025-09-12/2026-09-12,2023-09-13/2024-09-12
MY_N8348937880,0.5048238255033557,0.5004060850737337,0.0022088702148109762,,2025-09-12/2026-09-12,2023-09-13/2024-09-12
MY_N8277786902,0.3028138230738512,0.28869198900634313,0.007060917033754027,,2025-09-12/2026-09-12,2023-09-13/2024-09-12
MY_N13686353602,0.2618048466976674,0.20195195195195204,0.029926447372857684,,2025-09-12/2026-09-12,2023-09-13/2024-09-12
MY_N13678931196,0.4641312240557232,0.47750222328743797,-0.0066854996158573765,,2025-09-12/2026-09-12,2023-09-13/2024-09-12
MY_N8780937436,0.44464086758992494,0.4710582835087989,-0.013208707959436988,,2025-09-12/2026-09-12,2023-09-13/2024-09-12
MY_N8780937437,0.538597881127397,0.5727103710290194,-0.017056244950811206,,2025-09-12/2026-09-12,2023-09-13/2024-09-12
MY_N8780937438,0.22418828380003436,0.24359255202628702,-0.009702134113126329,,2025-09-12/2026-09-12,2023-09-13/2024-09-12
MY_N8025609742,0.36798149309912176,0.35677033899099,0.005605577054065891,,2025-09-12/2026-09-12,2023-09-13/2024-09-12
MY_N13805621364,0.6946852701442109,0.5337390346460802,0.08047311774906535,,2025-09-12/2026-09-12,2023-09-13/2024-09-12
MY_N8785448481,0.39352725988600734,0.3498727735368956,0.021827243174555866,,2025-09-12/2026-09-12,2023-09-13/2024-09-12
MY_W823099395,0.3303482378702208,0.27905610496426125,0.02564606645297976,,2025-09-12/2026-09-12,2023-09-13/2024-09-12
MY_W823097930,0.26521921395158327,0.24644742184328056,0.009385896054151355,,2025-09-12/2026-09-12,2023-09-13/2024-09-12
MY_N13678930905,0.4971509971509972,0.4784472928832745,0.00935185213386136,,2025-09-12/2026-09-12,2023-09-13/2024-09-12
MY_W1456021260,0.3488361012313541,0.3910880101303009,-0.021125954449473405,,2025-09-12/2026-09-12,2023-09-13/2024-09-12
MY_N13686353632,0.1811813128440446,0.17923969722342736,0.000970807810308616,,2025-09-12/2026-09-12,2023-09-13/2024-09-12
MY_W1492305145,0.21158994731842126,0.22110872504573292,-0.004759388863655831,,2025-09-12/2026-09-12,2023-09-13/2024-09-12
MY_N3902995326,0.42672094744633604,0.37650374366226175,0.025108601892037147,,2025-09-12/2026-09-12,2023-09-13/2024-09-12
MY_N3902995325,0.4849387006890766,0.4721011887135665,0.006418755987755043,,2025-09-12/2026-09-12,2023-09-13/2024-09-12
MY_N8789765101,0.38068541072367756,0.37971377184575156,0.0004858194389630033,,2025-09-12/2026-09-12,2023-09-13/2024-09-12
MY_W818384093,0.22924477771826451,0.2303818212594212,-0.0005685217705783396,,2025-09-12/2026-09-12,2023-09-13/2024-09-12
MY_N13685405063,0.4302854026540629,0.3403270839381439,0.044979159357959486,,2025-09-12/2026-09-12,2023-09-13/2024-09-12
MY_N3902995324,0.4679719330013581,0.4563423598606954,0.005814786570331354,,2025-09-12/2026-09-12,2023-09-13/2024-09-12
MY_N4958058752,0.11108752564918987,0.042473919523099826,0.034306803063045024,,2025-09-12/2026-09-12,2023-09-13/2024-09-12
MY_N12546408507,0.5636806791234481,0.6037518819987502,-0.02003560143765104,,2025-09-12/2026-09-12,2023-09-13/2024-09-12
MY_N12546408513,0.4683280137490793,0.5426702546495774,-0.03717112045024906,,2025-09-12/2026-09-12,2023-09-13/2024-09-12
MY_W810687871,0.1740237691001698,0.17895103273681154,-0.0024636318183208633,,2025-09-12/2026-09-12,2023-09-13/2024-09-12
MY_N13459535295,0.10163880548058547,0.10742627588316239,-0.0028937352012884596,,2025-09-12/2026-09-12,2023-09-13/2024-09-12
MY_N11972377225,0.2986354485124152,0.2870383685452189,0.005798539983598139,,2025-09-12/2026-09-12,2023-09-13/2024-09-12
MY_N4963875869,0.5434984376151721,0.4879120879120879,0.02779317485154212,,2025-09-12/2026-09-12,2023-09-13/2024-09-12
MY_W1312628412,0.40276038896698163,0.3784996945650775,0.012130347200952074,,2025-09-12/2026-09-12,2023-09-13/2024-09-12
MY_N8791272543,0.44845835311014304,0.42572638060419465,0.011365986252974192,,2025-09-12/2026-09-12,2023-09-13/2024-09-12
MY_N4970042970,0.4777507747329798,0.4280726416977878,0.024839066517595987,,2025-09-12/2026-09-12,2023-09-13/2024-09-12
MY_W822583264,0.1389391563115776,0.12751662768571978,0.005711264312928913,,2025-09-12/2026-09-12,2023-09-13/2024-09-12
MY_W822583298,0.4305554262275427,0.2531442610975555,0.08870558256499361,,2025-09-12/2026-09-12,2023-09-13/2024-09-12
MY_W818064274,0.43810195966644094,0.39801742264944423,0.020042268508498357,,2025-09-12/2026-09-12,2023-09-13/2024-09-12
MY_N6555076109,0.4627127089800144,0.41889230596271315,0.021910201508650612,,2025-09-12/2026-09-12,2023-09-13/2024-09-12
MY_N4970042971,0.4333418216582528,0.3484522099888304,0.04244480583471119,,2025-09-12/2026-09-12,2023-09-13/2024-09-12
MY_N9324749766,0.10462074124260877,0.06988120195667366,0.017369769642967554,,2025-09-12/2026-09-12,2023-09-13/2024-09-12
MY_W1492798729,0.14561060658313218,0.23532483031252324,-0.04485711186469553,,2025-09-12/2026-09-12,2023-09-13/2024-09-12
MY_W1311799403,0.24754858085565698,0.1831537668572648,0.032197406999196085,,2025-09-12/2026-09-12,2023-09-13/2024-09-12
MY_W1386907231,0.5584718576844561,0.5467315460888728,0.005870155797791654,,2025-09-12/2026-09-12,2023-09-13/2024-09-12
MY_N5012069413,0.3360719874804382,0.2857466063348417,0.02516269057279824,,2025-09-12/2026-09-12,2023-09-13/2024-09-12
MY_N5723067598,0.16591312740338668,0.5200414651002073,-0.1770641688484103,,2025-09-12/2026-09-12,2023-09-13/2024-09-12
MY_N3813367954,0.30862569242943816,0.2740742156850514,0.017275738372193372,,2025-09-12/2026-09-12,2023-09-13/2024-09-12
MY_N1870943138,0.058019880019266966,0.045487290856082226,0.00626629458159237,,2025-09-12/2026-09-12,2023-09-13/2024-09-12
MY_N4970042972,0.25275404047535716,0.22404582467619,0.01435410789958358,,2025-09-12/2026-09-12,2023-09-13/2024-09-12
MY_N4999309149,0.12929716507229286,0.13229475766567755,-0.001498796296692348,,2025-09-12/2026-09-12,2023-09-13/2024-09-12
MY_N1869579109,0.14611175079663083,0.16544995565258924,-0.009669102427979206,,2025-09-12/2026-09-12,2023-09-13/2024-09-12
MY_N8794834933,0.34783605975167453,0.3450880234041873,0.0013740181737436075,,2025-09-12/2026-09-12,2023-09-13/2024-09-12
MY_N8794834932,0.27768649359185016,0.2799429008509957,-0.001128203629572777,,2025-09-12/2026-09-12,2023-09-13/2024-09-12
MY_N8794834931,0.2971465789677753,0.3249706273035905,-0.0139120241679076,,2025-09-12/2026-09-12,2023-09-13/2024-09-12
MY_N4970042973,0.24945770065075912,0.2393937202887782,0.005031990180990459,,2025-09-12/2026-09-12,2023-09-13/2024-09-12
MY_N11972345281,0.1478595677774215,0.16308593750000006,-0.007613184861289271,,2025-09-12/2026-09-12,2023-09-13/2024-09-12
MY_N13679676092,0.24928992790037133,0.3102347177130418,-0.03047239490633523,,2025-09-12/2026-09-12,2023-09-13/2024-09-12
MY_N3902995323,0.4119339984650806,0.5024528127206653,-0.04525940712779236,,2025-09-12/2026-09-12,2023-09-13/2024-09-12
MY_N13700552576,0.4272296567201396,0.38747829906948184,0.01987567882532887,,2025-09-12/2026-09-12,2023-09-13/2024-09-12
MY_N9099933246,0.3035177341977796,0.31673073708841715,-0.006606501445318769,,2025-09-12/2026-09-12,2023-09-13/2024-09-12
MY_W1529662867,0.48195383079749515,0.44303102346512546,0.019461403666184846,,2025-09-12/2026-09-12,2023-09-13/2024-09-12
MY_N13953354888,0.343862673652657,0.32128683610571646,0.011287918773470268,,2025-09-12/2026-09-12,2023-09-13/2024-09-12
MY_N13701267976,0.28854565469156557,0.21673183227720105,0.03590691120718226,,2025-09-12/2026-09-12,2023-09-13/2024-09-12
MY_N13919815292,0.5215948915595942,0.5039470876893536,0.008823901935120282,,2025-09-12/2026-09-12,2023-09-13/2024-09-12
MY_N13659918586,0.5029759573968204,0.4565757547425768,0.02320010132712183,,2025-09-12/2026-09-12,2023-09-13/2024-09-12
MY_N13116648924,0.1554340731070496,0.1503730183400684,0.002530527383490605,,2025-09-12/2026-09-12,2023-09-13/2024-09-12
MY_N13977483959,0.3510567144881107,0.404815709498948,-0.026879497505418654,,2025-09-12/2026-09-12,2023-09-13/2024-09-12
MY_N14017332911,0.34075137592725524,0.3730916030534351,-0.016170113563089922,,2025-09-12/2026-09-12,2023-09-13/2024-09-12
MY_N13057626241,0.2522029164452396,0.21651043364522207,0.017846241400008775,,2025-09-12/2026-09-12,2023-09-13/2024-09-12
MY_N9038308804,0.3264026470840067,0.3008086253369272,0.012797010873539738,,2025-09-12/2026-09-12,2023-09-13/2024-09-12
MY_N3902995322,0.45767538048804324,0.46677215189873417,-0.004548385705345465,,2025-09-12/2026-09-12,2023-09-13/2024-09-12
MY_N3902995321,0.29211369978329216,0.2850435949027499,0.003535052440271136,,2025-09-12/2026-09-12,2023-09-13/2024-09-12
MY_N9038308801,0.2876754909491299,0.26929329355266296,0.00919109869823348,,2025-09-12/2026-09-12,2023-09-13/2024-09-12
MY_W1318445327,0.30527861582292914,0.3410988010320231,-0.017910092604546984,,2025-09-12/2026-09-12,2023-09-13/2024-09-12
MY_W1318445329,0.5361943105042639,0.5368084393028705,-0.00030706439930328067,,2025-09-12/2026-09-12,2023-09-13/2024-09-12
MY_W1318445322,0.23609290510709596,0.22682053208369002,0.004636186511702972,,2025-09-12/2026-09-12,2023-09-13/2024-09-12
MY_W1318445328,0.43306700837621737,0.4241927032107242,0.004437152582746573,,2025-09-12/2026-09-12,2023-09-13/2024-09-12
MY_N4951837872,0.31262954262816084,0.2867614490120882,0.012934046808036309,,2025-09-12/2026-09-12,2023-09-13/2024-09-12
MY_N11142031514,0.4861644888547272,0.48382196566914787,0.0011712615927896575,,2025-09-12/2026-09-12,2023-09-13/2024-09-12
MY_N13710652786,0.128787227911485,0.15116424636955433,-0.011188509229034665,,2025-09-12/2026-09-12,2023-09-13/2024-09-12
MY_N13682521098,0.5183544062034455,0.4341006092000146,0.04212689850171547,,2025-09-12/2026-09-12,2023-09-13/2024-09-12
MY_N6251035648,0.09037512489935301,0.10685215996597772,-0.008238517533312353,,2025-09-12/2026-09-12,2023-09-13/2024-09-12
MY_N8920295576,0.28096725767841935,0.22218734562090653,0.02938995602875641,,2025-09-12/2026-09-12,2023-09-13/2024-09-12
MY_N9038308802,0.29327751350848674,0.2891367952811805,0.0020703591136531085,,2025-09-12/2026-09-12,2023-09-13/2024-09-12
MY_N8962634816,0.4337618926947743,0.4335556695741407,0.00010311156031678204,,2025-09-12/2026-09-12,2023-09-13/2024-09-12
MY_N13682521114,0.3311543077768584,0.31857461838983403,0.006289844693512181,,2025-09-12/2026-09-12,2023-09-13/2024-09-12
MY_N13682149677,0.18943470086511335,0.20760802680397514,-0.009086662969430892,,2025-09-12/2026-09-12,2023-09-13/2024-09-12
MY_N6721910508,0.3904687267892337,0.4213131109626085,-0.01542219208668738,,2025-09-12/2026-09-12,2023-09-13/2024-09-12
MY_N6721910509,0.3223283060392209,0.3017332034541442,0.010297551292538343,,2025-09-12/2026-09-12,2023-09-13/2024-09-12
MY_N8923088437,0.2132793851739292,0.20811789038262668,0.002580747395651256,,2025-09-12/2026-09-12,2023-09-13/2024-09-12
MY_N14089499502,0.61800510298912,0.6291651003041592,-0.005579998657519569,,2025-09-12/2026-09-12,2023-09-13/2024-09-12
MY_N8330712478,0.7015476324659222,0.5844645366860992,0.058541547889911505,,2025-09-12/2026-09-12,2023-09-13/2024-09-12
MY_N9810551836,0.4037722169297585,0.3714841999714731,0.016144008479142713,,2025-09-12/2026-09-12,2023-09-13/2024-09-12
MY_N8813291617,0.36080884620467873,0.407226417888346,-0.02320878584183364,,2025-09-12/2026-09-12,2023-09-13/2024-09-12
MY_N5821570253,0.420735839279308,0.40461766587624004,0.00805908670153399,,2025-09-12/2026-09-12,2023-09-13/2024-09-12
MY_N5825177638,0.4227947515805046,0.43206107223209794,-0.004633160325796665,,2025-09-12/2026-09-12,2023-09-13/2024-09-12
MY_N13710662203,0.19405135158037456,0.20354734255699627,-0.004747995488310855,,2025-09-12/2026-09-12,2023-09-13/2024-09-12
MY_N13672724268,0.3183646112600536,0.27609297410987454,0.021135818575089532,,2025-09-12/2026-09-12,2023-09-13/2024-09-12
MY_N8813215619,0.2735717012342537,0.3605433263452132,-0.04348581255547976,,2025-09-12/2026-09-12,2023-09-13/2024-09-12
MY_N8812260333,0.38001232350596825,0.38378418863073505,-0.0018859325623833967,,2025-09-12/2026-09-12,2023-09-13/2024-09-12
MY_N6119769616,0.37693441414885787,0.3844264418985231,-0.0037460138748326155,,2025-09-12/2026-09-12,2023-09-13/2024-09-12
MY_N8330792847,0.3646445823597451,0.42645927698487324,-0.03090734731256406,,2025-09-12/2026-09-12,2023-09-13/2024-09-12
MY_N13684596777,0.12719072639092827,0.1176024279210926,0.004794149234917833,,2025-09-12/2026-09-12,2023-09-13/2024-09-12
MY_N9810551665,0.38719802924348373,0.43265404543023345,-0.022728008093374857,,2025-09-12/2026-09-12,2023-09-13/2024-09-12
MY_N13690665303,0.5406080582953705,0.5373443837854621,0.0016318372549541937,,2025-09-12/2026-09-12,2023-09-13/2024-09-12
MY_N5991228999,0.24747475707363079,0.347130129260411,-0.0498276860933901,,2025-09-12/2026-09-12,2023-09-13/2024-09-12
MY_N13691070933,0.2720181723856493,0.2736884912566084,-0.0008351594354795433,,2025-09-12/2026-09-12,2023-09-13/2024-09-12
MY_N3901607133,0.3940580817730225,0.4725680036883357,-0.0392549609576566,,2025-09-12/2026-09-12,2023-09-13/2024-09-12
MY_N8948810495,0.3589277601090415,0.3672265093054924,-0.004149374598225453,,2025-09-12/2026-09-12,2023-09-13/2024-09-12
MY_N8948862269,0.3822960066965629,0.35942236563080493,0.011436820532878977,,2025-09-12/2026-09-12,2023-09-13/2024-09-12
MY_N9038308803,0.3100052083481486,0.315753914633177,-0.002874353142514191,,2025-09-12/2026-09-12,2023-09-13/2024-09-12
MY_W968313453,0.18103375348955247,0.18875848729013392,-0.003862366900290723,,2025-09-12/2026-09-12,2023-09-13/2024-09-12
MY_W968313454,0.3924629994011465,0.383451536643026,0.0045057313790602405,,2025-09-12/2026-09-12,2023-09-13/2024-09-12
MY_W968313455,0.2889087236341429,0.27501534125496563,0.006946691189588627,,2025-09-12/2026-09-12,2023-09-13/2024-09-12
MY_N3901607132,0.565624878974478,0.5265467310223783,0.01953907397604987,,2025-09-12/2026-09-12,2023-09-13/2024-09-12
MY_N8971151860,0.20489947913859244,0.22371638141809297,-0.009408451139750265,,2025-09-12/2026-09-12,2023-09-13/2024-09-12
MY_N3901150079,0.22876783206445414,0.23112376304730925,-0.0011779654914275545,,2025-09-12/2026-09-12,2023-09-13/2024-09-12
MY_N8971256083,0.391871465810798,0.4062963573430031,-0.007212445766102554,,2025-09-12/2026-09-12,2023-09-13/2024-09-12
MY_N3901607131,0.3787899509397243,0.4676653759962634,-0.04443771252826956,,2025-09-12/2026-09-12,2023-09-13/2024-09-12
MY_N8946302294,0.40252140155161253,0.49541284403669733,-0.0464457212425424,,2025-09-12/2026-09-12,2023-09-13/2024-09-12
MY_N3901607088,0.5241994760967473,0.41501837648287426,0.054590549806936534,,2025-09-12/2026-09-12,2023-09-13/2024-09-12
MY_N3901387616,0.4377170138888889,0.3846712853059445,0.026522864291472187,,2025-09-12/2026-09-12,2023-09-13/2024-09-12
MY_N3901607068,0.39596747507486774,0.36,0.017983737537433875,,2025-09-12/2026-09-12,2023-09-13/2024-09-12
MY_N13858903199,0.18818209702223854,0.21594143960959739,-0.013879671293679424,,2025-09-12/2026-09-12,2023-09-13/2024-09-12
MY_N13858903200,0.2849720307315792,0.32650494461671775,-0.02076645694256929,,2025-09-12/2026-09-12,2023-09-13/2024-09-12
MY_N8015247585,0.15661924841295577,0.19278958855387604,-0.018085170070460135,,2025-09-12/2026-09-12,2023-09-13/2024-09-12
MY_N3902995319,0.5402557767766313,0.5458839136471891,-0.002814068435278927,,2025-09-12/2026-09-12,2023-09-13/2024-09-12
MY_W1435379188,0.3171852899575672,0.3037438191664705,0.0067207353955483495,,2025-09-12/2026-09-12,2023-09-13/2024-09-12
MY_N8327095826,0.4477835849397735,0.4179239073033838,0.014929838818194846,,2025-09-12/2026-09-12,2023-09-13/2024-09-12
MY_N6833359897,0.5516952198394632,0.5324913509232629,0.009601934458100148,,2025-09-12/2026-09-12,2023-09-13/2024-09-12
MY_N3902995320,0.5912067432034245,0.5538080004241278,0.018699371389648334,,2025-09-12/2026-09-12,2023-09-13/2024-09-12
MY_W1318195110,0.39830334235420184,0.41120672794836693,-0.006451692797082548,,2025-09-12/2026-09-12,2023-09-13/2024-09-12
MY_N8988150886,0.37483010533469246,0.35508126993771844,0.009874417698487015,,2025-09-12/2026-09-12,2023-09-13/2024-09-12
MY_N8988150887,0.3287731685789938,0.34297775399174,-0.007102292706373109,,2025-09-12/2026-09-12,2023-09-13/2024-09-12
MY_N8988150888,0.30189249982690614,0.31099606241796707,-0.004551781295530466,,2025-09-12/2026-09-12,2023-09-13/2024-09-12
MY_N8988150889,0.3504032617694187,0.3837980934185995,-0.01669741582459039,,2025-09-12/2026-09-12,2023-09-13/2024-09-12
MY_N8988150890,0.31607080605802373,0.297656968924754,0.009206918566634859,,2025-09-12/2026-09-12,2023-09-13/2024-09-12
MY_N8988150892,0.3570894964888689,0.3358619532549672,0.010613771616950846,,2025-09-12/2026-09-12,2023-09-13/2024-09-12
MY_N8988150891,0.1860061595134703,0.21088389216925885,-0.012438866327894274,,2025-09-12/2026-09-12,2023-09-13/2024-09-12
MY_N11148230157,0.4203149001536099,0.5318906605922551,-0.0557878802193226,,2025-09-12/2026-09-12,2023-09-13/2024-09-12
MY_N8955815813,0.15473512758861402,0.1510713735162633,0.001831877036175364,,2025-09-12/2026-09-12,2023-09-13/2024-09-12
MY_N9040016333,0.6149129473233904,0.6150708458565908,-7.89492666001812e-05,,2025-09-12/2026-09-12,2023-09-13/2024-09-12
MY_N9040016332,0.6363899334683253,0.6775079958556691,-0.020559031193671917,,2025-09-12/2026-09-12,2023-09-13/2024-09-12
MY_N11099179697,0.2708189792624597,0.2305744207620111,0.020122279250224293,,2025-09-12/2026-09-12,2023-09-13/2024-09-12
MY_N8883327417,0.20548380082111112,0.15293435013262596,0.026274725344242578,,2025-09-12/2026-09-12,2023-09-13/2024-09-12
MY_N8370639164,0.13640167364016736,0.12913716083266316,0.0036322564037521016,,2025-09-12/2026-09-12,2023-09-13/2024-09-12
MY_N13495665455,0.3892487558258946,0.3412703390429582,0.023989208391468175,,2025-09-12/2026-09-12,2023-09-13/2024-09-12
MY_N6034372552,0.42887402395255797,0.439395078375475,-0.0052605272114585044,,2025-09-12/2026-09-12,2023-09-13/2024-09-12
MY_N13495459821,0.29661329594923636,0.24765568646309216,0.024478804743072097,,2025-09-12/2026-09-12,2023-09-13/2024-09-12
MY_N8482428335,0.34500114390299697,0.2998204667863555,0.02259033855832074,,2025-09-12/2026-09-12,2023-09-13/2024-09-12
MY_N9040016327,0.3321939756462295,0.2781609195402299,0.027016528052999783,,2025-09-12/2026-09-12,2023-09-13/2024-09-12
MY_N9040016329,0.328371366932423,0.2995086130221102,0.014431376955156422,,2025-09-12/2026-09-12,2023-09-13/2024-09-12
MY_N9040016328,0.29596934614007375,0.30853614134405205,-0.006283397601989149,,2025-09-12/2026-09-12,2023-09-13/2024-09-12
MY_N9040016326,0.36916242273207167,0.39671744529297304,-0.013777511280450683,,2025-09-12/2026-09-12,2023-09-13/2024-09-12
MY_W526039065,0.2162487462387162,0.3208640575932843,-0.05230765567728404,,2025-09-12/2026-09-12,2023-09-13/2024-09-12
MY_N13564516539,0.4714041506882344,0.4130318675449527,0.029186141571640845,,2025-09-12/2026-09-12,2023-09-13/2024-09-12
MY_N8899877343,0.44983137624045816,0.4427741703820559,0.0035286029292011245,,2025-09-12/2026-09-12,2023-09-13/2024-09-12
MY_N8899964140,0.22125657789826184,0.22555570546991385,-0.0021495637858260086,,2025-09-12/2026-09-12,2023-09-13/2024-09-12
MY_N8899964135,0.44632096895991824,0.35545210667508287,0.045434431142417686,,2025-09-12/2026-09-12,2023-09-13/2024-09-12
MY_N8899990561,0.44853483950847484,0.414486037313731,0.01702440109737191,,2025-09-12/2026-09-12,2023-09-13/2024-09-12
MY_N8899964134,0.5278721278721279,0.5096720021871479,0.009100062842489987,,2025-09-12/2026-09-12,2023-09-13/2024-09-12
MY_N11190210332,0.24661867493882839,0.29132690882134915,-0.022354116941260382,,2025-09-12/2026-09-12,2023-09-13/2024-09-12
MY_N11190210319,0.4006730595459489,0.41072342915660887,-0.005025184805329985,,2025-09-12/2026-09-12,2023-09-13/2024-09-12
MY_N8904189343,0.4287464598997174,0.34934125581666775,0.039702602041524815,,2025-09-12/2026-09-12,2023-09-13/2024-09-12
MY_N13502641928,0.40699568368759664,0.35330068556852756,0.02684749905953454,,2025-09-12/2026-09-12,2023-09-13/2024-09-12
MY_N8456957357,0.3740460957373005,0.4077872135875662,-0.01687055892513284,,2025-09-12/2026-09-12,2023-09-13/2024-09-12
MY_N13251167214,0.1372366520990638,0.14249271137026243,-0.0026280296355993132,,2025-09-12/2026-09-12,2023-09-13/2024-09-12
MY_W1262090419,0.21940458682777536,0.23429844097995545,-0.007446927076090043,,2025-09-12/2026-09-12,2023-09-13/2024-09-12
MY_N4027233384,0.32984555975227187,0.4291010946361598,-0.04962776744194397,,2025-09-12/2026-09-12,2023-09-13/2024-09-12
MY_N3989115263,0.4055557687142692,0.41321961620469083,-0.0038319237452108246,,2025-09-12/2026-09-12,2023-09-13/2024-09-12
MY_N8927264925,0.39678517124031576,0.36558263575079636,0.0156012677447597,,2025-09-12/2026-09-12,2023-09-13/2024-09-12
MY_N8022325824,0.4539544875896191,0.41368515205724515,0.02013466776618697,,2025-09-12/2026-09-12,2023-09-13/2024-09-12
MY_N13507319534,0.31241955058659115,0.36537928360960553,-0.02647986651150719,,2025-09-12/2026-09-12,2023-09-13/2024-09-12
MY_N13564968138,0.5343570353794515,0.5319230297333268,0.0012170028230623076,,2025-09-12/2026-09-12,2023-09-13/2024-09-12
MY_N610175376,0.5157261794634598,0.485969744142418,0.014878217660520887,,2025-09-12/2026-09-12,2023-09-13/2024-09-12
MY_N12383562688,0.4876229230247542,0.5357700718525461,-0.02407357441389596,,2025-09-12/2026-09-12,2023-09-13/2024-09-12
MY_N12383562687,0.5617309193650322,0.6038223617394516,-0.02104572118720971,,2025-09-12/2026-09-12,2023-09-13/2024-09-12
MY_N8930207046,0.23512694202349382,0.22962027197740958,0.0027533350230421194,,2025-09-12/2026-09-12,2023-09-13/2024-09-12
MY_N13564515921,0.6125992063492063,0.5438026519587473,0.034398277195229476,,2025-09-12/2026-09-12,2023-09-13/2024-09-12
MY_N8930320928,0.2811877518877103,0.32468695497115213,-0.021749601541720925,,2025-09-12/2026-09-12,2023-09-13/2024-09-12
MY_N13186063976,0.3282621651447406,0.21776929126331562,0.05524643694071249,,2025-09-12/2026-09-12,2023-09-13/2024-09-12
MY_N8935231315,0.3461265103056148,0.3530488504721678,-0.0034611700832764825,,2025-09-12/2026-09-12,2023-09-13/2024-09-12
MY_N8935231314,0.5468307395921438,0.4679089026915115,0.03946091845031616,,2025-09-12/2026-09-12,2023-09-13/2024-09-12
MY_N13544527378,0.34381385263333475,0.4046268898808025,-0.030406518623733864,,2025-09-12/2026-09-12,2023-09-13/2024-09-12
MY_N9040099170,0.26462463365239064,0.2905806314897224,-0.012977998918665884,,2025-09-12/2026-09-12,2023-09-13/2024-09-12
MY_W1264795110,0.2499825499268851,0.3164700345760415,-0.033243742324578204,,2025-09-12/2026-09-12,2023-09-13/2024-09-12
MY_N8971623432,0.24092233052163642,0.33445421589567675,-0.04676594268702017,,2025-09-12/2026-09-12,2023-09-13/2024-09-12
MY_N3902995318,0.5731905351067119,0.5725560116416474,0.0003172617325322702,,2025-09-12/2026-09-12,2023-09-13/2024-09-12
MY_W1265004387,0.33346602379670653,0.28581668309291286,0.023824670351896837,,2025-09-12/2026-09-12,2023-09-13/2024-09-12
MY_N8647935020,0.41824050545978986,0.5021561759573895,-0.04195783524879981,,2025-09-12/2026-09-12,2023-09-13/2024-09-12
MY_N8646761662,0.2866478810044305,0.32554343315895357,-0.01944777607726153,,2025-09-12/2026-09-12,2023-09-13/2024-09-12
MY_N8646761663,0.40146257741959557,0.37649151411843174,0.012485531650581916,,2025-09-12/2026-09-12,2023-09-13/2024-09-12
MY_N8645028382,0.2678829677633984,0.28248654559122516,-0.007301788913913365,,2025-09-12/2026-09-12,2023-09-13/2024-09-12
MY_N8979761302,0.13854923105025083,0.13281368245799907,0.0028677742961258773,,2025-09-12/2026-09-12,2023-09-13/2024-09-12
MY_N9040090261,0.588098458465757,0.6305620139501322,-0.021231777742187596,,2025-09-12/2026-09-12,2023-09-13/2024-09-12
MY_N3720847447,0.5603183067394069,0.4158646540370783,0.07222682635116429,,2025-09-12/2026-09-12,2023-09-13/2024-09-12
MY_N13013877873,0.3678080058512959,0.29978254116185155,0.034012732344722185,,2025-09-12/2026-09-12,2023-09-13/2024-09-12
MY_N9040032180,0.21572803281274644,0.18515536950571565,0.015286331653515395,,2025-09-12/2026-09-12,2023-09-13/2024-09-12
MY_N9040032179,0.46548718189712013,0.4518021202890266,0.006842530804046759,,2025-09-12/2026-09-12,2023-09-13/2024-09-12
MY_N13456366477,0.3562663883977698,0.33539328559762255,0.01043655140007363,,2025-09-12/2026-09-12,2023-09-13/2024-09-12
MY_N8982897335,0.36109254236872657,0.36045728085990514,0.00031763075441071376,,2025-09-12/2026-09-12,2023-09-13/2024-09-12
MY_N3902995316,0.3266173752310536,0.34182329261289723,-0.007602958690921813,,2025-09-12/2026-09-12,2023-09-13/2024-09-12
MY_N13526011249,0.5792465234976578,0.5919100421677338,-0.00633175933503799,,2025-09-12/2026-09-12,2023-09-13/2024-09-12
MY_N8987661324,0.5276317240872155,0.5090945836701698,0.009268570208522842,,2025-09-12/2026-09-12,2023-09-13/2024-09-12
MY_N13517883535,0.6085208076722676,0.6197167009367147,-0.005597946632223572,,2025-09-12/2026-09-12,2023-09-13/2024-09-12
MY_N3902995314,0.5003988831272438,0.45663574021782977,0.02188157145470701,,2025-09-12/2026-09-12,2023-09-13/2024-09-12
MY_N3902995315,0.18711777112639638,0.18868245107026016,-0.0007823399719318891,,2025-09-12/2026-09-12,2023-09-13/2024-09-12
MY_N13331200714,0.44749109752937644,0.37916666666666676,0.034162215431354837,,2025-09-12/2026-09-12,2023-09-13/2024-09-12
MY_N8785281387,0.2892976780064554,0.2858522452921295,0.0017227163571629511,,2025-09-12/2026-09-12,2023-09-13/2024-09-12
MY_N13331200716,0.32316487398445987,0.31383771164510893,0.004663581169675468,,2025-09-12/2026-09-12,2023-09-13/2024-09-12
MY_N13526994647,0.20560904848000675,0.21266761590889788,-0.0035292837144455663,,2025-09-12/2026-09-12,2023-09-13/2024-09-12
MY_N10701796645,0.3980402908938683,0.37547570581467393,0.011282292539597172,,2025-09-12/2026-09-12,2023-09-13/2024-09-12
MY_N8992708257,0.44250857649462283,0.5245851494991206,-0.04103828650224889,,2025-09-12/2026-09-12,2023-09-13/2024-09-12
MY_N12062187762,0.33692036574719053,0.31858686223483956,0.009166751756175484,,2025-09-12/2026-09-12,2023-09-13/2024-09-12
MY_N3902995313,0.5434271799034477,0.49745448269911124,0.02298634860216822,,2025-09-12/2026-09-12,2023-09-13/2024-09-12
MY_N3902995312,0.1487012370677382,0.13544001451972146,0.006630611274008366,,2025-09-12/2026-09-12,2023-09-13/2024-09-12
MY_W1497883954,0.42218613793692844,0.40552503512859384,0.008330551404167302,,2025-09-12/2026-09-12,2023-09-13/2024-09-12
MY_N9040072040,0.48456452070909906,0.49802923304319263,-0.006732356167046788,,2025-09-12/2026-09-12,2023-09-13/2024-09-12
MY_N13331200717,0.5148416956611575,0.47036797337278113,0.022236861144188158,,2025-09-12/2026-09-12,2023-09-13/2024-09-12
MY_N13331200718,0.4815016322089228,0.4833939490827705,-0.0009461584369238607,,2025-09-12/2026-09-12,2023-09-13/2024-09-12
MY_N8998441828,0.36397992098929827,0.2905387531963671,0.03672058389646557,,2025-09-12/2026-09-12,2023-09-13/2024-09-12
MY_N8998441829,0.36760207723009386,0.3293655283425533,0.01911827444377029,,2025-09-12/2026-09-12,2023-09-13/2024-09-12
MY_N3902995311,0.4817229395780484,0.5044408558740413,-0.01135895814799645,,2025-09-12/2026-09-12,2023-09-13/2024-09-12
MY_W843347331,0.3533916323132047,0.4567044665476413,-0.0516564171172183,,2025-09-12/2026-09-12,2023-09-13/2024-09-12
MY_W1304274095,0.45261782375765064,0.4754784688995215,-0.01143032257093543,,2025-09-12/2026-09-12,2023-09-13/2024-09-12
MY_N3902995310,0.4865291310381731,0.5355131059869278,-0.024491987474377364,,2025-09-12/2026-09-12,2023-09-13/2024-09-12
MY_N9003249367,0.6807054456373268,0.5043535310148357,0.08817595731124556,,2025-09-12/2026-09-12,2023-09-13/2024-09-12
MY_N9003249366,0.280873591290935,0.2007230502458869,0.040075270522524034,,2025-09-12/2026-09-12,2023-09-13/2024-09-12
MY_N9003249365,0.3059877722909574,0.310506009793738,-0.0022591187513902877,,2025-09-12/2026-09-12,2023-09-13/2024-09-12
MY_N8762031836,0.42539036512346895,0.4535138202156116,-0.014061727546071323,,2025-09-12/2026-09-12,2023-09-13/2024-09-12
MY_N3902995309,0.3760102503449636,0.3391786938512593,0.018415778246852144,,2025-09-12/2026-09-12,2023-09-13/2024-09-12
MY_N9004704904,0.22649742165807232,0.3368768744231715,-0.055189726382549584,,2025-09-12/2026-09-12,2023-09-13/2024-09-12
MY_N9004704891,0.5690547900172278,0.4796301646922854,0.04471231266247119,,2025-09-12/2026-09-12,2023-09-13/2024-09-12
MY_N5991600704,0.04955467031801618,0.11585860300737648,-0.03315196634468015,,2025-09-12/2026-09-12,2023-09-13/2024-09-12
MY_W1270085205,0.3677159854973293,0.4050750295059855,-0.018679522004328097,,2025-09-12/2026-09-12,2023-09-13/2024-09-12
MY_W1270085203,0.43156641648045324,0.3835140374679949,0.024026189506229173,,2025-09-12/2026-09-12,2023-09-13/2024-09-12
MY_W1270085213,0.5005528678931542,0.4625050668828537,0.019023900505150265,,2025-09-12/2026-09-12,2023-09-13/2024-09-12
MY_W1270085208,0.38762375541826344,0.3310033544532611,0.028310200482501158,,2025-09-12/2026-09-12,2023-09-13/2024-09-12
MY_N3902995303,0.4372748116606617,0.4832376925400181,-0.022981440439678202,,2025-09-12/2026-09-12,2023-09-13/2024-09-12
MY_W1098994137,0.4029215272248953,0.40526786667407455,-0.0011731697245896122,,2025-09-12/2026-09-12,2023-09-13/2024-09-12
MY_N8805785687,0.5201199156834722,0.5611876235831303,-0.020533853949829095,,2025-09-12/2026-09-12,2023-09-13/2024-09-12
MY_N3902995302,0.49171102350412577,0.4918976885168676,-9.333250637091894e-05,,2025-09-12/2026-09-12,2023-09-13/2024-09-12
MY_N8806058356,0.4847385272145144,0.44858948666563897,0.018074520274437705,,2025-09-12/2026-09-12,2023-09-13/2024-09-12
MY_N9040016373,0.4852094154515961,0.5024735271270289,-0.008632055837716368,,2025-09-12/2026-09-12,2023-09-13/2024-09-12
MY_N3902995301,0.5239443358985606,0.3453169347209083,0.08931370058882615,,2025-09-12/2026-09-12,2023-09-13/2024-09-12
MY_N9066954157,0.3423035104069587,0.3318096154617266,0.005246947472616059,,2025-09-12/2026-09-12,2023-09-13/2024-09-12
MY_N13481076521,0.2668482507575472,0.21292145438852023,0.026963398184513487,,2025-09-12/2026-09-12,2023-09-13/2024-09-12
MY_N13406960825,0.24566473988439305,0.12481380471247172,0.060425467585960665,,2025-09-12/2026-09-12,2023-09-13/2024-09-12
MY_N9084071195,0.43322636326582215,0.4623728240181604,-0.014573230376169116,,2025-09-12/2026-09-12,2023-09-13/2024-09-12
MY_N13651261629,0.33895032473231523,0.34669397308367467,-0.0038718241756797167,,2025-09-12/2026-09-12,2023-09-13/2024-09-12
MY_N13522010386,0.15509588839200816,0.1621602605351164,-0.0035321860715541165,,2025-09-12/2026-09-12,2023-09-13/2024-09-12
MY_N3902995275,0.46256143394044524,0.4566687615697028,0.0029463361853712122,,2025-09-12/2026-09-12,2023-09-13/2024-09-12
MY_N13415562182,0.28569482752749686,0.29893059642575187,-0.0066178844491275035,,2025-09-12/2026-09-12,2023-09-13/2024-09-12
MY_N13415595016,0.25783194261455133,0.23577988731959554,0.011026027647477898,,2025-09-12/2026-09-12,2023-09-13/2024-09-12
MY_N13415562181,0.2728328584126405,0.2836305900394839,-0.005398865813421694,,2025-09-12/2026-09-12,2023-09-13/2024-09-12
MY_N13415562180,0.39619298018523597,0.3347695126635312,0.030711733760852372,,2025-09-12/2026-09-12,2023-09-13/2024-09-12
MY_N5365310004,0.003231017770597775,0.01734178523570113,-0.0070553837325516774,,2025-09-12/2026-09-12,2023-09-13/2024-09-12
MY_N8176878231,0.2560814247292189,0.28499307873951635,-0.01445582700514872,,2025-09-12/2026-09-12,2023-09-13/2024-09-12
MY_N6643210358,0.34930677076322525,0.2967140755272193,0.02629634761800298,,2025-09-12/2026-09-12,2023-09-13/2024-09-12
MY_N11151660426,0.5313844162765026,0.5150629563822289,0.008160729947136847,,2025-09-12/2026-09-12,2023-09-13/2024-09-12
MY_W1201224318,0.4652007995638743,0.4570579185854254,0.004071440489224448,,2025-09-12/2026-09-12,2023-09-13/2024-09-12
MY_W1267147816,0.17330095089120326,0.1953399511114645,-0.011019500110130614,,2025-09-12/2026-09-12,2023-09-13/2024-09-12
MY_W1267147818,0.13511420828494,0.12666989171262777,0.004222158286156116,,2025-09-12/2026-09-12,2023-09-13/2024-09-12
MY_W1267147817,0.3199079354730326,0.29556545589997685,0.012171239786527871,,2025-09-12/2026-09-12,2023-09-13/2024-09-12
MY_W1267147815,0.5609048305804704,0.548233543565971,0.006335643507249689,,2025-09-12/2026-09-12,2023-09-13/2024-09-12
MY_W1267147829,0.579420344405759,0.5299983915071579,0.024710976449300537,,2025-09-12/2026-09-12,2023-09-13/2024-09-12
MY_W1267147827,0.283336910682203,0.2890051472449582,-0.0028341182813775845,,2025-09-12/2026-09-12,2023-09-13/2024-09-12
MY_W1267147830,0.2830526692941598,0.2798507462686567,0.0016009615127515475,,2025-09-12/2026-09-12,2023-09-13/2024-09-12
MY_W1267147836,0.29481297391652117,0.24751168522788544,0.023650644344317864,,2025-09-12/2026-09-12,2023-09-13/2024-09-12
MY_N11139114232,0.23744331308291267,0.2365568987077949,0.0004432071875588861,,2025-09-12/2026-09-12,2023-09-13/2024-09-12
MY_N11139114233,0.16486824433844305,0.17132199861207492,-0.0032268771368159366,,2025-09-12/2026-09-12,2023-09-13/2024-09-12
MY_W1267147841,0.19573990098597993,0.166575392479007,0.01458225425348647,,2025-09-12/2026-09-12,2023-09-13/2024-09-12
MY_N13617864927,0.3820966539398366,0.37644192020667944,0.0028273668665785845,,2025-09-12/2026-09-12,2023-09-13/2024-09-12
MY_W1267064693,0.5244285933425372,0.5103150712131452,0.007056761064695993,,2025-09-12/2026-09-12,2023-09-13/2024-09-12
MY_N13430456062,0.08944938667623015,0.08595850941221665,0.0017454386320067475,,2025-09-12/2026-09-12,2023-09-13/2024-09-12
MY_N3902995238,0.5300485993124975,0.45632798573975036,0.03686030678637356,,2025-09-12/2026-09-12,2023-09-13/2024-09-12
MY_N8614668705,0.5406161836972582,0.5014780053251433,0.01956908918605743,,2025-09-12/2026-09-12,2023-09-13/2024-09-12
MY_W1304210537,0.44819935721978876,0.505370796352377,-0.028585719566294132,,2025-09-12/2026-09-12,2023-09-13/2024-09-12
MY_W1304210538,0.3312282425020819,0.35153822249844635,-0.010154989998182234,,2025-09-12/2026-09-12,2023-09-13/2024-09-12
MY_W1304210539,0.22061459953783927,0.2636149591185027,-0.02150017979033171,,2025-09-12/2026-09-12,2023-09-13/2024-09-12
MY_W1304210547,0.2891584945152913,0.2757917535968052,0.006683370459243054,,2025-09-12/2026-09-12,2023-09-13/2024-09-12
MY_W1304210549,0.21860588861298338,0.1848184818481849,0.016893703382399247,,2025-09-12/2026-09-12,2023-09-13/2024-09-12
MY_W1304967763,0.3360592895476616,0.3358471397311661,0.00010607490824776633,,2025-09-12/2026-09-12,2023-09-13/2024-09-12
MY_N8191059241,0.6999671622461008,0.7263671875,-0.013200012626949587,,2025-09-12/2026-09-12,2023-09-13/2024-09-12
MY_N13103284367,0.6241920952642093,0.6548330544266474,-0.01532047958121907,,2025-09-12/2026-09-12,2023-09-13/2024-09-12
MY_N8439185733,0.37232434599248554,0.4401680825709062,-0.033921868289210344,,2025-09-12/2026-09-12,2023-09-13/2024-09-12
MY_N13165619831,0.12329858345166761,0.2714814386492425,-0.07409142759878745,,2025-09-12/2026-09-12,2023-09-13/2024-09-12
MY_N7848117003,0.43108795434809577,0.4368122839893879,-0.0028621648206460515,,2025-09-12/2026-09-12,2023-09-13/2024-09-12
MY_N8422298542,0.33645643762862,0.31408740160533566,0.011184518011642164,,2025-09-12/2026-09-12,2023-09-13/2024-09-12
MY_N2894780935,0.4514760004965679,0.44999461728926704,0.000740691603650423,,2025-09-12/2026-09-12,2023-09-13/2024-09-12
MY_N8617095383,0.2646930779277318,0.2369077306733167,0.013892673627207544,,2025-09-12/2026-09-12,2023-09-13/2024-09-12
MY_N8637257819,0.34836243593084876,0.3486231140768883,-0.000130339073019764,,2025-09-12/2026-09-12,2023-09-13/2024-09-12
MY_N8418750930,0.393326081889519,0.4712622435778969,-0.03896808084418896,,2025-09-12/2026-09-12,2023-09-13/2024-09-12
MY_N8637709581,0.11363917665920778,0.20968009282280792,-0.04802045808180007,,2025-09-12/2026-09-12,2023-09-13/2024-09-12
MY_N8621891632,0.2397206834672701,0.20439537575690525,0.017662653855182425,,2025-09-12/2026-09-12,2023-09-13/2024-09-12
MY_W1303810175,0.39671316644372245,0.394964050945411,0.0008745577491557355,,2025-09-12/2026-09-12,2023-09-13/2024-09-12
MY_W1303810174,0.2734907363070463,0.29529293676847257,-0.01090110023071314,,2025-09-12/2026-09-12,2023-09-13/2024-09-12
MY_W1303814691,0.59084823358173,0.6370888070850986,-0.023120286751684316,,2025-09-12/2026-09-12,2023-09-13/2024-09-12
MY_W1303814692,0.3853658536585366,0.41963015647226176,-0.017132151406862584,,2025-09-12/2026-09-12,2023-09-13/2024-09-12
MY_W1303814690,0.5798176599480845,0.6210679760626054,-0.02062515805726045,,2025-09-12/2026-09-12,2023-09-13/2024-09-12
MY_W1303814689,0.41020458670186444,0.362130032976428,0.024037276862718226,,2025-09-12/2026-09-12,2023-09-13/2024-09-12
MY_N6700401660,0.37329408616537335,0.49615833554924027,-0.06143212469193346,,2025-09-12/2026-09-12,2023-09-13/2024-09-12
MY_N3902995237,0.29422946941534306,0.33867685307571255,-0.022223691830184744,,2025-09-12/2026-09-12,2023-09-13/2024-09-12
MY_N3902995230,0.32197181463847524,0.31715849835570264,0.0024066581413862975,,2025-09-12/2026-09-12,2023-09-13/2024-09-12
MY_N3902995227,0.44094990359588737,0.4207002258793159,0.010124838858285745,,2025-09-12/2026-09-12,2023-09-13/2024-09-12
MY_W229952243,0.22002361052776948,0.24264275969596572,-0.01130957458409812,,2025-09-12/2026-09-12,2023-09-13/2024-09-12
MY_N9038753536,0.26063386155129276,0.2746731336988612,-0.0070196360737842245,,2025-09-12/2026-09-12,2023-09-13/2024-09-12
MY_N4553240899,0.3080351610032783,0.2883908022778954,0.009822179362691474,,2025-09-12/2026-09-12,2023-09-13/2024-09-12
MY_N4553240947,0.33570467217842725,0.4336606668515406,-0.04897799733655667,,2025-09-12/2026-09-12,2023-09-13/2024-09-12
MY_N4540536734,0.23052079127977387,0.3492823069763647,-0.05938075784829541,,2025-09-12/2026-09-12,2023-09-13/2024-09-12
MY_N4540518868,0.41340396969885385,0.4325589459084605,-0.009577488104803328,,2025-09-12/2026-09-12,2023-09-13/2024-09-12
MY_N9040373402,0.3238715039769351,0.3675102344622256,-0.021819365242645244,,2025-09-12/2026-09-12,2023-09-13/2024-09-12
MY_N9040090263,0.4446799205520152,0.4587083127654631,-0.0070141961067239356,,2025-09-12/2026-09-12,2023-09-13/2024-09-12
MY_N11158439300,0.38131192074145104,0.4481285598047192,-0.03340831953163409,,2025-09-12/2026-09-12,2023-09-13/2024-09-12
MY_N8194411065,0.31774141019377944,0.3244651774539533,-0.003361883630086937,,2025-09-12/2026-09-12,2023-09-13/2024-09-12
MY_N8194411066,0.3290297508528003,0.2868978443421075,0.02106595325534638,,2025-09-12/2026-09-12,2023-09-13/2024-09-12
MY_N8194478063,0.1955521472392638,0.21594099471412542,-0.010194423737430805,,2025-09-12/2026-09-12,2023-09-13/2024-09-12
MY_N4540518856,0.40664558132241646,0.2761156203322277,0.06526498049509438,,2025-09-12/2026-09-12,2023-09-13/2024-09-12
MY_N8194554171,0.43794342573075273,0.45465094743588974,-0.008353760852568504,,2025-09-12/2026-09-12,2023-09-13/2024-09-12
MY_N8194311012,0.3423498635412082,0.3967580084909301,-0.027204072474860952,,2025-09-12/2026-09-12,2023-09-13/2024-09-12
MY_N8194411113,0.3693272969472991,0.397823995263119,-0.014248349157909956,,2025-09-12/2026-09-12,2023-09-13/2024-09-12
MY_N8296464154,0.38603996035265264,0.36792925166258794,0.009055354345032351,,2025-09-12/2026-09-12,2023-09-13/2024-09-12
MY_N4540518855,0.6051766890552468,0.5873174866124745,0.008929601221386141,,2025-09-12/2026-09-12,2023-09-13/2024-09-12
MY_N8296464134,0.4252645335494653,0.4829697323771799,-0.02885259941385729,,2025-09-12/2026-09-12,2023-09-13/2024-09-12
MY_N8242471252,0.3622410039611028,0.3799972876037827,-0.008878141821339947,,2025-09-12/2026-09-12,2023-09-13/2024-09-12
MY_N8242031174,0.45225797907561915,0.5048881061181776,-0.026315063521279214,,2025-09-12/2026-09-12,2023-09-13/2024-09-12
MY_N8194880382,0.31714324190869503,0.2682785299806577,0.02443235596401866,,2025-09-12/2026-09-12,2023-09-13/2024-09-12
MY_N8194310997,0.3295917938369698,0.36283397899277137,-0.016621092577900787,,2025-09-12/2026-09-12,2023-09-13/2024-09-12
MY_N5046482112,0.34942594253818743,0.3459368369914582,0.001744552773364605,,2025-09-12/2026-09-12,2023-09-13/2024-09-12
MY_N9040477852,0.338908024596628,0.4159914152250464,-0.0385416953142092,,2025-09-12/2026-09-12,2023-09-13/2024-09-12
MY_N8242137991,0.3637885006176037,0.3183760683760684,0.022706216120767647,,2025-09-12/2026-09-12,2023-09-13/2024-09-12
MY_N3902995226,0.33213538169898504,0.28871240024554945,0.021711490726717797,,2025-09-12/2026-09-12,2023-09-13/2024-09-12
MY_N8248283073,0.37191950534453844,0.3623186086214255,0.004800448361556464,,2025-09-12/2026-09-12,2023-09-13/2024-09-12
MY_N5249581791,0.5150672790266699,0.6023097264788537,-0.043621223726091896,,2025-09-12/2026-09-12,2023-09-13/2024-09-12
MY_N7010113806,0.3644168017169638,0.28821656050955413,0.03810012060370482,,2025-09-12/2026-09-12,2023-09-13/2024-09-12
MY_N9038753537,0.5055771614171546,0.42561640936793926,0.03998037602460766,,2025-09-12/2026-09-12,2023-09-13/2024-09-12
MY_N10290743704,0.3671476940828624,0.4495287198904375,-0.04119051290378756,,2025-09-12/2026-09-12,2023-09-13/2024-09-12
MY_N13142317645,0.5988323783472265,0.6500559016131608,-0.02561176163296719,,2025-09-12/2026-09-12,2023-09-13/2024-09-12
MY_N8850585799,0.4692398016534689,0.39753149255417974,0.03585415454964458,,2025-09-12/2026-09-12,2023-09-13/2024-09-12
MY_N8297204273,0.3064720339614211,0.36712048477217285,-0.030324225405375882,,2025-09-12/2026-09-12,2023-09-13/2024-09-12
MY_N8297308060,0.4959271681839961,0.5534891242823644,-0.02878097804918414,,2025-09-12/2026-09-12,2023-09-13/2024-09-12
MY_N8297308061,0.3166443474880124,0.36468178964835785,-0.024018721080172722,,2025-09-12/2026-09-12,2023-09-13/2024-09-12
MY_N9040373401,0.34173908570510353,0.3559015378755415,-0.0070812260852189945,,2025-09-12/2026-09-12,2023-09-13/2024-09-12
MY_N8300544984,0.09693638727006526,0.22047145364875034,-0.06176753318934254,,2025-09-12/2026-09-12,2023-09-13/2024-09-12
MY_N8300543972,0.38918385045216175,0.3809571959946772,0.004113327228742275,,2025-09-12/2026-09-12,2023-09-13/2024-09-12
MY_N8254539319,0.2244464731794263,0.19173918643147642,0.016353643373974935,,2025-09-12/2026-09-12,2023-09-13/2024-09-12
MY_N9038719772,0.19041599178287832,0.1870982552800735,0.0016588682514024067,,2025-09-12/2026-09-12,2023-09-13/2024-09-12
MY_N9038719774,0.06895506554519966,0.08912799100690552,-0.010086462730852931,,2025-09-12/2026-09-12,2023-09-13/2024-09-12
MY_N9038719773,0.110134114930278,0.11670656634746918,-0.0032862257085955887,,2025-09-12/2026-09-12,2023-09-13/2024-09-12
MY_N9038719827,0.09921322183185707,0.0986750671731678,0.0002690773293446344,,2025-09-12/2026-09-12,2023-09-13/2024-09-12
MY_N9038719771,0.3447082539650985,0.35740333344450836,-0.006347539739704922,,2025-09-12/2026-09-12,2023-09-13/2024-09-12
MY_N11388841309,0.017280946719385012,0.3036189653931937,-0.14316900933690435,,2025-09-12/2026-09-12,2023-09-13/2024-09-12
MY_N11388880572,0.07027896995708155,0.25427611369873016,-0.0919985718708243,,2025-09-12/2026-09-12,2023-09-13/2024-09-12
MY_N8254392355,0.213635197571639,0.22895860815718666,-0.007661705292773824,,2025-09-12/2026-09-12,2023-09-13/2024-09-12
MY_N10948802708,0.04461469130238849,0.04064905539696212,0.001982817952713184,,2025-09-12/2026-09-12,2023-09-13/2024-09-12
MY_N11388862435,0.06349239471695081,0.09463363166438979,-0.015570618473719489,,2025-09-12/2026-09-12,2023-09-13/2024-09-12
MY_N11388862434,0.09225842020255243,0.0806809114283181,0.005788754387117165,,2025-09-12/2026-09-12,2023-09-13/2024-09-12
MY_N11360752509,0.1880803933042707,0.18122605363984667,0.0034271698322120153,,2025-09-12/2026-09-12,2023-09-13/2024-09-12
MY_N13325808685,0.43920370913397955,0.38745719949540464,0.025873254819287456,,2025-09-12/2026-09-12,2023-09-13/2024-09-12
MY_N11360752510,0.17214571444574667,0.21822944725933008,-0.023041866406791706,,2025-09-12/2026-09-12,2023-09-13/2024-09-12
MY_N9040072038,0.26484550678770724,0.3489260548433653,-0.04204027402782903,,2025-09-12/2026-09-12,2023-09-13/2024-09-12
MY_N9040477851,0.19323922858077944,0.1704318521357288,0.011403688222525313,,2025-09-12/2026-09-12,2023-09-13/2024-09-12
MY_N9040477850,0.41666666666666674,0.44560974635664397,-0.014471539844988612,,2025-09-12/2026-09-12,2023-09-13/2024-09-12
MY_N9040016330,0.6707345390766707,0.6791394203600548,-0.004202440641692062,,2025-09-12/2026-09-12,2023-09-13/2024-09-12
MY_N10948101724,0.32667034387786353,0.4444509918025206,-0.058890323962328545,,2025-09-12/2026-09-12,2023-09-13/2024-09-12
MY_N8302956903,0.11415584376767574,0.10494494691309482,0.004605448427290458,,2025-09-12/2026-09-12,2023-09-13/2024-09-12
MY_N8302956904,0.1400993906042988,0.14272203593844035,-0.0013113226670707773,,2025-09-12/2026-09-12,2023-09-13/2024-09-12
MY_N10948101740,0.3691238817873913,0.3622112885357011,0.0034562966258450956,,2025-09-12/2026-09-12,2023-09-13/2024-09-12
MY_N8302956902,0.14332718763213748,0.13476591345443806,0.004280637088849709,,2025-09-12/2026-09-12,2023-09-13/2024-09-12
MY_N8302956901,0.09728376035445965,0.10044060824999815,-0.0015784239477692474,,2025-09-12/2026-09-12,2023-09-13/2024-09-12
MY_N8302956900,0.3288390113204873,0.3059362209716432,0.011451395174422063,,2025-09-12/2026-09-12,2023-09-13/2024-09-12
MY_N10948101726,0.5460434615458496,0.35975763696036356,0.09314291229274302,,2025-09-12/2026-09-12,2023-09-13/2024-09-12
MY_N10948101725,0.061174250481950604,0.05225581042078083,0.004459220030584889,,2025-09-12/2026-09-12,2023-09-13/2024-09-12
MY_N9040016331,0.20598784497359773,0.2140265163679576,-0.004019335697179938,,2025-09-12/2026-09-12,2023-09-13/2024-09-12
MY_W1388820991,0.32343024416518307,0.3248840554204029,-0.0007269056276099084,,2025-09-12/2026-09-12,2023-09-13/2024-09-12
MY_N9040431790,0.20986519607843135,0.20198409151845564,0.003940552279987852,,2025-09-12/2026-09-12,2023-09-13/2024-09-12
MY_N8387910052,0.4335075863827617,0.4332763710857707,0.0001156076484954971,,2025-09-12/2026-09-12,2023-09-13/2024-09-12
MY_W1315843998,0.36501929158421365,0.412068095440294,-0.023524401928040173,,2025-09-12/2026-09-12,2023-09-13/2024-09-12
MY_N8182722420,0.2026408450704226,0.29456802063185045,-0.045963587780713924,,2025-09-12/2026-09-12,2023-09-13/2024-09-12
MY_N8387123936,0.12407857587774959,0.12945794898570903,-0.00268968655397972,,2025-09-12/2026-09-12,2023-09-13/2024-09-12
MY_N11167076406,0.5701218310136813,0.5058802405961038,0.032120795208788744,,2025-09-12/2026-09-12,2023-09-13/2024-09-12
MY_N8381293209,0.19481971610111665,0.1635258124193673,0.015646951840874668,,2025-09-12/2026-09-12,2023-09-13/2024-09-12
MY_N8381065572,0.2959874352645848,0.27828124309270147,0.008853096085941675,,2025-09-12/2026-09-12,2023-09-13/2024-09-12
MY_N9841737653,0.4474535165723525,0.4945826645264848,-0.023564573977066156,,2025-09-12/2026-09-12,2023-09-13/2024-09-12
MY_N9040072039,0.3928074706934234,0.40250071352770767,-0.004846621417142122,,2025-09-12/2026-09-12,2023-09-13/2024-09-12
MY_N8377840940,0.542728124733748,0.4717145343777198,0.03550679517801408,,2025-09-12/2026-09-12,2023-09-13/2024-09-12
MY_N13722751040,0.3491464828303475,0.36711560699312806,-0.008984562081390285,,2025-09-12/2026-09-12,2023-09-13/2024-09-12
MY_N11147435458,0.2639835551227957,0.30010640786820464,-0.01806142637270447,,2025-09-12/2026-09-12,2023-09-13/2024-09-12
MY_W1387401029,0.5235650583723674,0.5247333304651343,-0.00058413604638341,,2025-09-12/2026-09-12,2023-09-13/2024-09-12
MY_W446330609,0.4632809383365807,0.38641315046960345,0.038433893933488616,,2025-09-12/2026-09-12,2023-09-13/2024-09-12
MY_N12889290985,0.34296993872599424,0.3592218137254902,-0.008125937499747993,,2025-09-12/2026-09-12,2023-09-13/2024-09-12
MY_N12889290986,0.2544371354102023,0.27105006501950585,-0.008306464804651775,,2025-09-12/2026-09-12,2023-09-13/2024-09-12
MY_N12889290231,0.2660688645423192,0.2865997866899395,-0.010265461073810156,,2025-09-12/2026-09-12,2023-09-13/2024-09-12
MY_W1450150668,0.09713037316957962,0.25766761471563365,-0.08026862077302702,,2025-09-12/2026-09-12,2023-09-13/2024-09-12
MY_N13889784607,0.6517270738615351,0.642857361146216,0.0044348563576595,,2025-09-12/2026-09-12,2023-09-13/2024-09-12
MY_N3623334350,0.11070272162422333,0.10293713972001098,0.0038827909521061757,,2025-09-12/2026-09-12,2023-09-13/2024-09-12
MY_N3623367413,0.0871839581517001,0.0809545807897389,0.0031146886809806026,,2025-09-12/2026-09-12,2023-09-13/2024-09-12
MY_N12773184677,0.4617742862617359,0.36062495448482845,0.05057466588845372,,2025-09-12/2026-09-12,2023-09-13/2024-09-12
MY_N3573581293,0.18795180722891563,0.2239263803680982,-0.017987286569591282,,2025-09-12/2026-09-12,2023-09-13/2024-09-12
MY_N2782631993,0.4729118595043986,0.5024311183144247,-0.01475962940501302,,2025-09-12/2026-09-12,2023-09-13/2024-09-12
MY_N13889774655,0.6417322450700949,0.825079179736093,-0.09167346733299908,,2025-09-12/2026-09-12,2023-09-13/2024-09-12
MY_N13889776578,0.25530069977727443,0.19812257423955235,0.028589062768861043,,2025-09-12/2026-09-12,2023-09-13/2024-09-12
MY_N13891743611,0.32876936951709435,0.2299065420560747,0.04943141373050983,,2025-09-12/2026-09-12,2023-09-13/2024-09-12
MY_N6745537235,0.3968034474940657,0.44865854628924673,-0.02592754939759051,,2025-09-12/2026-09-12,2023-09-13/2024-09-12
MY_N6745537234,0.4555222097393726,0.35711316205204957,0.0492045238436615,,2025-09-12/2026-09-12,2023-09-13/2024-09-12
MY_N6745537233,0.49074773694727136,0.4949638885213965,-0.002108075787062569,,2025-09-12/2026-09-12,2023-09-13/2024-09-12
MY_N6759131549,0.3236520382220962,0.29487036830978086,0.014390834956157672,,2025-09-12/2026-09-12,2023-09-13/2024-09-12
MY_N12548986934,0.2807565650595289,0.2741843625416971,0.003286101258915902,,2025-09-12/2026-09-12,2023-09-13/2024-09-12
MY_N6451638812,0.6007914734482066,0.5617036487693746,0.019543912339415992,,2025-09-12/2026-09-12,2023-09-13/2024-09-12
MY_N10802588447,0.4771038120354831,0.4171731203333912,0.029965345851045933,,2025-09-12/2026-09-12,2023-09-13/2024-09-12
MY_N10802588425,0.38281460089435815,0.35778138123154957,0.01251660983140429,,2025-09-12/2026-09-12,2023-09-13/2024-09-12
MY_N10801806749,0.43720547535342963,0.5876819892033373,-0.07523825692495381,,2025-09-12/2026-09-12,2023-09-13/2024-09-12
MY_N5067194637,0.44353221998664116,0.41514430406718894,0.014193957959726111,,2025-09-12/2026-09-12,2023-09-13/2024-09-12
MY_N11526632808,0.4011012282930962,0.410063988578414,-0.004481380142658892,,2025-09-12/2026-09-12,2023-09-13/2024-09-12
MY_N6457937009,0.30536592080120983,0.28982847988742577,0.007768720456892031,,2025-09-12/2026-09-12,2023-09-13/2024-09-12
MY_N10746755999,0.3177982503677324,0.2855907654073679,0.01610374248018226,,2025-09-12/2026-09-12,2023-09-13/2024-09-12
MY_N10746755997,0.31154461104082354,0.3053529996685449,0.003095805686139319,,2025-09-12/2026-09-12,2023-09-13/2024-09-12
MY_N10746755998,0.21740621433288365,0.20099836550779696,0.008203924412543348,,2025-09-12/2026-09-12,2023-09-13/2024-09-12
MY_W1425495547,0.31348325298232316,0.29653752361329794,0.00847286468451261,,2025-09-12/2026-09-12,2023-09-13/2024-09-12
MY_N10780423481,0.3331133298976097,0.2898864719646416,0.02161342896648405,,2025-09-12/2026-09-12,2023-09-13/2024-09-12
MY_N5257595022,0.03041677452756925,0.056540488739817915,-0.013061857106124333,,2025-09-12/2026-09-12,2023-09-13/2024-09-12
MY_N10771843285,0.5298499299423713,0.4748668582770391,0.027491535832666114,,2025-09-12/2026-09-12,2023-09-13/2024-09-12
MY_N11962284837,0.19780169731424913,0.21313077860031554,-0.0076645406430332075,,2025-09-12/2026-09-12,2023-09-13/2024-09-12
MY_N10780417393,0.24570388554981804,0.19735791826309063,0.024172983643363705,,2025-09-12/2026-09-12,2023-09-13/2024-09-12
MY_N9696620835,0.36787412381745993,0.3645082063077463,0.0016829587548568281,,2025-09-12/2026-09-12,2023-09-13/2024-09-12
MY_N5063253063,0.361208318249467,0.3556297936757802,0.002789262286843397,,2025-09-12/2026-09-12,2023-09-13/2024-09-12
MY_N6628565568,0.32296077334824635,0.294510261972301,0.014225255687972671,,2025-09-12/2026-09-12,2023-09-13/2024-09-12
MY_N9810094393,0.2946714743589744,0.288148227372653,0.003261623493160698,,2025-09-12/2026-09-12,2023-09-13/2024-09-12
MY_N14017237793,0.15891666987710434,0.0404639906902669,0.05922633959341872,,2025-09-12/2026-09-12,2023-09-13/2024-09-12
MY_N3765699308,0.18436893765594703,0.21192001852852616,-0.013775540436289563,,2025-09-12/2026-09-12,2023-09-13/2024-09-12
MY_N3765699325,0.17618656416381562,0.16420851451194812,0.0059890248259337475,,2025-09-12/2026-09-12,2023-09-13/2024-09-12
MY_N3765699324,0.5746479183902307,0.5215528001997173,0.02654755909525669,,2025-09-12/2026-09-12,2023-09-13/2024-09-12
MY_N3765691973,0.38423265563947506,0.3762161043262264,0.004008275656624344,,2025-09-12/2026-09-12,2023-09-13/2024-09-12
MY_N3765686551,0.30994295773479025,0.3422131308427342,-0.016135086553971972,,2025-09-12/2026-09-12,2023-09-13/2024-09-12
MY_N12265504950,0.5106544488622722,0.4658722256531175,0.02239111160457735,,2025-09-12/2026-09-12,2023-09-13/2024-09-12
MY_N12265504949,0.2527577025215772,0.2442418769932353,0.004257912764170951,,2025-09-12/2026-09-12,2023-09-13/2024-09-12
MY_N13104827528,0.19466855552401474,0.06917554115762725,0.06274650718319374,,2025-09-12/2026-09-12,2023-09-13/2024-09-12
MY_N12266043339,0.4933451464142482,0.4295035132422207,0.031920816586013756,,2025-09-12/2026-09-12,2023-09-13/2024-09-12
MY_N4971032710,0.3998482358125971,0.3671472910855301,0.016350472363533486,,2025-09-12/2026-09-12,2023-09-13/2024-09-12
MY_N12270851329,0.5126907833712792,0.4794591783671347,0.01661580250207223,,2025-09-12/2026-09-12,2023-09-13/2024-09-12
MY_N11482095447,0.34534270650263627,0.35910412404436315,-0.006880708770863442,,2025-09-12/2026-09-12,2023-09-13/2024-09-12
MY_N11484371222,0.5068607068607068,0.4544357581361013,0.026212474362302757,,2025-09-12/2026-09-12,2023-09-13/2024-09-12
MY_N12124802651,0.5256933168313188,0.6195523161161989,-0.04692949964244003,,2025-09-12/2026-09-12,2023-09-13/2024-09-12
MY_N11482649670,0.25261973266517324,0.2809854576681711,-0.014182862501498944,,2025-09-12/2026-09-12,2023-09-13/2024-09-12
MY_N12419607083,0.43122306237854263,0.39778421336816266,0.016719424505189984,,2025-09-12/2026-09-12,2023-09-13/2024-09-12
MY_N12120294219,0.3983732322765505,0.4145543744889616,-0.008090571106205535,,2025-09-12/2026-09-12,2023-09-13/2024-09-12
MY_N12116945444,0.39375424304141216,0.36891433360148507,0.012419954719963544,,2025-09-12/2026-09-12,2023-09-13/2024-09-12
MY_N11730767539,0.13528447169542282,0.6087945135145048,-0.23675502090954098,,2025-09-12/2026-09-12,2023-09-13/2024-09-12
MY_N12260551262,0.38767950474450696,0.4254679845506485,-0.018894239903070764,,2025-09-12/2026-09-12,2023-09-13/2024-09-12
MY_N11463362309,0.3287929767102113,0.3888767711746366,-0.03004189723221265,,2025-09-12/2026-09-12,2023-09-13/2024-09-12
MY_N11496601911,0.33317362621162416,0.3530068368913074,-0.009916605339841622,,2025-09-12/2026-09-12,2023-09-13/2024-09-12
MY_N11496601910,0.246944795617362,0.23875461564283307,0.004095089987264461,,2025-09-12/2026-09-12,2023-09-13/2024-09-12
MY_N11727753196,0.43916595319952545,0.46566573985018583,-0.013249893325330192,,2025-09-12/2026-09-12,2023-09-13/2024-09-12
MY_N12084295135,0.3680518767821046,0.46839224548618896,-0.05017018435204218,,2025-09-12/2026-09-12,2023-09-13/2024-09-12
MY_N12407437060,0.5112229102167183,0.47061043099111194,0.020306239612803173,,2025-09-12/2026-09-12,2023-09-13/2024-09-12
MY_N11794540712,0.6038334714859379,0.5268150021736553,0.03850923465614131,,2025-09-12/2026-09-12,2023-09-13/2024-09-12
MY_N12058759613,0.4827570941608747,0.5774054281620626,-0.04732416700059397,,2025-09-12/2026-09-12,2023-09-13/2024-09-12
MY_N11496879857,0.32537774725274726,0.22692995282763276,0.04922389721255725,,2025-09-12/2026-09-12,2023-09-13/2024-09-12
MY_N12110472263,0.1713997947115749,0.18350441698837905,-0.006052311138402072,,2025-09-12/2026-09-12,2023-09-13/2024-09-12
MY_N12238462274,0.3658903645735355,0.3904427249355048,-0.012276180180984642,,2025-09-12/2026-09-12,2023-09-13/2024-09-12
MY_N12063268241,0.3420692558678034,0.3092748158351614,0.01639722001632099,,2025-09-12/2026-09-12,2023-09-13/2024-09-12
MY_N11795630828,0.32440171449911814,0.3039009835340923,0.01025036548251293,,2025-09-12/2026-09-12,2023-09-13/2024-09-12
MY_N11487000566,0.2811662670991397,0.3077899166593856,-0.013311824780122938,,2025-09-12/2026-09-12,2023-09-13/2024-09-12
MY_N12273248580,0.47414601539906076,0.4280663822163262,0.02303981659136728,,2025-09-12/2026-09-12,2023-09-13/2024-09-12
MY_N11496907513,0.4341361039081776,0.40828748206339116,0.012924310922393212,,2025-09-12/2026-09-12,2023-09-13/2024-09-12
MY_N11584058118,0.26486236409900527,0.2610386967178754,0.0019118336905649402,,2025-09-12/2026-09-12,2023-09-13/2024-09-12
MY_N12205012364,0.17158155872386427,0.15967337699086429,0.005954090866499992,,2025-09-12/2026-09-12,2023-09-13/2024-09-12
MY_N12408552579,0.3999347583446644,0.4100767022392213,-0.005070971947278458,,2025-09-12/2026-09-12,2023-09-13/2024-09-12
MY_N12177011821,0.049109372398868006,0.0378068593913884,0.005651256503739804,,2025-09-12/2026-09-12,2023-09-13/2024-09-12
MY_N12177011820,0.06758344485073085,0.047180461543821745,0.010201491653454554,,2025-09-12/2026-09-12,2023-09-13/2024-09-12
MY_N12177011819,0.046448087431693943,0.028949907886656762,0.00874908977251859,,2025-09-12/2026-09-12,2023-09-13/2024-09-12
MY_N11875484220,0.513128370664882,0.49492184097040826,0.009103264847236892,,2025-09-12/2026-09-12,2023-09-13/2024-09-12
MY_W1235093106,0.09550183363520579,0.1165364984622541,-0.010517332413524157,,2025-09-12/2026-09-12,2023-09-13/2024-09-12
MY_N12177011818,0.009643101578965117,0.009222133119486753,0.00021048422973918204,,2025-09-12/2026-09-12,2023-09-13/2024-09-12
MY_N12408785870,0.3791786585518303,0.3492379832788738,0.01497033763647826,,2025-09-12/2026-09-12,2023-09-13/2024-09-12
MY_N12121993477,0.33859649122807023,0.3015148584938916,0.01854081636708932,,2025-09-12/2026-09-12,2023-09-13/2024-09-12
MY_N12231992517,0.5304215144001525,0.49298138142103765,0.01872006648955743,,2025-09-12/2026-09-12,2023-09-13/2024-09-12
MY_N11502197115,0.07711583848886017,0.09850803366488137,-0.0106960975880106,,2025-09-12/2026-09-12,2023-09-13/2024-09-12
MY_N11774742821,0.6487713257160744,0.5709965162130087,0.03888740475153285,,2025-09-12/2026-09-12,2023-09-13/2024-09-12
MY_N11774742770,0.408194286389741,0.51665715788347,-0.05423143574686451,,2025-09-12/2026-09-12,2023-09-13/2024-09-12
MY_N12141554109,0.2965843907526508,0.29629360557669754,0.0001453925879766338,,2025-09-12/2026-09-12,2023-09-13/2024-09-12
MY_N12222591751,0.25437201907790147,0.2538442841011985,0.00026386748835147134,,2025-09-12/2026-09-12,2023-09-13/2024-09-12
MY_N11802478955,0.3612788936064075,0.3845843422114609,-0.011652724302526674,,2025-09-12/2026-09-12,2023-09-13/2024-09-12
MY_N12222591771,0.428781358244988,0.5284338303206227,-0.049826236037817384,,2025-09-12/2026-09-12,2023-09-13/2024-09-12
MY_N12284563602,0.6518887722980062,0.5678774030885596,0.042005684604723315,,2025-09-12/2026-09-12,2023-09-13/2024-09-12
MY_N11653038151,0.4735831324316593,0.4655493482309125,0.004016892100373398,,2025-09-12/2026-09-12,2023-09-13/2024-09-12
MY_N12222591752,0.15290693278899226,0.2121083827265029,-0.02960072496875532,,2025-09-12/2026-09-12,2023-09-13/2024-09-12
MY_N11465075859,0.2935660445707017,0.27403899929159986,0.009763522639550909,,2025-09-12/2026-09-12,2023-09-13/2024-09-12
MY_N12222591753,0.1648976497346475,0.18399192609269466,-0.009547138179023584,,2025-09-12/2026-09-12,2023-09-13/2024-09-12
MY_N12112838716,0.42249652667815496,0.39620367580596566,0.01314642543609465,,2025-09-12/2026-09-12,2023-09-13/2024-09-12
MY_N12243059849,0.38709981369092683,0.4024432507364407,-0.007671718522756943,,2025-09-12/2026-09-12,2023-09-13/2024-09-12
MY_N11528285260,0.317430560068623,0.2580130701428095,0.029708744962906763,,2025-09-12/2026-09-12,2023-09-13/2024-09-12
MY_N11536997187,0.2712123655866872,0.30385198181673184,-0.016319808115022316,,2025-09-12/2026-09-12,2023-09-13/2024-09-12
MY_N12105659133,0.3389387144992526,0.3294144161063742,0.004762149196439219,,2025-09-12/2026-09-12,2023-09-13/2024-09-12
MY_N12433988983,0.38504180555366796,0.47676386608942845,-0.04586103026788024,,2025-09-12/2026-09-12,2023-09-13/2024-09-12
MY_N12284680509,0.3051790978445442,0.2926643735181137,0.006257362163215263,,2025-09-12/2026-09-12,2023-09-13/2024-09-12
MY_N12284680513,0.1822368845707183,0.17472831877264022,0.0037542828990390353,,2025-09-12/2026-09-12,2023-09-13/2024-09-12
MY_N12513784874,0.19141381536475158,0.19447152822484637,-0.0015288564300473956,,2025-09-12/2026-09-12,2023-09-13/2024-09-12
MY_N11524986796,0.10043668122270742,0.10072215887495248,-0.00014273882612252792,,2025-09-12/2026-09-12,2023-09-13/2024-09-12
MY_N12103811729,0.4569478088526757,0.45741684028972485,-0.00023451571852456388,,2025-09-12/2026-09-12,2023-09-13/2024-09-12
MY_N12102882755,0.1818614306720872,0.19473637728517182,-0.0064374733065423045,,2025-09-12/2026-09-12,2023-09-13/2024-09-12
MY_N12001114536,0.39981216966437116,0.38245308417135165,0.008679542746509755,,2025-09-12/2026-09-12,2023-09-13/2024-09-12
MY_N12001114555,0.22935975739973521,0.22375536080551933,0.002802198297107941,,2025-09-12/2026-09-12,2023-09-13/2024-09-12
MY_N12273280525,0.29101966662692114,0.2114624901770729,0.039778588224924125,,2025-09-12/2026-09-12,2023-09-13/2024-09-12
MY_N12090303865,0.23716597211063134,0.22683733890630442,0.00516431660216346,,2025-09-12/2026-09-12,2023-09-13/2024-09-12
MY_N11875484221,0.0716519245628276,0.10238258354266573,-0.015365329489919068,,2025-09-12/2026-09-12,2023-09-13/2024-09-12
MY_N12275922702,0.4072470102109738,0.3266548730818283,0.04029606856457277,,2025-09-12/2026-09-12,2023-09-13/2024-09-12
MY_N11494365614,0.5061025286651777,0.44526553106212424,0.030418498801526722,,2025-09-12/2026-09-12,2023-09-13/2024-09-12
MY_N11530928262,0.25317326052158245,0.274980165599642,-0.010903452539029773,,2025-09-12/2026-09-12,2023-09-13/2024-09-12
MY_N11513739731,0.21538548456320927,0.3032820938928126,-0.04394830466480165,,2025-09-12/2026-09-12,2023-09-13/2024-09-12
MY_N11536997297,0.37198258804907003,0.4335478985232867,-0.030782655237108325,,2025-09-12/2026-09-12,2023-09-13/2024-09-12
MY_N12146143720,0.3407769941573092,0.27702335687126567,0.031876818643021776,,2025-09-12/2026-09-12,2023-09-13/2024-09-12
MY_N11747587796,0.40080054882957006,0.4117444907427295,-0.005471970956579725,,2025-09-12/2026-09-12,2023-09-13/2024-09-12
MY_N11478359637,0.3851631805973794,0.4058588790132416,-0.010347849207931081,,2025-09-12/2026-09-12,2023-09-13/2024-09-12
MY_N11500414303,0.37536718422156945,0.37308199967002137,0.0011425922757740403,,2025-09-12/2026-09-12,2023-09-13/2024-09-12
MY_N11806114326,0.2875488898568981,0.3082878803341843,-0.010369495238643112,,2025-09-12/2026-09-12,2023-09-13/2024-09-12
MY_N11770524376,0.14151740586160078,0.16021063905747948,-0.009346616597939353,,2025-09-12/2026-09-12,2023-09-13/2024-09-12
MY_N12117702098,0.3287539744435779,0.3145539906103287,0.0070999919166246095,,2025-09-12/2026-09-12,2023-09-13/2024-09-12
MY_N12097503031,0.4047079337620389,0.2885191328587555,0.05809440045164169,,2025-09-12/2026-09-12,2023-09-13/2024-09-12
MY_N11755867459,0.49431810759960526,0.4561964897524837,0.019060808923560768,,2025-09-12/2026-09-12,2023-09-13/2024-09-12
MY_N12106117448,0.3622535211267605,0.4097400670781619,-0.023743272975700697,,2025-09-12/2026-09-12,2023-09-13/2024-09-12
MY_N12312150904,0.2065081847044723,0.31287897162260503,-0.053185393459066366,,2025-09-12/2026-09-12,2023-09-13/2024-09-12
MY_N12304257938,0.5627704941918623,0.5465912385494667,0.00808962782119782,,2025-09-12/2026-09-12,2023-09-13/2024-09-12
MY_N11475792788,0.1873276258274847,0.2506712250076809,-0.03167179959009811,,2025-09-12/2026-09-12,2023-09-13/2024-09-12
MY_N12309364294,0.4759324314223783,0.49664292722109815,-0.010355247899359932,,2025-09-12/2026-09-12,2023-09-13/2024-09-12
MY_N12040151716,0.3563042261550804,0.4731119050101543,-0.05840383942753696,,2025-09-12/2026-09-12,2023-09-13/2024-09-12
MY_N11479281286,0.1569581306390586,0.09767331056936397,0.02964241003484732,,2025-09-12/2026-09-12,2023-09-13/2024-09-12
MY_N12309364295,0.40832276267148393,0.4483259432962072,-0.020001590312361622,,2025-09-12/2026-09-12,2023-09-13/2024-09-12
MY_N12309364296,0.5235405952538819,0.5774998695992514,-0.026979637172684756,,2025-09-12/2026-09-12,2023-09-13/2024-09-12
MY_N11815789148,0.3876879699248121,0.4508963663239476,-0.03160419819956775,,2025-09-12/2026-09-12,2023-09-13/2024-09-12
MY_N12309364297,0.5211871970783939,0.5770361426600519,-0.02792447279082899,,2025-09-12/2026-09-12,2023-09-13/2024-09-12
MY_N12135759497,0.524969119463561,0.48212801330008315,0.021420553081738902,,2025-09-12/2026-09-12,2023-09-13/2024-09-12
MY_N11808712034,0.6011152237658028,0.5823537450789805,0.00938073934341116,,2025-09-12/2026-09-12,2023-09-13/2024-09-12
MY_N12160448277,0.17079946496553144,0.19499390644042378,-0.012097220737446165,,2025-09-12/2026-09-12,2023-09-13/2024-09-12
MY_N12411576424,0.38867359858803663,0.45667357433417766,-0.033999987873070514,,2025-09-12/2026-09-12,2023-09-13/2024-09-12
MY_N12093626517,0.2196893282227154,0.22353811781654231,-0.0019243947969134617,,2025-09-12/2026-09-12,2023-09-13/2024-09-12
MY_N12250265699,0.4982067684595687,0.50404826162883,-0.0029207465846306513,,2025-09-12/2026-09-12,2023-09-13/2024-09-12
MY_N11479281285,0.23029137893269758,0.13683843083441755,0.046726474049140015,,2025-09-12/2026-09-12,2023-09-13/2024-09-12
MY_N12316486573,0.35230015618344446,0.3787164767372119,-0.013208160276883735,,2025-09-12/2026-09-12,2023-09-13/2024-09-12
MY_N11610007739,0.2020540767134772,0.2342408253941129,-0.01609337434031785,,2025-09-12/2026-09-12,2023-09-13/2024-09-12
MY_N12240441026,0.3368038830634703,0.14483367677362374,0.09598510314492328,,2025-09-12/2026-09-12,2023-09-13/2024-09-12
MY_N11556619144,0.40542691449111473,0.36846052878304897,0.01848319285403288,,2025-09-12/2026-09-12,2023-09-13/2024-09-12
MY_N12420165772,0.17665079162258945,0.47105911330049266,-0.1472041608389516,,2025-09-12/2026-09-12,2023-09-13/2024-09-12
MY_N11584348427,0.015719061527672593,0.020107238605898168,-0.0021940885391127877,,2025-09-12/2026-09-12,2023-09-13/2024-09-12
MY_N11990327538,0.49769047256484444,0.43222864936118544,0.032730911601829504,,2025-09-12/2026-09-12,2023-09-13/2024-09-12
MY_N11470209272,0.30511811023622043,0.38822294676282487,-0.04155241826330222,,2025-09-12/2026-09-12,2023-09-13/2024-09-12
MY_N12050962639,0.4045186919202668,0.4347666028567221,-0.015123955468227646,,2025-09-12/2026-09-12,2023-09-13/2024-09-12
MY_N12035797862,0.24969917229260138,0.281433694273163,-0.01586726099028081,,2025-09-12/2026-09-12,2023-09-13/2024-09-12
MY_N12145362317,0.20435087891991666,0.29146490278594567,-0.043557011933014506,,2025-09-12/2026-09-12,2023-09-13/2024-09-12
MY_N12118515279,0.3605559745558087,0.3198924345183319,0.0203317700187384,,2025-09-12/2026-09-12,2023-09-13/2024-09-12
MY_N12227780480,0.17551576930915103,0.17487153986408088,0.0003221147225350718,,2025-09-12/2026-09-12,2023-09-13/2024-09-12
MY_N12035797853,0.37607338304877874,0.4203821344797328,-0.022154375715477043,,2025-09-12/2026-09-12,2023-09-13/2024-09-12
MY_N6354464187,0.3687794449503148,0.40396305834214363,-0.017591806695914425,,2025-09-12/2026-09-12,2023-09-13/2024-09-12
MY_N12035797852,0.38054934714040384,0.41256629988318194,-0.016008476371389052,,2025-09-12/2026-09-12,2023-09-13/2024-09-12
MY_N12035797854,0.35485506629231134,0.3367658756430828,0.009044595324614269,,2025-09-12/2026-09-12,2023-09-13/2024-09-12
MY_N11581896101,0.30889020303567905,0.2677922912504346,0.020548955892622234,,2025-09-12/2026-09-12,2023-09-13/2024-09-12
MY_N12035797857,0.1482811867835469,0.13646823058814117,0.005906478097702866,,2025-09-12/2026-09-12,2023-09-13/2024-09-12
MY_N12035797856,0.10896401101509827,0.11719939837852597,-0.004117693681713851,,2025-09-12/2026-09-12,2023-09-13/2024-09-12
MY_N12035797855,0.5793184488836663,0.6244751512518245,-0.022578351184079082,,2025-09-12/2026-09-12,2023-09-13/2024-09-12
MY_N12128924931,0.37499698137488824,0.35989926070355027,0.007548860335668983,,2025-09-12/2026-09-12,2023-09-13/2024-09-12
MY_N11472433066,0.590128755364807,0.5422191005490546,0.02395482740787619,,2025-09-12/2026-09-12,2023-09-13/2024-09-12
MY_N11608082001,0.28879508505036156,0.24588086185044356,0.021457111599959,,2025-09-12/2026-09-12,2023-09-13/2024-09-12
MY_N11476096501,0.27815522340340504,0.2927045851120409,-0.0072746808543179275,,2025-09-12/2026-09-12,2023-09-13/2024-09-12
MY_N11659562128,0.34310861860809283,0.40794125645906987,-0.03241631892548852,,2025-09-12/2026-09-12,2023-09-13/2024-09-12
MY_N11659562129,0.33687482151583703,0.38403645091737526,-0.023580814700769115,,2025-09-12/2026-09-12,2023-09-13/2024-09-12
MY_N11659562130,0.39540403495522713,0.4041050782965022,-0.004350521670637542,,2025-09-12/2026-09-12,2023-09-13/2024-09-12
MY_N11659562131,0.4638808873592459,0.45325884657711946,0.005311020391063209,,2025-09-12/2026-09-12,2023-09-13/2024-09-12
MY_N11659562132,0.3531983848496363,0.35018923875297525,0.0015045730483305153,,2025-09-12/2026-09-12,2023-09-13/2024-09-12
MY_N11659562133,0.2331164538464215,0.16592191406979323,0.03359726988831413,,2025-09-12/2026-09-12,2023-09-13/2024-09-12
MY_N11659562141,0.4080080080080079,0.39916592195412576,0.004421043026941074,,2025-09-12/2026-09-12,2023-09-13/2024-09-12
MY_N11659562142,0.5514089870525514,0.5601108673056935,-0.004350940126571057,,2025-09-12/2026-09-12,2023-09-13/2024-09-12
MY_N11875484227,0.25587081029876074,0.2935856195981762,-0.018857404649707726,,2025-09-12/2026-09-12,2023-09-13/2024-09-12
MY_N12138116212,0.536330085136042,0.46667739136802067,0.03482634688401065,,2025-09-12/2026-09-12,2023-09-13/2024-09-12
MY_N11493783227,0.5411471321695761,0.49980299454306126,0.02067206881325742,,2025-09-12/2026-09-12,2023-09-13/2024-09-12
MY_N11875484226,0.4671002448914047,0.43503778152740064,0.016031231682002045,,2025-09-12/2026-09-12,2023-09-13/2024-09-12
MY_N12109825595,0.29597637221383544,0.27899301558062783,0.008491678316603801,,2025-09-12/2026-09-12,2023-09-13/2024-09-12
MY_N12334436706,0.21981044258271987,0.21358539751748074,0.003112522532619566,,2025-09-12/2026-09-12,2023-09-13/2024-09-12
MY_N11875484222,0.6183330320014464,0.41035243610849825,0.10399029794647408,,2025-09-12/2026-09-12,2023-09-13/2024-09-12
MY_N12270341400,0.4356136959676804,0.464248395282878,-0.014317349657598788,,2025-09-12/2026-09-12,2023-09-13/2024-09-12
MY_N12132195205,0.26695526695526695,0.2694243950270952,-0.0012345640359141263,,2025-09-12/2026-09-12,2023-09-13/2024-09-12
MY_N12278677313,0.3673535440716366,0.4472146630382584,-0.039930559483310896,,2025-09-12/2026-09-12,2023-09-13/2024-09-12
MY_N11991939583,0.32293409833452863,0.6000148060408647,-0.138540353853168,,2025-09-12/2026-09-12,2023-09-13/2024-09-12
MY_N12258694524,0.4469379992392544,0.46637436283685185,-0.009718181798798714,,2025-09-12/2026-09-12,2023-09-13/2024-09-12
MY_N12227903176,0.6274406803532957,0.6084384858044164,0.009501097274439652,,2025-09-12/2026-09-12,2023-09-13/2024-09-12
MY_N12258461026,0.5778547887569278,0.5787550513338786,-0.0004501312884754305,,2025-09-12/2026-09-12,2023-09-13/2024-09-12
MY_N11463098096,0.1298644320624753,0.07856851880600241,0.02564795662823645,,2025-09-12/2026-09-12,2023-09-13/2024-09-12
MY_N11609644622,0.5386908381039093,0.4789784252258897,0.029856206439009797,,2025-09-12/2026-09-12,2023-09-13/2024-09-12
MY_N11875484225,0.32677045838934915,0.28445141512796757,0.021159521630690792,,2025-09-12/2026-09-12,2023-09-13/2024-09-12
MY_N12258444889,0.564481668172659,0.5448559088012462,0.009812879685706377,,2025-09-12/2026-09-12,2023-09-13/2024-09-12
MY_N11787027806,0.2817311134980308,0.23466309084813952,0.023534011324945647,,2025-09-12/2026-09-12,2023-09-13/2024-09-12
MY_N11463098097,0.2894657669660893,0.35748296828071213,-0.03400860065731143,,2025-09-12/2026-09-12,2023-09-13/2024-09-12
MY_N11637810092,0.5386984682898741,0.5290191252811498,0.004839671504362153,,2025-09-12/2026-09-12,2023-09-13/2024-09-12
MY_N11515263684,0.4007403078121956,0.36244832094033486,0.019145993435930375,,2025-09-12/2026-09-12,2023-09-13/2024-09-12
MY_N11515263700,0.105910686349384,0.07712092648639463,0.014394879931494686,,2025-09-12/2026-09-12,2023-09-13/2024-09-12
MY_N11637810090,0.3350822635104968,0.32580533301055675,0.004638465249970025,,2025-09-12/2026-09-12,2023-09-13/2024-09-12
MY_N12270101746,0.2246170110509615,0.20996870965849668,0.0073241506962324066,,2025-09-12/2026-09-12,2023-09-13/2024-09-12
MY_N12118428198,0.3984346863775558,0.4168820039450596,-0.009223658783751892,,2025-09-12/2026-09-12,2023-09-13/2024-09-12
MY_N12097355159,0.49678981159877905,0.5366203398016599,-0.019915264101440427,,2025-09-12/2026-09-12,2023-09-13/2024-09-12
MY_N12000683989,0.5025735827171234,0.5653254973119186,-0.031375957297397616,,2025-09-12/2026-09-12,2023-09-13/2024-09-12
MY_N12270101729,0.2252580189285256,0.23574853489611083,-0.00524525798379262,,2025-09-12/2026-09-12,2023-09-13/2024-09-12
MY_N11998923957,0.5245171975944527,0.5618064865279477,-0.018644644466747518,,2025-09-12/2026-09-12,2023-09-13/2024-09-12
MY_N12118412113,0.40102090762883713,0.4466858721910605,-0.022832482281111677,,2025-09-12/2026-09-12,2023-09-13/2024-09-12
MY_N12131514589,0.36649283708667924,0.32226686340728977,0.02211298683969473,,2025-09-12/2026-09-12,2023-09-13/2024-09-12
MY_N12131514594,0.36402352178291253,0.2937754764371019,0.03512402267290532,,2025-09-12/2026-09-12,2023-09-13/2024-09-12
MY_N12131514586,0.21176418083634577,0.17813051146384484,0.016816834686250462,,2025-09-12/2026-09-12,2023-09-13/2024-09-12
MY_N12131514588,0.3327538106982574,0.25897846094098254,0.03688767487863742,,2025-09-12/2026-09-12,2023-09-13/2024-09-12
MY_N12131514585,0.4062291084981713,0.335033346410357,0.035597881043907154,,2025-09-12/2026-09-12,2023-09-13/2024-09-12
MY_N12131514587,0.31099653685319845,0.2434427485123511,0.03377689417042368,,2025-09-12/2026-09-12,2023-09-13/2024-09-12
MY_N11875484223,0.2872734761120264,0.3240521067130625,-0.018389315300518044,,2025-09-12/2026-09-12,2023-09-13/2024-09-12
MY_N11875484224,0.4567625817673082,0.398459899909605,0.029151340928851605,,2025-09-12/2026-09-12,2023-09-13/2024-09-12
MY_N12135375724,0.36465766458081755,0.41563082660037287,-0.02548658100977766,,2025-09-12/2026-09-12,2023-09-13/2024-09-12
MY_N12135375710,0.317240696490211,0.3827299148009661,-0.032744609155377524,,2025-09-12/2026-09-12,2023-09-13/2024-09-12
MY_N12135373696,0.5841285433623351,0.5841022028212959,1.3170270519613503e-05,,2025-09-12/2026-09-12,2023-09-13/2024-09-12
MY_N12135375711,0.558183657939625,0.33505058423862333,0.11156653685050083,,2025-09-12/2026-09-12,2023-09-13/2024-09-12
MY_N13335389686,0.28298563544561434,0.18406433960699775,0.04946064791930829,,2025-09-12/2026-09-12,2023-09-13/2024-09-12
MY_N2669688740,0.21432932989443196,0.22821745863558562,-0.006944064370576833,,2025-09-12/2026-09-12,2023-09-13/2024-09-12
MY_N13335390186,0.6167160455325121,0.5364430374918951,0.040136504020308494,,2025-09-12/2026-09-12,2023-09-13/2024-09-12
MY_N11875484219,0.1170554022710249,0.11323872472783826,0.0019083387715933195,,2025-09-12/2026-09-12,2023-09-13/2024-09-12
MY_N11875484217,0.4355400696864112,0.3618503655270835,0.03684485207966384,,2025-09-12/2026-09-12,2023-09-13/2024-09-12
MY_N11806207720,0.45438850779816153,0.3455088666152661,0.054439820591447724,,2025-09-12/2026-09-12,2023-09-13/2024-09-12
MY_N3458624509,0.2599468863951867,0.2339986527424102,0.012974116826388257,,2025-09-12/2026-09-12,2023-09-13/2024-09-12
MY_N11875484218,0.10556237118649,0.10652741418487091,-0.0004825214991904525,,2025-09-12/2026-09-12,2023-09-13/2024-09-12
MY_N3458624508,0.20184061911733947,0.17079996703678624,0.015520326040276616,,2025-09-12/2026-09-12,2023-09-13/2024-09-12
MY_N4798173661,0.25057979551859544,0.24515114428498538,0.0027143256168050273,,2025-09-12/2026-09-12,2023-09-13/2024-09-12
MY_N4822914443,0.2734207097581465,0.24017974742387846,0.016620481167134007,,2025-09-12/2026-09-12,2023-09-13/2024-09-12
MY_N7033248825,0.5034158838599487,0.46704097830550656,0.018187452777221086,,2025-09-12/2026-09-12,2023-09-13/2024-09-12
MY_N11521176120,0.19717231934262464,0.21836578942740956,-0.01059673504239246,,2025-09-12/2026-09-12,2023-09-13/2024-09-12
MY_N3269166213,0.5888635191868601,0.5886730932804084,9.521295322584278e-05,,2025-09-12/2026-09-12,2023-09-13/2024-09-12
MY_N10125233295,0.23779629889926684,0.22202980858163762,0.007883245158814611,,2025-09-12/2026-09-12,2023-09-13/2024-09-12
MY_N10125233294,0.1292530714123862,0.13179714667286951,-0.0012720376302416542,,2025-09-12/2026-09-12,2023-09-13/2024-09-12
MY_N10251772774,0.3778467908902692,0.3469094579903712,0.015468666449948987,,2025-09-12/2026-09-12,2023-09-13/2024-09-12
MY_N10137863759,0.4882797350980612,0.49675904800728143,-0.004239656454610108,,2025-09-12/2026-09-12,2023-09-13/2024-09-12
MY_N10263911645,0.6706679505531804,0.6348540145985402,0.01790696797732011,,2025-09-12/2026-09-12,2023-09-13/2024-09-12
MY_N10264085957,0.29670975323149235,0.2542571476707341,0.021226302780379125,,2025-09-12/2026-09-12,2023-09-13/2024-09-12
MY_N10264190520,0.3701975555374095,0.34938042541912395,0.010408565059142783,,2025-09-12/2026-09-12,2023-09-13/2024-09-12
MY_N10179178545,0.26414203046884227,0.320636065048466,-0.028247017289811854,,2025-09-12/2026-09-12,2023-09-13/2024-09-12
MY_N12462362562,0.005998909289220187,0.3216610944923456,-0.1578310926015627,,2025-09-12/2026-09-12,2023-09-13/2024-09-12
MY_N12462421365,0.0977940879945155,0.1077387440261591,-0.0049723280158218,,2025-09-12/2026-09-12,2023-09-13/2024-09-12
MY_N12462360044,0.2659512195121951,0.21291166868915723,0.026519775411518925,,2025-09-12/2026-09-12,2023-09-13/2024-09-12
MY_N12462366356,-0.036796764390003414,-0.037528823851800674,0.00036602973089863017,,2025-09-12/2026-09-12,2023-09-13/2024-09-12
MY_N12462397948,0.012463176977113065,0.007512583577492306,0.0024752966998103794,,2025-09-12/2026-09-12,2023-09-13/2024-09-12
MY_N12462360043,0.11590415080391074,0.1388795974581692,-0.011487723327129225,,2025-09-12/2026-09-12,2023-09-13/2024-09-12
MY_N12462360045,-0.00779059904044347,-0.00899450861579246,0.0006019547876744951,,2025-09-12/2026-09-12,2023-09-13/2024-09-12
MY_N12462362561,0.19747085504385103,0.27213227695487424,-0.0373307109555116,,2025-09-12/2026-09-12,2023-09-13/2024-09-12
MY_N12462366355,-0.014067575466134246,-0.022790265396643868,0.004361344965254811,,2025-09-12/2026-09-12,2023-09-13/2024-09-12
MY_N12462397947,-0.008187970592767308,-0.021475792131503687,0.006643910769368189,,2025-09-12/2026-09-12,2023-09-13/2024-09-12
MY_N12462445716,0.13603426006388006,0.14602405992282666,-0.004994899929473301,,2025-09-12/2026-09-12,2023-09-13/2024-09-12
MY_N12462366354,-0.022529453731353948,-0.028868906767629002,0.003169726518137527,,2025-09-12/2026-09-12,2023-09-13/2024-09-12
MY_N12462397946,-0.018817338609764107,-0.03487417943107216,0.008028420410654028,,2025-09-12/2026-09-12,2023-09-13/2024-09-12
MY_N12462445717,0.014225598542433028,0.015691342071257153,-0.0007328717644120627,,2025-09-12/2026-09-12,2023-09-13/2024-09-12
MY_N12462362564,-0.031714408251308036,-0.04520795660036171,0.006746774174526838,,2025-09-12/2026-09-12,2023-09-13/2024-09-12
MY_N12462388214,0.21427581527058912,0.3426890637181941,-0.06420662422380248,,2025-09-12/2026-09-12,2023-09-13/2024-09-12
MY_N12462362563,0.21837019331208288,0.318349299926308,-0.049989553307112564,,2025-09-12/2026-09-12,2023-09-13/2024-09-12
MY_N13759043085,0.2616931308249914,0.28398954962580025,-0.011148209400404424,,2025-09-12/2026-09-12,2023-09-13/2024-09-12
MY_W1496819391,0.3283437482593416,0.33680770769807633,-0.004231979719367368,,2025-09-12/2026-09-12,2023-09-13/2024-09-12
MY_W1183622030,0.620536721040367,0.48655913978494636,0.06698879062771029,,2025-09-12/2026-09-12,2023-09-13/2024-09-12
MY_N5202494203,0.335160106888899,0.2889985935628495,0.023080756663024754,,2025-09-12/2026-09-12,2023-09-13/2024-09-12
MY_N13719964947,0.088564970708981,0.079235419049175,0.0046647758299030034,,2025-09-12/2026-09-12,2023-09-13/2024-09-12
MY_N13719053843,0.4206403156598136,0.38404997378553296,0.01829517093714031,,2025-09-12/2026-09-12,2023-09-13/2024-09-12
MY_N5115603531,0.43203561679430424,0.3783443248410454,0.026845645976629418,,2025-09-12/2026-09-12,2023-09-13/2024-09-12
MY_N5159160718,0.26450858827116575,0.32701319736685486,-0.031252304547844556,,2025-09-12/2026-09-12,2023-09-13/2024-09-12
MY_N5188734187,0.5033033234046758,0.5222828305317451,-0.009489753563534653,,2025-09-12/2026-09-12,2023-09-13/2024-09-12
MY_N1662637919,0.6705142815130684,0.646705001134902,0.01190464018908316,,2025-09-12/2026-09-12,2023-09-13/2024-09-12
MY_N1662564012,0.40099490180594793,0.38082395610527287,0.010085472850337535,,2025-09-12/2026-09-12,2023-09-13/2024-09-12
MY_N9935128396,0.3079520402876328,0.3779840848806366,-0.035016022296501914,,2025-09-12/2026-09-12,2023-09-13/2024-09-12
MY_N1648142937,0.2708074623165808,0.25844643372798154,0.006180514294299638,,2025-09-12/2026-09-12,2023-09-13/2024-09-12
MY_N1648142940,0.4436593681961961,0.38194738102731485,0.030855993584440633,,2025-09-12/2026-09-12,2023-09-13/2024-09-12
MY_N1648142939,0.3049590823249632,0.23473794969793882,0.0351105663135122,,2025-09-12/2026-09-12,2023-09-13/2024-09-12
MY_N13531662855,0.2132562405430308,0.24308086917512822,-0.014912314316048711,,2025-09-12/2026-09-12,2023-09-13/2024-09-12
MY_N4824910112,0.2747424752106118,0.3681969716470824,-0.04672724821823532,,2025-09-12/2026-09-12,2023-09-13/2024-09-12
MY_N13809732758,0.48982792060413494,0.5064915831564398,-0.008331831276152446,,2025-09-12/2026-09-12,2023-09-13/2024-09-12
MY_N4405530070,0.4261318189089746,0.43329278511040464,-0.003580483100715015,,2025-09-12/2026-09-12,2023-09-13/2024-09-12
MY_N6727065189,0.37670146991403586,0.3720648155515188,0.002318327181258517,,2025-09-12/2026-09-12,2023-09-13/2024-09-12
MY_N13809732305,0.5211096793754264,0.29097853042419886,0.11506557447561377,,2025-09-12/2026-09-12,2023-09-13/2024-09-12
MY_N13771359079,0.2962106386763921,0.25684388703955696,0.01968337581841756,,2025-09-12/2026-09-12,2023-09-13/2024-09-12
MY_N9983597281,0.4850438593871357,0.40191204588910134,0.04156590674901717,,2025-09-12/2026-09-12,2023-09-13/2024-09-12
MY_N9983597288,0.3179217538179204,0.2653985873718123,0.026261583223054052,,2025-09-12/2026-09-12,2023-09-13/2024-09-12
MY_N9919057003,0.41528137804398746,0.4009589834545251,0.007161197294731192,,2025-09-12/2026-09-12,2023-09-13/2024-09-12
MY_N1988043288,0.1845817988847558,0.21571073778095748,-0.015564469448100846,,2025-09-12/2026-09-12,2023-09-13/2024-09-12
MY_N9919057004,0.33001277358734504,0.32968486045636963,0.0001639565654877051,,2025-09-12/2026-09-12,2023-09-13/2024-09-12
MY_N9919057005,0.2286348195368048,0.22456050686373047,0.0020371563365371714,,2025-09-12/2026-09-12,2023-09-13/2024-09-12
MY_N1988043289,0.17505212122871416,0.1675123095532694,0.0037699058377223815,,2025-09-12/2026-09-12,2023-09-13/2024-09-12
MY_N9968171086,0.5894596782274417,0.4909744275447099,0.04924262534136592,,2025-09-12/2026-09-12,2023-09-13/2024-09-12
MY_N13807032941,0.46363794047168694,0.4550648879210729,0.004286526275307012,,2025-09-12/2026-09-12,2023-09-13/2024-09-12
MY_N7852427612,0.30251998212338216,0.3066144045690189,-0.002047211222818368,,2025-09-12/2026-09-12,2023-09-13/2024-09-12
MY_N1663990392,0.3697546723086998,0.3712401519134564,-0.000742739802378295,,2025-09-12/2026-09-12,2023-09-13/2024-09-12
MY_N7853152961,0.343998673740053,0.3585579986015073,-0.007279662430727141,,2025-09-12/2026-09-12,2023-09-13/2024-09-12
MY_N11950354037,0.16969378261397186,0.16171792152704134,0.0039879305434652595,,2025-09-12/2026-09-12,2023-09-13/2024-09-12
MY_N8267445980,0.24938524599072243,0.2464937638146829,0.0014457410880197585,,2025-09-12/2026-09-12,2023-09-13/2024-09-12
MY_N1662840937,0.3613813749599059,0.3724423927076406,-0.005530508873867357,,2025-09-12/2026-09-12,2023-09-13/2024-09-12
