tree
version=v4
num_class=1
num_tree_per_iteration=1
label_index=0
max_feature_idx=11
objective=binary sigmoid:1
feature_names=hand_m dist_water_m soil_moisture_mean soil_moisture_p90 slope_deg tri elevation_m clay_pct evi_median evi_p10 land_cover_class dist_power_m
feature_infos=[0:442.47229003899997] [0:20000] [0.1748395711183548:0.72952842712402344] [0.25547891855239868:0.82740914821624756] [0:29.374422108095064] [0:53.025052839218674] [-0.63281583786010742:2234.73046875] [20:49] [-0.0367967643900034:0.70121190189087357] [-0.16972503957319571:0.59704958413203291] -1:0:3:1:2:5 [2.1689770320608388:20000]
tree_sizes=1647 1695 1691 1689 1690 1692 1692 1696 1694 1695 1697 1705 1686 1695 1690 1699 1703 1698 1692 1704 1699 1707 1703 1697 1697 1724 1720 1702 1722 1703 1696 1722 1704 1703 1696 1716 1726 1701 1700 1700 1702 1724 1720 1725 1699 1716 1704 1697 1720 1723 1705 1729 1727 1725 1710 1705 1712 1692 1702 1712 1715 1734 1725 1710 1698 1695 1701 1716 1723 1704 1695 1703 1706 1702 1707 1714 1710 1699 1716 1699 1713 1732 1715 1710 1724 1709 1705 1728 1717 1729 1719 1703 1704 1709 1705 1708 1725 1726 1724 1713 1705 1706 1710 1704 1703 1732 1702 1716

Tree=0
num_leaves=15
num_cat=0
split_feature=8 2 2 0 7 1 4 0 8 6 8 4 0 4
split_gain=128.919 66.0236 47.0135 13.0766 12.204 11.6937 12.3641 12.6763 10.2139 16.3487 9.08095 6.34225 3.09005 6.65975
threshold=0.43116578126835314 0.38022270798683172 0.42563943564891815 0.84594047100000014 31.500000000000004 552.03073710910041 7.056599240085605 1.9398710730000002 0.31896136421069221 10.648241043090822 0.27997983602276472 2.8563277664977522 3.2171441315000004 1.7130987945541474
decision_type=2 10 8 2 8 2 2 2 2 2 2 2 2 2
left_child=2 5 8 10 -3 6 7 -2 -1 -10 -4 -5 13 -11
right_child=1 4 3 11 -6 -7 -8 -9 9 12 -12 -13 -14 -15
leaf_value=-1.3894490713511931 -1.2502955604220576 -1.2215392153987132 -1.3229431689020856 -1.3667623613186104 -1.1299575150826917 -1.3569484324459284 -1.2213098984527535 -1.3672128053196024 -1.2810562595081956 -1.3800677841171503 -1.2321336583020506 -1.2946913211598525 -1.3814017913508581 -1.2987272994087429
leaf_weight=56.987423077225685 4.1295234113931674 6.6072374582290623 4.1295234113931683 6.9375993311405164 8.0938658863306046 7.7635040134191504 5.4509709030389777 5.285789966583252 6.1116946488618842 6.4420565217733401 8.2590468227863294 5.4509709030389786 21.143159866333008 4.1295234113931656
leaf_count=345 25 40 25 42 49 47 33 32 37 39 50 33 128 25
internal_value=-1.33473 -1.25362 -1.36005 -1.29873 -1.17112 -1.30721 -1.28124 -1.31593 -1.37608 -1.35594 -1.2624 -1.33505 -1.37037 -1.34829
internal_weight=156.922 37.3309 119.591 24.7771 14.7011 22.6298 14.8663 9.41531 94.8139 37.8264 12.3886 12.3886 31.7147 10.5716
internal_count=950 226 724 150 89 137 90 57 574 229 75 75 192 64
is_linear=0
shrinkage=1


Tree=1
num_leaves=15
num_cat=0
split_feature=8 3 2 9 1 0 8 8 3 0 0 6 1 9
split_gain=109.432 68.4394 47.3773 21.0897 20.6844 10.3693 8.36731 7.32913 9.45589 7.37389 5.77469 4.82906 4.0426 2.29732
threshold=0.41536509875344046 0.43852569162845617 0.42246054112911224 0.43195632028327019 253.77010440584351 1.6104826330000004 0.27997983602276472 0.31896136421069221 0.39133863151073461 2.9564256670000004 0.51737940350000011 156.99133300781253 276.20118180479062 0.20869598884931082
decision_type=2 10 8 2 2 2 2 2 10 2 2 2 2 2
left_child=2 3 7 5 13 -2 -6 -1 -9 -10 -8 -7 -3 -4
right_child=1 12 4 -5 6 11 10 8 9 -11 -12 -13 -14 -15
leaf_value=-0.056919166877269445 0.046380354475179249 0.18468566673458697 0.069629325623798768 0.094816231440271195 -0.041710846264747366 -0.045248101631991271 0.072701480536605564 -0.046157071824574583 0.061292357008205983 -0.023063968006291152 -0.0053803394933439408 0.016923139944887654 0.13045033667908071 0.12181468960377606
leaf_weight=54.13734233379364 6.8001042157411637 5.0015500783920279 4.1382243484258669 6.933858096599578 6.9578566253185299 11.083311989903448 4.370471462607382 20.964301571249965 4.3983139693737012 6.3031749576330185 5.1679161936044693 4.3489420711994162 10.975778818130491 4.3006714582443237
leaf_count=339 40 28 25 41 42 67 25 129 26 39 31 26 61 25
internal_value=-0.00136457 0.0642493 -0.0281127 0.0186837 0.0325542 -0.00506063 -1.71849e-05 -0.045743 -0.0266358 0.0116065 0.0303966 -0.0277277 0.147428 0.0962243
internal_weight=155.882 45.1435 110.738 29.1662 24.9351 22.2324 16.4962 85.8031 31.6658 10.7015 9.53839 15.4323 15.9773 8.4389
internal_count=944 263 681 174 148 133 98 533 194 65 56 93 89 50
is_linear=0
shrinkage=0.05


Tree=2
num_leaves=15
num_cat=0
split_feature=8 11 3 3 11 11 9 5 11 3 0 8 8 7
split_gain=106.514 57.1358 54.1764 28.5706 23.8538 18.8835 15.1768 11.3127 15.8972 9.63535 8.4207 5.84613 3.97812 3.91277
threshold=0.42897253751389891 1764.5193625300508 0.4745806753635407 0.48634970188140875 688.80212181351783 4280.0250941914328 0.20869598884931082 6.3922613645356661 4162.6405377752135 0.3899702280759812 1.9804139735000001 0.28890980160447882 0.41407577944245672 31.500000000000004
decision_type=2 2 10 8 2 2 2 2 2 10 2 2 2 10
left_child=3 2 -2 5 10 12 -6 -3 -9 -7 11 -5 -1 -4
right_child=1 7 13 4 6 9 -8 8 -10 -11 -12 -13 -14 -15
leaf_value=-0.052019945024463637 -0.032445366349038572 0.19966722883630969 0.079357522555981677 -0.039221754022862189 0.016011476781880966 -0.023885064049263327 0.12418432282689967 0.056621067938119544 0.17537443680720133 0.086211391992248879 -0.062876785365020393 0.036614994176167218 -0.0010194397711743314 0.14005282024217613
leaf_weight=69.602865755558014 17.383236512541774 5.2511979490518597 5.1218125820159894 4.2196427434682899 6.9347455650567991 3.9226716905832282 6.0901030153036118 6.1635753363370878 5.1922128945589066 4.0278684943914413 7.460157871246337 6.3890179246664047 4.0458209663629523 5.5138557404279709
leaf_count=445 102 28 27 26 42 25 35 35 29 25 46 36 25 28
internal_value=0.000115225 0.0654943 0.021938 -0.0257746 0.0150092 -0.0413154 0.0665905 0.138981 0.110919 0.0318915 -0.0221729 0.00645058 -0.0492183 0.110824
internal_weight=157.319 44.6259 28.0189 112.693 31.0937 81.5992 13.0248 16.607 11.3558 7.95054 18.0688 10.6087 73.6487 10.6357
internal_count=954 249 157 705 185 520 77 92 64 50 108 62 470 55
is_linear=0
shrinkage=0.05


Tree=3
num_leaves=15
num_cat=0
split_feature=3 8 8 0 1 1 8 7 5 8 9 6 3 4
split_gain=85.8032 50.5903 30.3368 15.6025 14.3264 7.98397 6.52646 12.1232 5.85205 5.73714 3.097 2.93087 2.8423 1.62539
threshold=0.43852569162845617 0.41536509875344046 0.48624993509054065 1.2551721930000002 204.30581006709718 326.36823921794058 0.34062271023192142 33.500000000000007 11.0630018404296 0.27997983602276472 0.36186742975684005 34.634483337402351 0.81327784061431896 1.0173170847670383
decision_type=8 2 2 2 2 2 2 8 2 2 2 2 8 2
left_child=2 3 6 4 -2 -4 -1 11 12 -6 -3 13 -5 -8
right_child=1 10 5 8 9 -7 7 -9 -10 -11 -12 -13 -14 -15
leaf_value=-0.050415464767224999 0.10809045944265333 0.14222651505112291 0.073836378478571274 -0.014574427338268811 -0.028852895865293795 0.0024913518219204485 -0.038642869280669075 0.036489841414806302 0.033989664694901327 0.045215730811759919 0.10011454327125502 -0.05022906440905555 -0.062994891036308176 0.0031537184620301184
leaf_weight=50.298400774598122 6.5990665107965496 8.9479375630617159 7.5264679193496695 7.2511125952005395 4.4623492211103422 8.1865143924951536 4.1664303392171878 7.0218938440084449 4.1102172732353202 6.3129523396492004 8.5257081389427167 16.554291814565659 5.2072330564260492 5.2658572494983673
leaf_count=334 36 44 42 45 28 47 26 43 25 35 42 105 32 32
internal_value=0.000151535 0.0525544 -0.0270589 0.0169692 0.0500731 0.0366654 -0.0390783 -0.0218027 -0.0177447 0.0145419 0.121679 -0.0375541 -0.0348128 -0.0153087
internal_weight=150.436 51.4166 99.0199 33.9429 17.3744 15.713 83.3069 33.0085 16.5686 10.7753 17.4736 25.9866 12.4583 9.43229
internal_count=916 287 629 201 99 89 540 206 102 63 86 163 77 58
is_linear=0
shrinkage=0.05


Tree=4
num_leaves=15
num_cat=0
split_feature=11 2 2 8 6 8 8 11 8 3 1 11 11 6
split_gain=91.0556 43.4365 41.5048 35.2369 19.1698 12.5952 12.408 12.3473 11.2084 7.3699 6.39292 5.59825 3.24969 2.02005
threshold=1805.0115309443593 0.42246054112911224 0.37499931454658514 0.33604976920761048 4.4978394508361825 0.43528161475689026 0.41407577944245672 4162.6405377752135 0.26785897179517065 0.38792032003402716 287.72750879440042 3239.7206664862028 350.75400525844606 36.269063949584968
decision_type=2 8 10 2 2 2 2 2 2 10 2 2 2 2
left_child=1 6 3 -2 -3 10 -1 -5 -4 13 -6 -10 -11 -8
right_child=2 4 8 7 5 -7 9 -9 11 12 -12 -13 -14 -15
leaf_value=-0.052164553790622695 -0.061018913201049102 0.087124710661810892 0.046705926750525845 0.020407634193458323 0.021893090423544922 0.064341981780443952 -0.0083873489556210521 0.11304768915434021 0.11137549073445333 -0.0092977308194598443 -0.051754166033112052 0.17359800878639658 0.04778202903448172 -0.050308859662844686
leaf_weight=61.147616595029831 8.561076372861864 9.9271547943353671 4.0951992720365551 7.1373714953660947 4.5341888964176205 5.500689134001731 4.5766185373067874 7.2506161630153656 7.7600539922714216 4.4245848655700666 8.4158235192298871 6.7674098163843155 5.7134571224451065 7.7224703282117844
leaf_count=412 58 51 25 43 25 26 28 40 40 25 51 34 32 47
internal_value=0.00111416 -0.0223488 0.0643056 0.0193008 0.0310996 0.000955992 -0.0404951 0.0670922 0.119766 -0.00869239 -0.025968 0.140361 0.0228705 -0.0347094
internal_weight=153.534 111.963 41.5717 22.9491 28.3779 18.4507 83.5847 14.388 18.6227 22.4371 12.95 14.5275 10.138 12.2991
internal_count=937 697 240 141 153 102 544 83 99 132 76 74 57 75
is_linear=0
shrinkage=0.05


Tree=5
num_leaves=15
num_cat=0
split_feature=11 3 8 9 2 0 3 6 0 0 2 0 9 6
split_gain=77.7164 46.9977 29.1946 27.5501 25.3927 12.4611 10.6778 9.76539 8.52169 6.43518 5.31459 4.8929 4.45657 1.95747
threshold=2127.1042844349963 0.43852569162845617 0.33604976920761048 0.26592937745361483 0.3774488121271134 1.0574499965000002 0.38180600106716162 4.4978394508361825 2.1347918510000006 24.138151169000004 0.50969344377517711 0.78105339400000007 0.39363537180607827 4.1707589626312265
decision_type=2 8 2 2 10 2 10 2 2 2 8 2 2 2
left_child=1 12 4 7 -2 -4 -7 -3 10 -8 -5 -9 13 -1
right_child=2 3 5 8 -6 6 9 11 -10 -11 -12 -13 -14 -15
leaf_value=-0.020564635511017976 -0.060341787881434197 0.040828742213151588 0.15043628899000502 0.12767778664537746 0.075252654227166579 0.023931753475877855 0.14269690802844659 -0.0014380289312917033 0.019297824350273333 0.065246527518357494 0.060565980482130188 -0.057395787974118588 -0.009605914905466556 -0.053319777400337366
leaf_weight=4.9417321383953086 7.5097753256559354 5.5612749308347729 6.7582399100065258 5.4955413490533838 6.3912187367677689 7.2525376677513149 5.1611894816160184 6.3626662641763714 6.1938525140285483 5.583270400762558 6.3683993369340905 10.119616389274595 7.3149802982807151 59.226751118898392
leaf_count=34 53 30 33 26 36 41 26 38 32 29 30 65 43 406
internal_value=-0.00111181 -0.0222778 0.0599859 0.0210462 0.00200007 0.0925471 0.0708085 -0.0164635 0.0668351 0.10245 0.0916531 -0.0357944 -0.0465821 -0.0507972
internal_weight=150.241 111.585 38.6562 40.1014 13.901 24.7552 17.997 22.0436 18.0578 10.7445 11.8639 16.4823 71.4835 64.1685
internal_count=922 704 218 221 89 129 96 133 88 55 56 103 483 440
is_linear=0
shrinkage=0.05


Tree=6
num_leaves=15
num_cat=0
split_feature=3 8 9 7 4 0 3 6 5 0 4 0 0 7
split_gain=57.4269 34.3799 26.9746 11.3764 9.92794 18.4197 9.30733 13.6024 7.00022 9.1772 4.29828 2.9664 6.14836 2.91449
threshold=0.49076519906520844 0.41407577944245672 0.17261711810459043 34.500000000000007 8.6561749184413301 2.4592421055000004 0.81644046306610119 4.5543351173400888 15.640335944374836 1.9398710730000002 11.167936826281812 1.1015504000000003 0.5953713355000001 29.500000000000004
decision_type=8 2 2 8 2 2 10 2 2 2 2 2 2 8
left_child=1 10 -2 8 5 6 13 -8 9 -3 11 12 -1 -4
right_child=2 3 4 -5 -6 -7 7 -9 -10 -11 -12 -13 -14 -15
leaf_value=-0.043525569534211384 -0.02115637927203905 0.030944286588704819 0.081096501080862027 0.078054299277895339 0.12697417943935635 -0.011656501421000134 0.092998620031519694 -0.0098912791247848832 0.048959933400252398 -0.037986886175416942 -0.00011792421050315201 -0.052352194858289181 0.026967046865722096 0.13166093311536001
leaf_weight=14.46188496053219 11.94857497513294 8.2440024912357384 5.2230824679136285 6.7971389889717093 5.5198692977428427 7.9560920447111121 7.1720710992813093 5.8181137442588806 6.9176911711692801 11.654984250664709 5.7449683994054785 44.065718412399292 3.9348478168249121 6.2717512696981439
leaf_count=101 75 47 26 36 27 44 33 30 38 71 40 315 26 29
internal_value=0.000426764 -0.0211092 0.0443625 0.0202775 0.0649852 0.0544378 0.0759143 0.0469157 0.00563298 -0.00942921 -0.0415052 -0.0453118 -0.028448 0.108685
internal_weight=151.731 101.821 49.9096 33.6138 37.961 32.4411 24.485 12.9902 26.8167 19.899 68.2074 62.4625 18.3967 11.4948
internal_count=938 674 264 192 189 162 118 63 156 118 482 442 127 55
is_linear=0
shrinkage=0.05


Tree=7
num_leaves=15
num_cat=0
split_feature=11 3 3 9 9 0 8 0 7 1 9 8 11 11
split_gain=65.1687 39.8369 33.6983 26.6424 23.4222 20.8665 12.5106 9.46802 6.36908 5.90405 4.92107 2.48818 2.65054 4.63456
threshold=1764.5193625300508 0.4795940518379212 0.39476926624774938 0.17261711810459043 0.28382028624859285 2.4592421055000004 0.25223849050378711 28.806859016500002 32.500000000000007 365.48474630163412 0.28751286325190079 0.41407577944245672 350.75400525844606 629.82340110995324
decision_type=2 8 10 2 2 2 2 2 10 2 2 2 2 2
left_child=1 11 4 -3 -2 9 -4 -6 -8 -5 -7 -1 -13 -14
right_child=2 3 6 5 7 10 8 -9 -10 -11 -12 12 13 -15
leaf_value=-0.051922770318480853 -0.046662765831415473 -0.056399178605214761 0.015994271161483425 0.093684422640902099 0.10007458656148689 -0.061612907856081034 0.08325228398889728 0.0080653829443250134 0.14195631830349709 0.038112299948846906 0.013146051465742182 -0.055992536268253804 0.022526707792712649 -0.039649817483388423
leaf_weight=46.325138211250305 10.874741762876512 8.9553608447313291 4.3753321021795299 11.695529356598859 5.8809357583522779 4.0891934335231763 10.161439254879953 5.3301150053739548 8.4731807410716993 8.0822905451059324 4.7678922563791275 6.8565733432769802 4.6412612199783316 8.4601255953311902
leaf_count=347 78 59 26 56 30 27 49 29 40 39 24 42 28 52
internal_value=-0.000455901 -0.0222459 0.0497351 0.0188714 0.00561791 0.0424117 0.0920804 0.0563303 0.109945 0.0709746 -0.0213691 -0.0455642 -0.0308051 -0.0176233
internal_weight=148.969 103.873 45.0957 37.5903 22.0858 28.6349 23.01 11.2111 18.6346 19.7778 8.85709 66.2831 19.958 13.1014
internal_count=926 674 252 205 137 146 115 59 89 95 51 469 122 80
is_linear=0
shrinkage=0.05


Tree=8
num_leaves=15
num_cat=0
split_feature=3 11 11 9 6 9 0 11 0 6 9 9 0 3
split_gain=62.6118 35.3847 25.7404 21.8296 17.9871 14.9007 7.51993 13.7078 4.80501 10.3436 4.69997 4.53305 3.5656 3.62209
threshold=0.43852569162845617 4694.115519728527 1805.0115309443593 0.1810187218114305 4.4978394508361825 0.2933728929868169 1.0030882355000001 1530.201400205189 2.1347918510000006 5.7824156284332284 0.20414729140850649 0.4050774691302122 7.5000000000000021e-05 0.39020943641662603
decision_type=10 2 2 2 2 2 2 2 2 2 2 2 2 10
left_child=1 6 3 -2 -5 -3 7 12 9 -6 -4 -8 -1 -14
right_child=2 5 10 4 8 -7 11 -9 -10 -11 -12 -13 13 -15
leaf_value=-0.060208116729223243 -0.050411687993367253 -0.017664655177484216 0.052366521692660789 0.08852635661186925 -0.017899693648569057 0.097985894335463272 -0.052404764118981408 0.080225709962361225 -0.021555820023210756 0.077614190935681907 0.108651212110668 -0.010233334471735767 0.011487065892183693 -0.0490697676035061
leaf_weight=6.3352668136358323 9.111752122640608 4.5020021945238096 5.4264821708202389 11.096811711788179 5.7294174283742922 7.3034117370843887 54.089147344231606 3.3457393795251837 7.838988170027732 5.6098624616861343 11.718577682971953 7.2232430428266516 6.2206477969884855 4.0946899205446243
leaf_count=46 62 30 29 49 29 35 403 19 46 27 50 41 44 28
internal_value=-0.00180781 -0.027008 0.0396997 0.0174397 0.0378607 0.0538825 -0.0387527 -0.0121266 0.00854479 0.0293537 0.0908369 -0.0474365 -0.0306837 -0.0125511
internal_weight=149.646 93.1141 56.5319 39.3868 30.2751 11.8054 81.3087 19.9963 19.1783 11.3393 17.1451 61.3124 16.6506 10.3153
internal_count=938 646 292 213 151 65 581 137 102 56 79 444 118 72
is_linear=0
shrinkage=0.05


Tree=9
num_leaves=15
num_cat=0
split_feature=11 2 2 8 8 1 0 7 8 6 8 0 2 11
split_gain=56.0628 31.6674 23.8221 20.1353 12.2635 12.5357 11.6545 7.83536 7.27554 9.52442 4.17206 3.47218 2.41878 1.7711
threshold=1805.0115309443593 0.42246054112911224 0.37062838673591619 0.33604976920761048 0.42897253751389891 204.30581006709718 28.806859016500002 31.500000000000004 0.39507196787415338 15.477004528045656 0.27997983602276472 0.84594047100000014 0.35591587424278265 4162.6405377752135
decision_type=2 8 10 2 2 2 2 10 2 2 2 2 10 2
left_child=1 8 3 -2 5 -3 7 -5 -1 -10 -4 -7 -11 -12
right_child=2 4 10 6 -6 11 -8 -9 9 12 13 -13 -14 -15
leaf_value=-0.05069551398661002 -0.052536757074382615 0.048542312961576094 0.042197086008788992 0.030741877141969416 0.069488626318943106 -0.0063462140440602973 -0.0079813178691676406 0.1171235489575142 0.041684681008588423 -0.051125372072877442 0.082781329750609561 -0.061627214930669284 -0.014120964301447561 0.11645532658186111
leaf_weight=48.123803667724133 8.1458379551768321 7.8056292533874574 4.5817025899887112 5.0335486084222811 9.395691901445387 5.728701785206793 6.8579733222722998 5.4866001754999161 5.3821364939212826 9.668073311448099 9.795546770095827 5.6339824795722961 8.1290380582213384 6.4930205643177024
leaf_count=379 65 38 25 27 41 32 39 26 30 65 44 38 51 28
internal_value=-0.000691354 -0.0217904 0.044726 0.012328 0.0226941 -0.000243053 0.0427328 0.0757927 -0.039611 -0.0165977 0.0843482 -0.0337563 -0.0342232 0.0962046
internal_weight=146.261 99.8671 46.3942 25.524 28.564 19.1683 17.3781 10.5201 71.3031 23.1792 20.8703 11.3627 17.7971 16.2886
internal_count=928 674 254 157 149 108 92 53 525 146 97 70 116 72
is_linear=0
shrinkage=0.05


Tree=10
num_leaves=15
num_cat=0
split_feature=3 11 8 11 0 8 8 0 11 9 11 4 8 0
split_gain=46.9546 31.7908 21.5908 18.2141 13.6625 13.3759 8.71641 8.64297 10.4343 5.53036 5.14284 3.97669 3.81885 3.41149
threshold=0.4745806753635407 4435.8662537022929 0.41536509875344046 2492.3912768010618 2.3403755425000008 0.43528161475689026 0.41407577944245672 4.2384021280000015 552.95981167354773 0.1810187218114305 316.17639685567167 10.028152523540697 0.33604976920761048 1.0787307025000004
decision_type=10 2 2 2 2 2 2 2 2 2 2 2 2 2
left_child=1 6 3 4 9 -3 13 8 -8 -2 -4 -9 -11 -1
right_child=2 5 10 -5 -6 -7 7 11 -10 12 -12 -13 -14 -15
leaf_value=-0.023406705463996327 -0.029542502766818676 0.0033010569630158859 0.041729146176082275 0.074637031573277932 -0.061135479070448889 0.10763025074136308 -0.03914878830183479 -0.052960789764972573 0.060484694300528601 0.06548291719247544 0.094981811002686753 0.0046058490151925117 0.0089621434976792768 -0.052233382817920553
leaf_weight=13.680637657642363 4.6670699566602769 6.5235837474465352 6.8323978334665325 8.6137373745441419 8.5125298127531988 5.8069082796573639 4.1997314542531985 9.9006136134266836 7.0206759572029114 5.4618613570928556 13.476143896579741 4.3042201846837989 6.5995413064956665 41.090168029069901
leaf_count=104 32 39 29 40 60 25 26 64 40 27 57 25 31 340
internal_value=-0.000666314 -0.0223099 0.0363071 0.0118569 -0.00956736 0.0524337 -0.033802 -0.0096082 0.0231925 0.0166738 0.077066 -0.0355175 0.0345569 -0.0450331
internal_weight=146.69 92.5265 54.1633 33.8547 25.241 12.3305 80.196 25.4252 11.2204 16.7285 20.3085 14.2048 12.0614 54.7708
internal_count=939 663 276 190 150 64 599 155 66 90 86 89 58 444
is_linear=0
shrinkage=0.05


Tree=11
num_leaves=15
num_cat=0
split_feature=3 11 0 9 4 11 7 7 9 11 5 9 0 0
split_gain=48.0543 24.5216 22.2312 19.4635 16.8295 13.8371 9.38458 7.90096 7.33682 6.92142 5.91881 4.79216 1.58398 2.59952
threshold=0.48634970188140875 1805.0115309443593 4.8865156175000006 0.1810187218114305 13.087920861031654 1278.1791805774519 31.500000000000004 34.500000000000007 0.34533536192835929 1228.0549092370998 2.7116992885614821 0.38914528891234984 1.5766121745000004 7.5000000000000021e-05
decision_type=10 2 2 2 2 2 8 10 2 2 2 2 2 2
left_child=1 11 -3 9 8 6 10 -8 -4 -2 -5 12 13 -1
right_child=3 2 4 5 -6 -7 7 -9 -10 -11 -12 -13 -14 -15
leaf_value=-0.05921101188254882 -0.047002517695142659 0.085039692977033024 -0.060680219869828113 0.044300843037316288 0.07355690381705933 0.098440495678486326 0.10060534490945364 0.023176080216086352 0.011266833108066993 0.031279562118298833 -0.020324456268937904 -0.0023810804914678571 -0.049996162961594065 -0.020257979721880644
leaf_weight=6.2355155944824245 7.4855826124548894 8.4534884840250033 10.313948407769205 6.2055118605494526 4.5159800723195067 12.610306099057196 7.2863106280565244 6.0140112340450287 5.3978862017393103 4.5338801741600037 8.2575670480728132 7.9761554747819892 36.384760722517967 13.678388893604277
leaf_count=49 55 44 76 29 25 52 31 29 27 24 47 48 306 102
internal_value=8.58152e-05 -0.021498 0.0169458 0.0383799 -0.0115116 0.0550077 0.0352803 0.0655941 -0.0359624 -0.0174736 0.0074036 -0.0386527 -0.0437916 -0.0324551
internal_weight=145.349 92.9561 28.6813 52.3932 20.2278 40.3737 27.7634 13.3003 15.7118 12.0195 14.4631 64.2748 56.2987 19.9139
internal_count=944 677 172 267 128 188 136 60 103 79 76 505 457 151
is_linear=0
shrinkage=0.05


Tree=12
num_leaves=15
num_cat=0
split_feature=11 3 0 8 4 6 2 11 8 1 5 5 0 11
split_gain=46.8947 29.15 19.2286 19.1586 16.3262 13.163 6.78109 3.60841 3.28498 2.80494 2.77203 1.92483 5.27208 1.89683
threshold=1805.0115309443593 0.4795940518379212 22.324624061500003 0.41286008171050498 11.167936826281812 4.4978394508361825 0.31042073667049414 4162.6405377752135 0.38010148332633803 1029.8105522020289 2.656808257609875 3.0358341843035519 2.1133135555000004 336.32902568955586
decision_type=2 8 2 2 2 2 8 2 2 2 2 2 2 2
left_child=1 13 6 5 9 -3 -2 8 -8 -4 -5 -7 -13 -1
right_child=2 3 4 10 -6 11 7 -9 -10 -11 -12 12 -14 -15
leaf_value=-0.052297973336871972 0.015041372490384617 0.037088097438996048 -0.055471162312558497 0.0795936257021157 0.06649788245456488 -0.063358698401618244 0.030611114214984483 0.10230435429553396 0.084790028530988326 -0.00063336090149085638 0.035511058872729213 0.015441090800545643 -0.0593008328788803 -0.034093638123307533
leaf_weight=23.789833001792431 4.7269233390688923 8.4657794535160082 6.95447024703026 8.0208094120025617 5.9775666743516913 5.7745716571807852 4.8809748068451899 10.45764175057411 6.5552287995815277 3.508177861571312 6.4211363792419425 4.171858035027979 5.4305509328842163 35.90688481926918
leaf_count=197 27 41 49 33 32 38 26 47 28 22 28 24 42 288
internal_value=-0.000395234 -0.0195082 0.0430945 0.0145468 0.000577914 -0.0129812 0.0693516 0.0810772 0.0616665 -0.0370838 0.0599938 -0.0405468 -0.0268285 -0.0413483
internal_weight=141.042 97.9814 43.061 38.2847 16.4402 23.8428 26.6208 21.8938 11.4362 10.4626 14.4419 15.377 9.60241 59.6967
internal_count=922 691 231 206 103 145 128 101 54 71 61 104 66 485
is_linear=0
shrinkage=0.05


Tree=13
num_leaves=15
num_cat=0
split_feature=11 3 9 3 9 11 6 8 2 8 9 1 1 9
split_gain=45.3094 21.8528 16.851 16.2691 15.4465 7.62131 7.38523 9.51514 5.50051 4.90368 7.26416 3.8957 3.70005 3.32141
threshold=1805.0115309443593 0.4745806753635407 0.28271665756936309 0.39667493104934698 0.17261711810459043 4162.6405377752135 4.4978394508361825 0.41536509875344046 0.34911113977432251 0.41407577944245672 0.31931893609058809 248.37316132862216 477.33433168644206 0.39363537180607827
decision_type=2 8 2 10 2 2 2 2 8 2 2 2 2 2
left_child=1 9 3 -2 -3 8 -6 11 -4 -1 -11 -8 -5 -12
right_child=2 4 5 12 6 -7 7 -9 -10 10 13 -13 -14 -15
leaf_value=-0.048268417963195379 -0.046741689699180557 -0.04819062447961904 0.0011746121130292455 0.077653636704136997 0.064125692068135329 0.095227001046399473 0.013809683300742668 0.051448318295127839 0.069813639448528489 0.038094809146735437 -0.0605618406275251 -0.046668130272847219 0.018142701764021565 -0.010466359200960071
leaf_weight=39.018491253256798 8.0827954486012477 8.4973318651318532 5.133261352777482 5.1944507062435132 9.6735995113849658 13.357365578413008 4.7290378659963626 8.0859857648611051 6.7658291906118402 4.5272115468978908 6.5554413944482786 6.0942362919449806 5.2534364461898804 6.680781364440918
leaf_count=356 66 65 29 25 41 57 26 34 29 31 47 39 25 42
internal_value=0.00073483 -0.0188584 0.0427348 0.00652302 0.0109963 0.0693034 0.0285918 0.0104134 0.0402028 -0.0383543 -0.0165773 -0.0202434 0.0477302 -0.0352769
internal_weight=137.649 93.8621 43.7871 18.5307 37.0802 25.2565 28.5829 18.9093 11.8991 56.7819 17.7634 10.8233 10.4479 13.2362
internal_count=912 681 231 116 205 115 140 99 58 476 120 65 50 89
is_linear=0
shrinkage=0.05


Tree=14
num_leaves=15
num_cat=0
split_feature=8 3 3 8 0 4 0 4 3 4 8 0 4 7
split_gain=36.3354 17.282 11.9576 8.42057 7.97026 6.78884 11.441 5.07889 4.49203 3.8644 3.48362 6.3368 5.5431 3.35963
threshold=0.41407577944245672 0.48634970188140875 0.42821183800697332 0.20991795497900115 2.4592421055000004 13.087920861031654 1.6104826330000004 4.7502751623244723 0.81644046306610119 1.5564405423965779 0.33604976920761048 2.9564256670000004 1.7903320825750566 30.500000000000004
decision_type=2 8 10 2 2 2 2 2 10 2 2 2 2 8
left_child=1 10 5 -3 8 6 9 -6 -5 -2 -1 12 -12 -8
right_child=2 3 -4 4 7 -7 13 -9 -10 -11 11 -13 -14 -15
leaf_value=-0.046608198792871175 0.010502378917627429 -0.041037758375149613 0.060306576128090407 0.066485997199422192 -0.052488103448215244 0.0678073281631109 -0.053327734993497647 0.023968657415024349 0.014414708330939968 0.073922276506635839 -0.027176402709926686 -0.046261006813707733 0.053534840905708495 -0.0062364737863764008
leaf_weight=37.319109544157982 4.4943245351314598 6.8405096158385268 21.434785708785057 8.7396594956517273 4.7031831890344602 4.5379817485809317 6.2058451026678059 4.0360826104879379 7.8726844117045394 5.1594583168625832 4.4130339175462741 10.536090068519114 4.1070705875754356 9.7191814929246902
leaf_count=347 27 47 90 40 34 23 44 23 40 26 34 84 26 59
internal_value=-0.00161098 -0.0210364 0.0317626 0.00819165 0.021475 0.0114471 0.00144819 -0.0171778 0.0418091 0.0443971 -0.0377265 -0.020333 0.01173 -0.0245875
internal_weight=140.119 88.5674 51.5516 32.1921 25.3516 30.1168 25.5788 8.73927 16.6123 9.65378 56.3753 19.0562 8.5201 15.925
internal_count=944 675 269 184 137 179 156 57 80 53 491 144 60 103
is_linear=0
shrinkage=0.05


Tree=15
num_leaves=15
num_cat=0
split_feature=11 8 2 2 8 6 6 8 11 1 2 11 7 7
split_gain=34.2092 19.4558 13.7129 11.1554 10.3869 11.5088 9.61051 7.04 6.55379 11.4473 4.45244 3.62185 3.57972 1.77687
threshold=1698.5942241921007 0.41286008171050498 0.31081898510456091 0.39244541525840765 0.43325391704728272 94.461746215820327 4.1707589626312265 0.30488799582096643 336.32902568955586 326.36823921794058 0.36495414376258856 3608.6343858547921 30.500000000000004 31.500000000000004
decision_type=2 2 10 10 2 2 2 2 2 2 10 2 10 10
left_child=1 6 12 8 5 11 7 -1 -3 -10 -7 -4 -2 -5
right_child=2 3 4 13 -6 10 -8 -9 9 -11 -12 -13 -14 -15
leaf_value=-0.032358646007657622 -0.052946814000181031 -0.055434781869628691 0.025150588889705557 0.02963552107306331 0.079504370559456028 -0.060516426756064758 -0.043101501856570183 0.049198279443237153 0.070471501410284729 -0.02892856599929159 0.014967644583754408 0.075823480281487166 0.0073882105004595385 0.067086524929557467
leaf_weight=5.1887644454836828 4.1664842888712865 5.6541619747877183 6.4508865550160426 5.7589420825242978 15.488897696137427 3.8968489468097678 51.166624642908573 5.3994605019688606 4.7370526492595655 7.454509511590004 3.9174616560339928 7.7781192064285278 5.9966353699564934 7.0373940467834473
leaf_count=42 28 39 33 25 66 31 456 25 29 51 20 39 40 29
internal_value=-0.000215097 -0.0179669 0.0341743 0.0146049 0.0481254 0.0260768 -0.0341287 0.00923127 -0.0109415 0.0096935 -0.0226748 0.0528503 -0.0173468 0.0502318
internal_weight=140.092 92.3969 47.6953 30.6421 37.5322 22.0433 61.7548 10.5882 17.8457 12.1916 7.81431 14.229 10.1631 12.7963
internal_count=953 696 257 173 189 123 523 67 119 80 51 72 68 54
is_linear=0
shrinkage=0.05


Tree=16
num_leaves=15
num_cat=0
split_feature=8 11 0 3 11 0 4 8 9 0 6 3 3 5
split_gain=28.0975 17.3311 17.591 14.1771 13.7538 10.9721 8.05732 6.72575 6.48434 6.40301 4.37035 3.74975 3.72075 2.40568
threshold=0.41536509875344046 1972.6263659591268 3.9897032975000006 0.42821183800697332 4694.115519728527 1.1015504000000003 11.167936826281812 0.28098797983160267 0.43195632028327019 4.2384021280000015 4.5543351173400888 0.75440844893455516 0.40856848657131201 3.4487259965215551
decision_type=2 2 2 10 2 2 2 2 2 2 2 10 10 2
left_child=1 5 -3 4 8 7 12 -1 9 13 -9 -5 -4 -2
right_child=3 2 6 11 -6 -7 -8 10 -10 -11 -12 -13 -14 -15
leaf_value=-0.036958521891643566 -0.018591534646796637 0.071836991930231645 -0.058943976549303695 0.085698699688155952 0.074179726735881815 -0.046452925768334784 0.046484428469760329 0.050198170120369145 0.036949936782594978 -0.055040614041436044 -0.0045799629106957149 0.043722050028311928 -0.0014834651798263515 0.035209271334752767
leaf_weight=9.0619117617607134 4.3966614305973142 10.031048931181433 6.6218463629484159 10.188188537955286 6.5021250694990149 35.91713035851717 4.1875521391630164 6.1016541048884383 5.8520219027996054 8.388772100210188 9.0296262279152852 11.134584099054335 4.9034996330738068 3.9395547211170197
leaf_count=78 28 48 57 43 27 344 24 29 31 61 63 46 24 24
internal_value=0.00317765 -0.0142191 0.0201082 0.0328111 0.0101036 -0.0289207 -0.0129153 -0.00289248 -0.00835023 -0.0242006 0.0175092 0.0637788 -0.0344972 0.00683382
internal_weight=136.256 85.8543 25.7439 50.4019 29.0791 60.1103 15.7129 24.1932 22.577 16.725 15.1313 21.3228 11.5253 8.33622
internal_count=927 667 153 260 171 514 105 170 144 113 92 89 81 52
is_linear=0
shrinkage=0.05


Tree=17
num_leaves=15
num_cat=0
split_feature=11 0 3 8 8 0 4 11 3 3 8 11 1 3
split_gain=28.5853 19.6782 16.8429 13.7775 11.3533 7.7018 6.61297 6.5623 6.04689 5.36132 3.37114 3.92286 7.58489 3.2228
threshold=1698.5942241921007 3.8356631995000003 0.4745806753635407 0.31391333536388683 0.43528161475689026 2.1133135555000004 11.167936826281812 279.342233744608 0.38514706492424017 0.49301829934120184 0.39507196787415338 336.32902568955586 326.36823921794058 0.38237605988979345
decision_type=2 2 8 2 2 2 2 2 8 10 2 2 2 10
left_child=2 8 10 -4 6 7 9 -5 -2 -3 -1 -12 -13 -6
right_child=1 4 3 5 13 -7 -8 -9 -10 -11 11 12 -14 -15
leaf_value=-0.044618696763225801 0.020961682932108372 -0.060408192832841982 -0.040316797656873647 0.019943043362021393 0.013407288126259416 -0.013762953598301068 0.035479567602587449 0.082095982371669304 0.085441605825952838 0.0094440917617676003 -0.052087967061080459 0.039127323540111267 -0.035962727791408022 0.067686295882348632
leaf_weight=34.774221301078796 4.870155535638335 9.1203718557953888 9.8725203424692136 9.4396788924932533 5.0467448979616147 7.1819642558693877 3.8131300285458556 7.7202458530664435 14.348069310188292 3.9308830797672263 6.1255643516778973 5.8576252683997136 7.8965477645397186 5.9693243503570557
leaf_count=362 26 73 79 40 25 40 23 33 63 18 46 38 56 26
internal_value=-0.00131703 0.0301745 -0.018007 0.00950429 0.00334181 0.0297106 -0.0224457 0.0479056 0.0691015 -0.0393695 -0.0352296 -0.0188059 -0.00398339 0.0428197
internal_weight=135.967 47.0987 88.8684 34.2144 27.8805 24.3419 16.8644 17.1599 19.2182 13.0513 54.654 19.8797 13.7542 11.0161
internal_count=948 254 694 192 165 113 114 73 89 91 502 140 94 51
is_linear=0
shrinkage=0.05


Tree=18
num_leaves=15
num_cat=0
split_feature=9 2 2 7 1 4 0 5 4 6 6 7 6 6
split_gain=24.3735 12.7372 11.8811 8.55467 5.89756 5.75424 12.7681 11.748 4.36155 4.08453 4.03332 3.50279 2.72915 3.577
threshold=0.26507159535663871 0.37062838673591619 0.38348343968391424 31.500000000000004 257.02222414099015 1.6593740288981813 4.4969139100000008 13.835981008887144 7.9826266548338678 33.17784500122071 12.700444221496584 32.500000000000007 3.6509790420532231 5.7824156284332284
decision_type=2 10 8 8 2 2 2 2 2 2 2 10 2 2
left_child=2 5 -1 10 -5 -2 9 -8 12 -7 -4 -9 -3 -14
right_child=1 8 3 4 -6 6 7 11 -10 -11 -12 -13 13 -15
leaf_value=-0.04144257673313588 -0.04397877890450106 0.06362205565298272 -0.0051123404504263663 0.076482543461416613 0.0052127776549492607 0.085366974132237594 -0.055268545055056142 -0.0024719130527984154 0.080886735862487472 0.020449315402549937 -0.060579772906728474 0.05582504108530334 -0.0011669466851444812 0.040600725194414836
leaf_weight=34.981180056929588 6.2031342834234229 6.1785337328910854 10.63270388543606 4.8769082054495794 7.170563593506813 5.3155631348490733 9.2391641736030596 6.1697406470775586 6.0435021966695777 4.4527234137058258 4.7377109676599494 4.4245259463787079 7.8434536457061794 14.79527388513088
leaf_count=357 48 26 63 26 46 28 74 42 27 25 40 23 36 72
internal_value=0.000645632 0.0207542 -0.0221269 0.00251695 0.0340633 -0.000191719 0.008984 -0.0140615 0.0422675 0.0557753 -0.0222094 0.0218749 0.0341683 0.0261298
internal_weight=133.065 70.6656 62.3991 27.4179 12.0475 35.8049 29.6017 19.8334 34.8608 9.76829 15.3704 10.5943 28.8173 22.6387
internal_count=933 401 532 175 72 240 192 139 161 53 103 65 134 108
is_linear=0
shrinkage=0.05


Tree=19
num_leaves=15
num_cat=1
split_feature=3 10 8 4 5 4 7 0 0 8 9 0 5 5
split_gain=22.1224 15.1489 12.2895 11.308 8.61635 10.6468 6.10629 5.98147 6.70574 9.17762 5.71885 3.77125 3.66412 7.79678
threshold=0.39476926624774938 0 0.25223849050378711 14.525452278602666 5.3675868911161944 10.401465852248711 36.500000000000007 1.1703618165 0.00010500000000000002 0.36410205031086457 0.26507159535663871 8.500000000000002e-05 15.394790923517638 17.671306862879472
decision_type=8 9 2 2 2 2 8 2 2 2 2 2 2 2
left_child=3 6 -3 7 -4 10 11 8 -1 -10 -6 -2 -9 -14
right_child=1 2 4 -5 5 -7 -8 12 9 -11 -12 -13 13 -15
leaf_value=-0.037828393304501592 0.0057971635214370361 -0.024132421253227482 0.0739339166376526 0.063096201114985317 -0.047754285274584085 0.085600773274464373 0.039934697886607202 -0.046632887663291933 -0.019707689153599023 0.0899469727026532 0.023409551231925497 -0.038544422267589071 0.042703931930430115 -0.047347840328725709
leaf_weight=6.304090239107607 6.7924471423029962 6.4642193019390097 19.569775998592377 3.6600968092679969 3.7677110433578518 5.7437943667173377 4.2151487842202178 29.365216813981533 4.0625741258263588 3.5982293412089348 11.260743133723734 16.307580351829529 3.982280917465685 6.0634669438004494
leaf_count=54 38 51 89 24 31 27 21 285 40 19 58 116 29 46
internal_value=0.0014868 0.0195001 0.0328526 -0.0219224 0.0501271 0.0276984 -0.0112785 -0.0277524 0.000366081 0.0317964 0.00556841 -0.025506 -0.0377158 -0.01165
internal_weight=131.157 74.1214 46.8062 57.036 40.342 20.7722 27.3152 53.3759 13.9649 7.6608 15.0285 23.1 39.411 10.0457
internal_count=928 431 256 497 205 116 175 473 113 59 89 154 360 75
cat_boundaries=0 1
cat_threshold=8
is_linear=0
shrinkage=0.05


Tree=20
num_leaves=15
num_cat=0
split_feature=11 3 8 9 2 5 3 8 1 9 9 11 6 6
split_gain=31.3532 16.1096 11.3021 9.8834 7.93049 5.65257 6.80323 5.61145 5.52284 3.86287 3.76717 2.25951 1.38816 1.30394
threshold=1698.5942241921007 0.47318401932716375 0.27997983602276472 0.17261711810459043 0.34911113977432251 1.2857975298901854 0.75440844893455516 0.41286008171050498 489.36694497826676 0.26718870407441681 0.2895456896923892 2593.4851911931282 298.61764526367193 60.968235015869148
decision_type=2 8 2 2 10 2 10 2 2 2 2 2 2 2
left_child=1 12 8 -3 10 -5 9 -8 -2 -7 -4 -6 -1 -12
right_child=2 3 4 5 11 6 7 -9 -10 -11 13 -13 -14 -15
leaf_value=-0.043245598457720677 0.017478283218583742 -0.057951551362968028 -0.026791381091925665 0.062833012015789905 0.032236288508311797 -0.0026738823545283514 -0.055921788333545219 0.012734488216233776 -0.060727017154828061 0.056857795199688657 0.046318522444098849 0.068960769929336363 -0.0083159752597529828 0.0099474068000316718
leaf_weight=45.274966441094875 4.5900954753160459 5.4200077429413787 4.3153247982263556 5.2020979672670391 5.5613679885864284 4.5594844818115252 5.8881845101714116 6.017819419503212 4.4423668831586838 6.7722977474331856 5.2345920801162702 16.964860744774342 3.0350928977131835 4.6562105491757393
leaf_count=446 31 50 34 22 26 29 34 25 37 29 25 77 30 25
internal_value=-0.00404417 -0.0225167 0.0291229 0.0039276 0.0414444 0.0157204 0.00517358 -0.0212199 -0.0209848 0.0329045 0.0121893 0.0598941 -0.0410511 0.0291964
internal_weight=127.935 82.17 45.7648 33.8599 36.7324 28.4399 23.2378 11.906 9.03246 11.3318 14.2061 22.5262 48.3101 9.8908
internal_count=920 665 255 189 187 139 117 59 68 58 84 103 476 50
is_linear=0
shrinkage=0.05


Tree=21
num_leaves=15
num_cat=0
split_feature=3 5 11 0 8 8 11 0 11 8 6 6 0 0
split_gain=19.0562 16.4372 13.4879 10.7283 10.7727 10.1991 8.59395 10.8101 7.07317 5.60106 5.14623 8.90996 2.02312 3.10657
threshold=0.49076519906520844 26.323895282013201 12016.861241222769 4.1767954825000002 0.41407577944245672 0.20460322767948033 2408.7780840629498 2.4592421055000004 883.4809545112679 0.47438788642226648 6.1982116699218759 4.4978394508361825 7.5000000000000021e-05 1.1015504000000003
decision_type=8 2 2 2 2 2 2 2 2 2 2 2 2 2
left_child=1 2 3 4 12 -2 7 10 -6 -9 11 -7 -1 -14
right_child=5 -3 -4 -5 8 6 -8 9 -10 -11 -12 -13 13 -15
leaf_value=-0.058429304841063283 -0.037503772599434972 0.078846576001280519 0.062960136701251196 -0.04738552723634918 -0.0026621881900458213 0.051935218054776237 0.069248840884702942 -0.055610915480556966 0.071060971239413934 0.024533700494555014 0.079272197154611479 -0.018264907077615387 -0.0025519033074460793 -0.043934738231405646
leaf_weight=4.6313833072781589 6.0623366609215728 4.3294828683137885 4.4539610072970381 33.115170560777187 7.9683425799012166 11.429495185613638 11.332237526774405 6.0070910826325399 5.4984946697950363 3.4218389540910721 5.4621464908123007 7.476900339126586 9.9398805871605891 8.3402267545461637
leaf_count=46 48 27 24 311 53 49 50 47 25 14 25 39 85 95
internal_value=-0.000331959 -0.0158447 -0.0213887 -0.0267948 -0.00805108 0.0233884 0.0315681 0.0189338 0.0274389 -0.0265258 0.0365235 0.0241732 -0.0289112 -0.0214327
internal_weight=129.469 78.2769 73.9475 69.4935 36.3783 51.192 45.1297 33.7975 13.4668 9.42893 24.3685 18.9064 22.9115 18.2801
internal_count=938 666 639 615 304 272 224 174 78 61 113 88 226 180
is_linear=0
shrinkage=0.05


Tree=22
num_leaves=15
num_cat=0
split_feature=3 8 0 7 7 5 3 9 8 1 8 0 8 8
split_gain=19.6812 12.8068 9.8439 8.65948 7.25556 5.54031 5.11674 3.68004 3.44807 2.51874 2.48534 4.28475 2.41292 2.78267
threshold=0.49076519906520844 0.33604976920761048 2.0318560600000004 33.500000000000007 31.500000000000004 15.394790923517638 0.81825292110443126 0.24957749435074808 0.43528161475689026 336.02079080380275 0.41536509875344046 18.819970130500003 0.48275140104841979 0.37710130859804886
decision_type=10 2 2 8 8 2 10 2 2 2 2 2 2 2
left_child=1 -1 3 12 6 10 7 -2 9 -6 -4 -12 13 -3
right_child=4 2 5 -5 8 -7 -8 -9 -10 -11 11 -13 -14 -15
leaf_value=-0.043433131931123421 -0.007086640922610076 0.026093274241892457 -0.05892600641313759 0.082593373558107711 0.051199485511124333 0.0098733374206371044 -0.04385191095441246 0.036905505503906019 0.069432901524945953 0.0080966779056377176 0.0029548218358963038 -0.062763235766246803 0.039112029266514026 -0.029782592066759869
leaf_weight=30.827574670314789 9.3861172348260933 3.639165364205839 7.4778035655617776 5.0309133753180495 6.4036988839507121 9.7726415544748289 4.5460439398884764 9.6323255673050863 8.2005188912153226 7.200226753950119 6.7154346704483014 3.9327635169029236 3.7985939532518378 5.7469272315502167
leaf_count=354 64 26 72 26 31 62 26 45 36 42 48 28 20 39
internal_value=-0.00308247 -0.0184839 -0.00180526 0.0267842 0.0230371 -0.0204719 0.00380306 0.0151942 0.0438236 0.0283862 -0.0368326 -0.0213172 0.00548895 -0.00811846
internal_weight=122.311 76.9418 46.1142 18.2156 45.3689 27.8986 23.5645 19.0184 21.8044 13.6039 18.126 10.6482 13.1847 9.38609
internal_count=919 675 321 111 244 210 135 109 109 73 148 76 85 65
is_linear=0
shrinkage=0.05


Tree=23
num_leaves=15
num_cat=0
split_feature=11 3 8 8 3 0 8 1 0 4 1 11 11 8
split_gain=19.5228 14.9344 9.00458 8.03311 7.46259 6.28071 11.0818 5.23067 4.77579 13.0922 4.0444 3.59749 2.4747 4.76185
threshold=1805.0115309443593 0.4745806753635407 0.25223849050378711 0.21679663385666312 0.34735664725303655 2.4592421055000004 0.50097384141368495 365.48474630163412 22.324624061500003 8.4613533424422833 489.36694497826676 336.32902568955586 629.82340110995324 0.39507196787415338
decision_type=2 8 2 2 8 2 2 2 2 2 2 2 2 2
left_child=1 11 10 -3 -4 7 -7 -5 -6 -10 -2 -1 13 -13
right_child=2 3 4 5 8 6 -8 -9 9 -11 -12 12 -14 -15
leaf_value=-0.050502870192547789 0.013742541634643852 -0.056670886631559593 -0.034391852837475943 0.056490921483536564 0.059460714398882397 -0.061979148418169233 0.051125706639644046 0.0065976463017924526 -0.040426670098492073 0.06384070870581017 -0.061319149421293496 -0.030767442839688269 -0.03288936063809119 0.036789541377804984
leaf_weight=17.223769053816795 3.6175589337944976 3.8645470812916747 3.2625506520271292 11.983004286885267 20.846153482794762 5.2487963214516622 3.6868077516555786 9.3533628731966001 5.1735828220844251 7.2011013105511665 3.5611226111650467 6.2546761631965655 18.133604072034359 4.4743686988949776
leaf_count=193 24 39 23 54 97 44 15 45 37 37 29 80 185 30
internal_value=0.000790813 -0.0138523 0.0276955 0.011214 0.0377677 0.0198803 -0.0153124 0.0346189 0.0448544 0.0202488 -0.0234932 -0.0324192 -0.0216277 -0.00259393
internal_weight=123.885 80.2229 43.6621 34.1365 36.4834 30.272 8.9356 21.3364 33.2208 12.3747 7.17868 46.0864 28.8626 10.729
internal_count=932 685 247 197 194 158 59 99 171 74 53 488 295 110
is_linear=0
shrinkage=0.05


Tree=24
num_leaves=15
num_cat=0
split_feature=11 0 8 4 2 8 2 2 1 7 6 8 11 2
split_gain=22.517 12.0571 10.8289 10.6006 5.59098 5.20138 4.0279 3.99832 8.46335 3.86642 2.68727 2.36006 2.31067 1.97821
threshold=1698.5942241921007 15.453741550500002 0.41407577944245672 8.4613533424422833 0.36495414376258856 0.37332402168870632 0.30878029763698583 0.42246054112911224 253.77010440584351 32.500000000000007 36.269063949584968 0.4048552167650466 4810.675610602786 0.38903993368148809
decision_type=2 2 2 2 10 2 10 8 2 8 2 2 2 10
left_child=2 6 7 12 10 -5 -2 -1 -9 -6 -4 13 -3 -8
right_child=1 3 4 5 9 -7 11 8 -10 -11 -12 -13 -14 -15
leaf_value=-0.042427034344142661 0.0057031110663187988 -0.061954763337285328 0.0040691162372589428 -0.015757039667411137 0.006208433116196125 0.057964145290964268 0.019252481797512624 0.027178460514965037 -0.04686862963077304 0.056424376744492633 -0.042657822303822791 0.077587520136181254 -0.0075401262429281579 0.061987060124493558
leaf_weight=33.262601867318153 4.2904380559921291 5.8209672346711177 6.1529330015182513 3.766602009534834 10.038970462977888 6.5590868145227432 4.7987042292952555 7.3569464087486258 8.1159875318407995 6.2009929046034804 6.154773436486721 9.2878055125474912 2.9344620853662491 6.2156876623630524
leaf_count=405 27 49 45 29 46 30 27 38 63 28 52 41 18 27
internal_value=-0.00211747 0.0265799 -0.0183347 -0.00324517 0.00611963 0.0310722 0.0497208 -0.0326593 -0.0116613 0.0253827 -0.0192978 0.059023 -0.0437172 0.0433686
internal_weight=120.957 43.6738 77.2832 19.0811 28.5477 10.3257 24.5926 48.7355 15.4729 16.24 12.3077 20.3022 8.75543 11.0144
internal_count=925 248 677 126 171 59 122 506 101 74 97 95 67 54
is_linear=0
shrinkage=0.05


Tree=25
num_leaves=15
num_cat=1
split_feature=10 2 8 1 7 8 3 4 0 3 3 5 2 5
split_gain=16.3513 19.8352 10.7575 10.599 7.88289 7.45641 5.6709 4.68307 3.99276 3.70328 8.5554 3.79832 3.35432 3.22324
threshold=0 0.39113442599773413 0.33604976920761048 167.83694602468748 31.500000000000004 0.22664594327366375 0.38180600106716162 11.052404988992761 1.0787307025000004 0.81644046306610119 0.50265413522720348 2.0930867243974043 0.3475663810968399 4.0120505752823243
decision_type=9 10 2 2 10 2 10 2 2 10 8 2 10 2
left_child=8 2 -2 12 7 -3 -6 -5 9 10 11 -1 -4 -7
right_child=1 5 3 4 6 13 -8 -9 -10 -11 -12 -13 -14 -15
leaf_value=-0.06505901341966587 -0.036034393721426743 -0.029075507140155457 0.025049945118515021 -0.04090186615192111 -0.0031617666140220852 0.074681719874269942 0.064563467497513433 0.020721387030643277 -0.045238045000529303 -0.046694917411426833 0.048481504961612333 0.00064227217470574644 0.087164701890811269 0.039551425447118621
leaf_weight=4.1537104919552803 16.890156768262386 2.8094938024878529 3.8707013204693776 12.296252444386488 6.8813370466232282 12.718231797218325 5.6115125715732574 4.114751197397708 18.303903549909592 5.8296667262911788 5.6604517474770555 4.6764545813202858 4.9568344503641129 13.417822644114493
leaf_count=37 199 22 22 103 47 57 29 23 192 31 28 43 28 68
internal_value=0.00121966 0.0132748 -0.00286955 0.0119764 -0.00266867 0.0483261 0.0272589 -0.025451 -0.0224796 -0.0130422 0.000496492 -0.0302636 0.0599286 0.0566464
internal_weight=122.191 83.5671 54.6215 37.7314 28.9039 28.9455 12.4928 16.411 38.6242 20.3203 14.4906 8.83017 8.82754 26.1361
internal_count=929 598 451 252 202 147 76 126 331 139 108 80 50 125
cat_boundaries=0 1
cat_threshold=8
is_linear=0
shrinkage=0.05


Tree=26
num_leaves=15
num_cat=1
split_feature=11 3 10 8 2 7 9 5 11 8 7 8 11 2
split_gain=16.0581 12.8251 12.4398 7.70913 6.18739 4.80795 3.6373 3.4221 3.10149 4.72084 2.79416 4.6886 2.68642 2.20445
threshold=1698.5942241921007 0.39476926624774938 0 0.49558762948924578 0.42563943564891815 37.500000000000007 0.19716068668671993 2.4881949895269075 304.61163344067916 0.55003565706415902 29.500000000000004 0.33604976920761048 2671.0598192089014 0.68910241127014171
decision_type=2 10 9 2 10 8 2 2 2 2 10 2 2 8
left_child=2 3 5 10 7 8 -3 -4 13 -10 -2 -12 -8 -1
right_child=1 6 4 -5 -6 -7 12 -9 9 -11 11 -13 -14 -15
leaf_value=-0.038548534354987736 -0.062539499835863696 0.017546417192464175 0.028525479506445905 0.048542461285823187 0.071296379520548944 0.022482675707732266 0.033391111396544777 -0.039775972037581479 -0.028875618688067414 0.027581623452675365 -0.05568900021352502 0.01537063104882151 0.07654897052680007 -0.079598531018823582
leaf_weight=19.643260411918167 3.9173747636377838 6.7473995611071613 5.4102102667093259 4.5061478763818732 6.2986043021082869 4.4466021358966819 5.5577804222702971 2.774279497563839 29.042333520948887 4.243768908083438 3.8221014067530614 5.9118711203336716 10.26606799662113 3.9237928017973891
leaf_count=203 30 35 48 20 28 35 28 30 287 21 45 34 49 22
internal_value=-0.00220145 0.0231188 -0.0158096 -0.00816362 0.0201383 -0.0237187 0.048284 0.00537348 -0.0315042 -0.0216777 -0.0268816 -0.0125313 0.0613907 -0.0453831
internal_weight=116.512 40.7287 75.7829 18.1575 14.4831 61.2998 22.5712 8.18449 56.8532 33.2861 13.6513 9.73397 15.8238 23.5671
internal_count=915 241 674 129 106 568 112 78 533 308 109 79 77 225
cat_boundaries=0 1
cat_threshold=9
is_linear=0
shrinkage=0.05


Tree=27
num_leaves=15
num_cat=0
split_feature=8 11 3 3 11 8 6 4 3 3 6 6 11 7
split_gain=17.9335 11.993 11.1245 5.77382 5.59344 4.88112 4.29777 3.81559 3.69941 4.18037 3.44729 4.55767 2.87904 2.97896
threshold=0.31799189815522066 4162.6405377752135 0.39667493104934698 0.50515109300613414 1530.201400205189 0.41536509875344046 4.1707589626312265 14.292999344497506 0.81060916185379039 0.50713855028152477 35.702697753906257 26.977790832519535 1453.4752651328649 30.500000000000004
decision_type=2 2 8 10 2 2 2 2 8 10 2 2 2 8
left_child=3 2 7 -1 -5 6 -4 10 9 -8 11 -2 13 -7
right_child=1 -3 5 4 -6 12 8 -9 -10 -11 -12 -13 -14 -15
leaf_value=-0.043563238864345183 -0.035762539512413198 0.05433698100281175 0.040449613018944577 -0.031491747814288762 0.035692788673689441 0.0010569889041126463 -0.032426972646190398 0.035379771290853367 -0.055833694100785147 0.03780594972690688 -0.042230574085947173 0.031661097705152984 0.067354769374981069 0.043581046512531953
leaf_weight=23.739340379834175 5.3418564572930389 14.547178976237772 4.9330504611134556 6.9696917794644815 5.5769009739160538 6.9921373724937501 4.1353281736373866 2.7626859843730918 3.7957056164741525 4.3447105959057808 14.470921300351618 4.7221028730273247 5.6295471042394629 10.020935676991938
leaf_count=310 43 70 22 66 26 34 35 17 24 24 138 39 27 47
internal_value=0.000186578 0.0131782 0.00426154 -0.0290635 -0.00162854 0.0211049 0.0010327 -0.0203279 -0.0148071 0.00355656 -0.0266008 -0.00412674 0.0363602 0.0261042
internal_weight=117.982 81.6962 67.149 36.2859 12.5466 39.8514 17.2088 27.2976 12.2757 8.48004 24.5349 10.064 22.6426 17.0131
internal_count=922 520 450 402 92 213 105 237 83 59 220 82 108 81
is_linear=0
shrinkage=0.05


Tree=28
num_leaves=15
num_cat=1
split_feature=10 0 4 3 8 7 8 0 1 3 3 4 2 1
split_gain=13.3926 16.0923 10.8776 6.5954 6.10351 5.67027 4.862 4.6424 3.52087 3.46777 7.05046 3.24751 2.53077 2.09287
threshold=0 3.3674259185000004 14.525452278602666 0.38514706492424017 0.4275937462709592 30.500000000000004 0.27997983602276472 1.0787307025000004 151.64659987425708 0.81644046306610119 0.51617997884750377 0.92177011767809491 0.37247276306152349 105.44729396511745
decision_type=9 2 2 10 2 8 2 2 2 10 8 2 10 2
left_child=7 3 4 -2 8 -6 -5 9 -3 10 11 -1 -7 -8
right_child=1 2 -4 6 5 12 13 -9 -10 -11 -12 -13 -14 -15
leaf_value=-0.054956426868080666 0.0028544156980209144 0.010995321936401688 0.053531681784328836 -0.0041752466115427172 -0.030174390720880226 0.00710563015549193 0.029729208967214277 -0.048734302230844538 -0.042622216655941653 -0.045536105450748605 0.065972014610829174 0.001993010466160241 0.055748113121146629 0.069256475270537118
leaf_weight=3.9182543382048607 9.4537624828517419 3.6500269211828735 6.3759718164801589 3.2992748357355621 6.9908877462148693 6.4029200151562673 4.2066430076956776 16.364744663238525 18.998811114579439 5.7223602458834639 3.1912396326661119 6.9320454671978951 4.591502845287323 16.421678230166435
leaf_count=37 80 34 37 29 47 38 22 188 213 31 15 59 23 78
internal_value=-0.000955279 0.0103746 -0.00718575 0.0382123 -0.016713 0.00503292 0.0521821 -0.0227426 -0.0339814 -0.0127282 0.000642016 -0.0185725 0.0274198 0.0611959
internal_weight=116.52 80.3915 47.0101 33.3814 40.6341 17.9853 23.9276 36.1286 22.6488 19.7639 14.0415 10.8503 10.9944 20.6283
internal_count=931 601 392 209 355 108 129 330 247 142 111 96 61 100
cat_boundaries=0 1
cat_threshold=8
is_linear=0
shrinkage=0.05


Tree=29
num_leaves=15
num_cat=0
split_feature=11 8 2 6 3 9 1 3 11 11 5 11 11 3
split_gain=14.6114 10.4777 7.621 6.27869 4.30178 4.27267 2.41821 4.5427 3.54855 2.0725 2.54914 2.00879 1.979 2.91763
threshold=4162.6405377752135 0.41407577944245672 0.37062838673591619 3.9676328897476201 0.39133863151073461 0.24520554702435807 270.54982144457102 0.51284134387969982 1089.682066433747 1764.5193625300508 2.4564418992305863 2593.4851911931282 530.51880127118204 0.3755136132240296
decision_type=2 2 10 2 10 2 2 10 2 2 2 2 2 10
left_child=1 3 12 5 -2 -1 7 8 -5 10 -4 -8 -3 -14
right_child=4 2 9 6 -6 -7 11 -9 -10 -11 -12 -13 13 -15
leaf_value=-0.0095536461592463304 0.014743899439180173 -0.039663954531383078 0.047232500628921162 -0.040260280540409067 0.064211317547662211 0.060887823743496029 -0.043711220094022382 0.027065342198136735 0.016406143199492351 0.058443110854843744 0.0082563411815712497 -0.012691832832806109 -0.032181230142924698 0.017906083903147688
leaf_weight=5.4953473098576051 7.9032654836773899 4.8509248197078731 6.7861494570970597 12.202467896044256 9.9003962539136392 3.5390471145510674 22.478961568325762 5.0478398203849784 3.5713064298033705 5.4259873479604712 10.986796110868452 6.7975283227860919 4.8079996332526189 7.3553267046809196
leaf_count=47 47 40 30 155 51 17 281 27 28 27 52 51 37 46
internal_value=0.000539729 -0.00693552 0.012755 -0.0203261 0.0422521 0.0180404 -0.0272449 -0.014219 -0.0274306 0.0313958 0.0231384 -0.036509 -0.0126617 -0.00189276
internal_weight=117.149 99.3457 40.2132 59.1325 17.8037 9.03439 50.0981 20.8216 15.7738 23.1989 17.7729 29.2765 17.0143 12.1633
internal_count=936 838 232 606 98 64 542 210 183 109 82 332 123 83
is_linear=0
shrinkage=0.05


Tree=30
num_leaves=15
num_cat=0
split_feature=11 3 9 9 0 5 9 2 6 11 2 0 4 4
split_gain=14.5997 12.3098 8.1534 6.96012 7.32026 6.09776 4.15407 5.62765 4.11519 3.58735 3.56547 4.04997 2.51805 2.27612
threshold=3836.982559393377 0.49076519906520844 0.17261711810459043 0.49917768205832252 3.8020009990000001 6.6719391653922884 0.28271665756936309 0.3774488121271134 3.8219078779220585 1805.0115309443593 0.68910241127014171 1.0574499965000002 2.8563277664977522 2.3700631908796681
decision_type=2 8 2 2 2 2 2 10 2 2 8 2 2 2
left_child=1 3 13 4 5 9 7 -2 -4 -1 11 -10 -13 -3
right_child=6 2 8 -5 -6 -7 -8 -9 10 -11 -12 12 -14 -15
leaf_value=-0.025732328177181782 -0.035471936440345735 -0.059619545523373597 0.064386835019230093 0.051092012939612456 -0.046596780870155008 0.054720386301785953 0.055582160799583093 0.047533651047384995 0.054641245493234319 0.029567292473645881 -0.01377240111886684 -0.025579340246733435 0.027061804457585378 0.0034917254966763353
leaf_weight=21.022860657423742 3.7203478589653987 4.0758716166019431 5.4700699895620373 2.9972337856888762 25.420218829065561 3.2665007300674906 12.81374069303274 4.5263757705688477 8.019172549247747 3.4081513881683341 6.9893604777753344 3.7366348505020124 5.7945586368441582 2.1996237747371197
leaf_count=230 35 39 24 16 308 27 62 21 38 19 38 22 33 22
internal_value=0.000199285 -0.00836352 0.0143316 -0.0230388 -0.0272217 -0.00943959 0.0377676 0.0100873 0.0251701 -0.018018 0.0164284 0.0284557 0.00642423 -0.0374984
internal_weight=113.461 92.4003 36.2853 56.115 53.1177 27.6975 21.0605 8.24672 30.0098 24.431 24.5397 17.5504 9.53119 6.2755
internal_count=934 816 216 600 584 276 118 56 155 249 131 93 55 61
is_linear=0
shrinkage=0.05


Tree=31
num_leaves=15
num_cat=1
split_feature=11 10 4 6 11 2 9 9 9 3 1 7 3 2
split_gain=22.0881 9.71666 7.03941 9.25165 5.14452 4.86768 3.45447 3.02638 2.75449 5.52638 3.33251 2.22378 2.0893 1.94628
threshold=1805.0115309443593 0 14.525452278602666 26.618797302246097 8170.5115362182087 0.42563943564891815 0.24040302553366152 0.302330349544565 0.26718870407441681 0.49452708661556249 107.00975027777342 32.500000000000007 0.50713855028152477 0.35154268145561218
decision_type=2 9 2 2 2 10 2 2 2 10 2 8 10 10
left_child=1 8 3 11 6 7 -5 -3 -1 10 -10 12 -2 -8
right_child=2 5 -4 4 -6 -7 13 -9 9 -11 -12 -13 -14 -15
leaf_value=-0.043175754736011485 0.0069415358819104661 -0.02298024074874748 0.083195059560060486 -0.05987882681410759 0.03364285572952759 0.054779027172713615 -0.027156242662224252 0.043800556047160766 -0.00074889475544939223 0.0069325861638615833 -0.051851433817648687 0.067644924963838712 0.051917898791384934 0.015705389976767219
leaf_weight=29.277866240590811 4.9357950091362017 5.6345278732478601 4.5669379457831374 4.0985496565699604 6.1256588101387015 6.7074477188289157 5.32072990760207 2.4274036474525928 4.2663050517439904 10.713610813021658 12.648811072111128 6.5805123820900908 5.4147267490625381 5.2736966982483864
leaf_count=384 30 62 21 45 33 33 37 17 31 49 123 34 25 29
internal_value=-0.00408042 -0.0209918 0.0245641 0.017471 -0.00485129 0.0138989 -0.0208999 -0.00287291 -0.0276337 -0.0211657 -0.0389624 0.0449188 0.0304703 -0.00582057
internal_weight=113.993 71.676 42.3166 37.7497 20.8186 14.7694 14.693 8.06193 56.9066 27.6287 16.9151 16.931 10.3505 10.5944
internal_count=953 699 254 233 144 112 111 79 587 203 154 89 55 66
cat_boundaries=0 1
cat_threshold=9
is_linear=0
shrinkage=0.05


Tree=32
num_leaves=15
num_cat=0
split_feature=11 2 9 3 1 6 9 7 6 11 11 5 11 3
split_gain=11.0211 9.97625 6.06207 7.1899 5.54066 4.53051 4.47346 4.11349 3.0388 2.89009 3.13208 2.80378 2.23563 2.32525
threshold=1805.0115309443593 0.42246054112911224 0.22677961715103423 0.50713855028152477 101.73732228104264 3.7009938955307011 0.49298868058090156 28.500000000000004 6.6776540279388437 454.98049000395639 1120.3068977120174 1.5957700649592537 9036.5815148959464 0.48634970188140875
decision_type=2 8 2 10 2 2 2 10 2 2 2 2 2 8
left_child=1 6 3 -2 -3 -6 9 -4 11 -1 -11 -7 13 -9
right_child=2 4 7 -5 5 8 -8 12 -10 10 -12 -13 -14 -15
leaf_value=-0.044459481663045648 -0.056441084586879478 0.068376489398537257 -0.0002886256841660652 0.030060790080411882 0.045310026302037371 0.0033374921108780958 0.045825365320039585 0.022895758224862329 0.01347562576166784 -0.0076456141272618367 -0.056140204377923754 -0.053207363816885379 0.070872268016002618 0.064687658732340211
leaf_weight=18.142575513571501 4.6239817403256875 3.9036435931921032 6.5991710722446468 4.9995327442884445 5.0672402456402805 3.8701527416706103 2.0559542700648299 11.456897899508482 8.1938082277774793 16.866574913263324 4.1484964750707141 5.0567194521427155 5.9580381214618674 4.6911463364958754
leaf_count=251 58 18 37 23 24 21 12 65 53 193 52 37 30 24
internal_value=0.00143876 -0.0107489 0.0228402 -0.0115023 0.0134447 0.00378023 -0.0260654 0.0343536 -0.00851143 -0.02984 -0.0172187 -0.0286929 0.0446951 0.0350367
internal_weight=105.634 67.3052 38.3288 9.62351 26.0916 22.1879 41.2136 28.7053 17.1207 39.1576 21.0151 8.92687 22.1061 16.148
internal_count=898 661 237 81 153 135 508 156 111 496 245 58 119 89
is_linear=0
shrinkage=0.05


Tree=33
num_leaves=15
num_cat=0
split_feature=8 7 0 4 11 3 9 11 3 11 4 2 6 7
split_gain=11.949 7.98361 7.94773 8.94065 5.73036 4.6968 4.0792 4.51991 6.87387 3.61505 3.75613 3.13944 3.37363 2.83458
threshold=0.41286008171050498 27.500000000000004 3.8020009990000001 1.7130987945541474 2408.7780840629498 0.51617997884750377 0.32392040471934086 2127.1042844349963 0.4745806753635407 14129.315504284412 14.954017910729887 0.39113442599773413 19.046878814697269 32.500000000000007
decision_type=2 8 2 2 2 8 2 2 10 2 2 8 2 10
left_child=2 -2 3 5 11 13 -3 8 -8 10 -4 12 -5 -1
right_child=1 6 9 4 -6 -7 7 -9 -10 -11 -12 -13 -14 -15
leaf_value=-0.058476376575623171 -0.038673176810294446 0.054838517995895668 -0.046319238502328622 -0.056209605661443673 0.076783844028890436 0.0061263598218228854 -0.024567301957500662 0.047118822582826424 0.033367253687752778 0.026874159758600226 0.019767534521614283 0.037580683771276262 0.024043936214627644 -0.011780079982851051
leaf_weight=7.4625148177146929 5.1529893949627867 10.145086143165825 22.275765653699644 2.6843792535364601 4.6946297436952582 10.960235733538864 10.024624835699802 9.2572681903839094 10.464646980166433 2.2055640146136275 2.3797589093446723 5.274282932281495 2.5567720308899879 5.7569454163312912
leaf_count=91 35 63 302 37 22 59 77 47 47 13 17 37 39 52
internal_value=2.59253e-05 0.0198947 -0.0134831 0.00081793 0.0308526 -0.0180752 0.0274602 0.0181228 0.00502207 -0.0344544 -0.0399405 0.0103465 -0.0170598 -0.0381406
internal_weight=111.295 45.0446 66.2508 39.3898 15.2101 24.1797 39.8916 29.7465 20.4893 26.8611 24.6555 10.5154 5.24115 13.2195
internal_count=938 269 669 337 135 202 234 171 124 332 319 113 76 143
is_linear=0
shrinkage=0.05


Tree=34
num_leaves=15
num_cat=0
split_feature=11 0 8 9 1 11 3 1 6 11 0 6 8 2
split_gain=13.0886 8.48625 9.81334 7.50737 4.33756 4.21752 5.26789 4.0152 4.71242 3.38648 5.16935 3.27417 3.63172 2.36904
threshold=4162.6405377752135 1.2551721930000002 0.49670175318980941 0.1810187218114305 541.39423109197571 1056.3075804298767 0.42821183800697332 66.270208976670588 4.4978394508361825 752.95012724111132 0.082485739500000002 15.30561685562134 0.43528161475689026 0.35534927248954779
decision_type=2 2 2 2 2 2 8 2 2 2 2 2 2 10
left_child=1 3 5 -1 7 -3 -7 -5 -9 10 -10 -2 -13 -4
right_child=11 2 13 4 -6 6 -8 8 9 -11 -12 12 -14 -15
leaf_value=-0.0431832424213014 0.068091418197184991 -0.048127605218872604 -0.011765064795889081 -0.009512588053989442 -0.02015197724471671 -0.038907313241163081 0.019936486690469723 0.06619630093294307 -0.048395413519280735 0.051550106627785454 0.035497475656799872 0.0014199989905474349 0.054025347545711068 0.034547248147375156
leaf_weight=5.9234199784696093 5.6574821546673801 23.480977267026901 4.4026773348450643 5.8641165420413044 6.026488918811082 9.2265671305358374 6.4709038175642499 8.3708545193076151 3.4399474412202817 4.4660810232162476 3.9386556260287762 8.0627262927591783 5.5319876968860617 7.4069143235683441
leaf_count=73 30 343 31 37 35 108 35 40 31 27 30 49 25 36
internal_value=-0.00125394 -0.00933867 -0.0226713 0.00853705 0.0180792 -0.0347144 -0.0146504 0.0269136 0.0374801 0.0171859 -0.00361387 0.036128 0.0228263 0.0172818
internal_weight=108.27 89.0176 50.988 38.0296 32.1061 39.1784 15.6975 26.0797 20.2155 11.8447 7.3786 19.2522 13.5947 11.8096
internal_count=930 826 553 273 200 486 143 165 128 88 61 104 74 67
is_linear=0
shrinkage=0.05


Tree=35
num_leaves=15
num_cat=1
split_feature=3 5 11 0 10 11 7 11 4 0 5 1 4 11
split_gain=7.75231 9.26738 7.89499 5.68405 4.57653 4.29379 4.13198 3.41542 3.0767 2.95687 2.55106 3.12102 2.54117 1.96272
threshold=0.48634970188140875 26.323895282013201 12016.861241222769 3.8356631995000003 0 516.72878654409749 31.500000000000004 350.75400525844606 1.1096059778996876 4.3431129455000006 14.649817399475445 521.36265248478355 1.1796838026540939 621.49688248741847
decision_type=8 2 2 2 9 2 10 2 2 2 2 2 2 2
left_child=1 2 3 7 5 12 9 -1 -9 -6 -5 -12 -2 -10
right_child=4 -3 -4 10 6 -7 -8 8 13 -11 11 -13 -14 -15
leaf_value=-0.037739103371340621 -0.063746340655519124 0.059376688288338059 0.043442876019381002 -0.052891368264559549 0.031346654727036342 0.015610615424049172 0.05216361932269277 -0.022058062229944681 0.052678554268145418 -0.015017089402936397 0.0068193624785397033 -0.050337793328247754 -0.011932110452715042 0.0063965709922587169
leaf_weight=7.2188353985548046 4.1879623793065566 4.0328192673623553 4.6508506983518592 16.639372576028112 8.4141541831195372 7.7052818387746802 12.076291538774965 7.7393858917057541 3.0967722646892062 5.8157791532576075 4.9978671632707101 4.574231818318367 5.4402614682912827 8.8009574934840185
leaf_count=102 29 25 24 241 45 42 65 76 34 41 46 48 41 63
internal_value=-0.00250216 -0.0139021 -0.0190222 -0.0244966 0.013629 -0.0077413 0.02221 -0.00833032 0.00248069 0.0123978 -0.0410604 -0.0204944 -0.0344696 0.018443
internal_weight=105.391 61.7511 57.7183 53.0674 43.6397 17.3335 26.3062 26.856 19.6371 14.2299 26.2115 9.5721 9.62822 11.8977
internal_count=922 659 634 610 263 112 151 275 173 86 335 94 70 97
cat_boundaries=0 1
cat_threshold=8
is_linear=0
shrinkage=0.05


Tree=36
num_leaves=15
num_cat=1
split_feature=11 0 4 10 11 4 2 3 11 3 0 0 1 8
split_gain=12.5552 12.2042 11.6776 7.19902 4.52603 5.30103 4.44938 4.08502 4.45113 3.44021 3.29618 4.06885 2.2684 2.07422
threshold=4162.6405377752135 2.2932050225000005 14.525452278602666 0 1844.9431094927297 1.4813103827976375 0.31880868971347809 0.49076519906520844 1805.0115309443593 0.42821183800697332 0.00010500000000000002 0.63337186000000012 291.34425123972341 0.41536509875344046
decision_type=2 2 2 9 2 2 10 10 2 8 2 2 2 2
left_child=1 3 13 4 5 -1 -2 8 10 -7 -5 -12 -8 -3
right_child=6 2 -4 7 -6 9 12 -9 -10 -11 11 -13 -14 -15
leaf_value=-0.052186147952241503 -0.0069076133134073989 -0.047954421768304313 0.044942216536584943 -0.050374104637197041 0.03675045473781826 -0.038861198053886471 0.073722334684383939 0.048385657029080958 0.061051149185048198 0.028784952112757292 0.060361554665441269 -0.020303080768881637 0.032912538836576195 -0.023788685887215746
leaf_weight=9.858764607459312 4.3582549169659641 21.478309739381075 4.8047152794897547 3.0753717496991175 3.2161073535680762 3.0578507706522933 6.1285614892840368 13.966502513736485 3.1182861924171439 4.8772657252848148 2.6338904015719891 3.8461212739348412 7.6624857224524021 15.138085801154373
leaf_count=94 26 334 32 31 16 43 30 71 17 29 22 37 42 115
internal_value=-0.00077287 -0.00849619 -0.0283469 0.00875956 -0.0120844 -0.0277023 0.0371308 0.0216192 0.00918072 0.00271705 -0.00774657 0.0124842 0.0510479 -0.0379637
internal_weight=107.221 89.0713 41.4211 47.6502 21.01 17.7939 18.1493 26.6402 12.6737 7.93512 9.55538 6.48001 13.791 36.6164
internal_count=939 841 481 360 182 166 98 178 107 72 90 59 72 449
cat_boundaries=0 1
cat_threshold=8
is_linear=0
shrinkage=0.05


Tree=37
num_leaves=15
num_cat=0
split_feature=11 0 8 8 6 7 5 3 2 2 1 11 5 3
split_gain=8.05235 10.026 6.23671 5.88937 5.85798 4.17509 5.45146 4.50888 5.15739 3.41571 3.48287 2.88521 2.12461 2.88425
threshold=3836.982559393377 4.1767954825000002 0.49670175318980941 0.20991795497900115 28.762208938598636 37.500000000000007 6.6719391653922884 0.49452708661556249 0.68910241127014171 0.31880868971347809 527.47400610388161 1510.963971405745 12.536931900359217 0.41527715325355535
decision_type=2 2 2 2 2 8 2 10 10 10 2 2 2 10
left_child=1 3 12 4 -1 6 7 11 -9 -2 -11 -5 -3 -14
right_child=9 2 -4 5 -6 -7 -8 8 -10 10 -12 -13 13 -15
leaf_value=-0.055541193051182616 -0.0060952560460174462 -0.052043702045929278 0.011528766972589623 -0.026537214269826588 0.061664776197494775 0.059269613518420389 0.06210060844694603 0.035635882911882071 -0.018171296221876583 0.06190042525972983 0.013651094878646417 0.029371455383831669 -0.036231512382291518 0.031770481182119087
leaf_weight=5.7277172878384581 4.8024363331496742 14.19680061936379 7.8611682504415503 12.832690954208372 1.3098798021674154 4.8494701310992232 4.5055446438491336 14.423255249857904 6.4426296055316916 9.148245155811308 6.326921295374631 2.8135240674018851 6.9286540411412698 2.0121340192854404
leaf_count=85 32 212 48 132 26 34 30 77 37 47 38 16 92 18
internal_value=0.00246613 -0.00436756 -0.0269473 0.00886273 -0.0337261 0.0153973 0.0102104 0.00380717 0.0190222 0.0307422 0.042174 -0.0164836 -0.0400199 -0.0209276
internal_weight=104.181 83.9035 30.9988 52.9047 7.0376 45.8671 41.0176 36.5121 20.8659 20.2776 15.4752 15.6462 23.1376 8.94079
internal_count=924 807 370 437 111 326 292 262 114 117 85 148 322 110
is_linear=0
shrinkage=0.05


Tree=38
num_leaves=15
num_cat=0
split_feature=11 0 4 6 8 7 11 7 9 11 8 0 11 5
split_gain=9.98599 7.3889 5.83262 5.4029 5.38393 4.91561 4.27308 3.74995 3.4199 1.97813 1.95487 5.72745 1.80649 1.67836
threshold=1698.5942241921007 22.324624061500003 8.4613533424422833 7.1916913986206064 0.21679663385666312 36.500000000000007 336.32902568955586 28.500000000000004 0.39161443040341887 2593.4851911931282 0.38833636384570108 0.00016500000000000003 3836.982559393377 13.303761150418731
decision_type=2 2 2 2 2 8 2 10 2 2 2 2 2 2
left_child=3 7 -3 4 -1 10 -5 -2 13 -9 11 -6 -4 -8
right_child=1 2 12 6 5 -7 8 9 -10 -11 -12 -13 -14 -15
leaf_value=-0.054194638438599334 0.0068984131968520606 -0.041446054282524757 0.00052001021383720478 -0.048721113478969159 0.034457433960436434 0.059326791907125802 -0.027455856727955193 0.026328885289045447 0.025959958802879098 0.061733570027027312 0.019428634146322413 -0.045073412356270069 0.046357690148469265 0.0099257855802973582
leaf_weight=3.2551435492932823 7.1439415551722076 6.7515279687941065 4.9538324214518052 11.596012528985737 3.7762875407934242 4.8349234424531451 17.140032630413778 5.9447824619710472 4.7895245030522338 11.72956185787916 8.9265582263469678 5.6518636904656887 3.7969828918576241 3.6404173821210852
leaf_count=54 41 61 34 188 23 31 227 34 29 63 47 44 23 50
internal_value=0.0010855 0.0205523 -0.0065299 -0.0112538 0.00602132 0.0144739 -0.0235456 0.0374687 -0.0121285 0.0498252 0.00265889 -0.0132187 0.020409 -0.0209072
internal_weight=103.931 40.3206 15.5023 63.6108 26.4448 23.1896 37.166 24.8183 25.57 17.6743 18.3547 9.42815 8.75082 20.7805
internal_count=949 256 118 693 199 145 494 138 306 97 114 67 57 277
is_linear=0
shrinkage=0.05


Tree=39
num_leaves=15
num_cat=0
split_feature=3 11 7 8 11 8 11 4 4 11 3 4 5 6
split_gain=7.70118 5.80044 5.64786 5.01363 5.08049 4.17074 4.66765 3.57712 4.65339 3.0795 2.84595 2.76521 3.57852 1.96469
threshold=0.39476926624774938 530.51880127118204 32.500000000000007 0.41407577944245672 5129.5546447325132 0.35145974661021434 1941.7811533376323 0.67879801480252178 1.4813103827976375 883.4809545112679 0.4745806753635407 3.1437137201140226 11.409939920760555 15.93818235397339
decision_type=8 2 8 2 2 2 2 2 2 2 10 2 2 2
left_child=1 -1 5 -3 9 13 10 -4 -9 -5 -7 -10 -13 -2
right_child=2 3 7 4 -6 6 -8 8 11 -11 -12 12 -14 -15
leaf_value=-0.045911919526929634 -0.0080870640560566608 -0.023618835853322275 0.071659344959418933 0.034606178792336593 0.058354247905651704 -0.035811132723813699 0.057118932507645361 -0.01221980297130932 0.062661939483368997 -0.021475565610649998 0.013245411556829907 -0.01760040604927024 0.047344101202685451 -0.047153908653065693
leaf_weight=11.102840997278689 10.336963899433611 16.142999175935984 4.3744850195944336 3.6630696877837163 4.8887709081172934 3.9129559546709123 4.8785419464111319 6.7928570359945324 6.3665041066706172 7.3781979754567146 12.094767317175863 3.7397339530289155 4.9005868211388588 4.6731129400432101
leaf_count=195 84 217 25 29 23 35 27 43 39 51 61 32 28 64
internal_value=0.00145314 -0.0147637 0.0127335 -0.00398105 0.0159193 -0.000145456 0.0143027 0.0303962 0.0221161 -0.00286979 0.00125394 0.0376582 0.0192346 -0.0202498
internal_weight=105.246 43.1759 62.0705 32.073 15.93 35.8963 20.8863 26.1742 21.7997 11.0413 16.0077 15.0068 8.64032 15.0101
internal_count=953 515 438 320 103 271 123 167 142 80 96 99 60 148
is_linear=0
shrinkage=0.05


Tree=40
num_leaves=15
num_cat=0
split_feature=8 11 0 1 2 11 6 1 0 2 1 2 6 7
split_gain=7.53179 4.81501 5.28163 4.19877 3.90631 4.40087 3.42001 2.84686 2.63147 2.42923 2.28404 4.67424 2.58615 2.15874
threshold=0.40285290826137282 1972.6263659591268 3.8356631995000003 209.78432414672861 0.37062838673591619 4162.6405377752135 3.7437200546264653 656.76357451910064 1.6104826330000004 0.68910241127014171 253.77010440584351 0.39732924103736883 40.590576171875007 31.500000000000004
decision_type=2 2 2 2 10 2 2 2 2 10 2 10 2 10
left_child=1 6 -3 -4 5 8 -1 -5 -2 -6 11 12 -8 -10
right_child=4 2 3 7 9 -7 10 -9 13 -11 -12 -13 -14 -15
leaf_value=0.01306912063588184 0.019571706717077791 0.037861651428249189 0.037889067063887887 -0.062254554554491984 0.041872663757446318 0.043503378657834837 -0.050934348913348797 -0.006118494023869216 -0.046093701691128114 0.0042752756499024082 -0.040259573812885301 0.022930603125126597 0.009675279592153814 -0.0011326010870810368
leaf_weight=6.2848411239683619 4.8558776825666454 9.1794712468981761 3.148453712463378 3.7952334396541101 16.72685988992453 4.869770571589469 6.7512025237083453 5.577831894159317 5.6378165148198587 5.7811937704682341 16.317420765757561 5.586328223347663 2.3805975876748562 5.0710662864148617
leaf_count=49 35 46 18 41 91 23 101 45 56 30 278 31 46 42
internal_value=0.00191542 -0.00967597 0.00905228 -0.0120677 0.0178469 0.00202001 -0.020566 -0.0288485 -0.010959 0.0322158 -0.0273773 -0.0130952 -0.0351338 -0.0248029
internal_weight=101.964 59.0214 21.701 12.5215 42.9426 20.4345 37.3204 9.37307 15.5648 22.5081 31.0355 14.7181 9.1318 10.7089
internal_count=932 655 150 104 277 156 505 86 133 121 456 178 147 98
is_linear=0
shrinkage=0.05


Tree=41
num_leaves=15
num_cat=1
split_feature=10 0 5 7 2 2 2 2 0 3 4 5 1 9
split_gain=6.09687 11.4336 7.78555 5.41543 5.25401 4.24263 4.03653 3.94589 4.99102 4.39395 4.45482 3.60851 3.49904 2.67496
threshold=0 3.3674259185000004 15.394790923517638 27.500000000000004 0.42868427932262421 0.6945922076702119 0.38943277299404144 0.68910241127014171 0.78105339400000007 0.50462302565574657 1.7903320825750566 6.6719391653922884 178.26779272336992 0.22797340409009192
decision_type=9 2 2 8 10 8 10 8 2 10 2 2 2 2
left_child=5 3 4 -2 -3 7 12 8 9 10 -1 13 -4 -5
right_child=1 2 6 11 -6 -7 -8 -9 -10 -11 -12 -13 -14 -15
leaf_value=-0.056387944157828246 -0.015706357549577631 -0.04251309619180884 0.054368083830901873 0.0022653980102601235 0.012611321983922584 0.043868911626210247 0.062038177147378165 -0.074664908763805049 -0.040783183554300342 0.036509920643618687 0.032230541610122711 0.081559061065067162 -0.011399578129607384 0.04225750165903825
leaf_weight=3.9593583419919103 5.1121841259300735 16.513307809829715 2.6023820377886286 5.5766895711422029 5.8552818074822417 2.3404103666543952 3.8949840590357772 3.6532904691994181 12.627196069806812 5.6060068421065807 2.2095572091639042 4.4515546150505534 9.0742077901959401 16.710270032286644
leaf_count=49 34 219 18 49 36 12 21 26 193 32 26 26 81 108
internal_value=0.000205447 0.00818429 -0.0091857 0.0314448 -0.0280835 -0.0156563 0.0179611 -0.0262024 -0.018947 0.00446967 -0.0246469 0.0404597 0.00325818 0.0322506
internal_weight=100.187 69.7909 37.9402 31.8507 22.3686 30.3958 15.5716 28.0554 24.4021 11.7749 6.16892 26.7385 11.6766 22.287
internal_count=930 592 375 217 255 338 120 326 300 107 75 183 99 157
cat_boundaries=0 1
cat_threshold=8
is_linear=0
shrinkage=0.05


Tree=42
num_leaves=15
num_cat=1
split_feature=11 0 9 10 7 2 4 11 11 11 5 7 8 2
split_gain=7.04853 7.07808 7.12598 7.02604 8.48667 4.81559 4.09904 4.11629 3.73423 3.48959 3.5708 2.85434 2.76527 4.70785
threshold=4162.6405377752135 3.8356631995000003 0.49917768205832252 0 27.500000000000004 0.5881946086883546 0.89138602550961066 454.98049000395639 117.03352864389929 773.3161577707906 1.6559817574184807 30.500000000000004 0.43325391704728272 0.3774488121271134
decision_type=2 2 2 9 10 10 2 2 2 2 2 10 2 10
left_child=1 3 5 4 -1 -3 -5 8 -8 10 -6 -9 13 -2
right_child=12 2 -4 6 9 -7 7 11 -10 -11 -12 -13 -14 -15
leaf_value=-0.040778769749874676 -0.015872294551612234 -0.04217289594936479 0.056926063913103245 -0.044712541161541768 -0.015700144949185511 0.011536313928990828 0.026589061520782626 -0.011293101955771996 -0.044607673982288959 0.065012089091015343 0.042791175140327674 0.048327693391691136 0.05328345096394576 0.049676073293799874
leaf_weight=3.7990350648760822 6.3585233390331286 23.907649436965592 2.396034210920333 8.8315102234482783 3.9559926800429839 5.0560157038271418 2.5142922066152114 3.5002102591097337 6.8847932405769825 8.5159005112946016 7.6649349108338356 4.7071731686592102 6.5505187213420859 4.8125896975398064
leaf_count=30 47 356 12 89 32 34 27 30 85 51 57 39 36 23
internal_value=-0.00109531 -0.00729339 -0.0259419 0.00431605 0.019584 -0.0327972 -0.0122724 -0.00297069 -0.0255623 0.0406975 0.0228796 0.0229012 0.0274907 0.0123664
internal_weight=99.4552 81.7335 31.3597 50.3738 23.9359 28.9637 26.438 17.6065 9.39909 20.1368 11.6209 8.20738 17.7216 11.1711
internal_count=948 842 402 440 170 390 270 181 112 140 89 69 106 70
cat_boundaries=0 1
cat_threshold=3
is_linear=0
shrinkage=0.05


Tree=43
num_leaves=15
num_cat=1
split_feature=11 8 3 10 7 8 7 8 3 2 6 6 3 1
split_gain=7.86196 6.00543 4.72747 4.34046 4.27363 3.79794 3.28992 2.99082 2.96982 2.81321 2.95801 2.69952 2.38144 2.32586
threshold=1698.5942241921007 0.25223849050378711 0.41569578647613531 0 29.500000000000004 0.35145974661021434 32.500000000000007 0.49223591366490321 0.39133863151073461 0.68910241127014171 6.8553960323333749 298.61764526367193 0.3839696496725083 257.02222414099015
decision_type=2 2 8 9 8 2 10 2 10 10 2 2 8 2
left_child=2 -2 11 9 -5 -6 7 8 -3 10 13 -1 -8 -4
right_child=1 6 3 4 5 -7 12 -9 -10 -11 -12 -13 -14 -15
leaf_value=-0.034226066822212763 -0.029889277530079323 -0.027106689180266676 0.03746896120351495 -0.018424205169423856 -0.00075832597147973955 0.051639447880124749 0.018769724781717782 0.046775656023927137 0.018722489758844694 -0.062138855686274502 -0.047285335236786026 0.031636152346061958 0.060279875607483241 -0.020344431770204063
leaf_weight=22.621199494227771 6.0092509351670733 5.988172713667157 3.2077895477414113 5.8567533865571049 5.5235155932605258 9.2493551522493345 5.9950877279043171 4.4470623806118956 8.6287283059209567 4.0896957404911527 4.1162724420428276 1.6707018129527558 8.1554648876190186 3.8011081032454967
leaf_count=364 54 47 22 41 51 52 42 24 51 30 65 27 47 30
internal_value=-0.00130817 0.0161068 -0.012667 -0.00112626 0.0119341 0.0320481 0.0244286 0.0108711 -5.25596e-05 -0.0160979 -0.0136428 -0.0296963 0.0426935 0.00611525
internal_weight=99.3602 39.2238 60.1364 35.8445 20.6296 14.7729 33.2145 19.064 14.6169 15.2149 11.1252 24.2919 14.1506 7.0089
internal_count=947 265 682 291 144 103 211 122 98 147 117 391 89 52
cat_boundaries=0 1
cat_threshold=8
is_linear=0
shrinkage=0.05


Tree=44
num_leaves=15
num_cat=0
split_feature=4 8 0 4 8 2 4 0 2 5 7 7 5 7
split_gain=7.71457 6.12753 5.54988 5.7506 3.75643 3.57583 3.24399 2.83333 2.8287 2.355 2.38727 2.16608 1.84241 1.39662
threshold=14.525452278602666 0.41407577944245672 3.8020009990000001 1.7130987945541474 0.21326781285848004 0.42246054112911224 2.3167705208865796 106.98940658550002 0.34911113977432251 12.040439342882204 32.500000000000007 27.500000000000004 3.3866397091484273 34.500000000000007
decision_type=2 2 2 2 2 8 2 2 10 2 10 8 2 8
left_child=1 2 3 4 -1 -6 -5 11 -8 12 -11 -3 -4 -13
right_child=-2 7 9 6 5 -7 8 -9 -10 10 -12 13 -14 -15
leaf_value=-0.05826342222162461 0.05912466781688322 -0.01539085261603204 0.0043096038377082825 0.061039147593602627 -0.033733290231460385 0.015534971781185392 -0.03362067692335214 -0.026503520535930126 0.027754266542015377 -0.040975892866388461 0.017841644011256055 0.017272690217388472 -0.055023866770163458 0.041817571823320694
leaf_weight=4.2660445384681251 5.7324079647660247 4.0292182341217986 1.5004579182714248 4.4014818891882888 6.3452448844909641 8.7771909162402153 2.7456176988780481 3.7935406342148772 5.9364985413849354 3.342844381928443 3.5649111773818731 22.335726302117113 10.219231344759462 7.8262734897434703
leaf_count=68 33 33 27 37 76 49 32 24 63 54 37 148 180 46
internal_value=0.00290146 -0.000716394 -0.0120224 0.000457914 -0.0168268 -0.00513757 0.0260721 0.0144931 0.00834516 -0.0337785 -0.0106217 0.0190418 -0.0474275 0.0236415
internal_weight=94.8167 89.0843 51.0995 32.4721 19.3885 15.1224 13.0836 37.9848 8.68212 18.6274 6.90776 34.1912 11.7197 30.162
internal_count=907 874 623 325 193 125 132 251 95 298 91 227 207 194
is_linear=0
shrinkage=0.05


Tree=45
num_leaves=15
num_cat=1
split_feature=11 10 7 1 8 5 6 5 0 3 6 4 3 4
split_gain=8.64176 5.86909 4.38984 4.79782 3.88847 3.10796 3.10619 2.7337 4.94399 3.79854 6.43966 3.11334 2.6071 2.29098
threshold=1805.0115309443593 0 32.500000000000007 1676.6086494134886 0.49223591366490321 1.1961423528849982 23.312856674194339 14.649817399475445 2.1133135555000004 0.4745806753635407 5.7824156284332284 3.2904958909461008 0.40551270544528967 8.124057832549374
decision_type=2 9 10 2 2 2 2 2 2 10 2 2 10 2
left_child=1 5 3 4 6 -1 -2 8 9 11 -11 -3 -9 -8
right_child=2 7 -4 -5 -6 -7 13 12 -10 10 -12 -13 -14 -15
leaf_value=-0.000260211565759919 0.026321583992390499 -0.054962388751184178 0.039837908445323512 -0.048635798502357559 0.058098029844904919 0.056597343056125474 -0.050923015036608579 -0.016327892609206217 -0.047849676134741552 -0.024097667348872059 0.045914262273880943 0.0068401593311558919 0.051951874164586055 0.0081202872235433092
leaf_weight=4.2338247150182724 6.5160554721951538 6.6932381670922059 14.619539769366382 3.5751520134508601 4.0150147154927245 5.5595306493341923 3.3988262433558702 3.7395996302366248 16.660072645172477 7.916940186172722 5.613044623285532 2.9297146312892437 2.2326982878148556 3.1801856607198715
leaf_count=33 41 107 99 26 22 50 30 55 297 48 34 31 17 24
internal_value=-0.000479034 -0.0127673 0.0188658 0.00404359 0.0150509 0.0158413 0.00185249 -0.0183407 -0.0270785 -0.0121323 0.00494746 -0.0361466 0.00919798 -0.0223825
internal_weight=90.8834 55.5787 35.3048 20.6852 17.1101 9.79336 13.0951 45.7853 39.813 23.1529 13.53 9.62295 5.9723 6.57901
internal_count=914 672 242 143 117 83 95 589 517 220 82 138 72 54
cat_boundaries=0 1
cat_threshold=2
is_linear=0
shrinkage=0.05


Tree=46
num_leaves=15
num_cat=0
split_feature=8 7 3 11 0 3 1 3 11 1 0 5 0 6
split_gain=7.27567 4.55494 4.11083 6.22025 4.39739 4.4317 4.11668 3.0862 2.84487 2.64454 2.60199 3.34761 2.57287 2.00983
threshold=0.41536509875344046 27.500000000000004 0.39133863151073461 2527.7401950739136 2.2932050225000005 0.81825292110443126 349.340615290117 0.517714023590088 4162.6405377752135 485.41208424013524 1.1453532575000003 18.77143317450415 0.00014500000000000003 45.07898139953614
decision_type=2 10 8 2 2 8 2 10 2 2 2 2 2 2
left_child=2 -2 13 4 5 6 7 -4 10 -5 12 -12 -3 -1
right_child=1 8 3 9 -6 -7 -8 -9 -10 -11 11 -13 -14 -15
leaf_value=-0.017418845168680672 -0.034948800680935976 0.0098103510810922025 0.0048416572806821365 0.054529798290868028 -0.049427652552240124 -0.053726785694635376 -0.030323586929222116 0.064387815632833842 0.054748748933335013 0.0059030151432519877 -0.0080892744186363465 0.044812084602490393 0.05929944856545051 -0.050391206231777591
leaf_weight=10.307590348646047 4.0100278407335272 5.2068745121359843 5.3759888801723772 4.9967215582728368 7.4761001337319604 3.4662466384470454 4.3368572145700446 3.6556468456983566 5.3806926086544982 6.3483425453305244 13.836562454700472 3.8150196671485892 5.2989913895726204 8.3783341441303474
leaf_count=190 31 30 47 26 126 23 45 19 32 37 106 23 30 162
internal_value=-0.0015113 0.0154143 -0.0132063 -0.00325088 -0.0175172 -0.00334615 0.00971678 0.0289436 0.0214361 0.0273198 0.0150702 0.00334425 0.0347719 -0.0322029
internal_weight=91.89 37.5482 54.3418 35.6559 24.3108 16.8347 13.3685 9.03164 33.5381 11.3451 28.1574 17.6516 10.5059 18.6859
internal_count=927 252 675 323 260 134 111 66 221 63 189 129 60 352
is_linear=0
shrinkage=0.05


Tree=47
num_leaves=15
num_cat=0
split_feature=8 7 0 11 4 4 0 11 2 1 2 9 7 11
split_gain=5.95293 5.88705 4.90645 4.75883 3.81506 3.01775 4.89096 4.66767 5.65593 3.6851 2.99648 3.01044 2.93363 2.72861
threshold=0.41286008171050498 27.500000000000004 2.0318560600000004 3478.276430006832 1.7130987945541474 13.542970890259904 4.4969139100000008 4162.6405377752135 0.39113442599773413 342.2649958616459 0.39113442599773413 0.2568919764676687 32.500000000000007 279.342233744608
decision_type=2 10 2 2 2 2 2 2 8 2 8 2 10 2
left_child=2 -2 4 -4 13 6 9 8 -8 -3 11 -6 -5 -1
right_child=1 5 3 12 10 -7 7 -9 -10 -11 -12 -13 -14 -15
leaf_value=-0.047361647148621601 -0.038182840270538011 0.051188305431559361 -0.04255647179498287 -0.022531085616008806 -0.031628098113490044 0.060968070798283119 -0.059343767887807791 0.04140947780440267 0.020556215613950154 0.0063466779030805255 0.053035686367419066 0.044569060919155121 0.035786741243101036 -9.0147531986445106e-05
leaf_weight=3.9740777444094482 4.6716194674372664 10.889124091714626 16.565537834540013 4.9241309911012632 3.0962400529533598 4.2656601741909972 5.409179434180257 3.4780806228518477 3.7506466507911691 7.9098345562815657 5.4384953752160081 2.2297702878713608 3.8367029651999474 13.166763678193091
leaf_count=46 37 67 346 42 42 23 55 18 19 50 33 16 23 111
internal_value=0.000120497 0.0145988 -0.0108607 -0.0267947 0.00360071 0.0215052 0.0161505 -0.00790293 -0.0266274 0.0323208 0.0269297 0.000272358 0.00300851 -0.01105
internal_weight=93.6059 40.3741 53.2317 25.3264 27.9053 35.7025 31.4369 12.6379 9.15983 18.799 10.7645 5.32601 8.76083 17.1408
internal_count=928 269 659 411 248 232 209 92 74 117 91 58 65 157
is_linear=0
shrinkage=0.05


Tree=48
num_leaves=15
num_cat=1
split_feature=11 1 10 1 1 0 4 0 4 11 7 9 6 0
split_gain=6.34325 4.69612 4.62244 6.16684 6.47138 3.28327 3.15716 6.73752 3.00958 2.53943 1.70045 2.51092 2.42552 1.81485
threshold=1805.0115309443593 1903.2501139582939 0 98.925604484143776 69.229792616597095 0.48462924350000008 12.597568273059577 21.301433563000003 1.6593740288981813 3478.276430006832 29.500000000000004 0.44187839271594093 9.4711012840271014 1.1237483620000002
decision_type=2 2 9 2 2 2 2 2 2 2 8 2 2 2
left_child=2 6 5 4 -4 -1 7 -2 -5 -9 12 13 -10 -12
right_child=1 -3 3 8 -6 -7 -8 9 10 -11 11 -13 -14 -15
leaf_value=0.048498044904117035 0.032438447357037999 -0.029829720286827951 -0.0093777153970552099 -0.050934334292565157 0.0837173230595738 -0.0082771457202669568 0.060050711969834851 -0.055347076830006607 0.0080220526441226025 0.0020737687646319304 0.012523103255943181 0.041298699626857283 -0.057496186754514546 -0.029027006237160376
leaf_weight=6.3394557572901249 18.052986752241857 4.9819136224687091 7.3741194959729892 11.936774767935274 2.4994737580418587 4.2559183277189732 4.7357391752302638 3.4312295131385318 1.9236857816576982 4.3876643367111683 3.5268931835889807 2.0152661129832259 5.3170015476644039 10.31220415048301
leaf_count=42 112 32 79 149 26 43 26 42 13 33 28 11 107 181
internal_value=-0.0012878 0.0151892 -0.0118536 -0.0169402 0.014189 0.0132177 0.0225168 0.0156464 -0.0305495 -0.0231247 -0.0200135 -0.0108448 -0.0400895 -0.018438
internal_weight=91.0903 35.5895 55.5008 44.9054 9.87359 10.5954 30.6076 25.8719 35.0318 7.81889 23.0951 15.8544 7.24069 13.8391
internal_count=924 245 679 594 105 85 213 187 489 75 340 220 120 209
cat_boundaries=0 1
cat_threshold=2
is_linear=0
shrinkage=0.05


Tree=49
num_leaves=15
num_cat=1
split_feature=3 11 10 0 8 6 7 11 8 7 6 0 7 5
split_gain=4.12242 4.62117 3.69043 4.60113 4.68465 3.70794 4.38946 3.69002 5.35878 3.12467 4.90897 4.03179 2.67999 2.61869
threshold=0.38792032003402716 530.51880127118204 0 4.3431129455000006 0.44622526507055105 6.5327682495117196 32.500000000000007 629.82340110995324 0.34612862440416542 37.500000000000007 4.6082692146301278 0.81068757150000004 32.500000000000007 2.0236989796823717
decision_type=8 2 9 2 2 2 10 2 2 8 2 2 10 2
left_child=1 -1 9 5 12 6 -4 -3 -9 10 -2 -12 -5 -13
right_child=2 7 3 4 -6 -7 -8 8 -10 -11 11 13 -14 -15
leaf_value=-0.053287260573436315 -0.06360699678505996 0.053589595119295112 -0.002797772940836496 -0.035869488018374411 0.031092688869682694 0.064528108670871123 0.056901142009774003 -0.053676059204519844 0.0048187646943637511 0.041965332175277412 0.024985435163413148 0.02951055495116563 0.015924297754316918 -0.044703903659209225
leaf_weight=5.4754262231290367 4.3406983781606021 2.622537054121497 7.6556539237499255 7.0926918387413043 8.979635287076233 8.0441974624991399 5.1506006754934788 5.154347667470577 16.288347166031599 2.5428800247609606 6.754821263253687 1.5087776985019443 3.8550614546984434 5.6017793789505959
leaf_count=128 40 30 49 91 53 51 35 105 130 19 56 15 34 94
internal_value=0.00352482 -0.0118279 0.0108961 0.0172696 0.00432465 0.037924 0.0212128 -0.00239493 -0.00924209 -0.00671601 -0.0172043 -0.00267749 -0.0176312 -0.0289565
internal_weight=91.0675 29.5407 61.5268 40.7778 19.9274 20.8505 12.8063 24.0652 21.4427 20.749 18.2061 13.8654 10.9478 7.11056
internal_count=930 393 537 313 178 135 84 265 235 224 205 165 125 109
cat_boundaries=0 1
cat_threshold=8
is_linear=0
shrinkage=0.05


Tree=50
num_leaves=15
num_cat=0
split_feature=8 2 11 1 11 8 2 8 6 7 11 8 6 8
split_gain=6.6225 5.55429 3.75774 3.65574 4.85332 3.97477 3.37636 4.47296 2.69118 2.12739 1.49899 1.38493 1.8235 2.18933
threshold=0.41286008171050498 0.38208596408367163 2127.1042844349963 253.77010440584351 760.77303503259247 0.28305400742459802 0.39244541525840765 0.43325391704728272 70.388534545898452 29.500000000000004 688.80212181351783 0.36912480891480026 29.621572494506839 0.21679663385666312
decision_type=2 8 2 2 2 2 10 2 2 10 2 2 2 2
left_child=1 11 6 9 -5 -6 7 -2 -4 -3 -8 12 -1 -14
right_child=2 3 8 4 5 -7 10 -9 -10 -11 -12 -13 13 -15
leaf_value=-0.043121248537322993 0.043936153997460023 -0.0082399661648189029 0.063768800893983985 -0.052223174826286259 -0.037702705101711746 0.02936289162706851 0.038353390738510393 -0.027131152473680739 0.015271283849796612 0.036372183886922017 0.0021250984470474877 -0.054858149350278468 0.030430700472577656 -0.023694292322187813
leaf_weight=7.8904247637838187 2.7690897509455707 3.9147631432861116 5.4524293094873411 5.4510066658258429 3.3459622971713525 6.503356646746397 6.9750232845544797 11.046850504353641 6.0174549296498299 8.4196165166795236 4.8340638801455498 4.8740966841578475 2.4172463659197083 8.2276215460151416
leaf_count=162 25 30 36 70 27 40 36 101 37 53 25 64 69 157
internal_value=-0.00153816 -0.0132219 0.0145391 0.00195837 -0.0143698 0.0065797 0.00389221 -0.0128873 0.0383255 0.0222129 0.0235233 -0.0311421 -0.0249057 -0.0114035
internal_weight=88.139 51.0441 37.0949 27.6347 15.3003 9.84932 25.625 13.8159 11.4699 12.3344 11.8091 23.4094 18.5353 10.6449
internal_count=932 672 260 220 137 67 187 126 73 83 61 452 388 226
is_linear=0
shrinkage=0.05


Tree=51
num_leaves=15
num_cat=1
split_feature=10 2 0 11 11 4 0 11 4 8 0 9 4 5
split_gain=6.26264 5.13897 4.39206 4.45689 3.95303 3.57763 3.93849 5.78501 3.92942 3.18973 2.93991 2.09983 1.95701 1.62363
threshold=0 0.39113442599773413 1.0787307025000004 1972.6263659591268 336.32902568955586 14.525452278602666 4.1767954825000002 7258.8101200278334 1.0173170847670383 0.27997983602276472 7.5000000000000021e-05 0.25933700251754249 0.92177011767809491 4.0120505752823243
decision_type=9 10 2 2 2 2 2 2 2 2 2 2 2 2
left_child=2 4 3 10 -2 6 8 -8 -6 -3 -1 -10 -12 -11
right_child=1 9 -4 -5 5 -7 7 -9 11 13 12 -13 -14 -15
leaf_value=-0.048422156583442566 -0.043392477705938376 -0.01154086485158543 -0.044642500452080874 0.052064720891257646 -0.024432889359779723 0.055194977058627692 -0.033792081272580092 0.032724114659361744 0.0034625420063643187 0.054124057982811447 -0.033462256999199788 0.051551644121562004 0.020833158191615752 0.025373834208523807
leaf_weight=4.5330914948135632 4.4469876233488312 3.7671067919582155 11.135996991768478 2.9360019899904719 3.5877823680639294 3.4253716543316832 11.819871582090856 4.5183706879615775 3.3330792728811485 9.1319119334220904 2.4955694060772657 7.1174209006130695 4.9544379077851772 10.623598311096428
leaf_count=46 75 34 200 16 34 22 183 28 37 51 31 45 42 67
internal_value=0.00240938 0.0105289 -0.0150899 -0.00314568 0.000923815 0.00675408 0.0012917 -0.0153969 0.0207145 0.0306234 -0.0166729 0.0362141 0.00264553 0.0386635
internal_weight=87.8266 61.7715 26.0551 14.9191 38.2489 33.8019 30.3765 16.3382 14.0383 23.5226 11.9831 10.4505 7.45001 19.7555
internal_count=911 576 335 135 424 349 327 211 116 152 119 82 73 118
cat_boundaries=0 1
cat_threshold=8
is_linear=0
shrinkage=0.05


Tree=52
num_leaves=15
num_cat=1
split_feature=10 3 5 0 8 0 0 1 9 4 0 8 5 5
split_gain=4.57325 5.4195 4.73186 4.89869 3.7629 2.82684 3.51515 3.54529 2.74368 2.69138 3.14975 3.0568 2.06957 2.44505
threshold=0 0.49076519906520844 26.323895282013201 18.147341728000004 0.28098797983160267 0.00010500000000000002 0.54877209650000014 521.36265248478355 0.19232719741975782 0.89138602550961066 1.0787307025000004 0.12056562058872695 13.52543143677044 17.671306862879472
decision_type=9 10 2 2 2 2 2 2 2 2 2 2 2 2
left_child=9 2 3 4 -2 -6 -7 -8 -3 -1 -11 -12 -5 -14
right_child=1 8 -4 12 5 6 7 -9 -10 10 11 -13 13 -15
leaf_value=-0.04840196822294629 -0.054473697893009515 -0.0082199157399503366 0.049760068311401999 -0.059246322462903546 -0.021926275646959724 0.071575488980918381 0.024423358603681382 -0.036641289676661123 0.035981199523764024 0.008226964612386407 0.025705288473458179 -0.048427122240636715 0.012036315300420966 -0.043057215500246521
leaf_weight=6.3844515625387457 2.3711600080132511 4.3082541320472982 3.923721767961978 4.7246707882732144 4.8115519843995598 2.9037329331040409 10.89597564935684 3.0400861203670493 18.967347901314497 10.024649851024153 1.7515325136482696 6.7474874947220087 3.7425669860094768 4.3598678987473249
leaf_count=79 45 37 24 92 41 21 95 33 117 84 46 123 50 44
internal_value=0.000441919 0.00739507 -0.00243927 -0.00799742 0.00532394 0.0118727 0.0215299 0.0111024 0.0277997 -0.0145607 -0.0107573 -0.0331494 -0.0329456 -0.0176092
internal_weight=88.9571 64.0489 40.7733 36.8496 24.0225 21.6513 16.8398 13.9361 23.2756 24.9081 18.5237 8.49902 12.8271 8.10243
internal_count=931 599 445 421 235 190 149 128 154 332 253 169 186 94
cat_boundaries=0 1
cat_threshold=8
is_linear=0
shrinkage=0.05


Tree=53
num_leaves=15
num_cat=1
split_feature=8 4 0 11 11 8 10 4 2 11 11 7 2 9
split_gain=6.05762 5.45343 7.07182 5.76659 5.04408 2.94195 2.79966 2.64623 2.1941 3.88953 2.2457 2.18612 1.68954 1.68258
threshold=0.20460322767948033 14.525452278602666 2.1133135555000004 7258.8101200278334 1972.6263659591268 0.41536509875344046 0 1.4813103827976375 0.39113442599773413 773.3161577707906 341.89251001221669 33.500000000000007 0.42563943564891815 0.34289232666843833
decision_type=2 2 2 2 2 2 9 2 10 2 2 8 10 2
left_child=-1 2 4 5 6 12 7 -2 9 -8 -10 -9 -4 -7
right_child=1 -3 3 -5 -6 13 8 11 10 -11 -12 -13 -14 -15
leaf_value=-0.038704268519674206 -0.037289086087939398 0.052643089146848177 -0.054266247969841898 0.031590915124349687 0.048677416587284521 0.021710757064695885 -0.021529462864999918 -0.022856076094469348 0.062925207248616555 0.050554528707527524 0.013858471260496575 0.034478792266606995 -0.016437176638868206 -0.019137834497466318
leaf_weight=9.0380139518529159 7.1895140912383795 5.4771916158497325 9.2033447585999983 5.2594700455665579 8.6967547684907895 3.3139192033559075 5.2779859676957148 3.2509653102606535 4.882879786193369 2.8993743397295475 4.4636731669306755 3.4027233384549618 4.3451344761997452 10.535052711144088
leaf_count=186 69 34 222 33 52 30 50 36 26 26 25 19 39 83
internal_value=5.13291e-05 0.00453065 0.000906909 -0.0163632 0.0149841 -0.0255689 0.00564245 -0.00943971 0.0146077 0.00402872 0.0394922 0.00646521 -0.0421341 -0.00936318
internal_weight=87.236 78.198 72.7208 32.6569 40.0639 27.3975 31.3671 13.8432 17.5239 8.17736 9.34655 6.65369 13.5485 13.849
internal_count=930 744 710 407 303 374 251 124 127 76 51 55 261 113
cat_boundaries=0 1
cat_threshold=8
is_linear=0
shrinkage=0.05


Tree=54
num_leaves=15
num_cat=0
split_feature=8 0 11 7 11 4 0 2 2 11 0 0 8 2
split_gain=4.64899 3.94225 4.46737 3.72984 2.90548 3.66656 3.06749 3.18335 2.05949 1.78254 1.97981 3.37361 2.15073 2.3338
threshold=0.46324174170275484 1.1015504000000003 668.22235654757151 38.500000000000007 4162.6405377752135 13.542970890259904 2.9564256670000004 0.44101642072200781 0.35458524525165563 9036.5815148959464 189.55731964100002 9.5502929685000009 0.39126022157595636 0.38348343968391424
decision_type=2 2 2 8 2 2 2 10 8 2 2 2 2 10
left_child=1 3 -3 8 5 6 -2 -8 -1 10 11 12 13 -4
right_child=4 2 9 -5 -6 -7 7 -9 -10 -11 -12 -13 -14 -15
leaf_value=-0.034767557326626557 0.017666073688517574 -0.046984543842767082 -0.056303847601249214 0.058637370108015729 0.055504169643364402 0.053839498231735533 -0.049572019887532792 0.015598572516113202 0.005077893797809342 0.021464983190499956 0.033911706651106426 -0.041927580396867142 0.043723371936987339 0.01270988153874021
leaf_weight=3.9025476519018474 10.074898485094318 11.019020030274985 2.0009861793369152 2.885517379269003 3.9325910732150069 3.7377338781952849 4.7770590148866168 3.0831544697284698 19.187843324616551 4.1626880578696719 1.8651407565921534 8.5768974646925908 2.3416457250714302 3.1587562821805477
leaf_count=51 64 253 35 22 26 20 48 15 161 27 35 124 16 26
internal_value=-0.00183137 -0.00954146 -0.0209769 0.00504125 0.0159646 0.00879008 -0.000598366 -0.024009 -0.00165646 -0.00801306 -0.0148517 -0.0205084 0.00398178 -0.0140542
internal_weight=84.7065 59.101 33.1251 25.9759 25.6054 21.6728 17.9351 7.86021 23.0904 22.1061 17.9434 16.0783 7.50139 5.15974
internal_count=923 750 516 234 173 147 127 63 212 263 236 201 77 61
is_linear=0
shrinkage=0.05


Tree=55
num_leaves=15
num_cat=0
split_feature=11 1 0 4 9 4 0 4 2 4 8 6 2 1
split_gain=4.04776 3.74663 3.63308 6.16062 4.05052 3.44317 2.71999 3.15625 4.43117 4.30419 3.49506 2.58515 2.37561 2.32079
threshold=3424.8153480531942 1518.7167484649667 0.45505639900000006 0.390611377745404 0.17366611934754303 14.525452278602666 3.8356631995000003 1.5564405423965779 0.45255830883979803 2.8812234218388295 0.46400927522507185 6.1982116699218759 0.32999515533447271 192.79260480994779
decision_type=2 2 2 2 2 2 2 2 10 2 2 2 10 2
left_child=2 12 3 -1 -5 6 7 10 9 -9 -4 13 -2 -6
right_child=1 -3 5 4 11 -7 -8 8 -10 -11 -12 -13 -14 -15
leaf_value=0.078333764603605555 0.0051011147409589083 -0.023535691157444596 -0.044107312345204916 -0.056685759044926599 0.016516599090937067 0.033027745044832392 -0.03343069303933429 0.067694042380385594 -0.041938320859051151 -0.0064764780702710458 0.023275468782351847 0.029010737084076824 0.047418644854534758 -0.034360977547957069
leaf_weight=2.8248250298202064 5.2781480588018921 3.9183995835483065 7.613181836903097 2.7686746716499355 4.3076267056167143 3.3695877715945235 18.76220453903079 3.9766625165939313 2.8149236366152763 3.8494101725518703 2.5754019357264042 8.090555736795066 8.9232753720134479 4.6728892251849174
leaf_count=20 39 27 94 45 26 25 343 41 24 51 19 69 61 30
internal_value=-0.00117167 0.0197481 -0.00694778 0.00924924 -0.000587162 -0.0154926 -0.0196221 -0.00718405 0.011861 0.0312118 -0.0270747 0.0085112 0.0316908 -0.00995686
internal_weight=83.7458 18.1198 65.6259 22.6646 19.8397 42.9614 39.5918 20.8296 10.641 7.82607 10.1886 17.0711 14.2014 8.98052
internal_count=914 127 787 190 170 597 572 229 116 92 113 125 100 56
is_linear=0
shrinkage=0.05


Tree=56
num_leaves=15
num_cat=0
split_feature=7 1 1 11 6 9 7 9 8 3 3 1 11 1
split_gain=3.42739 2.91236 3.49464 2.55353 2.67729 2.926 2.81134 3.83694 3.22346 2.65384 2.37867 2.53105 2.62307 2.25837
threshold=30.500000000000004 535.3860530962794 442.16049021642704 8170.5115362182087 3.3748278617858891 0.38810092961468073 33.500000000000007 0.35947618852218949 0.4275937462709592 0.41569578647613531 0.37038087844848638 74.524750964429089 269.82522765280345 382.68714785316348
decision_type=8 2 2 2 2 2 8 2 2 10 10 2 2 2
left_child=1 2 10 4 -2 6 7 8 -6 -7 -1 -12 -13 -8
right_child=3 -3 -4 -5 5 9 13 -9 -10 -11 11 12 -14 -15
leaf_value=-0.056538537917084034 0.042508144420155984 -0.032238872493697023 0.050242039906867708 0.039019417558153982 -0.026896156425782393 0.0023240018788044199 0.021189661936478248 -0.083468671268380257 0.025829989364143657 0.056718243549969849 -0.044435871232968917 -0.030537936410667169 0.019164915811529112 -0.016083735305690169
leaf_weight=2.3231427371501985 4.1800475660711518 11.771018397063015 2.8486630506813517 5.9675835072994223 10.059518272057177 5.2229922339320165 11.208111299201848 2.145181354135274 4.0721832774579516 3.9293611012399197 2.9742141570895937 3.5732877887785426 10.324164187535642 6.3754738662391892
leaf_count=41 38 133 32 37 164 34 110 16 32 24 35 53 108 78
internal_value=0.00028668 -0.0121584 -0.00143559 0.00820278 0.00430599 0.000593451 -0.00618653 -0.0211609 -0.0117026 0.025677 -0.00910496 -0.0025736 0.00638541 0.00767504
internal_weight=86.9749 33.8145 22.0435 53.1605 47.1929 43.0128 33.8605 16.2769 14.1317 9.15235 19.1948 16.8717 13.8975 17.5836
internal_count=935 402 269 533 496 458 400 212 196 58 237 196 161 188
is_linear=0
shrinkage=0.05


Tree=57
num_leaves=15
num_cat=0
split_feature=3 4 0 4 11 1 11 11 2 11 5 8 6 6
split_gain=4.41469 3.73637 3.86134 4.22493 3.55129 4.09681 3.68281 3.43893 3.25697 3.74387 2.7642 3.44411 2.67229 2.55443
threshold=0.38717991113662725 14.525452278602666 2.751143694 2.1337754704599043 546.96371507786091 1790.2003836833896 11077.520887268158 2773.7501436233379 0.46414031088352209 316.17639685567167 1.6469578678310073 0.31391333536388683 5.8582503795623788 42.049114227294929
decision_type=10 2 2 2 2 2 2 2 10 2 2 2 2 2
left_child=4 2 3 8 -1 6 -6 13 10 -10 -2 -12 -5 -4
right_child=1 -3 7 12 5 -7 -8 -9 9 -11 11 -13 -14 -15
leaf_value=-0.053102258651968416 -0.048256094463234429 0.05532010600627546 -0.049464712003036343 0.01423385127826448 -0.0063426493348204237 -0.06635308035248888 0.06344226255646998 0.014101496249768372 0.00077096828551586 0.057477042780936849 -0.038230341059596037 0.024363589049569919 0.068584065006872627 -0.0028350676027971127
leaf_weight=5.0254526417702463 3.7214585598558214 4.095154743641614 6.6233557425439376 4.0117137227207404 17.352203365415342 2.5315933320671311 2.1217596419155589 7.6966468915343276 7.0354212466627342 4.9647786244750023 3.3805072493851167 6.2804623991250992 5.1843003407120705 5.2770934626460075
leaf_count=138 29 25 112 29 228 24 12 54 48 29 44 45 44 80
internal_value=0.00152218 0.0092694 0.00578842 0.0158376 -0.0151786 -0.00651784 0.00126067 -0.011943 0.00531775 0.0242317 -0.0116426 0.0024611 0.0448741 -0.0287874
internal_weight=85.3019 58.2709 54.1757 34.5786 27.031 22.0056 19.474 19.5971 25.3826 12.0002 13.3824 9.66097 9.19601 11.9004
internal_count=941 539 514 268 402 264 240 246 195 77 118 89 73 192
is_linear=0
shrinkage=0.05


Tree=58
num_leaves=15
num_cat=0
split_feature=3 5 7 9 4 3 11 0 4 3 0 7 2 11
split_gain=3.98329 3.57652 2.98816 3.25844 5.35819 3.54606 2.30405 1.71315 2.79481 2.49333 2.74157 1.6478 2.86609 1.62211
threshold=0.49076519906520844 26.323895282013201 33.500000000000007 0.25933700251754249 0.62414123677040878 0.38717991113662725 262.23100954083975 1.9176630375000003 1.0173170847670383 0.37059684097766882 74.069747925000016 29.500000000000004 0.42078089714050299 2030.0957150842187
decision_type=8 2 8 2 2 10 2 2 2 10 2 8 10 2
left_child=1 2 7 4 -4 -5 -2 8 -1 10 -9 12 -8 -10
right_child=6 -3 3 5 -6 -7 11 9 13 -11 -12 -13 -14 -15
leaf_value=-0.043003690039550062 -0.0066246691360973414 0.035283992296832704 0.066213153302104324 -0.0023097534755591414 -0.0517313736292693 0.059858194956095227 0.040097914829027519 -0.025784436450610699 -0.0092111890340110785 -0.048287555413838446 0.0644166770039903 0.031133429452270683 -0.016072945924386434 0.0356899562349395
leaf_weight=4.6120295636355904 11.7693735063076 3.9423635154962531 1.2243975624442089 6.1426581386476737 4.5095785278826952 3.6607932131737471 3.5858737230300921 3.6055564973503342 6.6230456065386516 10.857414817437528 1.0992121230810878 14.365682281553743 6.1929899677634239 2.8887596651911736
leaf_count=67 88 27 13 48 90 29 26 81 80 201 23 106 39 16
internal_value=-0.00114387 -0.0103904 -0.014372 0.00339342 -0.0265462 0.0209049 0.0115145 -0.0236703 -0.0110622 -0.0351132 -0.00471004 0.0203565 0.0045247 0.0044254
internal_weight=85.0797 49.1658 45.2234 15.5374 5.73398 9.80345 35.9139 29.686 14.1238 15.5622 4.70477 24.1445 9.77886 9.51181
internal_count=934 675 648 180 103 77 259 468 163 305 104 171 65 96
is_linear=0
shrinkage=0.05


Tree=59
num_leaves=15
num_cat=0
split_feature=1 11 0 3 5 3 7 11 11 8 9 9 9 9
split_gain=4.95643 3.78537 3.76993 3.37994 3.62746 3.16023 3.18224 3.38964 3.15195 3.19972 2.90825 3.6652 3.97261 2.84695
threshold=322.01957804774588 1698.5942241921007 1.0000000180025095e-35 0.49704694747924805 15.583843067078456 0.37038087844848638 37.500000000000007 103.31002138704905 1764.5193625300508 0.43528161475689026 0.41000527982443097 0.32392040471934086 0.26013903760501317 0.23364011735758214
decision_type=2 2 2 10 2 8 8 2 2 2 2 2 2 2
left_child=1 2 -1 -2 8 -4 7 -7 9 -5 11 12 13 -9
right_child=3 -3 5 4 -6 6 -8 10 -10 -11 -12 -13 -14 -15
leaf_value=-0.075653929892384827 -0.020678828199456552 0.037746149344637624 -0.053921919905304996 -0.045996855642425116 0.057571884024126142 -0.049881517980993724 0.057643636250592656 0.012911441925749133 0.028472130463415971 0.0089914143152565566 0.071474805644832454 -0.041589554439441179 0.05804644686486328 -0.063416774565191056
leaf_weight=1.3801150918006921 25.221643223427236 13.042527288198469 1.8333285935223127 5.23007651045919 3.0111207067966452 2.3580075781792464 3.5746562387794247 6.1887785736471432 5.5023955889046183 5.3534708321094513 1.9540151916444291 3.1229905243962994 4.2509358581155539 1.5221247151494024
leaf_count=16 375 91 42 62 20 34 27 114 33 27 13 28 33 24
internal_value=0.00279386 0.0157385 0.00477664 -0.00866372 0.00720472 0.00925171 0.0142935 0.00630451 -0.00222349 -0.0181822 0.0140801 0.00664547 0.0192386 -0.00215567
internal_weight=83.5462 39.2275 26.185 44.3187 19.0971 24.8048 22.9715 19.3969 16.0859 10.5835 17.0388 15.0848 11.9618 7.7109
internal_count=939 422 331 517 142 315 273 246 122 89 212 199 171 138
is_linear=0
shrinkage=0.05


Tree=60
num_leaves=15
num_cat=0
split_feature=11 2 7 11 4 0 11 3 2 7 11 5 5 2
split_gain=3.02079 3.31993 3.08519 2.95372 2.85379 3.30193 3.45225 2.82666 2.95736 3.92517 2.74812 2.53291 3.80367 3.24258
threshold=516.72878654409749 0.35534927248954779 37.500000000000007 629.82340110995324 0.95117700117820492 1.2551721930000002 269.82522765280345 0.51071321964263927 0.42868427932262421 34.500000000000007 171.10674024952371 14.649817399475445 18.534698181919307 0.35154268145561218
decision_type=2 10 8 2 2 2 2 10 10 8 2 2 2 10
left_child=1 -1 4 -2 -3 10 -7 8 9 11 -6 13 -13 -5
right_child=3 2 -4 7 5 6 -8 -9 -10 -11 -12 12 -14 -15
leaf_value=-0.053928748585672794 0.04720815451307947 -0.042611571309183291 0.0446633954900039 -0.045563742023730716 0.04834385918976665 -0.053093182318274416 0.014557212906822726 0.023434725364535176 -0.053227530719246831 0.031540327047803872 -0.0125769783084979 0.061906554917484952 -0.011680306221829565 -0.0016929930305168658
leaf_weight=4.1280501643195775 4.3589687775820485 5.5403934773057761 2.7296529039740554 6.9840390086174073 4.3917312901467067 4.3595982817932963 3.3234489597380161 13.884969897568224 2.7229726314544669 7.9759799353778353 3.199989365413785 2.7869778070598832 4.7474255338311195 10.611453223973511
leaf_count=112 43 59 21 113 35 86 47 94 19 76 32 27 43 106
internal_value=0.000867157 -0.0125685 -0.00531697 0.00774316 -0.0118713 -0.000721304 -0.0238297 0.00428282 -0.00313924 0.000980544 0.0226651 -0.00871883 0.0155395 -0.0191063
internal_weight=81.7457 27.6729 23.5448 54.0728 20.8152 15.2748 7.68305 49.7138 35.8288 33.1059 7.59172 25.1299 7.5344 17.5955
internal_count=913 392 280 521 259 200 133 478 384 365 67 289 70 219
is_linear=0
shrinkage=0.05


Tree=61
num_leaves=15
num_cat=1
split_feature=11 10 0 0 4 3 3 3 0 4 11 2 11 5
split_gain=3.58358 3.94518 2.76982 3.12263 4.36772 2.88068 2.77772 2.59973 3.05481 6.90689 2.37735 2.31338 2.13548 1.81091
threshold=1805.0115309443593 0 1.0000000180025095e-35 3.8020009990000001 1.7130987945541474 0.39018519222736364 0.50515109300613414 0.35178904235363012 13.613909721500002 8.3020853688802188 139.19542640812836 0.5881946086883546 304.61163344067916 1.6469578678310073
decision_type=2 9 2 2 2 10 10 10 2 2 2 10 2 2
left_child=1 13 -3 4 6 -6 -4 -2 -9 -10 -7 -5 -12 -1
right_child=7 2 3 11 5 10 -8 8 9 -11 12 -13 -14 -15
leaf_value=0.011544531972406676 -0.025479450050797388 -0.074075610240718556 -0.046746962575979358 -0.041050712610440979 0.055170669369190233 0.049489445216373759 -7.5044954625763335e-05 0.033788732578889417 -0.04284709914811017 0.030814063343921019 -0.044117862957119759 0.017107580054613322 0.010843772926310807 0.055314377693045064
leaf_weight=5.8671051580458879 3.7111117355525485 1.9471404179930676 6.4600249938666838 11.550718241371213 3.6389099508523932 2.1309011746197921 6.2941211573779583 15.824554681777956 5.3167663328349573 7.9270355496555567 2.8806699626147747 2.0069697648286811 4.5727837439626455 3.9568525310605764
leaf_count=47 35 22 116 272 47 19 48 100 59 55 33 19 39 36
internal_value=0.00101545 -0.00723511 -0.0127774 -0.0129903 -0.00283875 0.0172964 -0.0237146 0.0139292 0.0189604 0.00124256 0.00291666 -0.0324414 -0.0103982 0.0144574
internal_weight=84.0857 51.3062 41.4822 39.5351 25.9774 13.2233 12.7541 32.7795 29.0684 13.2438 9.58435 13.5577 7.45345 9.82396
internal_count=947 698 615 593 302 138 164 249 214 114 91 291 72 83
cat_boundaries=0 1
cat_threshold=2
is_linear=0
shrinkage=0.05


Tree=62
num_leaves=15
num_cat=1
split_feature=9 11 0 5 4 8 10 11 3 1 1 8 3 6
split_gain=5.12345 3.52757 3.53127 6.00579 3.54103 3.13842 2.9235 3.24385 3.95941 2.98151 3.3854 2.55441 2.49423 2.27725
threshold=0.09925913348441627 4162.6405377752135 4.1767954825000002 7.7444634991174164 14.525452278602666 0.21679663385666312 0 341.89251001221669 0.49452708661556249 69.229792616597095 167.83694602468748 0.32593640988043754 0.51284134387969982 66.909893035888686
decision_type=2 2 2 2 2 2 9 2 8 2 2 2 10 2
left_child=-1 2 3 6 5 -4 7 11 -9 -8 -11 -2 -12 -3
right_child=1 13 4 -5 -6 -7 9 8 -10 10 12 -13 -14 -15
leaf_value=-0.051288646488426459 0.0008917813499562245 0.048958272817502403 0.040824299559052049 0.072465240415186524 0.023260981513591412 -0.035140220413061959 -0.026565760567932528 -0.031764800829979005 0.033197880141239297 0.062086568884730998 -0.0040093662234460849 -0.061359410095267242 0.03714210225184094 0.0065367007116393762
leaf_weight=4.6593815591186276 2.3770627100020674 6.0615996364504081 1.4879765342921079 3.1643771827220908 4.0694126635789862 15.766577700152991 3.6410315744578865 4.5883273240178797 4.7985329553484926 4.2714764997363117 9.5657357703894359 5.3723478950560093 5.9866690821945658 6.6169838532805443
leaf_count=104 48 46 40 23 32 271 31 55 27 27 89 44 36 49
internal_value=-0.000361229 0.00269003 -0.00200985 0.00611934 -0.0186943 -0.0285893 0.00094847 -0.0115701 0.00144391 0.0105328 0.0226599 -0.0422644 0.0118313 0.0268184
internal_weight=82.4275 77.7681 65.0895 43.7656 21.324 17.2546 40.6012 17.1363 9.38686 23.4649 19.8239 7.74941 15.5524 12.6786
internal_count=922 818 723 380 343 311 357 174 82 183 152 92 125 95
cat_boundaries=0 1
cat_threshold=8
is_linear=0
shrinkage=0.05


Tree=63
num_leaves=15
num_cat=0
split_feature=4 11 3 0 5 4 11 9 7 11 3 9 11 11
split_gain=3.01223 3.16601 3.41074 3.07636 4.23946 2.60107 2.54397 2.76105 2.47432 3.87301 1.89985 1.78939 1.5754 2.00762
threshold=0.16105838497634214 11077.520887268158 0.49076519906520844 3.8356631995000003 1.9864333109022605 19.258162593858824 3478.276430006832 0.1810187218114305 29.500000000000004 1805.0115309443593 0.51236379146575939 0.26718870407441681 621.49688248741847 350.75400525844606
decision_type=2 2 10 2 2 2 2 2 10 2 10 2 2 2
left_child=-1 2 3 4 -2 -5 7 -4 11 12 -9 -6 13 -10
right_child=1 -3 6 5 8 -7 -8 10 9 -11 -12 -13 -14 -15
leaf_value=0.06024380255401221 -0.038007566044200636 0.035348678583981712 -0.031203264826891505 -0.03638663708632222 -0.055358476940663308 0.022528240104233006 0.046111266731456796 0.036340261009062326 -0.0060226078670730905 0.064536365706879026 0.0018410795949917473 0.0045069278574701018 -0.026088507627200226 0.061074068904684746
leaf_weight=1.9498966000974167 6.1470032762736109 5.1331907436251631 5.2326474413275745 16.701421684585515 1.9689188487827802 2.1101511754095545 3.6317496709525576 4.989606752991679 2.7741678897291404 3.8504384756088257 19.932031845673919 3.4101429842412472 2.8902947809547186 1.8639061264693735
leaf_count=14 91 37 67 342 48 15 23 32 50 24 128 28 30 22
internal_value=-0.00116343 -0.00264835 -0.00523165 -0.0147954 -0.00249036 -0.029778 0.00657695 0.00181548 0.0105378 0.0237475 0.00874822 -0.0174058 0.00288577 0.0209416
internal_weight=82.5856 80.6357 75.5025 41.7164 22.9049 18.8116 33.786 30.1543 16.7579 11.3788 24.9216 5.37906 7.52837 4.63807
internal_count=951 937 900 650 293 357 250 227 202 126 160 76 102 72
is_linear=0
shrinkage=0.05


Tree=64
num_leaves=15
num_cat=0
split_feature=9 7 1 8 4 4 1 5 4 4 4 5 9 1
split_gain=6.03468 3.33004 3.26599 3.09039 3.57756 3.57861 3.24666 2.58086 5.15105 2.6611 7.44701 2.95063 2.15477 2.03546
threshold=0.095863378676583108 32.500000000000007 1903.2501139582939 0.21679663385666312 7.056599240085605 3.4252465777315897 136.1277655295311 2.3254992830018364 0.95117700117820492 3.7342216112544682 4.6876795294327787 25.989993978315095 0.26507159535663871 253.77010440584351
decision_type=2 8 2 2 2 2 2 2 2 2 2 2 2 2
left_child=-1 2 7 -3 5 6 -5 8 13 -9 -11 12 -12 -2
right_child=1 3 -4 4 -6 -7 -8 9 -10 10 11 -13 -14 -15
leaf_value=-0.05892540284855588 0.028215083279345566 -0.04660013368382146 -0.053252891171045647 0.060611767567327585 0.056076097071453092 -0.021480215646389793 0.0098792751858873297 -0.026476870774565273 0.057752869200678209 0.076623346500354017 -0.055765586184033593 0.038945562917096138 -0.0081514322932096667 -0.025774152792858742
leaf_weight=4.1112993471324435 2.6256792005151492 1.8199897110462213 3.2730592153966418 4.3664203360676828 5.663071757182478 5.9775476567447177 11.353444244712589 12.97808523476124 4.881387097761035 2.8949435511603978 3.3559247599914661 2.395712222903966 8.1384192053228599 5.2095013679936528
leaf_count=111 28 30 32 27 47 69 101 169 41 33 84 18 82 51
internal_value=5.51416e-05 0.00329118 -0.00512656 0.0164895 0.0206862 0.0114493 0.023971 -0.00141842 0.0174361 -0.0094742 0.00367219 -0.0115322 -0.022053 -0.0076816
internal_weight=79.0445 74.9332 45.7527 29.1805 27.3605 21.6974 15.7199 42.4797 12.7166 29.7631 16.785 13.8901 11.4943 7.83518
internal_count=923 812 538 274 244 197 128 506 120 386 217 184 166 79
is_linear=0
shrinkage=0.05


Tree=65
num_leaves=15
num_cat=0
split_feature=9 0 5 1 11 6 5 1 1 1 2 4 1 2
split_gain=3.80403 2.2061 4.75941 2.5459 2.40439 2.56456 2.30923 2.7168 4.25752 3.34114 3.26992 2.98981 2.96171 1.67808
threshold=0.095863378676583108 2.751143694 13.303761150418731 119.8971512033087 11077.520887268158 56.926244735717781 6.6719391653922884 547.51501277258592 457.85746651245171 358.40932653652925 0.35154268145561218 0.57550496060283518 69.229792616597095 0.37499931454658514
decision_type=2 2 2 2 2 2 2 2 2 2 8 2 2 8
left_child=-1 6 3 -3 5 -4 7 8 9 10 -2 -9 -12 -7
right_child=1 2 4 -5 -6 13 -8 11 -10 -11 12 -13 -14 -15
leaf_value=-0.046846142683215061 -0.038132469805727182 0.014117347073591351 0.051382118742716476 -0.03462589732194845 0.05763970415174563 -0.022006996802691494 0.041940300839462513 0.021797998679262829 0.065585727999877844 -0.036475899220715029 -0.011386469582195085 -0.045035929281928205 0.031709019546898011 0.020925078281905221
leaf_weight=4.1260564979165784 2.7449575085193016 3.3153282552957561 2.3334059957414857 13.954449960030614 2.5392030701041213 6.4471760094165775 4.9765832629054776 2.5782756824046364 3.337540589272975 3.9958973731845608 5.4683876056224134 4.767710636369884 14.714135084301232 3.5181156750768432
leaf_count=113 44 44 22 247 17 95 38 17 28 37 42 44 112 25
internal_value=-0.000110468 0.00247128 -0.00742482 -0.0252685 0.0133434 0.00419794 0.00993288 0.00569728 0.0123187 0.00571545 0.0130687 -0.0215787 0.0200324 -0.00685039
internal_weight=78.8172 74.6912 32.1077 17.2698 14.8379 12.2987 42.5835 37.6069 30.2609 26.9234 22.9275 7.34599 20.1825 9.96529
internal_count=925 812 450 291 159 142 362 324 263 235 198 61 154 120
is_linear=0
shrinkage=0.05


Tree=66
num_leaves=15
num_cat=0
split_feature=9 11 3 5 7 5 4 11 5 5 8 3 8 5
split_gain=3.4075 3.38452 2.54861 2.63276 2.42171 2.46719 2.28628 2.94144 2.199 2.64676 2.18975 2.99112 2.01484 1.98511
threshold=0.1810187218114305 11077.520887268158 0.49452708661556249 26.323895282013201 34.500000000000007 17.671306862879472 4.495822681910397 3903.9676427598483 1.1961423528849982 1.4501251532512847 0.33414144178742067 0.81644046306610119 0.35713272825966236 1.5957700649592537
decision_type=2 2 8 2 8 2 2 2 2 2 2 10 2 2
left_child=6 2 3 4 5 8 7 -1 -2 -10 -4 -12 -6 -13
right_child=1 -3 10 -5 12 -7 -8 -9 9 -11 11 13 -14 -15
leaf_value=-0.021734530697464345 -0.058325471503784213 0.048216913339573356 0.047273055195170013 0.036691986243469449 -0.021981932177658529 -0.056638549678524733 -0.058023853564033716 0.04968888022090634 0.067850969529709176 -0.010445204935615966 0.027539365335789063 0.018848613085540422 0.029238348197785338 -0.031164681346845542
leaf_weight=8.9277547318488342 2.2183438781648936 4.3951949737966052 4.4808966405689743 3.3852949663996688 2.8194447588175517 3.4772413820028296 3.2659832304343572 1.7190846353769291 1.1485989876091505 17.909763220697641 9.5270828660577553 3.1030836999416334 6.0182892512530088 5.5018299333751202
leaf_count=202 27 29 33 21 38 39 87 10 12 266 67 19 52 34
internal_value=0.0009981 0.00587443 0.00275136 -0.00533489 -0.00957027 -0.0175919 -0.0214282 -0.0102022 -0.0112105 -0.00572649 0.0159741 0.00823935 0.0128979 -0.013129
internal_weight=77.8979 63.9851 59.5899 36.977 33.5917 24.7539 13.9128 10.6468 21.2767 19.0584 22.6129 18.132 8.83773 8.60491
internal_count=936 637 608 455 434 344 299 212 305 278 153 120 90 53
is_linear=0
shrinkage=0.05


Tree=67
num_leaves=15
num_cat=0
split_feature=3 9 8 11 0 6 0 11 11 4 9 2 6 11
split_gain=3.09605 3.30267 2.12429 2.5734 4.38971 3.10045 6.18119 2.07877 3.24235 2.06672 1.72696 4.60449 1.51053 2.47585
threshold=0.49452708661556249 0.49917768205832252 0.45356946576644125 3478.276430006832 1.9804139735000001 6.1982116699218759 0.00016500000000000003 546.96371507786091 629.82340110995324 0.90198267819518596 0.14236869979065253 0.36155185103416448 73.159683227539077 11077.520887268158
decision_type=8 2 2 2 2 2 2 2 2 2 2 8 2 2
left_child=1 7 3 4 5 6 -2 10 -9 -10 11 -1 -11 -14
right_child=2 -3 -4 -5 -6 -7 -8 8 9 12 -12 -13 13 -15
leaf_value=-0.051126368387912416 0.031381029125811477 0.050344481950197376 0.033390971579345445 0.038930444371054827 -0.048344823448873642 0.045070958632062057 -0.04394486850209018 0.050477271144910622 -0.043119651316253664 0.0074898239677029261 -0.03946760303672283 0.091918244483881625 -0.031007823205622384 0.022605014739750962
leaf_weight=1.3322436483576887 5.6941573955118709 2.3724881112575522 9.2672647722065431 4.5810742676258078 4.1485858913511029 4.3998240679502478 5.2203234191983938 2.5322331162169602 3.7568473787978318 14.133030329830946 8.568404817953704 0.97377154510468233 8.2960165347903949 2.9083243869245043
leaf_count=68 34 16 59 29 62 31 37 33 47 164 177 28 129 20
internal_value=0.00150481 -0.00706782 0.013053 0.00521407 -0.00272191 0.00963716 -0.00464685 -0.0102727 -0.00378855 -0.00851161 -0.0291307 0.00927773 -0.00338018 -0.0170915
internal_weight=78.1846 44.8734 33.3112 24.044 19.4629 15.3143 10.9145 42.5009 31.6265 29.0942 10.8744 2.30602 25.3374 11.2043
internal_count=934 682 252 193 164 102 71 666 393 360 273 96 313 149
is_linear=0
shrinkage=0.05


Tree=68
num_leaves=15
num_cat=1
split_feature=10 9 6 4 4 4 1 7 3 1 11 6 11 9
split_gain=3.61907 3.46765 3.97915 2.89177 2.54738 2.95054 2.61035 3.32479 2.7804 2.42955 2.11018 2.44232 1.83999 1.82846
threshold=0 0.13952827199047194 17.955337524414066 1.0173170847670383 1.3538049857863841 10.186543221330012 93.487069278718295 29.500000000000004 0.38180600106716162 253.77010440584351 341.89251001221669 7.3533973693847665 3836.982559393377 0.44187839271594093
decision_type=9 2 2 2 2 2 2 10 10 2 2 2 2 2
left_child=10 -2 -3 -4 -5 6 -6 -8 9 -9 -1 -12 13 -7
right_child=1 2 3 4 5 12 7 8 -10 -11 11 -13 -14 -15
leaf_value=-0.033587161159231355 -0.043408120063284379 0.032035422064185255 -0.057003339960859059 0.067201385657844823 0.057959846625777738 -0.0086590804713840338 -0.048536180495159967 0.029841572568183275 0.019543319275991261 -0.052062433627485055 0.017015540175216896 -0.026053828622138033 0.057269553786774008 0.043094279399408734
leaf_weight=9.827661429531874 2.7704595299437633 19.178311631083488 1.8755140816792835 1.6596093811094785 1.3611865676939547 4.4742830693721753 4.9329725960269597 1.2375452499836663 7.2759025190025568 3.3738695289939642 7.0823003249242884 6.1497836960479617 3.0719990581274033 2.7590827122330666
leaf_count=188 59 148 26 16 11 60 84 13 75 65 54 100 22 17
internal_value=0.00295951 0.00934446 0.014024 0.00323675 0.0069845 0.00347633 -0.00863845 -0.0140279 0.000292221 -0.0300822 -0.0111858 -0.00300151 0.0248501 0.0110816
internal_weight=77.0305 53.9707 51.2003 32.022 30.1465 28.4868 18.1815 16.8203 11.8873 4.61141 23.0597 13.2321 10.3054 7.23337
internal_count=938 596 537 389 363 347 248 237 153 78 342 154 99 77
cat_boundaries=0 1
cat_threshold=8
is_linear=0
shrinkage=0.05


Tree=69
num_leaves=15
num_cat=0
split_feature=7 9 2 2 9 4 1 6 6 6 4 3 6 0
split_gain=3.06432 3.02375 3.54736 2.98821 3.26302 2.89778 2.98494 2.56561 3.9276 3.11338 2.5405 2.46748 2.24323 2.14762
threshold=29.500000000000004 0.39363537180607827 0.29309873282909399 0.35669399797916418 0.36186742975684005 1.5271062967904998 189.26790594608971 33.367986679077156 5.8582503795623788 288.04040527343756 0.57550496060283518 0.40283985435962683 34.634483337402351 2.0318560600000004
decision_type=8 2 8 8 2 2 2 2 2 2 2 10 2 2
left_child=7 2 -2 12 5 10 -7 8 -1 -9 -5 -3 -4 -10
right_child=1 11 3 4 -6 6 -8 9 13 -11 -12 -13 -14 -15
leaf_value=-0.041027459487774261 0.064925553725579746 0.011411561608117472 0.0068045250143842634 0.033295609615769224 -0.037750444619698287 0.060052801454729181 0.012249451364050824 -0.051237471164128301 0.031629566991235238 0.024231284872029194 -0.019652093475037338 0.064054979671109999 -0.039079960639713196 -0.01316290211593278
leaf_weight=4.3219315260648754 2.2509284093976012 4.7777214720845205 4.3351584877818805 3.2192149078473502 3.2765161953866473 5.2895869249477974 8.5342528885230404 6.3652492025867087 7.1733104260638338 1.7401992902159689 7.6471386039629579 4.167517215013504 6.9085317524150014 4.268297865986824
leaf_count=38 32 35 77 33 24 50 108 124 75 25 77 29 130 61
internal_value=0.00258431 0.00957287 0.00388469 0.000380549 0.00913257 0.0153542 0.030541 -0.0121741 -0.000419471 -0.0350347 -0.00396606 0.0359377 -0.0213886 0.0149197
internal_weight=74.2756 50.4066 41.4613 39.2104 27.9667 24.6902 13.8238 23.869 15.7635 8.10545 10.8664 8.94524 11.2437 11.4416
internal_count=918 595 531 499 292 268 158 323 174 149 110 64 207 136
is_linear=0
shrinkage=0.05


Tree=70
num_leaves=15
num_cat=0
split_feature=7 11 1 1 8 2 0 6 6 0 11 8 7 11
split_gain=2.59951 3.34831 3.00606 4.07897 2.85822 4.04572 3.04526 2.71571 5.28601 2.32037 2.78491 2.14512 2.06871 2.03394
threshold=27.500000000000004 262.23100954083975 131.42445134305527 39.865039428836248 0.43007578293792009 0.29136490821838384 3.6351655720000005 6.0144708156585702 20.44904708862305 106.98940658550002 2441.7847560491514 0.55739650126064888 36.500000000000007 1530.201400205189
decision_type=8 2 2 2 2 8 2 2 2 2 2 2 8 2
left_child=7 12 3 -3 5 -4 13 -1 -9 10 11 -6 -2 -7
right_child=1 2 4 -5 9 6 -8 8 -10 -11 -12 -13 -14 -15
leaf_value=-0.071159887504896782 -0.027190852540390682 -0.014182680007837649 0.07164763632668765 0.053060166900170375 -0.0043187121134653679 -0.012937746748513688 -0.029466124435667443 0.042410501971727119 -0.046461121210007693 -0.01911233390971526 0.058650590182669084 0.045508566480928915 0.029348906989732006 0.028154748078011511
leaf_weight=2.2491983734071237 10.459450433962044 3.1664031185209733 1.5626026522368217 7.8376057054847479 6.3760871440172213 6.4550377698615211 11.800768777728079 2.9621521588414907 3.8450682181864977 3.146012805402278 4.9652184862643471 3.2666517794132233 1.9138512322679169 5.644425006583333
leaf_count=19 178 30 20 66 57 93 225 27 79 21 39 22 24 33
internal_value=0.00160606 0.00502404 0.0103798 0.033711 0.00443918 -0.0062979 -0.011394 -0.0235272 -0.00778876 0.0198384 0.0282269 0.0125612 -0.0184455 0.00623199
internal_weight=75.6505 66.5941 54.2208 11.004 43.2168 25.4628 23.9002 9.05642 6.80722 17.754 14.608 9.64274 12.3733 12.0995
internal_count=933 808 606 96 510 371 351 125 106 139 118 79 202 126
is_linear=0
shrinkage=0.05


Tree=71
num_leaves=15
num_cat=0
split_feature=7 6 1 3 8 1 8 0 6 9 2 9 1 2
split_gain=2.78829 2.50509 2.581 2.29678 2.03293 2.79485 4.05111 2.73787 1.9584 1.91951 2.44105 1.93281 2.47416 1.81508
threshold=29.500000000000004 3.5027580261230473 1676.6086494134886 0.36055600643157965 0.40285290826137282 444.18062116437778 0.27997983602276472 3.6093584300000008 32.988080978393562 0.39161443040341887 0.29136490821838384 0.35343916187973817 253.77010440584351 0.68730643391609203
decision_type=8 2 2 10 2 2 2 2 2 2 10 2 2 10
left_child=1 -1 3 -3 5 8 -7 -6 -5 10 -2 12 -12 -14
right_child=9 2 -4 4 7 6 -8 -9 -10 -11 11 -13 13 -15
leaf_value=-0.08592985867736623 0.050631739508067791 -0.048981854191039856 -0.057889623719224827 -0.0500357901893074 0.041852024512547603 -0.031226703877911023 0.089260161787628814 -0.015523483927399238 0.0068016508793850199 0.030000262940423329 0.020190365410760452 -0.027555828218410013 -0.014727843965810878 0.022048534485518346
leaf_weight=1.0941408928483749 2.6568520991131654 2.38843283616007 2.3742148969322434 4.3939158115535992 5.5475342459976655 1.3930664835497739 1.3975189626216886 3.3256765827536583 2.3135485704988241 8.6851516775786859 15.570149833336471 5.1180162429809561 15.110816362313928 4.3125666435807934
leaf_count=8 31 48 22 64 36 35 24 36 55 65 180 44 247 36
internal_value=0.00198426 -0.0120017 -0.00850518 -0.00285725 0.00313937 -0.0129369 0.0291128 0.0203477 -0.0304313 0.00856986 0.0042179 0.00114361 0.00534107 -0.0065624
internal_weight=75.6816 24.228 23.1339 20.7597 18.3713 9.49805 2.79059 8.87321 6.70746 51.4536 42.7684 40.1115 34.9935 19.4234
internal_count=931 328 320 298 250 178 59 72 119 603 538 507 463 283
is_linear=0
shrinkage=0.05


Tree=72
num_leaves=15
num_cat=0
split_feature=11 9 0 5 5 9 4 1 9 4 5 4 11 4
split_gain=2.84002 2.89464 2.73463 3.14843 2.22166 2.21398 2.72859 2.86591 2.76266 3.36619 1.85698 2.45914 1.81896 3.47764
threshold=15573.799867910433 0.41000527982443097 4.6856789590000014 14.649817399475445 17.671306862879472 0.37770065427980332 1.6593740288981813 66.270208976670588 0.21465547173438146 0.54085408719077643 2.0436146941646722 0.72959799010497106 454.98049000395639 2.7159928779385174
decision_type=2 2 2 2 2 2 2 2 2 2 2 2 2 2
left_child=1 2 5 -4 -5 6 8 -8 9 -1 11 -10 -9 -14
right_child=-2 -3 3 4 -6 -7 7 12 10 -11 -12 -13 13 -15
leaf_value=0.0035671015059826686 0.051141445326777148 0.022375899619254375 -0.038808586702641451 0.035266232177459243 -0.018095754095635404 -0.047347641896314352 -0.024257707768782086 0.0037663529328903021 -0.0046433441049165084 -0.062807078172868139 -0.025875135343728692 0.046844919942613875 0.077264096080086581 0.016821315050927495
leaf_weight=3.5303722042590406 2.6414663381874552 10.69110664539039 11.076325615867974 3.1178493443876487 5.2097831862047315 2.2135140039026728 3.3851796351373222 5.7045005401596418 5.5556244533508998 4.1623664563521743 3.4683335488662115 3.9806370809674263 3.7585518006235343 6.4872471112757921
leaf_count=40 20 77 263 44 67 17 41 87 50 84 36 34 29 54
internal_value=0.000217693 -0.00164173 -0.00580676 -0.021345 0.00188287 0.00133002 0.00402153 0.017527 -0.00859534 -0.0323465 0.00545441 0.0168489 0.0263951 0.038994
internal_weight=74.9829 72.3414 61.6503 19.404 8.32763 42.2463 40.0328 19.3355 20.6973 7.69274 13.0046 9.53626 15.9503 10.2458
internal_count=943 923 846 374 111 472 455 211 244 124 120 84 170 83
is_linear=0
shrinkage=0.05


Tree=73
num_leaves=15
num_cat=0
split_feature=4 6 11 7 3 9 1 4 9 8 9 8 3 4
split_gain=3.42588 3.30327 3.53551 2.8796 2.67494 2.19842 2.1109 1.77385 2.55305 3.85005 1.75822 1.93935 1.62442 1.3743
threshold=14.525452278602666 86.404136657714858 516.72878654409749 36.500000000000007 0.52075603604316723 0.39363537180607827 149.57380045442764 7.3623096573608366 0.37553883702295304 0.41407577944245672 0.35729906821945118 0.41407577944245672 0.51284134387969982 2.2570415931525458
decision_type=2 2 2 8 10 2 2 2 2 2 2 2 10 2
left_child=1 2 3 12 5 10 -3 -8 9 -9 11 -4 -1 -13
right_child=-2 6 4 -5 -6 -7 7 8 -10 -11 -12 13 -14 -15
leaf_value=-0.036855176394597053 0.042909471383135861 0.024814037589124868 -0.0046561542627249 0.026675969142819885 0.041499099607654862 0.039891859599378104 -0.055235971097105964 -0.028727155341810747 -0.063113494096153314 0.06899602933313996 -0.041775923777748414 0.0064657224953161528 -0.0063157015316332183 0.052055114155540955
leaf_weight=7.8456381307914915 4.8598144911229602 1.9302647132426489 14.326309268362829 4.0867450386285773 7.2899811547249547 4.3843590021133414 4.6670125387608987 2.7990654278546572 1.8875655662268398 1.5750129129737613 2.1510463468730441 3.4918313585221759 9.7847232436761242 3.1392394173890352
leaf_count=219 35 25 191 42 53 30 93 50 16 16 19 27 80 27
internal_value=0.0023268 -0.00051674 0.00468885 -0.0111402 0.0145719 0.00743189 -0.0233892 -0.031903 -0.0145122 0.00646089 0.00127327 0.0056918 -0.019906 0.0280484
internal_weight=74.2186 69.3588 56.4999 21.7171 34.7828 27.4928 12.8589 10.9287 6.26164 4.37408 23.1084 20.9574 17.6304 6.63107
internal_count=923 888 688 341 347 294 200 175 82 66 264 245 299 54
is_linear=0
shrinkage=0.05


Tree=74
num_leaves=15
num_cat=0
split_feature=6 9 4 4 0 4 8 11 8 0 4 11 4 2
split_gain=2.34013 3.15242 2.25157 4.60094 2.3445 3.97677 3.80429 2.08219 2.19277 1.86267 1.57676 1.47422 1.44635 1.42106
threshold=3.7437200546264653 0.41000527982443097 0.97672410215583927 1.1276481208488247 3.8020009990000001 1.6593740288981813 0.44468335156481015 14129.315504284412 0.4275937462709592 0.41559363900000007 0.56615054692365707 815.09862685836799 13.345994845324419 0.31791643798351293
decision_type=2 2 2 2 2 2 2 2 2 2 2 2 2 8
left_child=9 2 10 -4 5 -5 13 8 -6 -1 11 -2 -3 -7
right_child=1 12 3 4 7 6 -8 -9 -10 -11 -12 -13 -14 -15
leaf_value=0.048793345047634655 -0.034018456566093896 0.0095791724645988563 0.059287776538533232 -0.040681688116113321 -0.038736401781415838 0.062758613194293447 -0.038956704602454484 0.022075440065095465 -0.0013538171552488969 -0.0041250956957425049 -0.048261308144462257 0.017556195229504981 0.053229980594087581 0.018645097519632784
leaf_weight=3.9242070177569977 3.0341996820643526 6.0739377196878177 2.7053452385589472 4.012234563939276 11.738290025852626 2.1727169305086145 2.7328000720590344 2.5523644462227812 5.8917110385373226 2.8857041345909238 5.4556593922898173 2.550068711861968 2.7600290924310684 11.427405592054129
leaf_count=36 39 52 29 52 296 17 22 17 65 30 73 20 19 136
internal_value=-0.00147713 -0.00448205 -0.00899064 -0.00384431 -0.00805858 0.00391918 0.0148755 -0.020133 -0.0262436 0.0263691 -0.0291439 -0.0104668 0.0232172 0.0256925
internal_weight=69.9167 63.1068 54.2728 43.2329 40.5275 20.3452 16.3329 20.1824 17.63 6.80991 11.0399 5.58427 8.83397 13.6001
internal_count=903 837 766 634 605 227 175 378 361 66 132 59 71 153
is_linear=0
shrinkage=0.05


Tree=75
num_leaves=15
num_cat=0
split_feature=0 11 5 8 2 0 8 1 2 1 1 11 7 11
split_gain=2.69631 3.92789 2.49271 4.04497 3.32721 2.77895 2.7207 2.55259 2.45794 2.30874 2.87703 2.84466 2.60982 1.86529
threshold=1.1453532575000003 304.61163344067916 15.394790923517638 0.17257958163198014 0.36278225481510168 2.1133135555000004 0.43116578126835314 394.04339752354309 0.30734884738922125 676.86161012240063 457.85746651245171 2127.1042844349963 29.500000000000004 3478.276430006832
decision_type=2 2 2 2 10 2 2 2 10 2 2 2 10 2
left_child=8 -2 3 -3 -5 -6 13 -4 -1 10 11 12 -10 -7
right_child=1 2 7 4 5 6 -8 -9 9 -11 -12 -13 -14 -15
leaf_value=0.059537594973630981 -0.044423762637160302 0.060206905152209424 0.046344382182048859 -0.039399349995697552 0.041968859180392691 -0.051332186519858339 0.022951091032390597 -0.0017177122806509423 -0.034351242833553459 -0.022161935041672003 0.052256160123348008 0.050250057993158272 0.010165046785771573 0.0028487505411820017
leaf_weight=2.4299122504889992 6.3333011902868739 1.8568717483431125 4.5960714202374202 9.3572348533198255 2.9884317666292182 4.2811348643153888 3.5130373761057854 6.9250680133700371 4.5765216927975549 5.4416617378592482 4.0607898328453294 3.0545845329761496 11.733935840427874 2.5256769694387913
leaf_count=19 176 43 41 187 19 69 24 70 61 40 45 26 106 16
internal_value=0.000111354 -0.00810893 -0.00172795 -0.0107407 -0.0165531 -0.000489611 -0.0127848 0.0174555 0.0112417 0.00717635 0.0139914 0.00596745 -0.0023257 -0.0312283
internal_weight=73.6742 42.3768 36.0435 24.5224 22.6655 13.3083 10.3198 11.5211 31.2974 28.8675 23.4258 19.365 16.3105 6.80681
internal_count=942 645 469 358 315 128 109 111 297 278 238 193 167 85
is_linear=0
shrinkage=0.05


Tree=76
num_leaves=15
num_cat=0
split_feature=5 2 11 8 5 5 8 8 6 3 2 5 8 11
split_gain=3.38352 3.00796 4.18928 3.17335 2.93536 2.25309 2.81599 2.65492 2.34167 2.26366 2.18278 1.863 1.80514 1.67498
threshold=26.323895282013201 0.39113442599773413 384.28053475028355 0.21679663385666312 19.079925552036393 14.649817399475445 0.34062271023192142 0.44878991246661432 35.702697753906257 0.38180600106716162 0.68910241127014171 1.8831162651374684 0.45356946576644125 1224.1583024994695
decision_type=2 8 2 2 2 2 2 2 2 10 10 2 2 2
left_child=1 2 -1 -3 5 6 -4 -7 -8 -10 11 -5 -12 -13
right_child=-2 3 4 10 -6 7 8 -9 9 -11 12 13 -14 -15
leaf_value=-0.053905489804121666 0.048144038608049194 -0.038064573760420141 -0.036207967475487247 -0.0036442700445284146 -0.061046384504074562 0.069162562384883608 0.016376009387134464 -0.0089075384774673135 -0.052355130285222595 0.0097277051617968568 -0.034406698907361442 0.019580330586119861 0.016795857736363631 0.056954151103023321
leaf_weight=5.6606367034837595 3.1952513679862014 3.491412463597956 6.6174251344055035 5.6757896207273069 2.3161481712013474 2.2018930409103623 10.650236111134292 2.1545595750212669 3.0963004007935515 2.792483001947403 3.8720095623284569 10.731210832484065 3.0990579202771187 4.1600402276962987
leaf_count=210 23 49 173 35 27 33 96 17 47 33 35 80 18 36
internal_value=-0.00211496 -0.00452916 -0.0144711 0.00684178 -0.00698761 -0.00243672 -0.00864286 0.0305516 0.00238621 -0.0229152 0.0125352 0.0207306 -0.0116441 0.0300211
internal_weight=69.7145 66.5192 35.4897 31.0295 29.829 27.5129 23.1564 4.35645 16.539 5.88878 27.5381 20.567 6.97107 14.8913
internal_count=912 889 636 253 426 399 349 50 176 80 204 151 53 116
is_linear=0
shrinkage=0.05


Tree=77
num_leaves=15
num_cat=0
split_feature=0 4 11 4 6 7 6 5 1 9 9 8 7 1
split_gain=2.01591 3.25872 3.02808 2.42267 2.63484 3.05046 3.19069 2.87119 1.66655 1.66299 3.02261 2.1799 2.08442 1.85666
threshold=4.6856789590000014 14.525452278602666 8170.5115362182087 1.6593740288981813 12.355608940124513 29.500000000000004 5.8582503795623788 1.1036762560802047 39.865039428836248 0.14408371174368323 0.11231824947136272 0.4275937462709592 29.500000000000004 355.63829944708021
decision_type=2 2 2 2 2 8 2 2 2 2 2 2 8 2
left_child=3 2 9 4 5 6 -1 -7 -5 10 -2 -11 -13 -14
right_child=1 -3 -4 8 -6 7 -8 -9 -10 11 -12 12 13 -15
leaf_value=-0.057740740030690955 -0.054411643438793622 0.025046158356390069 0.017229284883498272 -0.027514849248261111 -0.038927791086938134 0.059895160982118029 0.011927109191426278 0.0027549201686732231 0.019963854745644855 -0.055685148745249526 0.072850394950895639 -0.056495340361291481 -0.034512239297091081 0.019577157807080879
leaf_weight=3.5722490539774361 0.86089740507305634 4.6060423962771884 4.1798048093914977 2.0312030604109195 5.1293130731210104 2.9029440246522418 3.0438031163066626 9.0590926213189942 20.520175830461085 7.1901551326736834 1.0186583725735543 2.6179686617106173 2.7784838043153295 3.6982514429837465
leaf_count=29 37 35 32 21 89 24 25 94 217 208 25 32 24 36
internal_value=-0.00237762 -0.0132478 -0.0211418 0.00395535 -0.00720467 0.00155392 -0.0256891 0.0166217 0.0156874 -0.0299713 0.0145603 -0.035111 -0.0188454 -0.0036269
internal_weight=73.209 26.9503 22.3442 46.2588 23.7074 18.5781 6.61605 11.962 22.5514 18.1644 1.87956 16.2849 9.0947 6.47674
internal_count=928 429 394 499 261 172 54 118 238 362 62 300 92 60
is_linear=0
shrinkage=0.05


Tree=78
num_leaves=15
num_cat=1
split_feature=9 10 6 6 1 4 1 11 2 11 4 9 8 11
split_gain=2.54858 3.59523 3.96062 4.22323 3.49438 3.56066 2.27736 2.05049 1.76115 2.57078 2.7865 2.36242 1.76298 1.45011
threshold=0.1810187218114305 0 17.955337524414066 26.977790832519535 194.93752893411107 2.0078622338789214 79.945921138316038 530.51880127118204 0.37210419774055487 1120.3068977120174 5.495920526836537 0.27982137512361843 0.39854759354757241 2671.0598192089014
decision_type=2 9 2 2 2 2 2 2 8 2 2 2 2 2
left_child=4 -2 6 -4 5 -1 -3 -5 9 11 -11 -9 -12 -10
right_child=1 2 3 7 -6 -7 -8 8 13 10 12 -13 -14 -15
leaf_value=-0.0355431046444597 -0.013282829121434204 -0.0081547566348176715 -0.056761120461953932 -0.034233123481598196 -0.040626922463177735 0.062530130975234355 0.040554222480858215 0.076926362551404892 0.009407701145952645 -0.055668039276289417 -0.02910637331353624 0.0064649370422707637 0.021864748999986888 0.055677149239026107
leaf_weight=1.6928570661693796 14.323321245145053 2.9182506911456612 2.849409255199137 2.626864914782348 7.8951249765232205 2.0416619954630733 13.504279564134775 1.8558600042015339 3.227324226871132 2.6464456599205715 2.6081283548846841 3.3134759636595845 4.8531663566827774 3.5627165324985981
leaf_count=32 175 27 35 58 201 43 109 36 31 38 40 35 37 26
internal_value=-0.000405576 0.00385837 0.0101543 0.000875919 -0.021777 0.0180735 0.0318987 0.00752659 0.0124977 0.00308067 -0.0115874 0.0317615 0.00404757 0.0336852
internal_weight=69.9189 58.2892 43.9659 27.5434 11.6296 3.73452 16.4225 24.694 22.0671 15.2771 10.1077 5.16934 7.46129 6.79004
internal_count=923 647 472 336 276 75 136 301 243 186 115 71 77 57
cat_boundaries=0 1
cat_threshold=8
is_linear=0
shrinkage=0.05


Tree=79
num_leaves=15
num_cat=0
split_feature=1 1 1 11 0 8 4 8 6 6 9 4 0 2
split_gain=2.91957 2.74353 5.48132 2.72686 3.48534 2.25692 2.72499 2.09768 1.80175 3.08901 2.82749 1.63809 2.43946 1.91135
threshold=1676.6086494134886 66.270208976670588 88.389030065639488 3903.9676427598483 4.1767954825000002 0.4275937462709592 10.186543221330012 0.43528161475689026 32.988080978393562 36.886968612670906 0.14943196382809687 1.4813103827976375 0.27599993350000002 0.39732924103736883
decision_type=2 2 2 2 2 2 2 2 2 2 2 2 2 10
left_child=1 -1 -3 4 8 -6 -7 -5 10 -10 -4 -12 -13 -14
right_child=-2 2 3 7 5 6 -8 -9 9 -11 11 12 13 -15
leaf_value=-0.024540385350510119 -0.032253759477389468 0.088420727044374064 -0.041454509132042655 0.011735950240003127 -0.042367556077561125 -0.02732498042540691 0.03509484570384435 0.060200853245391851 0.09511656719134863 0.0073069563920732583 -0.0023132889435292072 0.066687012770055454 0.032746020645763846 -0.019126641965882207
leaf_weight=7.5303188608959308 6.1760991751216343 2.0225883247330776 3.0402677883394125 6.5992570994421822 6.6973944301716966 4.3313585128635168 2.9321085941046476 3.374244062229991 1.554256236180662 2.8164878962561488 12.108147799037399 2.6008879411965591 4.0893170237541199 3.1389716863632202
leaf_count=92 64 20 87 52 240 48 25 29 23 39 108 21 36 24
internal_value=0.000549255 0.00377346 0.00762864 0.00456181 -0.00086622 -0.0214317 -0.00212741 0.0281326 0.00891667 0.0385324 0.0037343 0.00999697 0.0251614 0.0102197
internal_weight=69.0117 62.8356 55.3053 53.2827 43.3092 13.9609 7.26347 9.9735 29.3483 4.37074 24.9776 21.9373 9.82918 7.22829
internal_count=908 844 752 732 651 313 73 81 338 62 276 189 81 60
is_linear=0
shrinkage=0.05


Tree=80
num_leaves=15
num_cat=0
split_feature=1 11 4 2 3 8 0 4 2 8 1 2 4 7
split_gain=2.38683 1.73691 2.26095 1.87981 1.73341 1.5604 4.24899 3.11247 2.81369 2.33601 1.89044 1.79746 1.78388 1.98836
threshold=1903.2501139582939 3836.982559393377 0.19667796340861757 0.31791643798351293 0.36966419219970703 0.46230231532095839 3.8020009990000001 2.1871312144156785 0.36318951845169073 0.31391333536388683 93.487069278718295 0.4537294358015061 0.89138602550961066 30.500000000000004
decision_type=2 2 2 10 8 2 2 2 8 2 2 10 2 10
left_child=1 2 -1 -3 -4 6 7 9 -9 11 -8 -6 -11 -14
right_child=-2 3 4 -5 5 -7 10 8 -10 12 -12 -13 13 -15
leaf_value=0.052535897953993542 -0.032621972503620721 -0.011473342084006662 -0.028690760864834471 0.034595968874278904 -0.058238772580997501 0.015339936204373725 0.065599109881918111 0.068651128317940666 0.007937728451339594 -0.015038051992374235 -0.043085764582305529 0.0049018816474034558 0.045603030883924985 -0.0091998987457910953
leaf_weight=2.0334759708493939 4.6445346903055897 3.0206444859504691 5.1709400769323102 8.2945733238011581 3.1439289520494702 14.709332080557941 0.42368969786912103 3.0951092457398746 4.9767265897244224 5.9153881035745126 7.1846579201519489 1.7570944484323261 3.9299288783222437 2.8593440651893616
leaf_count=16 45 24 131 68 79 114 16 46 43 53 210 22 30 26
internal_value=0.00203197 0.00445176 0.000793591 0.0222976 -0.00118543 0.00177796 -0.0042152 0.00550895 0.031218 -0.00627811 -0.0370334 -0.0356018 0.00503399 0.0225224
internal_weight=71.1594 66.5148 55.1996 11.3152 53.1661 47.9952 33.2859 25.6775 8.07184 17.6057 7.60835 4.90102 12.7047 6.78927
internal_count=923 878 786 92 770 639 525 299 89 210 226 101 109 56
is_linear=0
shrinkage=0.05


Tree=81
num_leaves=15
num_cat=1
split_feature=0 5 11 10 7 0 8 3 4 3 8 11 0 0
split_gain=2.3862 2.68339 2.93164 2.42875 4.02824 2.6978 3.09256 2.66799 3.37062 3.13949 2.55604 2.83041 1.76719 1.33505
threshold=4.3431129455000006 13.017254215499962 2903.8149648035092 0 27.500000000000004 0.78105339400000007 0.097221539301296414 0.81825292110443126 2.6619036743703712 0.49076519906520844 0.31896136421069221 785.71490091790429 6.5000000000000008e-05 177.74394226100003
decision_type=2 2 2 9 8 2 2 10 2 8 2 2 2 2
left_child=3 2 -2 5 -5 7 -7 8 9 -1 11 -6 -12 -3
right_child=1 13 -4 4 10 6 -8 -9 -10 -11 12 -13 -14 -15
leaf_value=-0.04331111724638706 -0.047942975506325397 -0.0023747292656501801 0.0025142778472814452 -0.026608084921334971 -0.037553739318675103 0.052971453063079356 -0.047957351017733185 -0.040009907768763189 0.076246363333896769 0.027196478427129547 0.0079331284947130008 0.034551928470146119 0.047248291378643538 0.039611123718877088
leaf_weight=2.4623961830511707 7.1973656406626123 10.921072976663707 4.7976928967982531 3.7916019242256906 2.6587891736999181 0.87405764497816463 5.7645179280079901 2.5103244744241229 1.9596447050571439 4.399772472679615 3.646471610292795 2.7881954442709684 13.22335328068584 2.2904302552342406
leaf_count=57 237 143 48 34 39 27 102 16 18 32 35 27 104 28
internal_value=0.00163005 -0.0106404 -0.0277615 0.0086469 0.0152128 -0.00601214 -0.0346687 0.00547003 0.0184117 0.00189578 0.0291349 -0.000644383 0.0387502 0.00490421
internal_weight=69.2857 25.2066 11.9951 44.0791 26.1084 17.9707 6.63858 11.3321 8.82181 6.86217 22.3168 5.44698 16.8698 13.2115
internal_count=947 456 285 491 239 252 129 123 107 89 205 66 139 171
cat_boundaries=0 1
cat_threshold=8
is_linear=0
shrinkage=0.05


Tree=82
num_leaves=15
num_cat=1
split_feature=2 10 8 1 7 11 9 11 0 7 4 9 9 4
split_gain=2.45561 2.23158 3.67747 2.80303 2.56018 2.54672 2.08088 3.1663 1.98914 1.87276 1.82805 1.82155 1.907 1.57288
threshold=0.3550794273614884 0 0.32652501358008745 355.63829944708021 33.500000000000007 341.89251001221669 0.26718870407441681 877.96957709144533 81.65410614000001 27.500000000000004 0.57550496060283518 0.40117843071140424 0.31580712810911643 2.0078622338789214
decision_type=8 9 2 2 8 2 2 2 2 10 2 2 2 2
left_child=6 4 3 13 8 -4 -1 -8 9 -2 -5 12 -11 -3
right_child=1 2 5 10 -6 -7 7 -9 -10 11 -12 -13 -14 -15
leaf_value=-0.041032566156868538 -0.021472387182622989 0.0078525647802622344 -0.06506128657979407 0.032336699554211791 0.044930746512665896 -0.01202478195702749 -0.056572731464857945 0.0058754010073912679 -0.028345642312358688 0.025914237915250399 -0.062095796381544145 0.058970489998606636 -0.013389283335866206 0.05939062551106003
leaf_weight=5.9101574444212046 3.1763518434017994 3.433848053216936 3.8208027025684697 0.73470581229776177 5.8071555364876977 5.55317038949579 2.4821642981842151 11.13766543753445 3.2682707579806438 9.664091568905862 1.6944385841488836 2.5884042903780928 4.5342223998159161 2.6023227786645293
leaf_count=199 29 47 47 11 54 49 52 111 44 114 55 18 38 48
internal_value=-0.00136061 0.00484533 -0.0077338 0.0118198 0.0113335 -0.0336423 -0.0162567 -0.00550554 0.00781367 0.0137335 -0.0335343 0.0203951 0.0133627 0.0300717
internal_weight=66.4078 46.8778 17.8393 8.46532 29.0385 9.37397 19.53 13.6198 23.2313 19.9631 2.42914 16.7867 14.1983 6.03617
internal_count=916 554 257 161 297 96 362 163 243 199 66 170 152 95
cat_boundaries=0 1
cat_threshold=3
is_linear=0
shrinkage=0.05


Tree=83
num_leaves=15
num_cat=0
split_feature=7 6 6 3 3 1 8 0 5 6 2 3 11 8
split_gain=2.16389 2.96906 2.71781 2.44351 2.1724 2.85518 3.5833 1.73979 2.12545 2.3975 1.54836 1.77203 1.36186 1.9011
threshold=28.500000000000004 27.520632743835453 6.1982116699218759 0.34525398910045629 0.49704694747924805 541.39423109197571 0.41873903318906408 3.8020009990000001 1.5397456730779493 32.078008651733406 0.34376060962677008 0.37449857592582708 2266.5874973346067 0.53832656529296108
decision_type=8 2 2 8 8 2 2 2 2 2 10 10 2 2
left_child=1 2 -1 -2 5 6 7 8 -5 -10 11 -7 13 -6
right_child=3 -3 -4 4 12 10 -8 -9 9 -11 -12 -13 -14 -15
leaf_value=-0.027848996775081278 0.05539425623437913 -0.045219529056970027 0.029174998705518269 -0.046372795549305235 -0.0035050050826466277 -0.04261112805406464 0.023707702607243947 -0.045061519517911264 -0.0090380554068322759 0.058136729567376921 -0.055217112019616425 0.028165036964322921 0.033577744251522199 0.040184469653584909
leaf_weight=4.1427421402186138 2.1787455338053396 5.9852612772956482 4.2159219132736325 2.2209925092756801 12.003496478311719 1.9128682301379734 10.112544577568768 3.7092941682785741 4.6120143868029118 1.8655542200431225 4.004704478662461 1.6448362432420252 6.0762632340192786 3.1416326500475398
leaf_count=36 38 123 58 30 117 38 95 115 80 27 77 23 44 20
internal_value=-0.00109197 -0.0183368 0.000912622 0.00353304 0.00133064 -0.00731089 0.00161537 -0.0163901 -0.00416391 0.0103084 -0.0338927 -0.00988913 0.0135806 0.00555773
internal_weight=67.8269 14.3439 8.35866 53.4829 51.3042 30.0828 22.5204 12.4079 8.69856 6.47757 7.56241 3.5577 21.2214 15.1451
internal_count=921 217 94 704 666 485 347 252 137 107 138 61 181 137
is_linear=0
shrinkage=0.05


Tree=84
num_leaves=15
num_cat=0
split_feature=11 3 1 11 9 9 9 3 0 3 4 5 9 1
split_gain=1.87107 2.41947 2.46856 2.11328 1.68944 1.88377 2.26071 2.01568 1.79002 1.66442 1.58324 2.20081 1.80829 1.63727
threshold=11701.935477551089 0.49076519906520844 1676.6086494134886 279.342233744608 0.38810092961468073 0.32317325642292444 0.3123916475264269 0.34525398910045629 0.00014500000000000003 0.40152537822723394 0.43085886912553878 1.4843176059686274 0.26718870407441681 485.41208424013524
decision_type=2 8 2 2 2 2 2 10 2 10 2 2 2 2
left_child=1 2 3 -1 5 6 7 -5 -9 -10 -3 -12 13 -13
right_child=-2 10 -4 4 -6 -7 -8 8 9 -11 11 12 -14 -15
leaf_value=-0.040271193910794333 0.030314611415085964 0.045532340445712569 -0.061897800955435706 0.047719073496797798 0.019078760942323122 -0.037854184106997792 0.050166838161724125 -0.057505329041338683 -0.019607162272789289 0.019101730763514915 -0.041045856601757774 0.0054472115005060034 0.023861235124729031 -0.03994975894221884
leaf_weight=4.360200827009975 4.6324192117899647 2.6069551231339601 2.2500508115626863 1.4649796010926497 6.7037996379658571 4.6524026105180374 1.8519308390095819 2.0188344269990912 8.3755784677341563 4.1545109562575808 2.3903746809810427 9.3291525039821881 11.107350490987299 2.5233338745310894
leaf_count=156 36 19 29 39 54 60 17 34 198 65 19 90 82 36
internal_value=-0.000367689 -0.00259585 -0.0111972 -0.00780016 -0.00295518 -0.00951481 -0.00213501 -0.00818347 -0.0138125 -0.00677274 0.00842833 0.00461264 0.0093662 -0.00421757
internal_weight=68.4219 63.7895 35.8323 33.5822 29.222 22.5182 17.8658 16.0139 14.5489 12.5301 27.9572 25.3502 22.9598 11.8525
internal_count=934 898 652 623 467 413 353 336 297 263 246 227 208 126
is_linear=0
shrinkage=0.05


Tree=85
num_leaves=15
num_cat=0
split_feature=8 3 1 11 0 8 0 11 6 0 5 4 3 1
split_gain=3.06299 2.77969 1.79538 2.27148 1.709 2.92153 1.79314 1.53971 2.40503 1.58475 2.85724 1.67357 2.12655 1.59649
threshold=0.41536509875344046 0.51284134387969982 253.77010440584351 760.77303503259247 1.0787307025000004 0.31391333536388683 0.27599993350000002 2127.1042844349963 70.388534545898452 0.00014500000000000003 2.4564418992305863 2.6619036743703712 0.40551270544528967 310.43327034968451
decision_type=2 8 2 2 2 2 2 2 2 2 2 2 10 2
left_child=1 4 -3 -4 5 -1 -7 9 -9 -2 -11 -12 13 -13
right_child=7 2 3 -5 -6 6 -8 8 -10 10 11 12 -14 -15
leaf_value=-0.040995539854674731 -0.024405892765152131 0.024592824708039446 -0.046033598671949116 0.008053709417065175 -0.033719782951207811 -0.0096493082640358649 0.046565383714531207 0.053853112978847678 0.0021980304413678213 0.041873598134590483 -0.031910814921038394 0.021778249738962408 0.03061986195806899 -0.044725824448533937
leaf_weight=3.6437564361840504 4.3934853542596164 6.6127256564795962 2.9082338828593475 5.8373925965279341 13.75970677891746 3.0717112636193633 2.6359056141227484 4.3322109002619964 4.6959719322621822 4.8221954051405218 3.6532940380275241 1.4591214312240466 4.8020765222609043 2.3652520785108209
leaf_count=77 33 42 52 42 398 40 25 39 38 37 27 21 32 41
internal_value=-0.00217006 -0.0115543 0.00493294 -0.00993226 -0.0225108 -0.00601791 0.0163119 0.00965709 0.0269849 0.00237931 0.00926043 -0.00354661 0.00846561 -0.0193524
internal_weight=68.993 38.4694 15.3584 8.74563 23.1111 9.35137 5.70762 30.5236 9.02818 21.4954 17.1019 12.2797 8.62645 3.82437
internal_count=944 676 136 94 540 142 65 268 77 191 158 121 94 62
is_linear=0
shrinkage=0.05


Tree=86
num_leaves=15
num_cat=0
split_feature=5 4 3 4 4 7 4 0 4 11 11 1 9 1
split_gain=2.0679 2.26745 2.0682 4.03131 1.74123 2.17306 1.89752 2.17056 3.32913 1.88516 1.5983 1.89483 1.69358 1.82865
threshold=0.62582693059069538 0.95117700117820492 0.41192874312400823 0.67879801480252178 1.0490184386635606 29.500000000000004 1.6593740288981813 2.1133135555000004 14.954017910729887 574.95973178782549 454.98049000395639 389.89898152147288 0.21763772507558068 189.26790594608971
decision_type=2 2 8 2 2 8 2 2 2 2 2 2 2 2
left_child=-1 2 -2 -4 -3 6 -6 9 -9 -8 11 12 -7 -14
right_child=1 4 3 -5 5 10 7 8 -10 -11 -12 -13 13 -15
leaf_value=0.052012544218219103 -0.055903256610331964 0.043299202283470652 0.027532098284617747 -0.045669215284782225 -0.050570532147532467 0.036537688134549821 0.048119392584889856 -0.037548164661027561 0.040557788996990592 -0.011450440934452338 0.014288417944023009 -0.050195013514936472 -0.047763333430628781 0.017079495504630792
leaf_weight=1.8767263740301121 3.1996892415918383 2.5453807460144153 3.8836710806936035 3.6470554722473025 2.9120427044108537 2.418777699582277 2.708026221022009 6.7837453493848425 1.7077164426445959 2.6063645947724581 26.055121319368482 2.2243710565380752 2.1956498119980097 2.153913099784404
leaf_count=17 74 26 41 33 35 55 31 154 13 22 304 61 28 23
internal_value=0.000268874 -0.00122415 -0.0222271 -0.00791856 0.00292546 0.000940234 -0.0138926 -0.00615619 -0.0218403 0.0189042 0.00801553 -0.0101593 0.00299819 -0.015653
internal_weight=66.9183 65.0415 10.7304 7.53073 54.3111 51.7657 16.7179 13.8059 8.49146 5.31439 35.0478 8.99271 6.76834 4.34956
internal_count=917 900 148 74 752 726 255 220 167 53 471 167 106 51
is_linear=0
shrinkage=0.05


Tree=87
num_leaves=15
num_cat=1
split_feature=10 3 9 7 11 11 11 11 3 7 11 5 11 0
split_gain=1.44265 2.42693 2.43068 2.42085 2.3081 3.81736 1.80951 3.57093 4.00416 2.78435 2.0889 1.65979 1.51453 1.51245
threshold=0 0.39476926624774938 0.20756190463670063 33.500000000000007 2408.7780840629498 436.71251414493287 454.98049000395639 629.82340110995324 0.52060842514038097 39.500000000000007 41.296349096734936 1.6100506448120591 980.93245174576839 0.81068757150000004
decision_type=9 10 2 8 2 2 2 2 8 8 2 2 2 2
left_child=6 -2 -3 4 5 -4 9 -8 13 10 -1 -12 -7 -9
right_child=1 2 3 -5 -6 12 7 8 -10 -11 11 -13 -14 -15
leaf_value=0.025452960250772084 -0.0059395737387928351 -0.010516748816345612 0.035720066787830858 0.056508145724661486 0.048085390585252095 -0.042760763601757235 0.067260560722396057 -0.012382293287658684 0.036900339795550345 0.042011197477724256 0.0041792141746442831 -0.061294171823273104 0.0048007112806564365 -0.062797201862305266
leaf_weight=1.0610232693143196 22.30918263271451 6.4589192392304566 5.4447524612769538 4.6227210285142055 4.0716572385281316 3.5918146288022399 1.7286443249322463 3.3999240780249211 2.9153667148202667 1.1996474992483861 1.1698786825872955 5.608697812538594 3.1345438715070486 2.6449869149364531
leaf_count=18 345 83 44 43 35 37 28 36 18 12 18 156 27 47
internal_value=0.000961415 0.00524069 0.0162868 0.0245839 0.0154982 0.00459664 -0.00826945 0.00146422 -0.0112294 -0.0289279 -0.0397833 -0.0499945 -0.0205967 -0.0344416
internal_weight=69.3618 49.6336 27.3244 20.8655 16.2428 12.1711 19.7282 10.6889 8.96028 9.03925 7.8396 6.77858 6.72636 6.04491
internal_count=947 614 269 186 143 108 333 129 101 204 192 174 64 83
cat_boundaries=0 1
cat_threshold=8
is_linear=0
shrinkage=0.05


Tree=88
num_leaves=15
num_cat=0
split_feature=9 11 2 2 8 6 2 0 0 5 6 7 1 8
split_gain=1.67854 1.74736 2.64552 2.61031 3.60714 2.16027 1.93993 1.86896 2.01461 3.61434 2.88572 1.89572 1.76593 1.74899
threshold=0.095863378676583108 1805.0115309443593 0.29470612108707434 0.37499931454658514 0.33604976920761048 171.082145690918 0.34318582713603979 1.0000000180025095e-35 2.1133135555000004 14.649817399475445 5.8582503795623788 30.500000000000004 142.70538689300562 0.50097384141368495
decision_type=2 2 10 10 2 2 10 2 2 2 2 8 2 2
left_child=-1 2 -2 4 -3 -6 -4 -8 10 13 11 -9 -13 -10
right_child=1 3 6 -5 5 -7 7 8 9 -11 -12 12 -14 -15
leaf_value=-0.032995064242800291 0.057041552948208452 -0.054926216235539629 -0.041285488821072552 0.032147351784420179 0.030354140108712138 -0.014284436250841973 -0.044209377598231889 -0.035819132145753323 -0.054494278825971756 0.028812538744173877 0.028546421659620458 0.040034462002996998 -0.0099097741199096999 -0.0028903154216734063
leaf_weight=3.3047226006165138 1.7620990793220688 2.4956230251118567 3.4674295876175156 11.000328082591293 6.4471688251942378 4.6762183615937829 2.449380660429596 3.929429169744254 4.7025688677094859 2.9999060770496726 10.517784240189938 2.6429830845445395 5.3576061585918069 2.5228249076753855
leaf_count=107 39 59 107 88 52 38 27 34 155 47 105 20 48 17
internal_value=0.00176614 0.00353424 -0.00287057 0.014032 -0.000600191 0.0115883 -0.00560628 -0.00208389 0.0010741 -0.0173217 0.00945367 -0.00737895 0.00658923 -0.0364762
internal_weight=68.2761 64.9714 40.352 24.6193 13.619 11.1234 38.5899 35.1225 32.6731 10.2253 22.4478 11.93 8.00059 7.22539
internal_count=943 836 599 237 149 90 560 453 426 219 207 102 68 172
is_linear=0
shrinkage=0.05


Tree=89
num_leaves=15
num_cat=1
split_feature=5 3 4 8 10 0 2 0 11 9 5 8 2 3
split_gain=1.63501 1.68795 1.83831 1.40716 1.82319 3.40475 2.67704 2.85551 3.9441 2.34597 2.07898 2.0014 1.30323 1.80739
threshold=0.67975104226468808 0.36966419219970703 16.40880310146537 0.20991795497900115 0 1.1453532575000003 0.42563943564891815 4.2384021280000015 530.51880127118204 0.30998654615668592 4.5272827184637423 0.38398480586659717 0.38052871823310858 0.37655541300773626
decision_type=2 8 2 2 9 2 10 2 2 2 2 2 10 10
left_child=-1 -2 3 -3 5 11 7 8 -6 -10 -8 -5 13 -9
right_child=1 2 -4 4 6 -7 10 12 9 -11 -12 -13 -14 -15
leaf_value=0.041999023130513069 -0.021228641943387545 -0.023079650684627927 0.041242021050763508 0.020808070791054272 -0.031995095660855254 -0.053005257375240013 0.049325379911379148 0.02931921918645149 0.014976689601731595 0.068955942391289132 0.0078097078382709075 -0.02420429462951006 0.0094677054421448761 -0.040499167995068565
leaf_weight=2.3095156922936431 8.7668502447195333 5.7675009556114665 2.8827999103814355 5.4846181254833919 3.0468363277614143 4.2263227403163919 6.3528900258243066 1.0879451399669031 5.7147721592336875 3.1072728037834167 5.7403375841677189 4.4921242659911513 2.8890733812004328 6.2636374938301742
leaf_count=21 172 164 22 53 30 96 50 20 55 21 49 34 30 127
internal_value=0.000648516 -0.00080234 0.00233622 0.000265877 0.00304747 -0.00903281 0.00828313 0.000359481 0.0170504 0.0339891 0.029619 0.00054082 -0.0189853 -0.0301669
internal_weight=68.1325 65.823 57.0561 54.1733 48.4058 14.2031 34.2028 22.1095 11.8689 8.82204 12.0932 9.97674 10.2407 7.35158
internal_count=944 923 751 729 565 183 382 283 106 76 99 87 177 147
cat_boundaries=0 1
cat_threshold=8
is_linear=0
shrinkage=0.05


Tree=90
num_leaves=15
num_cat=1
split_feature=1 7 10 4 7 5 4 5 8 3 9 5 1 5
split_gain=1.7535 1.76515 1.50411 2.21194 2.1778 2.50243 2.17938 2.16186 1.94217 1.92939 1.74159 1.62959 1.54093 1.49446
threshold=1676.6086494134886 32.500000000000007 0 1.5271062967904998 34.500000000000007 2.4881949895269075 0.96298158525242006 4.9766909265978798 0.32362974248750093 0.41569578647613531 0.27199898243865722 3.0101417472024576 96.304669133073304 14.649817399475445
decision_type=2 10 9 2 8 2 2 2 2 10 2 2 2 2
left_child=2 -2 4 -4 5 6 9 10 -6 -1 11 -5 -9 -7
right_child=1 -3 3 7 8 13 -8 12 -10 -11 -12 -13 -14 -15
leaf_value=-0.02310427641112572 -0.0499329243623029 0.0049731517307246191 -0.025264636550818051 -0.00082753336510100464 -0.0076193033366194641 -0.012073582864243822 0.06116896822860321 0.042416529688604071 0.050397648211999616 0.035161172759142829 -0.0086284165501519777 0.065606648101217038 -0.055093598298818429 0.014027245246026748
leaf_weight=2.5780752431601268 3.2670697052963069 2.6520230080932379 10.869447126518937 1.403015102725474 1.9888788359239686 17.191179833374921 3.0743318516761065 0.52113491902127895 5.2509204093366861 3.1651995228603482 2.7355357687920332 2.6984227038919926 1.8205357417464254 8.0533563434146327
leaf_count=30 39 25 167 24 41 250 26 17 52 25 24 48 76 109
internal_value=0.000656848 -0.0253325 0.00316432 -0.00667389 0.00769306 0.00426246 0.0271935 0.00807036 0.0344595 0.00900663 0.0222716 0.0428809 -0.0333929 -0.00374706
internal_weight=67.2691 5.91909 61.35 20.0481 41.3019 34.0621 8.81761 9.17864 7.2398 5.74327 6.83697 4.10144 2.34167 25.2445
internal_count=953 64 889 356 533 440 81 189 93 55 96 72 93 359
cat_boundaries=0 1
cat_threshold=3
is_linear=0
shrinkage=0.05


Tree=91
num_leaves=15
num_cat=0
split_feature=7 1 1 8 9 11 3 3 5 0 0 0 0 8
split_gain=1.86763 1.89447 4.18142 2.14898 2.14033 2.01467 3.30044 3.03831 2.26549 2.26862 1.85356 4.17912 2.82714 1.80886
threshold=44.000000000000007 66.270208976670588 98.925604484143776 0.41286008171050498 0.21051207419779369 2127.1042844349963 0.37947075068950659 0.39402729272842413 16.9629645145931 7.9768576625000014 0.48462924350000008 7.5000000000000021e-05 0.8824328185000001 0.43116578126835314
decision_type=8 2 2 2 2 2 10 8 2 2 2 2 2 2
left_child=1 3 -3 -1 -4 6 -6 8 9 -7 11 -8 -12 -14
right_child=-2 2 4 -5 5 7 10 -9 -10 -11 12 -13 13 -15
leaf_value=-0.054759147879986106 0.053910052284919102 0.064036506485323302 -0.01612038618354308 0.0032827967315498321 -0.05288360647082592 0.054616172115944252 -0.018342198773069144 0.047758365377840534 -0.031914147261354435 -0.0063781347892956225 -0.069562917688078804 0.053965673969675498 -0.0209111946679452 0.017110522032291867
leaf_weight=2.9642842039465895 1.7971210107207287 2.8607747023925176 12.507513179443775 3.4516976997256279 2.7538907653652158 2.7338498756289447 3.410448959097268 6.4981526471674451 3.0753168426454067 3.4462089585140347 1.5465471353381861 4.8258728384971619 5.205916438251732 7.837407716549933
leaf_count=62 20 33 310 27 100 20 30 63 28 38 14 37 97 61
internal_value=0.00364917 0.00221812 0.00513199 -0.0235335 0.00200218 0.00748605 -0.00117675 0.0215524 0.0031534 0.0206037 0.00506148 0.0240248 -0.00564379 0.00193511
internal_weight=64.915 63.1179 56.7019 6.41598 53.8411 41.3336 25.5801 15.7535 9.25538 6.18006 22.8262 8.23632 14.5899 13.0433
internal_count=940 920 831 89 798 488 339 149 86 58 239 67 172 158
is_linear=0
shrinkage=0.05


Tree=92
num_leaves=15
num_cat=0
split_feature=4 3 3 3 4 0 6 6 4 11 1 11 1 6
split_gain=2.16968 2.05276 2.67132 2.24425 2.90224 3.27509 2.45063 2.46379 2.41809 2.75993 2.21208 1.75566 1.34307 1.89096
threshold=0.16105838497634214 0.49076519906520844 0.42615470290184027 0.40786693990230566 1.0173170847670383 3.8356631995000003 32.078008651733406 45.07898139953614 19.258162593858824 4162.6405377752135 82.747656295081654 883.4809545112679 136.1277655295311 5.8582503795623788
decision_type=2 10 8 8 2 2 2 2 2 2 2 2 2 2
left_child=-1 2 3 4 -2 6 11 -8 9 10 -7 -6 -3 -14
right_child=1 12 -4 -5 5 8 7 -9 -10 -11 -12 -13 13 -15
leaf_value=0.056924821743201015 -0.054527564835420698 0.034333345822929295 -0.043828502044990059 0.029345660555979026 -0.040588889027047104 0.066661522040158835 0.081270971776040007 0.012127824478231469 0.031203820026150478 0.0066662819727920644 -0.051671510517468093 0.020557943811719218 -0.012012553797449357 0.018019977042195798
leaf_weight=1.7621429599821556 2.9510498209856513 5.0587837509810951 4.3665997572243205 4.8077824581414452 2.0774962576106208 0.41847840836271455 2.3634369568899274 2.8324258988723159 2.1099232770502558 3.9576553935185075 7.0205278233624995 2.698970340192318 8.8761227261275071 12.798978596925734
leaf_count=13 84 41 70 74 50 16 32 26 16 40 243 22 76 130
internal_value=0.00221133 0.00066472 -0.00719743 -0.00207692 -0.00779289 -0.00191884 0.019814 0.0435789 -0.0179649 -0.0270678 -0.0450147 -0.00603751 0.0111356 0.00572142
internal_weight=64.1004 62.3382 35.6043 31.2377 26.43 23.4789 9.97233 5.19586 13.5066 11.3967 7.43901 4.77647 26.7339 21.6751
internal_count=933 920 673 603 529 445 130 58 315 299 259 72 247 206
is_linear=0
shrinkage=0.05


Tree=93
num_leaves=15
num_cat=0
split_feature=7 2 0 9 6 8 2 6 8 1 2 5 5 9
split_gain=2.12691 1.09626 2.22589 2.4941 3.22478 2.81921 1.92103 4.96706 2.02085 2.0267 1.67916 1.63524 1.57218 1.56819
threshold=44.000000000000007 0.35669399797916418 177.74394226100003 0.25933700251754249 33.17784500122071 0.4275937462709592 0.36278225481510168 40.590576171875007 0.21679663385666312 226.96111425476579 0.37499931454658514 15.583843067078456 5.2992006286564086 0.077369490683945968
decision_type=8 8 2 2 2 2 10 2 2 2 10 2 2 2
left_child=1 2 3 13 5 -5 7 -3 9 -8 -10 12 -12 -1
right_child=-2 6 -4 4 -6 -7 8 -9 10 -11 11 -13 -14 -15
leaf_value=0.032300963838214881 0.051668346035290393 -0.021466637893750661 0.043122643704692043 0.052933007814542132 -0.024174474235027082 -0.016769606413972765 0.014354560953053656 0.13745949604121069 -0.037845506773257993 -0.058604676981862239 0.0092854532900803113 0.043405421533030404 -0.018914892585797385 -0.054160097121429274
leaf_weight=0.58542014053092017 1.7975867129862297 1.1016911761835206 1.6833956837654103 3.3532501775771371 9.592159800231455 2.5567694697529078 1.4499455159530032 0.88785857707262028 2.3129441556520751 2.7708316883072257 21.219055154826499 2.7113701459020367 6.4430947238579384 5.0348295024596155
leaf_count=30 21 38 35 35 130 29 24 28 33 57 179 25 80 190
internal_value=-0.00194383 -0.00350572 -0.0122095 -0.0166193 -0.0062742 0.0227785 0.00159747 0.0494559 -0.000982426 -0.0335413 0.00322188 0.00634916 0.002717 -0.0451541
internal_weight=63.5002 61.7026 22.8058 21.1224 15.5022 5.91002 38.8968 1.98955 36.9072 4.22078 32.6865 30.3735 27.6621 5.62025
internal_count=934 913 449 414 194 64 464 66 398 81 317 284 259 220
is_linear=0
shrinkage=0.05


Tree=94
num_leaves=15
num_cat=0
split_feature=4 1 9 5 6 2 1 1 8 5 11 4 6 1
split_gain=1.89198 1.9739 2.34717 2.21691 2.54143 2.06811 1.53486 3.68337 1.93117 2.04454 3.05524 2.44953 2.07679 1.29664
threshold=0.14968572287478879 316.83310603557794 0.14236869979065253 13.52543143677044 5.5816557407379159 0.35808801651000982 66.270208976670588 82.747656295081654 0.46400927522507185 5.4813779209278533 2266.5874973346067 0.95117700117820492 6.4328763484954843 355.63829944708021
decision_type=2 2 2 2 2 10 2 2 2 2 2 2 2 2
left_child=-1 6 -3 4 -4 -5 -2 -8 9 11 -11 -9 -13 -6
right_child=1 2 3 5 13 -7 7 8 -10 10 -12 12 -14 -15
leaf_value=0.059834262989943668 -0.011895674872324976 -0.055551127614779962 0.017985721281199352 -0.0035928170114171015 -0.06166473514206422 0.045245464957003517 0.085071324087437741 -0.022700650268004025 0.037922257469054234 -0.067222944077907548 0.0099256324520036448 -0.0064085463522215898 0.049454469100208454 -0.018527695418079297
leaf_weight=1.3400698043405999 6.6096525429748025 2.483883171342316 4.6554312654770973 5.5388987795449776 2.0097832228057078 3.5614548092707992 1.7547958986833716 3.1846935786306876 4.6351036550477138 2.315552963409572 2.8787294635549188 2.5634401822462678 4.7402962604537606 13.076233674306421
leaf_count=10 95 106 47 76 30 36 17 43 47 83 30 29 61 198
internal_value=0.0010761 -0.000236063 -0.00891336 -0.00489687 -0.0143087 0.0155202 0.00924095 0.0155703 0.0095677 0.00118737 -0.0244663 0.0138921 0.0298479 -0.0242745
internal_weight=61.348 60.0079 31.3257 28.8418 19.7414 9.10035 28.6823 22.0726 20.3178 15.6827 5.19428 10.4884 7.30374 15.086
internal_count=908 898 493 387 275 112 405 310 293 246 113 133 90 228
is_linear=0
shrinkage=0.05


Tree=95
num_leaves=15
num_cat=0
split_feature=11 11 2 2 7 1 1 5 11 6 2 2 2 9
split_gain=1.5806 2.61406 2.35397 2.16347 2.14022 1.95206 1.55695 1.55549 1.4562 2.35663 1.3101 1.466 1.43313 1.42976
threshold=1018.9560983418561 1151.9369955133736 0.3475663810968399 0.29470612108707434 32.500000000000007 516.62175120941822 1676.6086494134886 15.394790923517638 2127.1042844349963 28.762208938598636 0.35554823279380804 0.46414031088352209 0.68910241127014171 0.14589358785585912
decision_type=2 2 10 8 8 2 2 2 2 2 10 10 10 2
left_child=2 -2 -1 -3 6 10 8 -6 -5 -10 -4 13 -13 -12
right_child=1 3 5 4 7 -7 -8 -9 9 -11 11 12 -14 -15
leaf_value=-0.045642520974914259 0.057883371390333095 -0.039865254175569902 0.041279706587166697 -0.027818578028870868 0.011693919489007738 -0.02863677030055144 -0.040941272738945246 0.052968091330776824 0.043267945932163883 -0.0098422121408023172 0.031195774590008059 0.030665582412901418 -0.010636192459284299 -0.01882980214145473
leaf_weight=3.8306904355995348 2.3325926782563355 2.6869458830915418 2.0139612881466809 2.9814997846260693 7.6976891248486918 6.3048930894583455 2.545312486588954 3.2449903422966599 3.6369106303900463 4.9065950070507824 1.6501000523567224 5.400100047234444 3.4372140672057867 10.625931423623113
leaf_count=151 31 38 46 49 85 112 24 31 30 50 56 45 33 152
internal_value=-0.00126562 0.00704969 -0.00877338 0.00276902 0.00734888 -0.00397475 -0.00554924 0.0239335 0.00226714 0.0127664 0.00274853 -0.000926887 0.0146015 -0.0121055
internal_weight=63.2954 30.0325 33.2629 27.6999 25.013 29.4322 14.0703 10.9427 11.525 8.54351 23.1273 21.1133 8.83731 12.276
internal_count=933 338 595 307 269 444 153 116 129 80 332 286 78 208
is_linear=0
shrinkage=0.05


Tree=96
num_leaves=15
num_cat=1
split_feature=10 2 5 5 6 6 3 5 6 8 11 11 5 6
split_gain=1.99789 2.4949 2.4233 2.02175 2.11602 2.24222 2.60049 2.86998 3.42945 2.53503 1.81731 2.51406 1.71657 2.12651
threshold=0 0.6945922076702119 2.9763675885477574 26.323895282013201 173.8493576049805 5.8582503795623788 0.41569578647613531 12.283019676915819 16.935457229614261 0.34160212151934227 341.89251001221669 837.06199431507741 19.704140826118671 676.92459106445324
decision_type=9 8 2 2 2 2 10 2 2 2 2 2 2 2
left_child=1 10 -2 4 5 -4 9 8 -8 -7 -1 -12 13 -6
right_child=2 -3 3 -5 12 6 7 -9 -10 -11 11 -13 -14 -15
leaf_value=-0.040834306295696829 0.026018416133760748 0.049345867529395925 -0.041327614221947598 0.037351214229936307 -0.033361483174265918 -0.054240458341372616 0.04153040069129825 0.072681286859954675 -0.029602770919180756 0.0046141777064538933 0.022027741406737609 -0.02877975151101932 -0.073515954386103588 0.036166173027003687
leaf_weight=7.2276247148402097 11.911624690517781 1.3305806182324875 2.5187487546354594 3.2268155589699736 4.1345946434885255 2.3327907030470696 3.9423802783712727 2.5883172061294317 2.9715923722833395 8.4825195451267046 4.123301890678702 5.9456413760781288 1.6026379177346823 1.4982658689841626
leaf_count=184 128 11 27 27 69 75 35 26 42 118 82 65 22 27
internal_value=-0.000132957 -0.0108206 0.00545688 -0.000259645 -0.00429542 0.00317029 0.00868664 0.0277705 0.0109577 -0.00808038 -0.021705 -0.00797373 -0.0278584 -0.0148681
internal_weight=63.8374 18.6271 45.2103 33.2987 30.0718 22.8363 20.3176 9.50229 6.91397 10.8153 17.2966 10.0689 7.2355 5.63286
internal_count=938 342 596 468 441 323 296 103 77 193 331 147 118 96
cat_boundaries=0 1
cat_threshold=8
is_linear=0
shrinkage=0.05


Tree=97
num_leaves=15
num_cat=1
split_feature=10 9 5 9 2 7 9 0 2 5 0 2 6 6
split_gain=2.30157 3.40811 3.50706 2.26935 2.4053 1.90809 1.61462 3.60325 1.67922 1.5772 3.51548 2.82133 1.33455 1.31453
threshold=0 0.1802491297559484 2.8284014649931848 0.26592937745361483 0.37062838673591619 28.500000000000004 0.13711236964467052 3.6093584300000008 0.47867055237293249 15.394790923517638 4.8865156175000006 0.3965278565883637 11.100059032440187 5.0291206836700448
decision_type=9 2 2 2 10 10 2 2 8 2 2 10 2 2
left_child=6 -2 3 -3 -5 -4 7 8 -1 10 -7 -12 13 -8
right_child=1 2 5 4 -6 9 12 -9 -10 -11 11 -13 -14 -15
leaf_value=-0.040110809437908651 -0.033760730597973874 0.066998450985144425 -0.019307733892786311 -0.013183855150900356 0.052174779196099454 0.029648742198553391 -0.038124952457415456 0.099101483447032276 0.042159173878862644 0.027688968064431475 -0.051836988375442206 0.0086849390337236151 -0.051490811791470872 -0.0024595058957787141
leaf_weight=2.0375282545574045 4.3441945724189273 4.1320612691342813 6.6458886032924083 2.9294319842010736 2.7098240191116929 5.8746365457773226 4.1720344047062081 0.90450747963041056 0.89168613776564587 8.8019773876294476 3.867507133167237 3.8350816275924444 3.5033335357438764 6.7854133793152869
leaf_count=75 115 35 95 27 29 59 43 43 11 94 95 29 110 65
internal_value=0.000727801 0.00668689 0.0129396 0.0388489 0.0182228 0.00421717 -0.0109786 0.0118694 -0.0150669 0.0112033 0.000515798 -0.0217034 -0.0246278 -0.0160391
internal_weight=61.4351 43.1406 38.7964 9.77132 5.63926 29.0251 18.2945 3.83372 2.92921 22.3792 13.5772 7.70259 14.4608 10.9574
internal_count=925 578 463 91 56 372 347 129 86 277 183 124 218 108
cat_boundaries=0 1
cat_threshold=8
is_linear=0
shrinkage=0.05


Tree=98
num_leaves=15
num_cat=1
split_feature=10 7 9 0 8 2 0 6 5 5 5 5 3 5
split_gain=1.13758 3.23173 1.56296 1.39499 2.56633 2.37453 1.60128 1.32812 1.69323 2.01914 1.48729 1.27435 1.90947 1.63327
threshold=0 27.500000000000004 0.13952827199047194 1.1453532575000003 0.12056562058872695 0.37844365835189825 0.77145987750000011 4.5543351173400888 1.1961423528849982 2.5400941852341057 1.6469578678310073 15.640335944374836 0.37449857592582708 18.534698181919307
decision_type=9 8 2 2 2 10 2 2 2 2 2 2 10 2
left_child=3 -2 -3 6 5 -5 -1 10 -9 -10 -4 12 -11 -13
right_child=1 2 7 4 -6 -7 -8 8 9 11 -12 13 -14 -15
leaf_value=-0.012606580912016685 -0.034754401266182212 -0.036858262382451282 0.0075817280438052002 0.091858958679331401 -0.050884996082299121 -0.033674687438710778 0.035260372941316141 -0.040495069409197532 0.046018444609822476 -0.039512580591955025 0.059983869552848401 0.057436485524078443 0.0051604240790503126 0.0076958157709591871
leaf_weight=9.3513427418656665 4.6921328911557785 1.7542200565803785 2.6563011081889263 0.69405877729877719 4.7881432622671127 0.8238455168902874 2.1486075874418011 1.7376654716208602 3.4849221780896213 2.8627705969847801 2.7619779137894511 2.3032228224910778 14.546238379552959 5.8220926625654101
leaf_count=119 81 52 24 41 140 14 23 21 31 71 27 26 185 65
internal_value=-0.00103642 0.00355618 0.00923304 -0.00898222 -0.0329258 0.0237253 -0.0036633 0.0114681 0.00744704 0.0103178 0.0342938 0.00544538 -0.00218569 0.0217954
internal_weight=60.4275 42.6215 37.9294 17.806 6.30605 1.5179 11.5 36.1752 30.7569 29.0192 5.41828 25.5343 17.409 8.12532
internal_count=920 583 502 337 195 55 142 450 399 378 51 347 256 91
cat_boundaries=0 1
cat_threshold=8
is_linear=0
shrinkage=0.05


Tree=99
num_leaves=15
num_cat=0
split_feature=3 7 5 8 8 4 2 1 3 4 0 0 5 8
split_gain=2.75155 2.23828 1.94931 1.81348 1.74971 1.35367 1.45041 1.3226 1.25413 1.30249 2.36092 1.16136 2.01916 1.50243
threshold=0.38180600106716162 33.500000000000007 0.55293626282615871 0.41536509875344046 0.13169112339927394 14.525452278602666 0.35154268145561218 570.93506700921023 0.81825292110443126 2.5266627198203508 0.47030453350000007 114.80610275250002 13.017254215499962 0.52373703462760812
decision_type=10 8 2 2 2 2 10 2 8 2 2 2 2 2
left_child=2 5 -1 4 -4 6 -2 -5 9 10 -3 12 13 -8
right_child=1 8 3 7 -6 -7 11 -9 -10 -11 -12 -13 -14 -15
leaf_value=0.056372269865930393 -0.047331549994752184 0.044726596904589092 0.042234249618169517 0.0070334364380317815 -0.052936657579077041 0.031684263425713066 -0.0090995045736822679 -0.034694045492496939 -0.012563482559595203 0.046661324793007435 -0.024817728695402223 -0.037917523914199752 0.048734994034609715 0.025265144129093094
leaf_weight=0.78444723039865394 1.9409836851991737 2.5156651660799945 0.52772571844980021 4.9707470107823593 5.6914305167738348 2.6600751243531695 20.341806626878689 3.0729925213381648 2.1209248052909979 5.3731891601346433 2.3702108673751354 2.1561105358414343 1.9851469472050656 3.7700827028602353
leaf_count=6 41 26 26 54 203 22 289 33 17 65 47 26 28 29
internal_value=-0.00184311 0.00431805 -0.0203643 -0.0245848 -0.0448609 -0.00250939 -0.00552182 -0.00890794 0.0224368 0.0296727 0.0109896 -0.00264951 0.0002643 -0.00372632
internal_weight=60.2815 45.2342 15.0473 14.2629 6.21916 32.8542 30.1941 8.04374 12.38 10.2591 4.88588 28.2531 26.097 24.1119
internal_count=912 590 322 316 229 435 413 87 155 138 73 372 346 318
is_linear=0
shrinkage=0.05


Tree=100
num_leaves=15
num_cat=0
split_feature=1 1 8 5 8 4 1 6 3 6 5 9 11 0
split_gain=1.49702 3.43329 2.63276 2.36995 2.12924 2.10671 2.51167 2.07472 2.03484 1.96923 1.74094 1.51153 1.69898 2.30617
threshold=60.616162820703472 131.42445134305527 0.25370653777552737 4.0120505752823243 0.35612004128378971 0.390611377745404 428.61452601893194 8.6221208572387713 0.38180600106716162 6.4328763484954843 1.7146085278069154 0.28814883959283366 2127.1042844349963 24.138151169000004
decision_type=2 2 2 2 2 2 2 2 8 2 2 2 2 2
left_child=3 2 -2 -1 5 -3 8 -4 -7 -10 -8 -6 -13 -14
right_child=1 4 7 -5 11 6 10 -9 9 -11 -12 12 13 -15
leaf_value=0.0012345861931177737 0.084575499673810742 0.047536506355061736 0.049237426301627141 -0.062939954907940021 0.028773671180662149 -0.053257662982229226 -0.085723606455397436 -0.013230315267839294 -0.027852972651249919 0.026316424243124938 -0.029223479526313073 -0.010195954918987058 0.049205058547045696 -0.0048209609282404108
leaf_weight=3.567144021857529 1.8864335450343777 1.1959795788861836 2.4879907825961709 2.4110189350321889 5.5176659317221519 1.6655892811249948 1.7549402685835946 2.853843420278281 2.544835562352092 4.9241094305180013 6.1110081018414348 15.176430595107378 3.4405276281759125 4.6380585320293903
leaf_count=47 25 18 22 39 75 71 21 39 32 94 187 166 35 39
internal_value=-0.000901883 0.00171732 0.0337966 -0.0246473 -0.0032195 -0.0166062 -0.0211186 0.0158644 -0.00328442 0.00785971 -0.041829 0.00524653 -0.000335701 0.0181878
internal_weight=60.1756 54.1974 7.22827 5.97816 46.9691 18.1965 17.0005 5.34183 9.13453 7.46894 7.86595 28.7727 23.255 8.07859
internal_count=910 824 86 86 738 423 405 61 197 126 208 315 240 74
is_linear=0
shrinkage=0.05


Tree=101
num_leaves=15
num_cat=0
split_feature=9 8 9 11 0 4 8 8 7 4 4 11 7 0
split_gain=2.25118 1.30211 1.03859 1.30438 2.8183 3.29493 1.72444 1.82971 1.8818 1.93309 2.15314 1.85704 1.62471 1.53126
threshold=0.051754181569116008 0.59705597665618504 0.46072407973842416 530.51880127118204 2.1133135555000004 1.4813103827976375 0.17257958163198014 0.20991795497900115 34.500000000000007 1.170509838781854 0.89138602550961066 15573.799867910433 36.500000000000007 177.74394226100003
decision_type=2 2 2 2 2 2 2 2 8 2 2 2 10 2
left_child=-1 2 3 4 5 -2 -5 -8 9 10 -9 13 -10 -11
right_child=1 -3 -4 6 -6 -7 7 8 12 11 -12 -13 -14 -15
leaf_value=-0.060719079325862207 -0.020119098192288583 0.041093366588993117 -0.028836057486284896 0.058735625465009045 -0.046679870763900622 0.030467044804349776 -0.048639709917847024 0.0038319525670378867 0.051584118360522652 -0.015322548872962034 0.060577054296933788 0.041577350753342179 0.0066068065271210757 0.034048528428092847
leaf_weight=1.3622313868254412 6.9222026797942835 2.309836544096469 2.4814496710896483 1.6904496573843051 3.5875296129379413 6.0171456774696708 1.4162299730814982 4.4428840465843704 4.2824537046253663 15.725145408650866 2.6801127111539245 1.9065809361636628 3.7801688923500478 1.7447725823149074
leaf_count=57 89 23 18 35 161 74 34 50 37 221 24 16 52 28
internal_value=0.00282744 0.00429497 0.00279527 0.00424357 -0.00746718 0.00340482 0.00938157 0.00706266 0.00934514 0.00290973 0.025183 -0.00527814 0.0304965 -0.0103917
internal_weight=60.3492 58.987 56.6771 54.1957 16.5269 12.9393 37.6688 35.9783 34.5621 26.4995 7.123 19.3765 8.06262 17.4699
internal_count=919 862 839 821 324 163 497 462 428 339 74 265 89 249
is_linear=0
shrinkage=0.05


Tree=102
num_leaves=15
num_cat=0
split_feature=11 4 1 1 9 9 9 5 5 3 9 5 1 4
split_gain=1.60181 2.35646 2.08069 1.55285 1.2842 2.03451 1.94658 2.02306 1.74172 1.93041 1.51077 1.39971 1.42396 1.26564
threshold=584.25122870991265 4.1576013772495246 1903.2501139582939 600.80626751046555 0.33106865418302989 0.2895456896923892 0.27500143694848705 14.649817399475445 4.8556258188313413 0.50713855028152477 0.42873212066562849 6.0206544847994001 428.61452601893194 1.147303522441931
decision_type=2 2 2 2 2 2 2 2 2 10 2 2 2 2
left_child=1 3 4 13 5 6 7 8 -2 -10 11 -6 -13 -1
right_child=2 -3 -4 -5 10 -7 -8 -9 9 -11 -12 12 -14 -15
leaf_value=-0.014006439482565356 0.018532127840172212 -0.044488398353735005 -0.028956033907793423 -0.038226373019797269 0.0099748921422721237 0.044141036180585048 -0.039590954952222708 0.056894671254076302 -0.054039829636000083 0.022779022350462932 0.020322863406400798 -0.056248694613644623 -0.0013960466986891735 0.016916349259160419
leaf_weight=5.4009922160767081 9.3583348141983205 3.9599753455258897 3.5789974480867377 2.4495830333326003 3.3928094115108234 5.6799904904328278 1.7997492621652771 2.4619750389829269 2.0391920157708223 1.3654027041047809 4.9785902649164191 2.6751323780044913 2.1214156965725124 8.5428194205742312
leaf_count=86 109 107 38 63 32 63 25 41 90 17 44 32 26 156
internal_value=0.00151964 -0.00987291 0.00739715 -0.00151122 0.0110241 0.0182286 0.00958341 0.0153964 0.00739131 -0.0232319 -0.00139826 -0.0146033 -0.0319885 0.00493872
internal_weight=59.805 20.3534 39.4516 16.3934 35.8726 22.7046 17.0247 15.2249 12.7629 3.40459 13.1679 8.18936 4.79655 13.9438
internal_count=929 412 517 305 479 345 282 257 216 107 134 90 58 242
is_linear=0
shrinkage=0.05


Tree=103
num_leaves=15
num_cat=0
split_feature=1 11 0 5 11 11 11 5 0 0 3 0 11 2
split_gain=2.29841 2.79289 1.69192 2.04386 2.3914 2.3788 1.81757 1.71007 1.6232 1.66085 1.4202 1.39152 1.947 2.64703
threshold=1676.6086494134886 4162.6405377752135 1.9804139735000001 13.303761150418731 2819.9271425806942 584.25122870991265 2988.3710572808932 6.6719391653922884 7.5000000000000021e-05 0.38910770400000005 0.517714023590088 0.84594047100000014 773.3161577707906 0.39732924103736883
decision_type=2 2 2 2 2 2 2 2 2 2 10 2 2 10
left_child=1 2 7 6 5 -5 -4 8 10 -10 -1 -11 13 -13
right_child=-2 -3 3 4 -6 -7 -8 -9 9 11 -12 12 -14 -15
leaf_value=-0.044055686342830983 -0.030495324631256045 0.032610413795714638 -0.031157472192381765 -0.016607473910321552 -0.038919677157123127 0.058407609944706798 0.033941754722680621 0.046276024411901477 0.030251831224919302 -0.025144260091792381 0.0017399744169790936 -0.055085565058347954 0.047382422732762386 0.024281914668778659
leaf_weight=2.8230170710012379 5.0806892872788003 7.6715099811553946 10.389101148350166 1.6921382395084936 1.7294159349985418 2.8147796522825956 1.1956032514572132 2.6081707747653118 7.2215295219793942 3.7865718486718816 4.2290565259754658 1.7585382713004944 2.539663964882493 2.6093576308339834
leaf_count=58 59 74 337 37 25 49 18 20 80 46 32 42 24 20
internal_value=0.00163157 0.00470735 -7.91652e-06 -0.0120152 0.0110632 0.0302429 -0.0244389 0.00775183 0.00372753 0.011726 -0.0165925 -0.000784074 0.0125696 -0.00767186
internal_weight=58.1491 53.0685 45.3969 17.821 6.23633 4.50692 11.5847 27.5759 24.9677 17.9157 7.05207 10.6941 6.90756 4.3679
internal_count=921 862 788 466 111 86 355 322 302 212 90 132 86 62
is_linear=0
shrinkage=0.05


Tree=104
num_leaves=15
num_cat=0
split_feature=5 2 0 8 7 7 4 0 0 0 6 7 0 4
split_gain=1.53299 1.16564 2.27662 3.44223 6.15478 1.93621 3.38043 1.87023 1.97205 1.32923 1.10313 1.63944 2.27058 1.44335
threshold=26.323895282013201 0.38052871823310858 1.6104826330000004 0.21679663385666312 31.500000000000004 31.500000000000004 7.3623096573608366 0.00010500000000000002 0.38910770400000005 0.84594047100000014 6.1982116699218759 29.500000000000004 0.13616092500000002 1.1276481208488247
decision_type=2 10 2 2 8 10 2 2 2 2 2 8 2 2
left_child=1 2 7 4 -4 -5 -7 -1 -9 -10 11 -3 -13 -12
right_child=-2 10 3 5 -6 6 -8 8 9 -11 13 12 -14 -15
leaf_value=-0.016376277744253934 0.038122502387538684 -0.027910155806785904 0.15619233362399432 -0.053076642800313469 -0.051447485162144882 -0.040887314162693547 0.029293734183567413 0.058899829807859641 -0.028681656339782282 0.025286912564879301 0.052189140214358047 0.033045970364794855 -0.014493009473094821 0.010652348903567383
leaf_weight=4.452470032032581 3.0011954214423886 4.2981287762522706 0.71755955764092383 4.9829800908919406 0.71002993173897277 4.232874374371022 2.8854650296270847 2.6844820822589099 1.794233350548893 3.133407293818891 2.4661483196541694 4.9632391091436148 5.0852563483640552 13.76515389792621
leaf_count=71 27 29 47 167 49 99 45 37 26 46 26 42 50 164
internal_value=0.00330558 0.00144534 -0.00642754 -0.0205099 0.05292 -0.0291724 -0.012439 0.00936403 0.02442 0.00563609 0.00803489 -0.00206648 0.00898785 0.0169634
internal_weight=59.1726 56.1714 25.5935 13.5289 1.42759 12.1013 7.11834 12.0646 7.61212 4.92764 30.5779 14.3466 10.0485 16.2313
internal_count=925 898 587 407 96 311 144 180 109 72 311 121 92 190
is_linear=0
shrinkage=0.05


Tree=105
num_leaves=15
num_cat=1
split_feature=10 0 2 2 11 8 3 11 2 5 8 3 11 5
split_gain=1.7749 1.94458 1.66349 2.41366 1.72287 1.36589 1.14451 1.75983 1.90115 0.896247 0.88611 0.834745 1.03279 1.35584
threshold=0 4.6856789590000014 0.36155185103416448 0.38032285869121557 1844.9431094927297 0.27997983602276472 0.42219330370426184 3836.982559393377 0.28979828953742987 14.649817399475445 0.43528161475689026 0.37449857592582708 815.09862685836799 1.6559817574184807
decision_type=9 2 8 10 2 2 10 2 8 2 2 10 2 2
left_child=2 5 -1 -4 -5 -2 7 8 -3 -8 -9 -7 13 -13
right_child=1 6 3 4 -6 11 9 10 -10 -11 -12 12 -14 -15
leaf_value=-0.049894512628727038 -0.015106546181831815 0.034775303048536446 0.03529023230781602 -0.031145890648698528 0.011324692105784233 -0.0040576148189075912 -0.0013397376216565972 -0.012933783516327563 -0.043813925461397223 0.034803016333248386 0.028992662715510199 -0.0064287980512506577 0.043536670271840307 0.030399866008818201
leaf_weight=3.053346166387203 2.887211331631991 0.89718800364062357 2.5075815836898974 8.222770319785921 3.3651471938937894 2.682138659060004 5.6988258622586709 2.6548379715532064 5.4087008808273822 2.4537857193499804 2.3990497812628746 3.9247014746069926 5.5639008609578005 6.8798156743869185
leaf_count=155 49 20 47 108 21 34 61 35 179 26 17 37 61 58
internal_value=-5.10863e-05 0.0054199 -0.0103816 -0.00918755 -0.0188124 0.0169411 -0.00475567 -0.0150143 -0.0326324 0.00953856 0.00696845 0.0217981 0.0260348 0.017022
internal_weight=58.599 41.4502 17.1488 14.0955 11.5879 21.9378 19.5124 11.3598 6.30589 8.15261 5.05389 19.0506 16.3684 10.8045
internal_count=908 577 331 176 129 239 338 251 199 87 52 190 156 95
cat_boundaries=0 1
cat_threshold=8
is_linear=0
shrinkage=0.05


Tree=106
num_leaves=15
num_cat=0
split_feature=4 0 6 11 9 8 0 1 1 1 8 5 6 9
split_gain=1.52979 1.70389 2.0942 1.75484 1.53673 1.5087 1.46665 1.54821 2.59681 2.67569 2.29573 1.751 3.8571 1.57676
threshold=10.186543221330012 22.324624061500003 676.92459106445324 2988.3710572808932 0.28271665756936309 0.33604976920761048 4.6856789590000014 626.75513084709189 442.16049021642704 355.63829944708021 0.31391333536388683 2.110283237705834 5.8582503795623788 0.31151178574053001
decision_type=2 2 2 2 2 2 2 2 2 2 2 2 2 2
left_child=1 3 -3 6 -5 -2 7 8 9 10 -1 -12 -13 -14
right_child=5 2 -4 4 -6 -7 -8 -9 -10 -11 11 12 13 -15
leaf_value=-0.026070107171418933 -0.019769184326182812 -0.038818354477823974 0.029860792701080881 0.003576128927117327 0.051502581479220821 0.02997729754533875 -0.034158294515802039 -0.025906120364533981 0.036722716544007529 -0.054294785786986856 0.035245270355333265 -0.044504547603761123 -0.0037731231824411123 0.047398318500868154
leaf_weight=5.2770888297818699 1.9784589579794536 6.0966896472964427 1.3570188153535125 4.2392718456685534 2.7625138545408845 6.6369307208806276 3.8204484775196752 5.3790589994750908 4.823038005270063 2.3424339401535681 5.3308323631063095 3.2619570773094875 2.8794142315164208 3.1547266645357013
leaf_count=114 43 136 27 36 35 66 137 74 69 38 52 28 40 31
internal_value=-0.000926408 -0.00423499 -0.0263147 -0.000431605 0.0224852 0.0185534 -0.00485574 -0.00140569 0.00346286 -0.00374789 0.0022008 0.0124004 -0.000700032 0.02298
internal_weight=59.3399 50.7245 7.45371 43.2708 7.00179 8.61539 36.269 32.4486 27.0695 22.2465 19.904 14.6269 9.2961 6.03414
internal_count=926 817 163 654 71 109 583 446 372 303 265 151 99 71
is_linear=0
shrinkage=0.05


Tree=107
num_leaves=15
num_cat=0
split_feature=11 3 7 11 0 1 11 0 0 3 9 9 11 8
split_gain=1.93733 1.89999 1.36306 1.3448 2.66096 1.52559 1.50053 1.57291 2.02044 2.38058 2.55031 3.27528 2.43129 1.32863
threshold=11701.935477551089 0.36966419219970703 36.500000000000007 2527.7401950739136 22.324624061500003 652.37141651877266 713.79229168228642 7.5000000000000021e-05 0.45505639900000006 0.51096644997596752 0.14408371174368323 0.41605715185875886 469.06096269378907 0.44468335156481015
decision_type=2 8 8 2 2 2 2 2 2 8 2 2 2 2
left_child=1 2 -1 5 -5 6 7 -3 -9 10 12 -12 -10 -11
right_child=-2 3 -4 4 -6 -7 -8 8 9 13 11 -13 -14 -15
leaf_value=-0.039446118842328903 0.034125929864977499 -0.021799661749418438 0.0268853968181854 0.034764269521348298 -0.014233989957486985 -0.026675709449211545 -0.014525058148584355 0.044655440272252711 -0.0058328057632747983 0.0076051806619745104 -0.048874731014396454 0.035076394156217432 0.13010640025809622 0.06056970871029075
leaf_weight=5.2378131123259655 3.6619194578379384 3.596019846852875 0.90887953201308835 6.8114911057054979 4.6710308431647718 6.5356667269952586 11.493900476489214 4.1935468092560795 0.82616981444880078 2.5693113883025953 4.4970791465602815 1.5665200371295211 0.54648781986907125 2.1961505375802517
leaf_count=152 38 50 15 57 66 111 163 46 50 48 113 14 16 13
internal_value=-0.00110135 -0.0034194 -0.029638 -0.000163909 0.014832 -0.00469277 -0.000129573 0.00814705 0.0147153 0.00442538 -0.0132544 -0.0271861 0.0482878 0.0320137
internal_weight=59.312 55.6501 6.14669 49.5034 11.4825 38.0209 31.4852 19.9913 16.3953 12.2017 7.43626 6.0636 1.37266 4.76546
internal_count=952 914 167 747 123 624 513 350 300 254 193 127 66 61
is_linear=0
shrinkage=0.05


end of trees

feature_importances:
dist_power_m=218
hand_m=172
evi_median=170
soil_moisture_p90=137
slope_deg=133
dist_water_m=118
evi_p10=116
soil_moisture_mean=113
tri=108
elevation_m=104
clay_pct=94
land_cover_class=29

parameters:
[boosting: gbdt]
[objective: binary]
[metric: binary_logloss]
[tree_learner: serial]
[device_type: cpu]
[data_sample_strategy: bagging]
[data: ]
[valid: ]
[num_iterations: 108]
[learning_rate: 0.05]
[num_leaves: 15]
[num_threads: 0]
[seed: 0]
[deterministic: 1]
[force_col_wise: 0]
[force_row_wise: 1]
[histogram_pool_size: -1]
[max_depth: -1]
[min_data_in_leaf: 25]
[min_sum_hessian_in_leaf: 0.001]
[bagging_fraction: 0.8]
[pos_bagging_fraction: 1]
[neg_bagging_fraction: 1]
[bagging_freq: 1]
[bagging_seed: 7719]
[bagging_by_query: 0]
[feature_fraction: 0.8]
[feature_fraction_bynode: 1]
[feature_fraction_seed: 2437]
[extra_trees: 0]
[extra_seed: 11797]
[early_stopping_round: 0]
[early_stopping_min_delta: 0]
[first_metric_only: 0]
[max_delta_step: 0]
[lambda_l1: 0]
[lambda_l2: 0]
[linear_lambda: 0]
[min_gain_to_split: 0]
[drop_rate: 0.1]
[max_drop: 50]
[skip_drop: 0.5]
[xgboost_dart_mode: 0]
[uniform_drop: 0]
[drop_seed: 21238]
[top_rate: 0.2]
[other_rate: 0.1]
[min_data_per_group: 100]
[max_cat_threshold: 32]
[cat_l2: 10]
[cat_smooth: 10]
[max_cat_to_onehot: 4]
[top_k: 20]
[monotone_constraints: ]
[monotone_constraints_method: basic]
[monotone_penalty: 0]
[feature_contri: ]
[forcedsplits_filename: ]
[refit_decay_rate: 0.9]
[cegb_tradeoff: 1]
[cegb_penalty_split: 0]
[cegb_penalty_feature_lazy: ]
[cegb_penalty_feature_coupled: ]
[path_smooth: 0]
[interaction_constraints: ]
[verbosity: -1]
[saved_feature_importance_type: 0]
[use_quantized_grad: 0]
[num_grad_quant_bins: 4]
[quant_train_renew_leaf: 0]
[stochastic_rounding: 1]
[linear_tree: 0]
[max_bin: 255]
[max_bin_by_feature: ]
[min_data_in_bin: 3]
[bin_construct_sample_cnt: 200000]
[data_random_seed: 38]
[is_enable_sparse: 1]
[enable_bundle: 1]
[use_missing: 1]
[zero_as_missing: 0]
[feature_pre_filter: 1]
[pre_partition: 0]
[two_round: 0]
[header: 0]
[label_column: ]
[weight_column: ]
[group_column: ]
[ignore_column: ]
[categorical_feature: 10]
[forcedbins_filename: ]
[precise_float_parser: 0]
[parser_config_file: ]
[objective_seed: 8855]
[num_class: 1]
[is_unbalance: 0]
[scale_pos_weight: 1]
[sigmoid: 1]
[boost_from_average: 1]
[reg_sqrt: 0]
[alpha: 0.9]
[fair_c: 1]
[poisson_max_delta_step: 0.7]
[tweedie_variance_power: 1.5]
[lambdarank_truncation_level: 30]
[lambdarank_norm: 1]
[label_gain: ]
[lambdarank_position_bias_regularization: 0]
[eval_at: ]
[multi_error_top_k: 1]
[auc_mu_weights: ]
[num_machines: 1]
[local_listen_port: 12400]
[time_out: 120]
[machine_list_filename: ]
[machines: ]
[gpu_platform_id: -1]
[gpu_device_id: -1]
[gpu_device_id_list: ]
[gpu_use_dp: 0]
[num_gpu: 1]

end of parameters

pandas_categorical:[[10.0, 30.0, 40.0, 50.0, 60.0, 80.0]]
