ticket_id,tower_id,opened_date,closed_date,work_type,crew_type,root_cause,downtime_hours,cost_myr,is_corrective
WO_000001,MY_N13103284367,2023-08-01,2023-08-03,raise_cabinet_and_seal,civil,flood,6.9,1935,True
WO_000002,MY_N12135375711,2023-08-03,2023-08-07,vegetation_clearance,civil,vegetation,7.1,3337,True
WO_000003,MY_N12137013091,2023-08-03,2023-08-06,vegetation_clearance,civil,vegetation,1.9,468,True
WO_000004,MY_N8899964134,2023-08-03,2023-08-05,raise_cabinet_and_seal,civil,flood,11.2,799,True
WO_000005,MY_W1183622030,2023-08-03,2023-08-04,vegetation_clearance,civil,vegetation,8.0,1867,True
WO_000006,MY_N11875484226,2023-08-04,2023-08-08,vegetation_clearance,civil,vegetation,5.2,811,True
WO_000007,MY_W1267064693,2023-08-04,2023-08-09,slope_stabilize_and_tension,civil,terrain,4.5,2447,True
WO_000008,MY_N12383562688,2023-08-05,2023-08-06,slope_stabilize_and_tension,civil,terrain,1.4,2855,True
WO_000009,MY_N11151660426,2023-08-06,2023-08-09,vegetation_clearance,civil,vegetation,1.5,694,True
WO_000010,MY_N13678930905,2023-08-06,2023-08-11,slope_stabilize_and_tension,civil,terrain,1.4,1811,True
WO_000011,MY_N6039478983,2023-08-06,2023-08-07,slope_stabilize_and_tension,civil,terrain,10.3,5530,True
WO_000012,MY_N13103284367,2023-08-07,2023-08-12,radio_unit_refresh,rf,equipment,3.6,1910,True
WO_000013,MY_N12603668089,2023-08-08,2023-08-09,battery_genset_service,power,power,6.3,298,True
WO_000014,MY_N13013877873,2023-08-08,2023-08-12,battery_genset_service,power,power,6.6,8193,True
WO_000015,MY_N3902995326,2023-08-08,2023-08-11,vegetation_clearance,civil,vegetation,9.5,2936,True
WO_000016,MY_N10736133691,2023-08-10,2023-08-13,slope_stabilize_and_tension,civil,terrain,4.1,2216,True
WO_000017,MY_N11990327538,2023-08-10,2023-08-13,radio_unit_refresh,rf,equipment,6.2,4812,True
WO_000018,MY_N11151660426,2023-08-11,2023-08-16,radio_unit_refresh,rf,equipment,6.5,4142,True
WO_000019,MY_N11659562129,2023-08-13,2023-08-18,raise_cabinet_and_seal,civil,flood,10.1,1255,True
WO_000020,MY_N9466091146,2023-08-13,2023-08-14,slope_stabilize_and_tension,civil,terrain,6.4,665,True
WO_000021,MY_N11659562142,2023-08-14,2023-08-16,vegetation_clearance,civil,vegetation,4.2,1357,True
WO_000022,MY_N6745537233,2023-08-14,2023-08-15,vegetation_clearance,civil,vegetation,10.4,505,True
WO_000023,MY_N12773184677,2023-08-16,2023-08-19,vegetation_clearance,civil,vegetation,4.0,2954,True
WO_000024,MY_W1270085203,2023-08-16,2023-08-19,vegetation_clearance,civil,vegetation,9.0,2018,True
WO_000025,MY_N11482095447,2023-08-17,2023-08-21,raise_cabinet_and_seal,civil,flood,0.4,3381,True
WO_000026,MY_N11875484224,2023-08-17,2023-08-21,raise_cabinet_and_seal,civil,flood,3.4,3057,True
WO_000027,MY_N12137013091,2023-08-17,2023-08-18,battery_genset_service,power,power,8.1,6441,True
WO_000028,MY_N3902995309,2023-08-17,2023-08-21,radio_unit_refresh,rf,equipment,2.7,418,True
WO_000029,MY_N7033248825,2023-08-17,2023-08-18,vegetation_clearance,civil,vegetation,6.5,5922,True
WO_000030,MY_W1315123577,2023-08-17,2023-08-22,raise_cabinet_and_seal,civil,flood,5.4,6132,True
WO_000031,MY_W1315123577,2023-08-17,2023-08-14,raise_cabinet_and_seal,civil,flood,5.4,6132,True
WO_000032,MY_N1662564012,2023-08-18,2023-08-20,vegetation_clearance,civil,vegetation,2.6,2248,True
WO_000033,MY_N8044656639,2023-08-18,2023-08-23,battery_genset_service,power,power,10.5,2862,True
WO_000034,MY_N12131514594,2023-08-20,2023-08-22,radio_unit_refresh,rf,equipment,10.8,1042,True
WO_000035,MY_N12309364296,2023-08-20,2023-08-21,raise_cabinet_and_seal,civil,flood,7.0,406,True
WO_000036,MY_N13678930905,2023-08-20,2023-08-24,raise_cabinet_and_seal,civil,flood,5.2,3921,True
WO_000037,MY_W1270085203,2023-08-20,2023-08-25,vegetation_clearance,civil,vegetation,7.4,425,True
WO_000038,MY_N11875484224,2023-08-21,2023-08-26,radio_unit_refresh,rf,equipment,2.8,1539,True
WO_000039,MY_ORPHAN_0001,2023-08-21,2023-08-23,raise_cabinet_and_seal,civil,flood,6.3,1678,True
WO_000040,MY_W728820002,2023-08-21,2023-08-23,raise_cabinet_and_seal,civil,flood,6.3,1678,True
WO_000041,MY_N13331200717,2023-08-22,2023-08-25,raise_cabinet_and_seal,civil,flood,4.0,3328,True
WO_000042,MY_N10801806749,2023-08-23,2023-08-28,raise_cabinet_and_seal,civil,flood,8.9,4901,True
WO_000043,MY_N11802478955,2023-08-23,2023-08-24,raise_cabinet_and_seal,civil,flood,6.0,842,True
WO_000044,MY_N12138116212,2023-08-23,2023-08-25,vegetation_clearance,civil,vegetation,1.5,1958,True
WO_000045,MY_W1545410197,2023-08-23,2023-08-28,radio_unit_refresh,rf,equipment,12.4,1510,True
WO_000046,MY_N11875484224,2023-08-24,2023-08-29,raise_cabinet_and_seal,civil,flood,3.9,1714,True
WO_000047,MY_N1662637919,2023-08-24,2023-08-28,battery_genset_service,power,power,13.9,707,True
WO_000048,MY_N8987661324,2023-08-24,2023-08-26,vegetation_clearance,civil,vegetation,7.3,1055,True
WO_000049,MY_N12137024409,2023-08-25,2023-08-29,raise_cabinet_and_seal,civil,flood,7.2,3736,True
WO_000050,MY_N13678930905,2023-08-25,2023-08-28,raise_cabinet_and_seal,civil,flood,7.0,1800,True
WO_000051,MY_N6745537234,2023-08-25,2023-08-27,raise_cabinet_and_seal,civil,flood,2.0,706,True
WO_000052,MY_N11802478955,2023-08-26,2023-08-30,raise_cabinet_and_seal,civil,flood,2.0,1238,True
WO_000053,MY_N8044980541,2023-08-26,2023-08-27,raise_cabinet_and_seal,civil,flood,2.5,702,True
WO_000053,MY_N8044980541,2023-08-26,2023-08-27,raise_cabinet_and_seal,civil,flood,2.5,702,True
WO_000055,MY_N8422298542,2023-08-26,2023-08-27,raise_cabinet_and_seal,civil,flood,4.2,1465,True
WO_000056,MY_W1285114522,2023-08-26,2023-08-31,slope_stabilize_and_tension,civil,terrain,2.0,1759,True
WO_000057,MY_N12137024409,2023-08-27,2023-08-30,raise_cabinet_and_seal,civil,flood,2.3,1689,True
WO_000058,MY_N6745537233,2023-08-27,2023-08-30,slope_stabilize_and_tension,civil,terrain,0.9,4998,True
WO_000059,MY_N13103284367,2023-08-28,2023-08-29,raise_cabinet_and_seal,civil,flood,1.8,7559,True
WO_000060,MY_N13103284367,2023-08-28,2023-08-30,radio_unit_refresh,rf,equipment,9.2,163,True
WO_000061,MY_N11484371222,2023-09-01,2023-09-06,battery_genset_service,power,power,1.9,4262,True
WO_000062,MY_N12462397947,2023-09-01,2023-09-02,scheduled_inspection,civil,scheduled_inspection,1.3,522,False
WO_000063,MY_N11476096501,2023-09-02,2023-09-03,scheduled_inspection,civil,scheduled_inspection,1.1,350,False
WO_000064,MY_N12137013091,2023-09-02,2023-09-06,battery_genset_service,power,power,3.1,5355,True
WO_000065,MY_N13686353602,2023-09-02,2023-09-03,scheduled_inspection,civil,scheduled_inspection,1.0,183,False
WO_000066,MY_N11659562142,2023-09-03,2023-09-05,vegetation_clearance,civil,vegetation,2.8,4216,True
WO_000067,MY_N12137024409,2023-09-03,2023-09-05,radio_unit_refresh,rf,equipment,6.4,8281,True
WO_000068,MY_N8025609742,2023-09-03,2023-09-07,raise_cabinet_and_seal,civil,flood,6.0,3448,True
WO_000069,MY_N10802588425,2023-09-04,2023-09-06,raise_cabinet_and_seal,civil,flood,6.1,4556,True
WO_000070,MY_N12240441026,2023-09-04,2023-09-05,scheduled_inspection,civil,scheduled_inspection,0.8,1346,False
WO_000071,MY_N13678930905,2023-09-04,2023-09-08,raise_cabinet_and_seal,civil,flood,4.7,869,True
WO_000072,MY_N3902995326,2023-09-04,2023-09-09,battery_genset_service,power,power,4.6,3341,True
WO_000073,MY_W1317650252,2023-09-04,2023-09-05,battery_genset_service,power,power,7.5,660,True
WO_000074,MY_N11659562142,2023-09-05,2023-09-10,raise_cabinet_and_seal,civil,flood,4.9,2671,True
WO_000075,MY_N11875484226,2023-09-05,2023-09-10,vegetation_clearance,civil,vegetation,1.8,411,True
WO_000076,MY_N12137013087,2023-09-05,2023-09-06,raise_cabinet_and_seal,civil,flood,1.2,500,True
WO_000077,MY_N11727753196,2023-09-06,2023-09-07,scheduled_inspection,civil,scheduled_inspection,0.8,251,False
WO_000078,MY_N11802478955,2023-09-07,2023-09-12,raise_cabinet_and_seal,civil,flood,5.1,4235,True
WO_000079,MY_N11875484224,2023-09-07,2023-09-11,battery_genset_service,power,power,17.7,1350,True
WO_000080,MY_N7417373280,2023-09-07,2023-09-08,scheduled_inspection,civil,scheduled_inspection,0.9,947,False
WO_000081,MY_N8542747595,2023-09-07,2023-09-08,scheduled_inspection,civil,scheduled_inspection,0.7,109,False
WO_000082,MY_N1662564012,2023-09-08,2023-09-12,slope_stabilize_and_tension,civil,terrain,0.9,3659,True
WO_000083,MY_N1662637919,2023-09-08,2023-09-09,vegetation_clearance,civil,vegetation,7.6,3155,True
WO_000084,MY_N12058759613,2023-09-09,2023-09-10,scheduled_inspection,civil,scheduled_inspection,2.2,708,False
WO_000085,MY_N13142317645,2023-09-09,2023-09-10,raise_cabinet_and_seal,civil,flood,10.0,4746,True
WO_000086,MY_N8987661324,2023-09-09,2023-09-14,raise_cabinet_and_seal,civil,flood,4.6,1133,True
WO_000087,MY_N13142317645,2023-09-10,2023-09-14,slope_stabilize_and_tension,civil,terrain,7.1,2955,True
WO_000088,MY_N11609644622,2023-09-11,2023-09-12,raise_cabinet_and_seal,civil,flood,6.7,3703,True
WO_000089,MY_N12309364295,2023-09-11,2023-09-13,vegetation_clearance,civil,vegetation,2.7,1893,True
WO_000090,MY_N12603668089,2023-09-11,2023-09-14,battery_genset_service,power,power,3.7,1849,True
WO_000091,MY_N13165619831,2023-09-11,2023-09-12,scheduled_inspection,civil,scheduled_inspection,1.8,462,False
WO_000092,MY_N11875484224,2023-09-12,2023-09-13,scheduled_inspection,civil,scheduled_inspection,0.4,864,False
WO_000093,MY_N12462362563,2023-09-12,2023-09-13,scheduled_inspection,civil,scheduled_inspection,4.1,1375,False
WO_000094,MY_N13526011249,2023-09-12,2023-09-14,battery_genset_service,power,power,5.5,1759,True
WO_000095,MY_N9084071195,2023-09-12,2023-09-17,raise_cabinet_and_seal,civil,flood,14.9,3568,True
WO_000096,MY_W1368623543,2023-09-12,2023-09-13,scheduled_inspection,civil,scheduled_inspection,0.3,507,False
WO_000097,MY_N12135375711,2023-09-13,2023-09-15,raise_cabinet_and_seal,civil,flood,4.7,1725,True
WO_000098,MY_N12309364295,2023-09-13,2023-09-14,vegetation_clearance,civil,vegetation,4.0,5496,True
WO_000099,MY_N6039478983,2023-09-13,2023-09-16,raise_cabinet_and_seal,civil,flood,14.8,1654,True
WO_000100,MY_W728820002,2023-09-13,2023-09-18,slope_stabilize_and_tension,civil,terrain,3.2,5490,True
WO_000101,MY_N12941843009,2023-09-14,2023-09-15,scheduled_inspection,civil,scheduled_inspection,0.5,282,False
WO_000102,MY_N12117702098,2023-09-15,2023-09-16,vegetation_clearance,civil,vegetation,2.2,6885,True
WO_000103,MY_N12260551262,2023-09-15,2023-09-16,scheduled_inspection,civil,scheduled_inspection,1.6,850,False
WO_000104,MY_N5952916379,2023-09-15,2023-09-16,scheduled_inspection,civil,scheduled_inspection,2.0,311,False
WO_000105,MY_N11875484226,2023-09-16,2023-09-19,vegetation_clearance,civil,vegetation,4.7,522,True
WO_000106,MY_N506433555,2023-09-16,2023-09-18,radio_unit_refresh,rf,equipment,3.4,1496,True
WO_000107,MY_N7838524135,2023-09-16,2023-09-17,scheduled_inspection,civil,scheduled_inspection,1.6,403,False
WO_000108,MY_N11528285260,2023-09-17,2023-09-18,scheduled_inspection,civil,scheduled_inspection,3.8,974,False
WO_000109,MY_N10736133691,2023-09-18,2023-09-21,slope_stabilize_and_tension,civil,terrain,12.8,3721,True
WO_000110,MY_N12135375711,2023-09-18,2023-09-23,raise_cabinet_and_seal,civil,flood,2.3,4257,True
WO_000111,MY_N8422298542,2023-09-19,2023-09-22,radio_unit_refresh,rf,equipment,6.1,1983,True
WO_000112,MY_N13659918586,2023-09-20,2023-09-23,raise_cabinet_and_seal,civil,flood,2.2,2143,True
WO_000113,MY_N7033248825,2023-09-20,2023-09-22,raise_cabinet_and_seal,civil,flood,5.3,4525,True
WO_000114,MY_N11484371222,2023-09-21,2023-09-25,vegetation_clearance,civil,vegetation,11.6,5286,True
WO_000115,MY_N13979312124,2023-09-21,2023-09-25,vegetation_clearance,civil,vegetation,6.3,1557,True
WO_000116,MY_W728820002,2023-09-21,2023-09-24,raise_cabinet_and_seal,civil,flood,7.3,1217,True
WO_000117,MY_N9003249367,2023-09-23,2023-09-28,raise_cabinet_and_seal,civil,flood,3.3,992,True
WO_000118,MY_N10736133691,2023-09-24,2023-09-26,slope_stabilize_and_tension,civil,terrain,2.6,958,True
WO_000119,MY_N12145341915,2023-09-24,2023-09-25,scheduled_inspection,civil,scheduled_inspection,3.0,467,False
WO_000120,MY_N12145362317,2023-09-24,2023-09-25,scheduled_inspection,civil,scheduled_inspection,0.1,2461,False
WO_000121,MY_N3902995302,2023-09-24,2023-09-28,radio_unit_refresh,rf,equipment,14.4,186,True
WO_000122,MY_N506433555,2023-09-24,2023-09-28,raise_cabinet_and_seal,civil,flood,0.8,3338,True
WO_000123,MY_N10802588447,2023-09-25,2023-09-26,vegetation_clearance,civil,vegetation,5.1,794,True
WO_000124,MY_N13013877873,2023-09-25,2023-09-28,battery_genset_service,power,power,2.2,4141,True
WO_000125,MY_N13889776578,2023-09-25,2023-09-26,scheduled_inspection,civil,scheduled_inspection,3.1,640,False
WO_000126,MY_N6745537233,2023-09-25,2023-09-30,vegetation_clearance,civil,vegetation,3.8,275,True
WO_000127,MY_N8191059241,2023-09-25,2023-09-30,raise_cabinet_and_seal,civil,flood,5.1,1133,True
WO_000128,MY_W1270085203,2023-09-25,2023-09-30,vegetation_clearance,civil,vegetation,9.9,3876,True
WO_000129,MY_N11609644622,2023-09-26,2023-09-30,vegetation_clearance,civil,vegetation,5.6,393,True
WO_000130,MY_N11659562131,2023-09-26,2023-09-27,scheduled_inspection,civil,scheduled_inspection,0.6,738,False
WO_000131,MY_N12531429458,2023-09-26,2023-09-30,vegetation_clearance,civil,vegetation,6.7,2042,True
WO_000132,MY_N9003249367,2023-09-26,2023-09-27,scheduled_inspection,civil,scheduled_inspection,0.2,486,False
WO_000133,MY_N7033248825,2023-09-27,2023-10-02,battery_genset_service,power,power,5.3,1967,True
WO_000134,MY_W1386907231,2023-09-27,2023-09-28,battery_genset_service,power,power,6.0,92,True
WO_000135,MY_W1255218619,2023-09-29,2023-09-30,scheduled_inspection,civil,scheduled_inspection,0.3,582,False
WO_000136,MY_N12334436706,2023-09-30,2023-10-01,scheduled_inspection,civil,scheduled_inspection,3.3,683,False
WO_000137,MY_N6745537234,2023-09-30,2023-10-01,scheduled_inspection,civil,scheduled_inspection,4.2,643,False
WO_000138,MY_N8935231315,2023-09-30,2023-10-01,scheduled_inspection,civil,scheduled_inspection,0.7,412,False
WO_000139,MY_N9038308805,2023-09-30,2023-10-01,scheduled_inspection,civil,scheduled_inspection,1.5,543,False
WO_000140,MY_N11659562129,2023-10-01,2023-10-05,vegetation_clearance,civil,vegetation,5.0,3926,True
WO_000141,MY_N12137013087,2023-10-01,2023-10-05,vegetation_clearance,civil,vegetation,5.1,3724,True
WO_000142,MY_N13979312124,2023-10-01,2023-10-05,vegetation_clearance,civil,vegetation,2.5,2385,True
WO_000143,MY_N11167076406,2023-10-02,2023-10-07,raise_cabinet_and_seal,civil,flood,8.0,3077,True
WO_000144,MY_N12135759497,2023-10-03,2023-10-05,vegetation_clearance,civil,vegetation,8.8,872,True
WO_000145,MY_N7806418386,2023-10-03,2023-10-04,scheduled_inspection,civil,scheduled_inspection,1.3,542,False
WO_000146,MY_W1254490022,2023-10-03,2023-10-04,scheduled_inspection,civil,scheduled_inspection,1.3,631,False
WO_000147,MY_W1255218617,2023-10-03,2023-10-04,scheduled_inspection,civil,scheduled_inspection,3.0,1090,False
WO_000148,MY_W1267147818,2023-10-03,2023-10-04,scheduled_inspection,civil,scheduled_inspection,2.0,50,False
WO_000149,MY_W1303814691,2023-10-03,2023-10-04,scheduled_inspection,civil,scheduled_inspection,1.4,1116,False
WO_000150,MY_N11484371222,2023-10-04,2023-10-09,vegetation_clearance,civil,vegetation,4.7,1211,True
WO_000151,MY_N12058759613,2023-10-04,2023-10-09,raise_cabinet_and_seal,civil,flood,1.4,4396,True
WO_000152,MY_N12137013093,2023-10-04,2023-10-05,scheduled_inspection,civil,scheduled_inspection,3.5,704,False
WO_000153,MY_N1662564012,2023-10-04,2023-10-08,raise_cabinet_and_seal,civil,flood,6.7,884,True
WO_000154,MY_N7033248825,2023-10-04,2023-10-08,vegetation_clearance,civil,vegetation,14.6,3950,True
WO_000155,MY_N11659562131,2023-10-05,2023-10-06,radio_unit_refresh,rf,equipment,6.7,1925,True
WO_000156,MY_N6418052180,2023-10-05,2023-10-06,scheduled_inspection,civil,scheduled_inspection,2.3,1801,False
WO_000157,MY_N11875484224,2023-10-06,2023-10-10,raise_cabinet_and_seal,civil,flood,7.2,1562,True
WO_000158,MY_N12058759613,2023-10-06,2023-10-08,raise_cabinet_and_seal,civil,flood,3.7,1455,True
WO_000159,MY_N12773184677,2023-10-06,2023-10-08,raise_cabinet_and_seal,civil,flood,3.4,1417,True
WO_000160,MY_N3902995230,2023-10-06,2023-10-07,scheduled_inspection,civil,scheduled_inspection,2.0,417,False
WO_000161,MY_N4436507977,2023-10-06,2023-10-11,raise_cabinet_and_seal,civil,flood,11.5,2632,True
WO_000162,MY_W823097930,2023-10-06,2023-10-07,scheduled_inspection,civil,scheduled_inspection,1.6,1533,False
WO_000163,MY_N13103284367,2023-10-07,2023-10-08,scheduled_inspection,civil,scheduled_inspection,1.9,501,False
WO_000164,MY_N10801806749,2023-10-08,2023-10-12,raise_cabinet_and_seal,civil,flood,3.5,2321,True
WO_000165,MY_N11659562142,2023-10-08,2023-10-12,raise_cabinet_and_seal,civil,flood,6.6,3453,True
WO_000166,MY_N11755867459,2023-10-08,2023-10-13,vegetation_clearance,civil,vegetation,4.8,1524,True
WO_000167,MY_N11815789148,2023-10-08,2023-10-09,scheduled_inspection,civil,scheduled_inspection,1.4,233,False
WO_000168,MY_N8422298542,2023-10-08,2023-10-11,vegetation_clearance,civil,vegetation,1.3,2340,True
WO_000169,MY_N12548986934,2023-10-09,2023-10-11,battery_genset_service,power,power,1.5,588,True
WO_000170,MY_N13979312124,2023-10-09,2023-10-14,raise_cabinet_and_seal,civil,flood,8.1,3899,True
WO_000171,MY_N8047942568,2023-10-09,2023-10-10,scheduled_inspection,civil,scheduled_inspection,2.1,243,False
WO_000172,MY_N12270851329,2023-10-10,2023-10-11,vegetation_clearance,civil,vegetation,7.1,1060,True
WO_000173,MY_N8923088437,2023-10-10,2023-10-14,raise_cabinet_and_seal,civil,flood,1.3,1797,True
WO_000174,MY_W1312400608,2023-10-10,2023-10-11,scheduled_inspection,civil,scheduled_inspection,4.0,1682,False
WO_000175,MY_W728820002,2023-10-10,2023-10-12,raise_cabinet_and_seal,civil,flood,12.1,759,True
WO_000176,MY_N12309364294,2023-10-11,2023-10-14,raise_cabinet_and_seal,civil,flood,2.4,1574,True
WO_000177,MY_N4436507977,2023-10-11,2023-10-14,raise_cabinet_and_seal,civil,flood,1.3,1975,True
WO_000178,MY_W1285114522,2023-10-11,2023-10-13,radio_unit_refresh,rf,equipment,6.2,2395,True
WO_000179,MY_N11513739731,2023-10-12,2023-10-16,raise_cabinet_and_seal,civil,flood,8.2,3320,True
WO_000180,MY_N506433555,2023-10-12,2023-10-13,battery_genset_service,power,power,2.8,5795,True
WO_000181,MY_N9040016333,2023-10-12,2023-10-15,slope_stabilize_and_tension,civil,terrain,5.5,1759,True
WO_000182,MY_N7049747274,2023-10-13,2023-10-14,scheduled_inspection,civil,scheduled_inspection,0.9,1030,False
WO_000183,MY_N9003249367,2023-10-13,2023-10-15,vegetation_clearance,civil,vegetation,8.6,2712,True
WO_000184,MY_N1662564012,2023-10-14,2023-10-17,raise_cabinet_and_seal,civil,flood,5.7,2790,True
WO_000185,MY_N8812260333,2023-10-14,2023-10-18,vegetation_clearance,civil,vegetation,3.8,403,True
WO_000186,MY_W1265004387,2023-10-14,2023-10-15,scheduled_inspection,civil,scheduled_inspection,2.6,527,False
WO_000187,MY_N12058759613,2023-10-15,2023-10-16,raise_cabinet_and_seal,civil,flood,10.8,1427,True
WO_000188,MY_N13979312124,2023-10-15,2023-10-18,raise_cabinet_and_seal,civil,flood,1.8,245,True
WO_000189,MY_W1230312032,2023-10-15,2023-10-16,scheduled_inspection,civil,scheduled_inspection,0.6,274,False
WO_000190,MY_N12383562688,2023-10-16,2023-10-21,vegetation_clearance,civil,vegetation,1.0,4116,True
WO_000191,MY_N11962284837,2023-10-18,2023-10-19,scheduled_inspection,civil,scheduled_inspection,5.0,1536,False
WO_000192,MY_N12177011818,2023-10-18,2023-10-19,scheduled_inspection,civil,scheduled_inspection,1.5,1349,False
WO_000193,MY_N12889290231,2023-10-18,2023-10-23,raise_cabinet_and_seal,civil,flood,2.8,4268,True
WO_000194,MY_N2894780935,2023-10-18,2023-10-22,vegetation_clearance,civil,vegetation,12.4,2326,True
WO_000195,MY_N12135373696,2023-10-19,2023-10-23,raise_cabinet_and_seal,civil,flood,2.3,553,True
WO_000196,MY_N13015606469,2023-10-19,2023-10-20,scheduled_inspection,civil,scheduled_inspection,2.6,911,False
WO_000197,MY_N13517883535,2023-10-19,2023-10-24,battery_genset_service,power,power,5.8,854,True
WO_000198,MY_N8191059241,2023-10-19,2023-10-22,battery_genset_service,power,power,12.7,4636,True
WO_000199,MY_N8327095826,2023-10-19,2023-10-20,battery_genset_service,power,power,5.4,2941,True
WO_000200,MY_N8899964135,2023-10-19,2023-10-20,scheduled_inspection,civil,scheduled_inspection,1.4,527,False
WO_000201,MY_N5742976628,2023-10-20,2023-10-22,raise_cabinet_and_seal,civil,flood,1.6,2442,True
WO_000202,MY_N8987661324,2023-10-20,2023-10-22,battery_genset_service,power,power,5.9,6196,True
WO_000203,MY_N12135375711,2023-10-21,2023-10-25,raise_cabinet_and_seal,civil,flood,3.4,519,True
WO_000204,MY_N12531429458,2023-10-21,2023-10-22,slope_stabilize_and_tension,civil,terrain,6.8,2530,True
WO_000205,MY_N13891743611,2023-10-21,2023-10-24,battery_genset_service,power,power,4.0,4314,True
WO_000206,MY_N7806418386,2023-10-21,2023-10-22,scheduled_inspection,civil,scheduled_inspection,0.6,485,False
WO_000207,MY_N8025859449,2023-10-21,2023-10-23,battery_genset_service,power,power,5.4,2324,True
WO_000208,MY_N12546408507,2023-10-22,2023-10-27,raise_cabinet_and_seal,civil,flood,7.5,1962,True
WO_000209,MY_N13103284367,2023-10-22,2023-10-27,vegetation_clearance,civil,vegetation,15.0,3333,True
WO_000210,MY_N13326193730,2023-10-22,2023-10-25,slope_stabilize_and_tension,civil,terrain,1.1,386,True
WO_000211,MY_W1304210538,2023-10-22,2023-10-23,scheduled_inspection,civil,scheduled_inspection,1.2,75,False
WO_000212,MY_N11659562129,2023-10-23,2023-10-28,radio_unit_refresh,rf,equipment,2.3,584,True
WO_000213,MY_N13057626241,2023-10-23,2023-10-24,scheduled_inspection,civil,scheduled_inspection,4.2,371,False
WO_000214,MY_W1312400608,2023-10-23,2023-10-24,scheduled_inspection,civil,scheduled_inspection,0.4,282,False
WO_000215,MY_N12097355159,2023-10-24,2023-10-25,scheduled_inspection,civil,scheduled_inspection,1.5,304,False
WO_000216,MY_N12270341400,2023-10-24,2023-10-25,vegetation_clearance,civil,vegetation,3.4,127,True
WO_000217,MY_N4822914443,2023-10-24,2023-10-25,scheduled_inspection,civil,scheduled_inspection,1.0,1131,False
WO_000218,MY_N9504789637,2023-10-24,2023-10-25,raise_cabinet_and_seal,civil,flood,6.6,1869,True
WO_000219,MY_N12270851329,2023-10-25,2023-10-27,vegetation_clearance,civil,vegetation,4.2,4706,True
WO_000220,MY_N11388862434,2023-10-26,2023-10-27,battery_genset_service,power,power,2.5,5848,True
WO_000221,MY_W1315123577,2023-10-26,2023-10-27,vegetation_clearance,civil,vegetation,6.4,1446,True
WO_000222,MY_N13979312124,2023-10-27,2023-10-31,raise_cabinet_and_seal,civil,flood,6.4,1882,True
WO_000223,MY_N3765699324,2023-10-27,2023-11-01,raise_cabinet_and_seal,civil,flood,4.4,1214,True
WO_000224,MY_N11659562130,2023-10-28,2023-10-29,scheduled_inspection,civil,scheduled_inspection,4.5,197,False
WO_000225,MY_N3234716501,2023-10-28,2023-10-29,scheduled_inspection,civil,scheduled_inspection,1.4,1950,False
WO_000226,MY_N3623334350,2023-10-28,2023-10-29,scheduled_inspection,civil,scheduled_inspection,2.3,1043,False
WO_000227,MY_N8143719855,2023-10-29,2023-10-30,scheduled_inspection,civil,scheduled_inspection,0.5,522,False
WO_000228,MY_N2782631993,2023-10-30,2023-10-31,scheduled_inspection,civil,scheduled_inspection,1.7,616,False
WO_000229,MY_N6745537234,2023-11-01,2023-11-06,slope_stabilize_and_tension,civil,terrain,5.1,215,True
WO_000230,MY_W1386907231,2023-11-01,2023-11-06,vegetation_clearance,civil,vegetation,5.4,8907,True
WO_000231,MY_N11990327538,2023-11-02,2023-11-03,slope_stabilize_and_tension,civil,terrain,1.7,449,True
WO_000232,MY_N11472433066,2023-11-03,2023-11-07,raise_cabinet_and_seal,civil,flood,1.7,2047,True
WO_000233,MY_N11609644622,2023-11-03,2023-11-07,raise_cabinet_and_seal,civil,flood,6.9,3789,True
WO_000234,MY_N13015606467,2023-11-03,2023-11-05,raise_cabinet_and_seal,civil,flood,5.5,1630,True
WO_000235,MY_N7033248825,2023-11-03,2023-11-04,raise_cabinet_and_seal,civil,flood,9.9,2751,True
WO_000236,MY_N8377840940,2023-11-03,2023-11-06,slope_stabilize_and_tension,civil,terrain,5.6,1752,True
WO_000237,MY_N9466091146,2023-11-03,2023-11-06,raise_cabinet_and_seal,civil,flood,1.0,6460,True
WO_000238,MY_N11806114326,2023-11-04,2023-11-05,raise_cabinet_and_seal,civil,flood,2.6,1340,True
WO_000239,MY_W1270085203,2023-11-04,2023-11-08,raise_cabinet_and_seal,civil,flood,8.0,1721,True
WO_000240,MY_N10801806749,2023-11-05,2023-11-10,raise_cabinet_and_seal,civil,flood,3.9,666,True
WO_000241,MY_N12131514585,2023-11-05,2023-11-10,raise_cabinet_and_seal,civil,flood,0.3,781,True
WO_000242,MY_N11167076406,2023-11-06,2023-11-10,battery_genset_service,power,power,5.0,2013,True
WO_000243,MY_N13326193730,2023-11-06,2023-11-11,vegetation_clearance,civil,vegetation,4.9,6476,True
WO_000244,MY_N506433555,2023-11-06,2023-11-10,radio_unit_refresh,rf,equipment,3.1,4688,True
WO_000245,MY_N7806418386,2023-11-06,2023-11-07,scheduled_inspection,civil,scheduled_inspection,1.9,1089,False
WO_000246,MY_N8044656639,2023-11-06,2023-11-10,raise_cabinet_and_seal,civil,flood,1.6,3347,True
WO_000247,MY_N11167076406,2023-11-07,2023-11-08,battery_genset_service,power,power,7.3,919,True
WO_000248,MY_N11659562128,2023-11-07,2023-11-12,raise_cabinet_and_seal,civil,flood,2.9,1197,True
WO_000249,MY_N11747587796,2023-11-07,2023-11-08,scheduled_inspection,civil,scheduled_inspection,2.1,602,False
WO_000250,MY_N3902995310,2023-11-07,2023-11-08,vegetation_clearance,civil,vegetation,3.0,4626,True
WO_000251,MY_N5599579030,2023-11-07,2023-11-08,scheduled_inspection,civil,scheduled_inspection,2.9,574,False
WO_000252,MY_N9084071195,2023-11-07,2023-11-11,slope_stabilize_and_tension,civil,terrain,10.2,491,True
WO_000253,MY_W1386907231,2023-11-07,2023-11-09,raise_cabinet_and_seal,civil,flood,4.5,4755,True
WO_000254,MY_N11875484223,2023-11-08,2023-11-12,raise_cabinet_and_seal,civil,flood,7.7,453,True
WO_000255,MY_N12040151716,2023-11-08,2023-11-09,scheduled_inspection,civil,scheduled_inspection,0.9,739,False
WO_000256,MY_N12131514586,2023-11-08,2023-11-09,scheduled_inspection,civil,scheduled_inspection,0.1,2026,False
WO_000257,MY_N13502641928,2023-11-08,2023-11-10,raise_cabinet_and_seal,civil,flood,14.2,2924,True
WO_000258,MY_N8614668705,2023-11-08,2023-11-09,scheduled_inspection,civil,scheduled_inspection,4.0,376,False
WO_000259,MY_N8923088437,2023-11-08,2023-11-12,raise_cabinet_and_seal,civil,flood,15.3,3845,True
WO_000260,MY_N11472433066,2023-11-09,2023-11-10,scheduled_inspection,civil,scheduled_inspection,0.2,753,False
WO_000261,MY_N12131514589,2023-11-09,2023-11-11,raise_cabinet_and_seal,civil,flood,4.7,3512,True
WO_000262,MY_N13013877873,2023-11-09,2023-11-10,raise_cabinet_and_seal,civil,flood,1.4,5495,True
WO_000263,MY_N7417373280,2023-11-09,2023-11-10,scheduled_inspection,civil,scheduled_inspection,1.1,549,False
WO_000264,MY_N8825706826,2023-11-09,2023-11-10,raise_cabinet_and_seal,civil,flood,4.5,2557,True
WO_000265,MY_N12128924931,2023-11-10,2023-11-11,scheduled_inspection,civil,scheduled_inspection,2.4,337,False
WO_000266,MY_N12135375711,2023-11-10,2023-11-14,raise_cabinet_and_seal,civil,flood,9.3,5018,True
WO_000267,MY_N12138116212,2023-11-10,2023-11-12,raise_cabinet_and_seal,civil,flood,2.7,3584,True
WO_000268,MY_N3765699324,2023-11-10,2023-11-11,raise_cabinet_and_seal,civil,flood,6.1,1709,True
WO_000269,MY_N7594127522,2023-11-10,2023-11-11,scheduled_inspection,civil,scheduled_inspection,1.4,953,False
WO_000270,MY_N13678930905,2023-11-11,2023-11-12,battery_genset_service,power,power,2.3,5454,True
WO_000271,MY_N6457937009,2023-11-11,2023-11-12,scheduled_inspection,civil,scheduled_inspection,1.0,50,False
WO_000272,MY_N11167076406,2023-11-12,2023-11-17,raise_cabinet_and_seal,civil,flood,4.1,2461,True
WO_000273,MY_N12135373696,2023-11-12,2023-11-13,raise_cabinet_and_seal,civil,flood,3.3,3753,True
WO_000274,MY_N12603668089,2023-11-12,2023-11-13,raise_cabinet_and_seal,civil,flood,1.0,970,True
WO_000275,MY_N11802478955,2023-11-13,2023-11-15,raise_cabinet_and_seal,civil,flood,4.1,1200,True
WO_000276,MY_N1662564012,2023-11-13,2023-11-17,vegetation_clearance,civil,vegetation,2.5,1452,True
WO_000277,MY_N3902995325,2023-11-13,2023-11-14,scheduled_inspection,civil,scheduled_inspection,2.4,1024,False
WO_000278,MY_W1183622030,2023-11-14,2023-11-19,raise_cabinet_and_seal,civil,flood,6.8,2227,True
WO_000279,MY_N11167076406,2023-11-15,2023-11-18,raise_cabinet_and_seal,civil,flood,6.1,912,True
WO_000280,MY_N12270851329,2023-11-15,2023-11-18,slope_stabilize_and_tension,civil,terrain,5.7,2411,True
WO_000281,MY_N12309364295,2023-11-15,2023-11-20,battery_genset_service,power,power,3.0,3047,True
WO_000282,MY_N13015606467,2023-11-15,2023-11-18,raise_cabinet_and_seal,civil,flood,13.4,2143,True
WO_000283,MY_N3902995303,2023-11-15,2023-11-16,scheduled_inspection,civil,scheduled_inspection,0.9,401,False
WO_000284,MY_N9621355555,2023-11-15,2023-11-16,scheduled_inspection,civil,scheduled_inspection,0.7,1899,False
WO_000285,MY_N11659562142,2023-11-16,2023-11-17,scheduled_inspection,civil,scheduled_inspection,1.5,1062,False
WO_000286,MY_N13013877873,2023-11-16,2023-11-18,slope_stabilize_and_tension,civil,terrain,16.2,3647,True
WO_000287,MY_N6039478983,2023-11-16,2023-11-20,raise_cabinet_and_seal,civil,flood,2.4,6449,True
WO_000288,MY_N9084071195,2023-11-16,2023-11-20,battery_genset_service,power,power,0.8,3650,True
WO_000289,MY_N13326193730,2023-11-17,2023-11-18,raise_cabinet_and_seal,civil,flood,3.8,2047,True
WO_000290,MY_N13502641928,2023-11-17,2023-11-18,vegetation_clearance,civil,vegetation,7.4,1691,True
WO_000291,MY_N5742976628,2023-11-17,2023-11-18,raise_cabinet_and_seal,civil,flood,9.5,1642,True
WO_000292,MY_N5952916379,2023-11-17,2023-11-18,scheduled_inspection,civil,scheduled_inspection,0.3,180,False
WO_000293,MY_N9003249367,2023-11-18,2023-11-21,radio_unit_refresh,rf,equipment,8.0,2897,True
WO_000294,MY_N13456366477,2023-11-19,2023-11-21,slope_stabilize_and_tension,civil,terrain,5.5,1583,True
WO_000295,MY_N13517883535,2023-11-19,2023-11-21,raise_cabinet_and_seal,civil,flood,1.5,1280,True
WO_000296,MY_N13015606467,2023-11-20,2023-11-21,radio_unit_refresh,rf,equipment,11.4,3147,True
WO_000297,MY_N3902995310,2023-11-20,2023-11-21,vegetation_clearance,civil,vegetation,14.0,1294,True
WO_000298,MY_N11659562142,2023-11-21,2023-11-22,raise_cabinet_and_seal,civil,flood,0.7,2270,True
WO_000299,MY_N12135375711,2023-11-21,2023-11-22,raise_cabinet_and_seal,civil,flood,8.5,1903,True
WO_000300,MY_N12138116212,2023-11-21,2023-11-26,raise_cabinet_and_seal,civil,flood,1.9,5507,True
WO_000301,MY_N3901607088,2023-11-21,2023-11-23,slope_stabilize_and_tension,civil,terrain,3.8,3527,True
WO_000302,MY_N5115603531,2023-11-21,2023-11-25,slope_stabilize_and_tension,civil,terrain,3.6,1273,True
WO_000303,MY_N8850585799,2023-11-21,2023-11-22,scheduled_inspection,civil,scheduled_inspection,0.6,929,False
WO_000304,MY_N12270851329,2023-11-22,2023-11-25,slope_stabilize_and_tension,civil,terrain,6.7,4304,True
WO_000305,MY_N8422298542,2023-11-22,2023-11-26,raise_cabinet_and_seal,civil,flood,10.6,1989,True
WO_000306,MY_N11802478955,2023-11-23,2023-11-27,raise_cabinet_and_seal,civil,flood,4.0,6533,True
WO_000307,MY_N12309364295,2023-11-23,2023-11-27,raise_cabinet_and_seal,civil,flood,11.7,1412,True
WO_000308,MY_W1270085203,2023-11-23,2023-11-26,slope_stabilize_and_tension,civil,terrain,7.9,2263,True
WO_000309,MY_N12137024409,2023-11-24,2023-11-29,raise_cabinet_and_seal,civil,flood,2.6,2005,True
WO_000310,MY_N13682521114,2023-11-24,2023-11-26,raise_cabinet_and_seal,civil,flood,5.9,1693,True
WO_000311,MY_N3458624509,2023-11-24,2023-11-29,battery_genset_service,power,power,11.0,759,True
WO_000312,MY_N8141381598,2023-11-24,2023-11-25,scheduled_inspection,civil,scheduled_inspection,1.8,470,False
WO_000313,MY_N9003249367,2023-11-24,2023-11-29,raise_cabinet_and_seal,civil,flood,1.8,2838,True
WO_000314,MY_N12120294219,2023-11-25,2023-11-26,scheduled_inspection,civil,scheduled_inspection,0.1,738,False
WO_000315,MY_N13015606467,2023-11-25,2023-11-26,raise_cabinet_and_seal,civil,flood,2.3,3354,True
WO_000316,MY_N1982558019,2023-11-25,2023-11-26,scheduled_inspection,civil,scheduled_inspection,0.8,762,False
WO_000317,MY_N1662637919,2023-11-26,2023-11-27,slope_stabilize_and_tension,civil,terrain,14.7,5767,True
WO_000318,MY_W1317650252,2023-11-26,2023-12-01,raise_cabinet_and_seal,civil,flood,1.3,4639,True
WO_000319,MY_N11875484224,2023-11-27,2023-11-30,raise_cabinet_and_seal,civil,flood,3.3,628,True
WO_000320,MY_W879207161,2023-11-27,2023-11-29,raise_cabinet_and_seal,civil,flood,7.4,4801,True
WO_000321,MY_N8254539319,2023-11-29,2023-11-30,scheduled_inspection,civil,scheduled_inspection,1.5,218,False
WO_000322,MY_N9003249365,2023-11-30,2023-12-01,scheduled_inspection,civil,scheduled_inspection,0.7,1874,False
WO_000323,MY_W1303814691,2023-11-30,2023-12-01,scheduled_inspection,civil,scheduled_inspection,0.2,131,False
WO_000324,MY_N3902995275,2023-12-01,2023-12-05,vegetation_clearance,civil,vegetation,3.9,4917,True
WO_000325,MY_N8302956904,2023-12-01,2023-12-02,scheduled_inspection,civil,scheduled_inspection,0.7,400,False
WO_000326,MY_N5742976628,2023-12-02,2023-12-05,raise_cabinet_and_seal,civil,flood,4.2,2534,True
WO_000327,MY_W1258156597,2023-12-02,2023-12-03,scheduled_inspection,civil,scheduled_inspection,0.7,358,False
WO_000328,MY_N11802478955,2023-12-03,2023-12-06,raise_cabinet_and_seal,civil,flood,2.3,5591,True
WO_000329,MY_N506433555,2023-12-03,2023-12-05,vegetation_clearance,civil,vegetation,4.6,1307,True
WO_000330,MY_N6457937009,2023-12-03,2023-12-06,battery_genset_service,power,power,0.9,534,True
WO_000331,MY_N12309364295,2023-12-04,2023-12-07,raise_cabinet_and_seal,civil,flood,23.5,837,True
WO_000332,MY_N13013877873,2023-12-04,2023-12-07,raise_cabinet_and_seal,civil,flood,11.4,2481,True
WO_000333,MY_N9006098842,2023-12-04,2023-12-09,raise_cabinet_and_seal,civil,flood,4.5,3159,True
WO_000334,MY_N13682521098,2023-12-05,2023-12-09,raise_cabinet_and_seal,civil,flood,1.9,4168,True
WO_000335,MY_N10801806749,2023-12-06,2023-12-07,raise_cabinet_and_seal,civil,flood,7.4,4497,True
WO_000336,MY_N12309364294,2023-12-06,2023-12-10,raise_cabinet_and_seal,civil,flood,8.3,2372,True
WO_000337,MY_N8825706826,2023-12-06,2023-12-11,raise_cabinet_and_seal,civil,flood,5.0,376,True
WO_000338,MY_W1183622030,2023-12-06,2023-12-08,raise_cabinet_and_seal,civil,flood,9.8,3624,True
WO_000339,MY_N13142317645,2023-12-07,2023-12-12,raise_cabinet_and_seal,civil,flood,7.9,3156,True
WO_000340,MY_N3902995310,2023-12-07,2023-12-11,raise_cabinet_and_seal,civil,flood,14.6,639,True
WO_000341,MY_N8025859449,2023-12-07,2023-12-11,vegetation_clearance,civil,vegetation,0.8,7596,True
WO_000342,MY_N8044980541,2023-12-07,2023-12-12,vegetation_clearance,civil,vegetation,6.9,605,True
WO_000343,MY_N8254539319,2023-12-07,2023-12-08,scheduled_inspection,civil,scheduled_inspection,5.3,968,False
WO_000344,MY_N11581896101,2023-12-08,2023-12-09,scheduled_inspection,civil,scheduled_inspection,2.1,513,False
WO_000345,MY_N3720847447,2023-12-08,2023-12-09,raise_cabinet_and_seal,civil,flood,2.7,2741,True
WO_000346,MY_N8422298542,2023-12-08,2023-12-10,raise_cabinet_and_seal,civil,flood,3.8,1202,True
WO_000347,MY_N6457937009,2023-12-09,2023-12-13,raise_cabinet_and_seal,civil,flood,4.3,2792,True
WO_000348,MY_N9466091146,2023-12-09,2023-12-10,slope_stabilize_and_tension,civil,terrain,2.8,1511,True
WO_000349,MY_N11738300326,2023-12-10,2023-12-15,radio_unit_refresh,rf,equipment,4.3,1230,True
WO_000350,MY_N12137013087,2023-12-10,2023-12-12,raise_cabinet_and_seal,civil,flood,4.0,2557,True
WO_000351,MY_N13057626241,2023-12-10,2023-12-11,raise_cabinet_and_seal,civil,flood,4.3,6208,True
WO_000352,MY_N13495665455,2023-12-10,2023-12-11,raise_cabinet_and_seal,civil,flood,8.7,947,True
WO_000353,MY_N5067194637,2023-12-10,2023-12-14,raise_cabinet_and_seal,civil,flood,7.2,1461,True
WO_000354,MY_N5067194637,2023-12-10,2023-12-13,raise_cabinet_and_seal,civil,flood,8.4,2318,True
WO_000355,MY_W728820002,2023-12-10,2023-12-15,raise_cabinet_and_seal,civil,flood,0.3,6541,True
WO_000356,MY_N8327095826,2023-12-11,2023-12-12,vegetation_clearance,civil,vegetation,3.0,1627,True
WO_000357,MY_N8422298542,2023-12-11,2023-12-15,raise_cabinet_and_seal,civil,flood,2.3,4949,True
WO_000358,MY_N8920295576,2023-12-11,2023-12-16,raise_cabinet_and_seal,civil,flood,2.8,595,True
WO_000359,MY_W1267064693,2023-12-11,2023-12-14,slope_stabilize_and_tension,civil,terrain,1.6,562,True
WO_000360,MY_N12137013091,2023-12-12,2023-12-15,raise_cabinet_and_seal,civil,flood,12.2,2677,True
WO_000361,MY_N12137024409,2023-12-12,2023-12-14,battery_genset_service,power,power,4.1,4826,True
WO_000362,MY_N12603668089,2023-12-12,2023-12-13,scheduled_inspection,civil,scheduled_inspection,0.2,772,False
WO_000363,MY_N8044687304,2023-12-12,2023-12-16,battery_genset_service,power,power,1.0,4213,True
WO_000364,MY_N9040016332,2023-12-12,2023-12-16,raise_cabinet_and_seal,civil,flood,6.5,2150,True
WO_000365,MY_N11609644622,2023-12-13,2023-12-15,raise_cabinet_and_seal,civil,flood,10.2,2000,True
WO_000366,MY_N12137013087,2023-12-13,2023-12-17,raise_cabinet_and_seal,civil,flood,3.1,2307,True
WO_000367,MY_N13495665455,2023-12-13,2023-12-16,raise_cabinet_and_seal,civil,flood,10.8,4218,True
WO_000368,MY_N13979312124,2023-12-13,2023-12-17,raise_cabinet_and_seal,civil,flood,6.5,3633,True
WO_000369,MY_W1270085203,2023-12-13,2023-12-15,radio_unit_refresh,rf,equipment,2.0,2373,True
WO_000370,MY_N12137024409,2023-12-14,2023-12-18,raise_cabinet_and_seal,civil,flood,3.8,1070,True
WO_000371,MY_N12603668089,2023-12-14,2023-12-19,battery_genset_service,power,power,6.8,6399,True
WO_000372,MY_N506433555,2023-12-14,2023-12-16,raise_cabinet_and_seal,civil,flood,5.1,6681,True
WO_000373,MY_N8025859449,2023-12-14,2023-12-15,raise_cabinet_and_seal,civil,flood,2.8,3686,True
WO_000374,MY_N8025859449,2023-12-14,2023-12-16,slope_stabilize_and_tension,civil,terrain,4.3,2603,True
WO_000375,MY_W1545410197,2023-12-14,2023-12-19,battery_genset_service,power,power,15.3,1673,True
WO_000376,MY_N4069889954,2023-12-15,2023-12-19,raise_cabinet_and_seal,civil,flood,10.5,4273,True
WO_000377,MY_N6745537235,2023-12-15,2023-12-19,raise_cabinet_and_seal,civil,flood,2.6,488,True
WO_000378,MY_N9038308804,2023-12-15,2023-12-16,raise_cabinet_and_seal,civil,flood,6.9,3299,True
WO_000379,MY_W1368598193,2023-12-15,2023-12-19,vegetation_clearance,civil,vegetation,7.3,2049,True
WO_000380,MY_N5825177638,2023-12-16,2023-12-17,scheduled_inspection,civil,scheduled_inspection,1.6,137,False
WO_000381,MY_W1545410197,2023-12-16,2023-12-17,slope_stabilize_and_tension,civil,terrain,12.4,1020,True
WO_000382,MY_N11484371222,2023-12-17,2023-12-19,raise_cabinet_and_seal,civil,flood,5.0,1947,True
WO_000383,MY_N13103284367,2023-12-17,2023-12-18,battery_genset_service,power,power,1.6,1948,True
WO_000384,MY_N5067194637,2023-12-17,2023-12-20,battery_genset_service,power,power,6.2,645,True
WO_000385,MY_N12773184677,2023-12-18,2023-12-22,raise_cabinet_and_seal,civil,flood,8.1,1672,True
WO_000386,MY_N3902995313,2023-12-18,2023-12-19,scheduled_inspection,civil,scheduled_inspection,2.1,480,False
WO_000387,MY_N8044656639,2023-12-18,2023-12-19,scheduled_inspection,civil,scheduled_inspection,1.2,112,False
WO_000388,MY_N9003249366,2023-12-18,2023-12-20,battery_genset_service,power,power,5.4,1442,True
WO_000389,MY_N11875484224,2023-12-19,2023-12-22,raise_cabinet_and_seal,civil,flood,5.6,1922,True
WO_000390,MY_N4963875869,2023-12-19,2023-12-24,raise_cabinet_and_seal,civil,flood,6.1,1320,True
WO_000391,MY_N8794834932,2023-12-19,2023-12-20,scheduled_inspection,civil,scheduled_inspection,1.0,439,False
WO_000392,MY_W1491528657,2023-12-19,2023-12-20,scheduled_inspection,civil,scheduled_inspection,0.8,275,False
WO_000393,MY_N11875484223,2023-12-20,2023-12-23,battery_genset_service,power,power,2.9,6572,True
WO_000394,MY_N12432739233,2023-12-20,2023-12-21,scheduled_inspection,civil,scheduled_inspection,0.3,642,False
WO_000395,MY_N11167076406,2023-12-21,2023-12-25,raise_cabinet_and_seal,civil,flood,2.3,774,True
WO_000396,MY_N11659562131,2023-12-21,2023-12-22,scheduled_inspection,civil,scheduled_inspection,1.0,990,False
WO_000397,MY_N12131514589,2023-12-21,2023-12-25,raise_cabinet_and_seal,civil,flood,0.6,2291,True
WO_000398,MY_N12462360045,2023-12-21,2023-12-22,scheduled_inspection,civil,scheduled_inspection,5.4,722,False
WO_000399,MY_N13517883535,2023-12-21,2023-12-23,raise_cabinet_and_seal,civil,flood,15.2,2960,True
WO_000400,MY_N4567112599,2023-12-21,2023-12-22,scheduled_inspection,civil,scheduled_inspection,1.8,758,False
WO_000401,MY_N6745537234,2023-12-21,2023-12-26,radio_unit_refresh,rf,equipment,1.9,2023,True
WO_000402,MY_N8923088437,2023-12-21,2023-12-22,raise_cabinet_and_seal,civil,flood,1.6,1820,True
WO_000403,MY_N11659562129,2023-12-22,2023-12-26,raise_cabinet_and_seal,civil,flood,8.2,1914,True
WO_000404,MY_N8806058356,2023-12-22,2023-12-25,battery_genset_service,power,power,3.3,2848,True
WO_000405,MY_N8923088437,2023-12-22,2023-12-27,raise_cabinet_and_seal,civil,flood,5.2,5086,True
WO_000406,MY_N11388862434,2023-12-23,2023-12-26,raise_cabinet_and_seal,civil,flood,3.2,1604,True
WO_000407,MY_N12116945444,2023-12-23,2023-12-25,raise_cabinet_and_seal,civil,flood,20.1,1315,True
WO_000408,MY_N13659918586,2023-12-23,2023-12-24,raise_cabinet_and_seal,civil,flood,12.3,2399,True
WO_000409,MY_N13967382741,2023-12-23,2023-12-24,scheduled_inspection,civil,scheduled_inspection,0.3,468,False
WO_000410,MY_N3902995302,2023-12-23,2023-12-25,vegetation_clearance,civil,vegetation,3.5,3086,True
WO_000411,MY_N4573203388,2023-12-23,2023-12-24,scheduled_inspection,civil,scheduled_inspection,0.9,442,False
WO_000412,MY_N8044980541,2023-12-23,2023-12-28,raise_cabinet_and_seal,civil,flood,2.4,2986,True
WO_000413,MY_N12773184677,2023-12-24,2023-12-25,vegetation_clearance,civil,vegetation,5.1,2370,True
WO_000414,MY_W1183622030,2023-12-24,2023-12-25,raise_cabinet_and_seal,civil,flood,4.8,3628,True
WO_000415,MY_W1312400607,2023-12-24,2023-12-25,scheduled_inspection,civil,scheduled_inspection,2.4,684,False
WO_000416,MY_N8327095826,2023-12-25,2023-12-30,battery_genset_service,power,power,1.3,803,True
WO_000417,MY_N9006098842,2023-12-25,2023-12-29,radio_unit_refresh,rf,equipment,1.5,1736,True
WO_000418,MY_N10801806749,2023-12-26,2023-12-27,raise_cabinet_and_seal,civil,flood,2.9,468,True
WO_000419,MY_N11484371222,2023-12-26,2023-12-31,raise_cabinet_and_seal,civil,flood,9.7,3578,True
WO_000420,MY_N11500414303,2023-12-26,2023-12-27,scheduled_inspection,civil,scheduled_inspection,2.2,74,False
WO_000421,MY_N12137013087,2023-12-26,2023-12-27,vegetation_clearance,civil,vegetation,1.8,1538,True
WO_000422,MY_N8085760113,2023-12-26,2023-12-27,scheduled_inspection,civil,scheduled_inspection,0.9,802,False
WO_000423,MY_N8422298542,2023-12-26,2023-12-27,slope_stabilize_and_tension,civil,terrain,7.9,2387,True
WO_000424,MY_W1270085203,2023-12-26,2023-12-27,slope_stabilize_and_tension,civil,terrain,0.9,829,True
WO_000425,MY_N11802478955,2023-12-27,2023-12-30,vegetation_clearance,civil,vegetation,7.5,1786,True
WO_000426,MY_N12167559700,2023-12-27,2023-12-28,scheduled_inspection,civil,scheduled_inspection,5.0,1876,False
WO_000427,MY_N12462445716,2023-12-27,2023-12-28,scheduled_inspection,civil,scheduled_inspection,0.6,331,False
WO_000428,MY_N13103284367,2023-12-27,2023-12-29,raise_cabinet_and_seal,civil,flood,1.5,2714,True
WO_000429,MY_N12266043339,2023-12-28,2023-12-31,battery_genset_service,power,power,9.5,4412,True
WO_000430,MY_N13502641928,2023-12-28,2023-12-31,raise_cabinet_and_seal,civil,flood,1.8,6734,True
WO_000431,MY_N13659918586,2023-12-28,2024-01-01,raise_cabinet_and_seal,civil,flood,8.6,1266,True
WO_000432,MY_N8008855555,2023-12-28,2023-12-29,raise_cabinet_and_seal,civil,flood,11.2,716,True
WO_000433,MY_N8091061663,2023-12-28,2024-01-02,raise_cabinet_and_seal,civil,flood,1.5,1022,True
WO_000434,MY_N10802588447,2023-12-29,2023-12-30,scheduled_inspection,civil,scheduled_inspection,1.8,586,False
WO_000435,MY_N4775194882,2023-12-30,2023-12-31,scheduled_inspection,civil,scheduled_inspection,1.0,453,False
WO_000436,MY_N12941843009,2023-12-31,2024-01-01,scheduled_inspection,civil,scheduled_inspection,1.5,498,False
WO_000437,MY_N13889784607,2024-01-01,2024-01-05,slope_stabilize_and_tension,civil,terrain,1.1,7277,True
WO_000438,MY_N13326193730,2024-01-02,2024-01-04,slope_stabilize_and_tension,civil,terrain,12.9,4962,True
WO_000439,MY_N8923088437,2024-01-02,2024-01-05,raise_cabinet_and_seal,civil,flood,20.4,1047,True
WO_000440,MY_W1267064693,2024-01-02,2024-01-07,slope_stabilize_and_tension,civil,terrain,9.7,4999,True
WO_000441,MY_N12135373696,2024-01-03,2024-01-08,raise_cabinet_and_seal,civil,flood,8.0,898,True
WO_000442,MY_W1274670480,2024-01-03,2024-01-04,scheduled_inspection,civil,scheduled_inspection,1.3,1138,False
WO_000443,MY_N11167076406,2024-01-04,2024-01-05,scheduled_inspection,civil,scheduled_inspection,0.1,426,False
WO_000444,MY_N11875484227,2024-01-04,2024-01-05,scheduled_inspection,civil,scheduled_inspection,1.3,1239,False
WO_000445,MY_N12137024409,2024-01-04,2024-01-07,raise_cabinet_and_seal,civil,flood,11.0,3173,True
WO_000446,MY_N3902995326,2024-01-04,2024-01-05,battery_genset_service,power,power,6.7,2789,True
WO_000447,MY_N4775194882,2024-01-04,2024-01-07,raise_cabinet_and_seal,civil,flood,7.9,2269,True
WO_000448,MY_N6457937009,2024-01-04,2024-01-07,slope_stabilize_and_tension,civil,terrain,2.7,4373,True
WO_000449,MY_N12309364294,2024-01-05,2024-01-10,raise_cabinet_and_seal,civil,flood,5.2,2454,True
WO_000450,MY_N8194310997,2024-01-05,2024-01-06,scheduled_inspection,civil,scheduled_inspection,2.6,505,False
WO_000451,MY_N9040373402,2024-01-05,2024-01-06,scheduled_inspection,civil,scheduled_inspection,3.6,947,False
WO_000452,MY_N11302586991,2024-01-06,2024-01-07,scheduled_inspection,civil,scheduled_inspection,1.3,885,False
WO_000453,MY_N13015606467,2024-01-06,2024-01-08,vegetation_clearance,civil,vegetation,0.4,5565,True
WO_000454,MY_N13142317645,2024-01-06,2024-01-07,scheduled_inspection,civil,scheduled_inspection,1.5,497,False
WO_000455,MY_N3234716501,2024-01-06,2024-01-07,scheduled_inspection,civil,scheduled_inspection,1.7,800,False
WO_000456,MY_N3902995301,2024-01-06,2024-01-09,slope_stabilize_and_tension,civil,terrain,4.6,6024,True
WO_000457,MY_N8191059241,2024-01-06,2024-01-08,raise_cabinet_and_seal,civil,flood,9.9,10824,True
WO_000458,MY_N12117702098,2024-01-07,2024-01-11,slope_stabilize_and_tension,civil,terrain,6.7,2123,True
WO_000459,MY_N12182196429,2024-01-07,2024-01-08,scheduled_inspection,civil,scheduled_inspection,2.5,658,False
WO_000460,MY_N12243059849,2024-01-07,2024-01-08,scheduled_inspection,civil,scheduled_inspection,1.3,773,False
WO_000461,MY_W1270085203,2024-01-07,2024-01-12,slope_stabilize_and_tension,civil,terrain,11.6,98,True
WO_000462,MY_N5991600704,2024-01-08,2024-01-09,scheduled_inspection,civil,scheduled_inspection,0.6,446,False
WO_000463,MY_N12135375711,2024-01-09,2024-01-12,slope_stabilize_and_tension,civil,terrain,22.2,824,True
WO_000464,MY_N12137013087,2024-01-09,2024-01-12,raise_cabinet_and_seal,civil,flood,5.3,2087,True
WO_000465,MY_N12138116212,2024-01-09,2024-01-14,raise_cabinet_and_seal,civil,flood,4.5,3191,True
WO_000466,MY_W1183622030,2024-01-09,2024-01-13,raise_cabinet_and_seal,civil,flood,4.8,2425,True
WO_000467,MY_N12058759613,2024-01-10,2024-01-15,raise_cabinet_and_seal,civil,flood,2.6,6684,True
WO_000468,MY_N8614668705,2024-01-10,2024-01-11,scheduled_inspection,civil,scheduled_inspection,2.6,839,False
WO_000469,MY_N8971256083,2024-01-10,2024-01-11,scheduled_inspection,civil,scheduled_inspection,0.8,1125,False
WO_000470,MY_N12270341400,2024-01-11,2024-01-12,raise_cabinet_and_seal,civil,flood,7.2,684,True
WO_000471,MY_N8327095826,2024-01-11,2024-01-15,raise_cabinet_and_seal,civil,flood,3.9,4564,True
WO_000472,MY_N8825706826,2024-01-11,2024-01-13,vegetation_clearance,civil,vegetation,1.3,2757,True
WO_000473,MY_N9040477851,2024-01-11,2024-01-12,scheduled_inspection,civil,scheduled_inspection,0.6,591,False
WO_000474,MY_W1367367946,2024-01-11,2024-01-13,vegetation_clearance,civil,vegetation,13.2,1665,True
WO_000475,MY_N11484371222,2024-01-12,2024-01-16,battery_genset_service,power,power,2.2,3434,True
WO_000476,MY_N12546408507,2024-01-12,2024-01-15,raise_cabinet_and_seal,civil,flood,1.5,1296,True
WO_000477,MY_N13335389686,2024-01-12,2024-01-16,raise_cabinet_and_seal,civil,flood,15.0,2397,True
WO_000478,MY_N3902995316,2024-01-12,2024-01-13,scheduled_inspection,civil,scheduled_inspection,0.7,261,False
WO_000479,MY_N6457937009,2024-01-12,2024-01-15,raise_cabinet_and_seal,civil,flood,3.9,808,True
WO_000480,MY_N12135373696,2024-01-13,2024-01-14,raise_cabinet_and_seal,civil,flood,16.9,1657,True
WO_000481,MY_N12137013091,2024-01-13,2024-01-14,raise_cabinet_and_seal,civil,flood,3.8,398,True
WO_000482,MY_N12270851329,2024-01-13,2024-01-18,raise_cabinet_and_seal,civil,flood,12.1,1227,True
WO_000483,MY_N4069889954,2024-01-13,2024-01-14,scheduled_inspection,civil,scheduled_inspection,0.5,423,False
WO_000484,MY_N6457937009,2024-01-13,2024-01-17,raise_cabinet_and_seal,civil,flood,5.0,608,True
WO_000485,MY_N9006098842,2024-01-13,2024-01-14,vegetation_clearance,civil,vegetation,5.9,3183,True
WO_000486,MY_W728820006,2024-01-13,2024-01-14,scheduled_inspection,civil,scheduled_inspection,0.1,566,False
WO_000487,MY_N10224694924,2024-01-14,2024-01-15,scheduled_inspection,civil,scheduled_inspection,1.2,123,False
WO_000488,MY_N10722696333,2024-01-14,2024-01-15,raise_cabinet_and_seal,civil,flood,4.8,1680,True
WO_000489,MY_N12135373696,2024-01-14,2024-01-15,vegetation_clearance,civil,vegetation,4.9,2328,True
WO_000490,MY_N506433555,2024-01-14,2024-01-18,raise_cabinet_and_seal,civil,flood,6.6,4632,True
WO_000491,MY_N8955815813,2024-01-14,2024-01-18,raise_cabinet_and_seal,civil,flood,4.3,2612,True
WO_000492,MY_N11875484224,2024-01-15,2024-01-16,raise_cabinet_and_seal,civil,flood,9.5,1063,True
WO_000493,MY_N4436507977,2024-01-15,2024-01-20,raise_cabinet_and_seal,civil,flood,6.8,1501,True
WO_000494,MY_N11659562142,2024-01-16,2024-01-19,raise_cabinet_and_seal,civil,flood,5.9,3074,True
WO_000495,MY_N12058759613,2024-01-16,2024-01-18,raise_cabinet_and_seal,civil,flood,3.1,872,True
WO_000496,MY_N12432739231,2024-01-16,2024-01-17,scheduled_inspection,civil,scheduled_inspection,0.1,1190,False
WO_000497,MY_N12773184677,2024-01-16,2024-01-19,battery_genset_service,power,power,9.4,5031,True
WO_000498,MY_N13517883535,2024-01-16,2024-01-18,raise_cabinet_and_seal,civil,flood,2.4,714,True
WO_000499,MY_N3902995324,2024-01-16,2024-01-17,scheduled_inspection,civil,scheduled_inspection,7.7,769,False
WO_000500,MY_N8044656639,2024-01-16,2024-01-19,battery_genset_service,power,power,13.8,6188,True
WO_000501,MY_N8920295576,2024-01-16,2024-01-17,battery_genset_service,power,power,7.5,2236,True
WO_000502,MY_N9006098842,2024-01-16,2024-01-19,raise_cabinet_and_seal,civil,flood,8.6,1169,True
WO_000503,MY_N11388862434,2024-01-17,2024-01-21,slope_stabilize_and_tension,civil,terrain,3.4,302,True
WO_000504,MY_N11659562131,2024-01-17,2024-01-20,raise_cabinet_and_seal,civil,flood,8.1,2904,True
WO_000505,MY_N11806207720,2024-01-17,2024-01-18,scheduled_inspection,civil,scheduled_inspection,1.7,175,False
WO_000506,MY_N13331200714,2024-01-17,2024-01-20,raise_cabinet_and_seal,civil,flood,5.2,1954,True
WO_000507,MY_N8025859449,2024-01-17,2024-01-22,slope_stabilize_and_tension,civil,terrain,19.9,2085,True
WO_000508,MY_N8082097597,2024-01-17,2024-01-18,scheduled_inspection,civil,scheduled_inspection,0.7,1351,False
WO_000509,MY_N8930207046,2024-01-17,2024-01-18,scheduled_inspection,civil,scheduled_inspection,0.3,67,False
WO_000510,MY_W1492305145,2024-01-17,2024-01-18,scheduled_inspection,civil,scheduled_inspection,0.8,841,False
WO_000511,MY_N11479281286,2024-01-18,2024-01-19,scheduled_inspection,civil,scheduled_inspection,0.8,157,False
WO_000512,MY_N4436507977,2024-01-18,2024-01-22,raise_cabinet_and_seal,civil,flood,6.4,2124,True
WO_000513,MY_N11755867459,2024-01-19,2024-01-23,raise_cabinet_and_seal,civil,flood,1.6,1447,True
WO_000514,MY_N12270851329,2024-01-19,2024-01-22,slope_stabilize_and_tension,civil,terrain,3.0,1220,True
WO_000515,MY_N13326193730,2024-01-19,2024-01-20,raise_cabinet_and_seal,civil,flood,4.6,758,True
WO_000516,MY_N10801806749,2024-01-20,2024-01-23,battery_genset_service,power,power,14.3,904,True
WO_000517,MY_N11875484220,2024-01-20,2024-01-22,raise_cabinet_and_seal,civil,flood,6.0,6708,True
WO_000518,MY_N13015606468,2024-01-20,2024-01-21,scheduled_inspection,civil,scheduled_inspection,0.0,500,False
WO_000519,MY_N13889776578,2024-01-20,2024-01-21,scheduled_inspection,civil,scheduled_inspection,0.9,1075,False
WO_000520,MY_N8191059241,2024-01-20,2024-01-23,slope_stabilize_and_tension,civil,terrain,8.5,1352,True
WO_000521,MY_N11875484220,2024-01-21,2024-01-22,scheduled_inspection,civil,scheduled_inspection,1.3,986,False
WO_000522,MY_N12603668089,2024-01-21,2024-01-22,battery_genset_service,power,power,12.5,1877,True
WO_000523,MY_N13116648924,2024-01-21,2024-01-22,scheduled_inspection,civil,scheduled_inspection,1.7,51,False
WO_000524,MY_N13663195382,2024-01-21,2024-01-23,raise_cabinet_and_seal,civil,flood,5.4,4306,True
WO_000525,MY_N506433555,2024-01-21,2024-01-23,battery_genset_service,power,power,3.1,1307,True
WO_000526,MY_N6157011103,2024-01-22,2024-01-24,radio_unit_refresh,rf,equipment,6.2,3641,True
WO_000527,MY_N8182722420,2024-01-22,2024-01-25,battery_genset_service,power,power,5.2,2447,True
WO_000528,MY_W1317650252,2024-01-22,2024-01-26,battery_genset_service,power,power,0.8,9526,True
WO_000529,MY_N11659562129,2024-01-23,2024-01-26,vegetation_clearance,civil,vegetation,8.8,4387,True
WO_000530,MY_N12137013087,2024-01-23,2024-01-24,radio_unit_refresh,rf,equipment,7.1,3809,True
WO_000531,MY_N506433555,2024-01-23,2024-01-27,raise_cabinet_and_seal,civil,flood,3.6,6784,True
WO_000532,MY_N9040477852,2024-01-23,2024-01-24,scheduled_inspection,civil,scheduled_inspection,1.1,521,False
WO_000533,MY_N12137013087,2024-01-24,2024-01-29,raise_cabinet_and_seal,civil,flood,2.0,2694,True
WO_000534,MY_N6759131549,2024-01-24,2024-01-26,vegetation_clearance,civil,vegetation,2.7,3226,True
WO_000535,MY_N8194310997,2024-01-24,2024-01-25,scheduled_inspection,civil,scheduled_inspection,0.2,556,False
WO_000536,MY_N8542747595,2024-01-24,2024-01-25,scheduled_inspection,civil,scheduled_inspection,0.3,586,False
WO_000537,MY_N3902995314,2024-01-25,2024-01-26,scheduled_inspection,civil,scheduled_inspection,2.0,550,False
WO_000538,MY_N4405530070,2024-01-25,2024-01-26,scheduled_inspection,civil,scheduled_inspection,2.3,8,False
WO_000539,MY_N9466091146,2024-01-25,2024-01-30,raise_cabinet_and_seal,civil,flood,5.4,1164,True
WO_000540,MY_W1267064693,2024-01-25,2024-01-29,vegetation_clearance,civil,vegetation,9.5,932,True
WO_000541,MY_N13015606467,2024-01-26,2024-01-27,raise_cabinet_and_seal,civil,flood,2.2,6784,True
WO_000542,MY_N13326193730,2024-01-26,2024-01-27,scheduled_inspection,civil,scheduled_inspection,0.1,494,False
WO_000543,MY_N8825706826,2024-01-26,2024-01-29,raise_cabinet_and_seal,civil,flood,9.7,4593,True
WO_000544,MY_N8899990561,2024-01-26,2024-01-30,slope_stabilize_and_tension,civil,terrain,5.8,6408,True
WO_000545,MY_W1267064693,2024-01-26,2024-01-27,slope_stabilize_and_tension,civil,terrain,5.6,1674,True
WO_000546,MY_N13495665455,2024-01-27,2024-01-31,raise_cabinet_and_seal,civil,flood,6.2,2999,True
WO_000547,MY_N6745537233,2024-01-27,2024-01-29,raise_cabinet_and_seal,civil,flood,3.9,1513,True
WO_000548,MY_W1311793313,2024-01-27,2024-01-28,scheduled_inspection,civil,scheduled_inspection,0.4,770,False
WO_000549,MY_W1315123577,2024-01-27,2024-01-28,battery_genset_service,power,power,7.5,3086,True
WO_000550,MY_N1662564012,2024-01-28,2024-01-30,raise_cabinet_and_seal,civil,flood,13.7,2742,True
WO_000551,MY_N3720847447,2024-01-28,2024-01-30,battery_genset_service,power,power,0.9,2024,True
WO_000552,MY_N8327095826,2024-01-28,2024-02-02,raise_cabinet_and_seal,civil,flood,11.7,2291,True
WO_000553,MY_N8988150888,2024-01-28,2024-01-31,raise_cabinet_and_seal,civil,flood,8.8,1578,True
WO_000554,MY_N11147435458,2024-01-30,2024-01-31,scheduled_inspection,civil,scheduled_inspection,0.2,832,False
WO_000555,MY_N9084071195,2024-01-30,2024-01-31,scheduled_inspection,civil,scheduled_inspection,0.6,934,False
WO_000556,MY_N4970042970,2024-01-31,2024-02-01,scheduled_inspection,civil,scheduled_inspection,0.3,855,False
WO_000557,MY_N8659560397,2024-01-31,2024-02-01,scheduled_inspection,civil,scheduled_inspection,1.1,319,False
WO_000558,MY_N13013877873,2024-02-01,2024-02-03,battery_genset_service,power,power,13.7,1014,True
WO_000559,MY_N13719964947,2024-02-01,2024-02-02,scheduled_inspection,civil,scheduled_inspection,0.1,183,False
WO_000560,MY_N8987661324,2024-02-01,2024-02-06,raise_cabinet_and_seal,civil,flood,5.6,1886,True
WO_000561,MY_W1258156597,2024-02-01,2024-02-02,scheduled_inspection,civil,scheduled_inspection,0.1,264,False
WO_000562,MY_N11609644622,2024-02-02,2024-02-07,raise_cabinet_and_seal,civil,flood,4.5,4291,True
WO_000563,MY_N13517883535,2024-02-02,2024-02-05,slope_stabilize_and_tension,civil,terrain,3.7,2054,True
WO_000564,MY_N3765699324,2024-02-02,2024-02-04,raise_cabinet_and_seal,civil,flood,11.7,3069,True
WO_000565,MY_N4971032710,2024-02-02,2024-02-03,scheduled_inspection,civil,scheduled_inspection,0.1,519,False
WO_000566,MY_N8044656639,2024-02-02,2024-02-03,raise_cabinet_and_seal,civil,flood,1.6,236,True
WO_000567,MY_N9066954157,2024-02-02,2024-02-06,battery_genset_service,power,power,11.6,1604,True
WO_000568,MY_W1285114522,2024-02-02,2024-02-04,slope_stabilize_and_tension,civil,terrain,6.4,4944,True
WO_000569,MY_W1317650252,2024-02-02,2024-02-03,scheduled_inspection,civil,scheduled_inspection,2.0,195,False
WO_000570,MY_N8794834931,2024-02-03,2024-02-04,scheduled_inspection,civil,scheduled_inspection,3.3,848,False
WO_000571,MY_N11151660426,2024-02-04,2024-02-06,slope_stabilize_and_tension,civil,terrain,3.5,1691,True
WO_000572,MY_N13103629668,2024-02-04,2024-02-05,scheduled_inspection,civil,scheduled_inspection,2.1,1040,False
WO_000573,MY_N13517883535,2024-02-04,2024-02-06,vegetation_clearance,civil,vegetation,10.2,1387,True
WO_000574,MY_N13659918586,2024-02-04,2024-02-09,raise_cabinet_and_seal,civil,flood,1.8,1896,True
WO_000575,MY_N1662564012,2024-02-04,2024-02-09,raise_cabinet_and_seal,civil,flood,0.3,5371,True
WO_000576,MY_N10802588447,2024-02-05,2024-02-06,vegetation_clearance,civil,vegetation,10.2,5363,True
WO_000577,MY_N3720847447,2024-02-05,2024-02-06,scheduled_inspection,civil,scheduled_inspection,0.7,224,False
WO_000578,MY_N4436507977,2024-02-05,2024-02-07,vegetation_clearance,civil,vegetation,4.3,2600,True
WO_000579,MY_N8044980541,2024-02-05,2024-02-08,battery_genset_service,power,power,14.3,1359,True
WO_000580,MY_W1285114522,2024-02-05,2024-02-09,battery_genset_service,power,power,7.3,3416,True
WO_000581,MY_N12135373696,2024-02-06,2024-02-11,raise_cabinet_and_seal,civil,flood,3.2,3177,True
WO_000582,MY_N12717364277,2024-02-06,2024-02-07,scheduled_inspection,civil,scheduled_inspection,1.0,176,False
WO_000583,MY_N4540518855,2024-02-06,2024-02-09,raise_cabinet_and_seal,civil,flood,1.3,780,True
WO_000584,MY_N506433555,2024-02-06,2024-02-07,vegetation_clearance,civil,vegetation,11.2,3885,True
WO_000585,MY_N7033248825,2024-02-06,2024-02-10,raise_cabinet_and_seal,civil,flood,0.6,2577,True
WO_000586,MY_N8191059241,2024-02-06,2024-02-07,raise_cabinet_and_seal,civil,flood,1.3,4673,True
WO_000587,MY_N11962284837,2024-02-07,2024-02-08,scheduled_inspection,civil,scheduled_inspection,3.7,1048,False
WO_000588,MY_N12309364294,2024-02-07,2024-02-08,scheduled_inspection,civil,scheduled_inspection,0.3,561,False
WO_000589,MY_N6034372552,2024-02-07,2024-02-12,raise_cabinet_and_seal,civil,flood,1.3,1590,True
WO_000590,MY_N8025609742,2024-02-07,2024-02-09,vegetation_clearance,civil,vegetation,4.1,1266,True
WO_000591,MY_W1545410197,2024-02-07,2024-02-09,battery_genset_service,power,power,4.0,2794,True
WO_000592,MY_N11990327538,2024-02-08,2024-02-11,raise_cabinet_and_seal,civil,flood,14.6,1020,True
WO_000593,MY_N12131514585,2024-02-08,2024-02-09,scheduled_inspection,civil,scheduled_inspection,0.7,556,False
WO_000594,MY_N6745537233,2024-02-08,2024-02-10,radio_unit_refresh,rf,equipment,0.9,738,True
WO_000595,MY_N12548986934,2024-02-09,2024-02-11,raise_cabinet_and_seal,civil,flood,7.8,1532,True
WO_000596,MY_N3765699324,2024-02-09,2024-02-10,raise_cabinet_and_seal,civil,flood,2.4,421,True
WO_000597,MY_W694495534,2024-02-09,2024-02-10,scheduled_inspection,civil,scheduled_inspection,0.3,342,False
WO_000598,MY_N11990327538,2024-02-10,2024-02-15,raise_cabinet_and_seal,civil,flood,5.9,1555,True
WO_000599,MY_N12137013087,2024-02-10,2024-02-11,raise_cabinet_and_seal,civil,flood,10.9,6057,True
WO_000600,MY_N6745537234,2024-02-10,2024-02-14,slope_stabilize_and_tension,civil,terrain,8.0,1270,True
WO_000601,MY_N11875484224,2024-02-11,2024-02-15,raise_cabinet_and_seal,civil,flood,9.1,310,True
WO_000602,MY_N12270851329,2024-02-11,2024-02-14,slope_stabilize_and_tension,civil,terrain,1.3,2049,True
WO_000603,MY_W1270085203,2024-02-11,2024-02-12,battery_genset_service,power,power,2.3,1562,True
WO_000604,MY_N10746755998,2024-02-12,2024-02-13,scheduled_inspection,civil,scheduled_inspection,2.4,927,False
WO_000605,MY_N11875484223,2024-02-12,2024-02-16,raise_cabinet_and_seal,civil,flood,12.7,3360,True
WO_000606,MY_N12309364294,2024-02-12,2024-02-16,raise_cabinet_and_seal,civil,flood,2.3,6092,True
WO_000607,MY_N4963875869,2024-02-12,2024-02-13,scheduled_inspection,civil,scheduled_inspection,3.9,357,False
WO_000608,MY_W1304210539,2024-02-12,2024-02-13,scheduled_inspection,civil,scheduled_inspection,0.9,206,False
WO_000609,MY_W1315123577,2024-02-12,2024-02-15,vegetation_clearance,civil,vegetation,2.0,2074,True
WO_000610,MY_N10771843285,2024-02-13,2024-02-14,battery_genset_service,power,power,14.2,1987,True
WO_000611,MY_N12135375711,2024-02-13,2024-02-14,raise_cabinet_and_seal,civil,flood,10.9,2324,True
WO_000612,MY_N13103284367,2024-02-13,2024-02-15,battery_genset_service,power,power,10.3,634,True
WO_000613,MY_N3901607133,2024-02-13,2024-02-14,scheduled_inspection,civil,scheduled_inspection,2.5,1005,False
WO_000614,MY_N8044980541,2024-02-13,2024-02-17,slope_stabilize_and_tension,civil,terrain,13.8,2187,True
WO_000615,MY_N8044980541,2024-02-13,2024-02-17,battery_genset_service,power,power,2.6,229,True
WO_000616,MY_N10802588447,2024-02-14,2024-02-19,slope_stabilize_and_tension,civil,terrain,1.6,1927,True
WO_000617,MY_N13326193730,2024-02-14,2024-02-16,slope_stabilize_and_tension,civil,terrain,0.1,1370,True
WO_000618,MY_N4200388722,2024-02-14,2024-02-15,scheduled_inspection,civil,scheduled_inspection,1.8,731,False
WO_000619,MY_N5257595022,2024-02-14,2024-02-15,scheduled_inspection,civil,scheduled_inspection,0.6,1920,False
WO_000620,MY_N6034372552,2024-02-14,2024-02-17,raise_cabinet_and_seal,civil,flood,12.9,1221,True
WO_000621,MY_N11990327538,2024-02-16,2024-02-19,raise_cabinet_and_seal,civil,flood,10.8,4649,True
WO_000622,MY_N12773184677,2024-02-16,2024-02-17,battery_genset_service,power,power,5.9,1546,True
WO_000623,MY_W1311793314,2024-02-16,2024-02-18,slope_stabilize_and_tension,civil,terrain,5.3,483,True
WO_000624,MY_N4963875869,2024-02-17,2024-02-22,raise_cabinet_and_seal,civil,flood,20.2,1154,True
WO_000625,MY_W1270085203,2024-02-17,2024-02-18,slope_stabilize_and_tension,civil,terrain,2.2,1373,True
WO_000626,MY_N13335390186,2024-02-18,2024-02-22,vegetation_clearance,civil,vegetation,5.7,3180,True
WO_000627,MY_N6093033474,2024-02-19,2024-02-22,vegetation_clearance,civil,vegetation,2.8,1483,True
WO_000628,MY_N8812260333,2024-02-19,2024-02-24,radio_unit_refresh,rf,equipment,3.3,9341,True
WO_000629,MY_N12137024409,2024-02-20,2024-02-25,raise_cabinet_and_seal,civil,flood,8.0,1494,True
WO_000630,MY_W1270085203,2024-02-20,2024-02-24,slope_stabilize_and_tension,civil,terrain,2.4,5629,True
WO_000631,MY_N12138116212,2024-02-21,2024-02-25,raise_cabinet_and_seal,civil,flood,10.8,4213,True
WO_000632,MY_N12309364295,2024-02-21,2024-02-26,slope_stabilize_and_tension,civil,terrain,14.9,3170,True
WO_000633,MY_N3720847447,2024-02-21,2024-02-25,battery_genset_service,power,power,3.0,1916,True
WO_000634,MY_N5067194637,2024-02-21,2024-02-22,raise_cabinet_and_seal,civil,flood,11.7,753,True
WO_000635,MY_N6745537234,2024-02-21,2024-02-22,slope_stabilize_and_tension,civil,terrain,9.8,3958,True
WO_000636,MY_N8091057340,2024-02-21,2024-02-22,scheduled_inspection,civil,scheduled_inspection,0.2,527,False
WO_000637,MY_N8381293209,2024-02-21,2024-02-22,scheduled_inspection,civil,scheduled_inspection,3.9,485,False
WO_000638,MY_N9040016333,2024-02-21,2024-02-22,scheduled_inspection,civil,scheduled_inspection,0.3,785,False
WO_000639,MY_W694495534,2024-02-21,2024-02-22,scheduled_inspection,civil,scheduled_inspection,0.6,192,False
WO_000640,MY_N11536997187,2024-02-22,2024-02-23,scheduled_inspection,civil,scheduled_inspection,0.4,1243,False
WO_000641,MY_N12548986934,2024-02-22,2024-02-24,raise_cabinet_and_seal,civil,flood,1.1,2463,True
WO_000642,MY_N1662840937,2024-02-22,2024-02-23,scheduled_inspection,civil,scheduled_inspection,4.7,136,False
WO_000643,MY_N6130994429,2024-02-22,2024-02-23,scheduled_inspection,civil,scheduled_inspection,1.3,519,False
WO_000644,MY_N10802588447,2024-02-23,2024-02-25,raise_cabinet_and_seal,civil,flood,11.4,1256,True
WO_000645,MY_N11496879857,2024-02-23,2024-02-24,scheduled_inspection,civil,scheduled_inspection,1.0,393,False
WO_000646,MY_N11875484224,2024-02-23,2024-02-25,raise_cabinet_and_seal,civil,flood,7.5,1148,True
WO_000647,MY_N12141554109,2024-02-23,2024-02-24,raise_cabinet_and_seal,civil,flood,4.1,1282,True
WO_000648,MY_N12309364295,2024-02-23,2024-02-26,raise_cabinet_and_seal,civil,flood,2.7,6774,True
WO_000649,MY_N12316486573,2024-02-23,2024-02-24,scheduled_inspection,civil,scheduled_inspection,0.9,47,False
WO_000650,MY_N12603668089,2024-02-23,2024-02-28,vegetation_clearance,civil,vegetation,3.7,2641,True
WO_000651,MY_N13326193730,2024-02-23,2024-02-25,raise_cabinet_and_seal,civil,flood,3.6,4548,True
WO_000652,MY_N3901579495,2024-02-23,2024-02-24,scheduled_inspection,civil,scheduled_inspection,3.1,691,False
WO_000653,MY_N8487785683,2024-02-23,2024-02-24,scheduled_inspection,civil,scheduled_inspection,0.3,136,False
WO_000654,MY_N13103284367,2024-02-24,2024-02-26,raise_cabinet_and_seal,civil,flood,7.0,3420,True
WO_000655,MY_N9084071195,2024-02-24,2024-02-25,slope_stabilize_and_tension,civil,terrain,0.4,2240,True
WO_000656,MY_W1270085203,2024-02-24,2024-02-26,slope_stabilize_and_tension,civil,terrain,1.4,2441,True
WO_000657,MY_W818064274,2024-02-24,2024-02-25,raise_cabinet_and_seal,civil,flood,5.9,9188,True
WO_000658,MY_N13919815292,2024-02-25,2024-02-26,scheduled_inspection,civil,scheduled_inspection,1.3,1435,False
WO_000659,MY_N13979312124,2024-02-25,2024-03-01,radio_unit_refresh,rf,equipment,13.2,661,True
WO_000660,MY_N1662564012,2024-02-25,2024-02-27,slope_stabilize_and_tension,civil,terrain,3.9,3401,True
WO_000661,MY_N506433555,2024-02-25,2024-02-26,raise_cabinet_and_seal,civil,flood,2.9,4580,True
WO_000662,MY_N8646761662,2024-02-25,2024-02-26,scheduled_inspection,civil,scheduled_inspection,1.3,323,False
WO_000663,MY_N11659562129,2024-02-26,2024-03-02,battery_genset_service,power,power,13.6,2373,True
WO_000664,MY_N12137024409,2024-02-26,2024-02-28,slope_stabilize_and_tension,civil,terrain,3.0,1233,True
WO_000665,MY_N13142317645,2024-02-26,2024-03-02,raise_cabinet_and_seal,civil,flood,1.5,1723,True
WO_000666,MY_N13439298450,2024-02-26,2024-02-27,scheduled_inspection,civil,scheduled_inspection,1.1,1547,False
WO_000667,MY_N4952889109,2024-02-26,2024-02-27,scheduled_inspection,civil,scheduled_inspection,1.0,962,False
WO_000668,MY_N9003249367,2024-02-26,2024-02-29,battery_genset_service,power,power,3.7,1003,True
WO_000669,MY_N11659562130,2024-02-27,2024-02-28,raise_cabinet_and_seal,civil,flood,3.1,2030,True
WO_000670,MY_N11802478955,2024-02-27,2024-03-01,raise_cabinet_and_seal,civil,flood,10.6,413,True
WO_000671,MY_N13889774655,2024-02-27,2024-03-02,raise_cabinet_and_seal,civil,flood,6.6,1766,True
WO_000672,MY_N8091061663,2024-02-27,2024-02-28,scheduled_inspection,civil,scheduled_inspection,0.8,294,False
WO_000673,MY_N9040016332,2024-02-27,2024-03-03,slope_stabilize_and_tension,civil,terrain,1.7,4441,True
WO_000674,MY_N9466091146,2024-02-27,2024-03-01,slope_stabilize_and_tension,civil,terrain,6.5,1055,True
WO_000675,MY_N12137024409,2024-02-28,2024-03-04,raise_cabinet_and_seal,civil,flood,15.1,3918,True
WO_000676,MY_N12309364296,2024-02-28,2024-03-03,raise_cabinet_and_seal,civil,flood,10.8,360,True
WO_000677,MY_N13659918586,2024-02-28,2024-03-03,raise_cabinet_and_seal,civil,flood,0.9,2293,True
WO_000678,MY_N8850585799,2024-02-28,2024-02-29,slope_stabilize_and_tension,civil,terrain,8.1,4835,True
WO_000679,MY_W1267147836,2024-02-28,2024-02-29,scheduled_inspection,civil,scheduled_inspection,0.5,746,False
WO_000680,MY_W1270085203,2024-02-28,2024-03-01,slope_stabilize_and_tension,civil,terrain,1.5,1493,True
WO_000681,MY_W1312400607,2024-02-28,2024-02-29,scheduled_inspection,civil,scheduled_inspection,2.5,701,False
WO_000682,MY_N11388862434,2024-03-01,2024-03-05,raise_cabinet_and_seal,civil,flood,1.4,4600,True
WO_000683,MY_N12531429458,2024-03-01,2024-03-05,raise_cabinet_and_seal,civil,flood,6.2,750,True
WO_000684,MY_N12773184677,2024-03-01,2024-03-04,battery_genset_service,power,power,2.9,5530,True
WO_000685,MY_N4963875869,2024-03-01,2024-03-02,slope_stabilize_and_tension,civil,terrain,2.4,53,True
WO_000686,MY_N8141531800,2024-03-01,2024-03-02,scheduled_inspection,civil,scheduled_inspection,2.0,1101,False
WO_000687,MY_N1662564012,2024-03-02,2024-03-06,raise_cabinet_and_seal,civil,flood,9.3,644,True
WO_000688,MY_N13659918586,2024-03-03,2024-03-05,raise_cabinet_and_seal,civil,flood,7.3,3481,True
WO_000689,MY_N13678930905,2024-03-03,2024-03-04,raise_cabinet_and_seal,civil,flood,7.0,559,True
WO_000690,MY_N6157011103,2024-03-03,2024-03-05,raise_cabinet_and_seal,civil,flood,4.4,4378,True
WO_000691,MY_N9126977972,2024-03-03,2024-03-04,scheduled_inspection,civil,scheduled_inspection,2.2,623,False
WO_000692,MY_N11609644622,2024-03-04,2024-03-07,raise_cabinet_and_seal,civil,flood,2.9,3089,True
WO_000693,MY_N12137024409,2024-03-04,2024-03-05,radio_unit_refresh,rf,equipment,6.4,434,True
WO_000694,MY_N4436507977,2024-03-04,2024-03-08,raise_cabinet_and_seal,civil,flood,3.6,3233,True
WO_000695,MY_N8645028382,2024-03-04,2024-03-05,scheduled_inspection,civil,scheduled_inspection,2.5,1670,False
WO_000696,MY_N5742976628,2024-03-05,2024-03-08,vegetation_clearance,civil,vegetation,1.7,1530,True
WO_000697,MY_N8434323582,2024-03-05,2024-03-06,scheduled_inspection,civil,scheduled_inspection,1.6,449,False
WO_000698,MY_N9040016326,2024-03-05,2024-03-06,scheduled_inspection,civil,scheduled_inspection,0.7,304,False
WO_000699,MY_W1386907231,2024-03-05,2024-03-08,slope_stabilize_and_tension,civil,terrain,6.7,1233,True
WO_000700,MY_W728820002,2024-03-05,2024-03-07,slope_stabilize_and_tension,civil,terrain,15.0,2537,True
WO_000701,MY_N11476096501,2024-03-07,2024-03-08,scheduled_inspection,civil,scheduled_inspection,2.5,971,False
WO_000702,MY_N12205012364,2024-03-07,2024-03-08,scheduled_inspection,civil,scheduled_inspection,4.2,224,False
WO_000703,MY_N9324749766,2024-03-07,2024-03-08,scheduled_inspection,civil,scheduled_inspection,0.5,846,False
WO_000704,MY_N10801806749,2024-03-08,2024-03-09,raise_cabinet_and_seal,civil,flood,3.6,2068,True
WO_000705,MY_N11167076406,2024-03-08,2024-03-10,battery_genset_service,power,power,1.3,717,True
WO_000706,MY_N8191059241,2024-03-08,2024-03-11,raise_cabinet_and_seal,civil,flood,9.0,2286,True
WO_000707,MY_N8812260333,2024-03-08,2024-03-12,raise_cabinet_and_seal,civil,flood,4.9,1969,True
WO_000708,MY_N11875484219,2024-03-09,2024-03-10,scheduled_inspection,civil,scheduled_inspection,1.4,1193,False
WO_000709,MY_N12270341400,2024-03-09,2024-03-13,raise_cabinet_and_seal,civil,flood,4.9,1439,True
WO_000710,MY_N12773184677,2024-03-09,2024-03-11,vegetation_clearance,civil,vegetation,5.7,3079,True
WO_000711,MY_W1311793314,2024-03-09,2024-03-13,vegetation_clearance,civil,vegetation,9.3,1289,True
WO_000712,MY_N11998923957,2024-03-10,2024-03-12,raise_cabinet_and_seal,civil,flood,5.8,3136,True
WO_000713,MY_N5067194637,2024-03-10,2024-03-14,raise_cabinet_and_seal,civil,flood,18.3,487,True
WO_000714,MY_N11608082001,2024-03-11,2024-03-12,scheduled_inspection,civil,scheduled_inspection,1.1,1020,False
WO_000715,MY_N13979312124,2024-03-11,2024-03-14,vegetation_clearance,civil,vegetation,7.1,4400,True
WO_000716,MY_N6039478983,2024-03-11,2024-03-15,slope_stabilize_and_tension,civil,terrain,2.2,1154,True
WO_000717,MY_N13517883535,2024-03-12,2024-03-14,battery_genset_service,power,power,12.1,4104,True
WO_000718,MY_N8923088437,2024-03-12,2024-03-16,radio_unit_refresh,rf,equipment,4.6,1561,True
WO_000719,MY_N11346244297,2024-03-13,2024-03-14,scheduled_inspection,civil,scheduled_inspection,4.5,1380,False
WO_000720,MY_N11609644622,2024-03-13,2024-03-18,vegetation_clearance,civil,vegetation,7.0,1635,True
WO_000721,MY_N3341958144,2024-03-13,2024-03-14,scheduled_inspection,civil,scheduled_inspection,3.9,1424,False
WO_000722,MY_N8825706826,2024-03-13,2024-03-14,raise_cabinet_and_seal,civil,flood,5.9,10844,True
WO_000723,MY_N9466091146,2024-03-13,2024-03-15,raise_cabinet_and_seal,civil,flood,5.3,1169,True
WO_000724,MY_W1183622030,2024-03-13,2024-03-16,slope_stabilize_and_tension,civil,terrain,2.8,2202,True
WO_000725,MY_W1317650252,2024-03-13,2024-03-15,radio_unit_refresh,rf,equipment,2.6,2617,True
WO_000726,MY_N10736133691,2024-03-14,2024-03-19,slope_stabilize_and_tension,civil,terrain,5.1,1080,True
WO_000727,MY_N12304257938,2024-03-14,2024-03-15,raise_cabinet_and_seal,civil,flood,5.9,1794,True
WO_000728,MY_N12309364294,2024-03-14,2024-03-16,raise_cabinet_and_seal,civil,flood,9.3,2595,True
WO_000729,MY_W1496819391,2024-03-14,2024-03-17,slope_stabilize_and_tension,civil,terrain,3.2,3541,True
WO_000730,MY_N5742976628,2024-03-15,2024-03-20,vegetation_clearance,civil,vegetation,3.6,508,True
WO_000731,MY_N12497506008,2024-03-16,2024-03-17,scheduled_inspection,civil,scheduled_inspection,1.5,1163,False
WO_000732,MY_N13103284367,2024-03-16,2024-03-18,slope_stabilize_and_tension,civil,terrain,3.9,3844,True
WO_000733,MY_N610175376,2024-03-16,2024-03-21,raise_cabinet_and_seal,civil,flood,5.2,3499,True
WO_000734,MY_N6745537233,2024-03-16,2024-03-17,slope_stabilize_and_tension,civil,terrain,6.6,3091,True
WO_000735,MY_N12058759613,2024-03-17,2024-03-19,raise_cabinet_and_seal,civil,flood,1.8,3651,True
WO_000736,MY_N9040016332,2024-03-17,2024-03-18,slope_stabilize_and_tension,civil,terrain,11.3,2051,True
WO_000737,MY_N13544527378,2024-03-18,2024-03-21,battery_genset_service,power,power,3.0,3359,True
WO_000738,MY_N12548986934,2024-03-19,2024-03-20,vegetation_clearance,civil,vegetation,4.4,4241,True
WO_000739,MY_N13526011249,2024-03-19,2024-03-22,raise_cabinet_and_seal,civil,flood,6.1,2138,True
WO_000740,MY_N13659918586,2024-03-19,2024-03-21,slope_stabilize_and_tension,civil,terrain,4.7,6638,True
WO_000741,MY_N8930320928,2024-03-19,2024-03-20,scheduled_inspection,civil,scheduled_inspection,1.3,1804,False
WO_000742,MY_N9040016327,2024-03-19,2024-03-20,scheduled_inspection,civil,scheduled_inspection,1.3,227,False
WO_000743,MY_N11513739731,2024-03-20,2024-03-21,scheduled_inspection,civil,scheduled_inspection,1.6,998,False
WO_000744,MY_N11659562129,2024-03-20,2024-03-24,battery_genset_service,power,power,9.1,834,True
WO_000745,MY_N11990327538,2024-03-20,2024-03-22,battery_genset_service,power,power,3.2,3927,True
WO_000746,MY_N12167559700,2024-03-20,2024-03-21,scheduled_inspection,civil,scheduled_inspection,2.7,2351,False
WO_000747,MY_N8923088437,2024-03-20,2024-03-21,vegetation_clearance,civil,vegetation,9.9,8372,True
WO_000748,MY_W1386907231,2024-03-20,2024-03-21,slope_stabilize_and_tension,civil,terrain,3.5,3322,True
WO_000749,MY_N9938117617,2024-03-21,2024-03-22,scheduled_inspection,civil,scheduled_inspection,0.8,451,False
WO_000750,MY_N8254392355,2024-03-22,2024-03-23,scheduled_inspection,civil,scheduled_inspection,0.3,1474,False
WO_000751,MY_N8254911755,2024-03-22,2024-03-23,scheduled_inspection,civil,scheduled_inspection,0.2,747,False
WO_000752,MY_N12773184677,2024-03-23,2024-03-26,raise_cabinet_and_seal,civil,flood,3.8,2539,True
WO_000753,MY_W1303814692,2024-03-23,2024-03-24,scheduled_inspection,civil,scheduled_inspection,1.6,828,False
WO_000754,MY_N11659562142,2024-03-24,2024-03-27,raise_cabinet_and_seal,civil,flood,1.8,4032,True
WO_000755,MY_N8025859449,2024-03-24,2024-03-26,raise_cabinet_and_seal,civil,flood,1.6,2205,True
WO_000756,MY_N8025859449,2024-03-24,2024-03-25,battery_genset_service,power,power,4.9,3061,True
WO_000757,MY_N11659562131,2024-03-25,2024-03-28,raise_cabinet_and_seal,civil,flood,5.0,5087,True
WO_000758,MY_N1662637919,2024-03-25,2024-03-27,vegetation_clearance,civil,vegetation,0.7,1938,True
WO_000759,MY_N7033248825,2024-03-25,2024-03-30,raise_cabinet_and_seal,civil,flood,2.0,1969,True
WO_000760,MY_N12137013091,2024-03-26,2024-03-28,raise_cabinet_and_seal,civil,flood,4.2,4925,True
WO_000761,MY_N13013877873,2024-03-26,2024-03-27,raise_cabinet_and_seal,civil,flood,4.1,3866,True
WO_000762,MY_N3902995326,2024-03-26,2024-03-30,slope_stabilize_and_tension,civil,terrain,4.4,5196,True
WO_000763,MY_N8935231314,2024-03-26,2024-03-27,scheduled_inspection,civil,scheduled_inspection,1.0,633,False
WO_000764,MY_W1386907231,2024-03-27,2024-04-01,raise_cabinet_and_seal,civil,flood,11.3,908,True
WO_000765,MY_N8987661324,2024-03-28,2024-04-01,raise_cabinet_and_seal,civil,flood,3.9,3792,True
WO_000766,MY_N1662637919,2024-03-29,2024-03-30,scheduled_inspection,civil,scheduled_inspection,4.2,340,False
WO_000767,MY_N12304257938,2024-03-30,2024-03-31,scheduled_inspection,civil,scheduled_inspection,1.6,945,False
WO_000768,MY_N14089499502,2024-03-30,2024-03-31,scheduled_inspection,civil,scheduled_inspection,3.4,757,False
WO_000769,MY_N13713417878,2024-03-31,2024-04-01,scheduled_inspection,civil,scheduled_inspection,1.2,487,False
WO_000770,MY_N11472433066,2024-04-01,2024-04-02,scheduled_inspection,civil,scheduled_inspection,2.6,475,False
WO_000771,MY_N13712401727,2024-04-01,2024-04-06,raise_cabinet_and_seal,civil,flood,4.7,2493,True
WO_000772,MY_N8044980541,2024-04-01,2024-04-05,raise_cabinet_and_seal,civil,flood,4.9,5834,True
WO_000773,MY_N6039478983,2024-04-02,2024-04-07,battery_genset_service,power,power,1.7,1158,True
WO_000774,MY_N9040477850,2024-04-02,2024-04-03,scheduled_inspection,civil,scheduled_inspection,0.9,560,False
WO_000775,MY_W1545410197,2024-04-02,2024-04-06,battery_genset_service,power,power,14.4,889,True
WO_000776,MY_N11148230157,2024-04-03,2024-04-04,raise_cabinet_and_seal,civil,flood,3.2,1658,True
WO_000777,MY_N12270851329,2024-04-03,2024-04-06,raise_cabinet_and_seal,civil,flood,2.5,1652,True
WO_000778,MY_N13331200714,2024-04-03,2024-04-07,battery_genset_service,power,power,7.7,3093,True
WO_000779,MY_N12462360045,2024-04-04,2024-04-05,scheduled_inspection,civil,scheduled_inspection,0.0,1097,False
WO_000780,MY_N8088772324,2024-04-04,2024-04-05,scheduled_inspection,civil,scheduled_inspection,1.3,683,False
WO_000781,MY_N9040477850,2024-04-04,2024-04-05,scheduled_inspection,civil,scheduled_inspection,0.6,156,False
WO_000782,MY_N11226315843,2024-04-05,2024-04-06,scheduled_inspection,civil,scheduled_inspection,1.9,616,False
WO_000783,MY_N12137013087,2024-04-05,2024-04-09,vegetation_clearance,civil,vegetation,3.5,1045,True
WO_000784,MY_N12265504950,2024-04-06,2024-04-07,scheduled_inspection,civil,scheduled_inspection,0.9,417,False
WO_000785,MY_N8302956900,2024-04-06,2024-04-07,scheduled_inspection,civil,scheduled_inspection,1.4,1117,False
WO_000786,MY_N11167076406,2024-04-07,2024-04-10,vegetation_clearance,civil,vegetation,2.4,1435,True
WO_000787,MY_N11990327538,2024-04-07,2024-04-11,raise_cabinet_and_seal,civil,flood,13.9,942,True
WO_000788,MY_N12058759613,2024-04-07,2024-04-08,raise_cabinet_and_seal,civil,flood,3.7,1510,True
WO_000789,MY_N12546408507,2024-04-07,2024-04-08,raise_cabinet_and_seal,civil,flood,1.3,740,True
WO_000790,MY_N8791272543,2024-04-07,2024-04-08,slope_stabilize_and_tension,civil,terrain,4.0,2376,True
WO_000791,MY_N11691138451,2024-04-08,2024-04-09,scheduled_inspection,civil,scheduled_inspection,0.9,204,False
WO_000792,MY_N12773184677,2024-04-08,2024-04-13,radio_unit_refresh,rf,equipment,2.8,1706,True
WO_000793,MY_N3901607132,2024-04-08,2024-04-09,slope_stabilize_and_tension,civil,terrain,4.1,9804,True
WO_000794,MY_N5742976628,2024-04-08,2024-04-12,raise_cabinet_and_seal,civil,flood,11.9,2302,True
WO_000795,MY_N6745537234,2024-04-08,2024-04-12,radio_unit_refresh,rf,equipment,6.9,3074,True
WO_000796,MY_N9466091146,2024-04-08,2024-04-11,raise_cabinet_and_seal,civil,flood,3.6,894,True
WO_000797,MY_N13858903200,2024-04-09,2024-04-10,scheduled_inspection,civil,scheduled_inspection,0.2,41,False
WO_000798,MY_W1303814690,2024-04-09,2024-04-10,scheduled_inspection,civil,scheduled_inspection,1.2,1184,False
WO_000799,MY_W1545410197,2024-04-09,2024-04-10,battery_genset_service,power,power,1.2,2516,True
WO_000800,MY_N10802588447,2024-04-10,2024-04-13,raise_cabinet_and_seal,civil,flood,3.9,5158,True
WO_000801,MY_N9938117617,2024-04-10,2024-04-11,scheduled_inspection,civil,scheduled_inspection,1.4,295,False
WO_000802,MY_N10948101724,2024-04-11,2024-04-12,scheduled_inspection,civil,scheduled_inspection,1.0,556,False
WO_000803,MY_N12135759497,2024-04-11,2024-04-13,radio_unit_refresh,rf,equipment,2.4,2714,True
WO_000804,MY_N13142317645,2024-04-11,2024-04-12,scheduled_inspection,civil,scheduled_inspection,0.1,503,False
WO_000805,MY_N3901579495,2024-04-11,2024-04-12,scheduled_inspection,civil,scheduled_inspection,0.9,442,False
WO_000806,MY_N11637810090,2024-04-12,2024-04-13,scheduled_inspection,civil,scheduled_inspection,0.8,398,False
WO_000807,MY_N13013877873,2024-04-12,2024-04-15,raise_cabinet_and_seal,civil,flood,3.8,3469,True
WO_000808,MY_N3902995326,2024-04-12,2024-04-13,slope_stabilize_and_tension,civil,terrain,23.9,6086,True
WO_000809,MY_W1267064693,2024-04-12,2024-04-14,raise_cabinet_and_seal,civil,flood,7.3,3433,True
WO_000810,MY_W728820002,2024-04-12,2024-04-13,raise_cabinet_and_seal,civil,flood,2.4,239,True
WO_000811,MY_N11659562129,2024-04-13,2024-04-17,vegetation_clearance,civil,vegetation,6.5,2462,True
WO_000812,MY_N13526994647,2024-04-13,2024-04-14,scheduled_inspection,civil,scheduled_inspection,2.1,206,False
WO_000813,MY_N3902995326,2024-04-13,2024-04-17,vegetation_clearance,civil,vegetation,4.6,7081,True
WO_000814,MY_W1303814690,2024-04-13,2024-04-18,slope_stabilize_and_tension,civil,terrain,3.0,679,True
WO_000815,MY_N11659562142,2024-04-14,2024-04-16,raise_cabinet_and_seal,civil,flood,6.4,4495,True
WO_000816,MY_N11738300326,2024-04-14,2024-04-17,battery_genset_service,power,power,2.9,2231,True
WO_000817,MY_N12309364295,2024-04-14,2024-04-18,raise_cabinet_and_seal,civil,flood,0.5,3229,True
WO_000818,MY_N7838524104,2024-04-14,2024-04-15,scheduled_inspection,civil,scheduled_inspection,5.3,272,False
WO_000819,MY_N8125185377,2024-04-15,2024-04-16,scheduled_inspection,civil,scheduled_inspection,2.3,1160,False
WO_000820,MY_N8923088437,2024-04-15,2024-04-19,raise_cabinet_and_seal,civil,flood,3.6,1207,True
WO_000821,MY_N6457937009,2024-04-16,2024-04-18,battery_genset_service,power,power,0.9,410,True
WO_000822,MY_N6643210358,2024-04-16,2024-04-17,scheduled_inspection,civil,scheduled_inspection,0.6,2103,False
WO_000823,MY_N8277786902,2024-04-16,2024-04-17,scheduled_inspection,civil,scheduled_inspection,2.1,638,False
WO_000824,MY_N11475792788,2024-04-17,2024-04-18,scheduled_inspection,civil,scheduled_inspection,0.9,1773,False
WO_000825,MY_N11875484224,2024-04-17,2024-04-21,battery_genset_service,power,power,14.9,1969,True
WO_000826,MY_N13326193730,2024-04-17,2024-04-22,raise_cabinet_and_seal,civil,flood,3.2,4627,True
WO_000827,MY_N6093033474,2024-04-17,2024-04-20,slope_stabilize_and_tension,civil,terrain,2.5,2465,True
WO_000828,MY_N8044656639,2024-04-17,2024-04-19,vegetation_clearance,civil,vegetation,3.0,1033,True
WO_000829,MY_N8422298542,2024-04-17,2024-04-19,raise_cabinet_and_seal,civil,flood,7.4,3231,True
WO_000830,MY_W728820002,2024-04-17,2024-04-22,raise_cabinet_and_seal,civil,flood,7.3,1112,True
WO_000831,MY_N2894780935,2024-04-18,2024-04-19,raise_cabinet_and_seal,civil,flood,1.4,6417,True
WO_000832,MY_N5067194637,2024-04-18,2024-04-21,raise_cabinet_and_seal,civil,flood,2.0,135,True
WO_000833,MY_W1258179518,2024-04-18,2024-04-19,scheduled_inspection,civil,scheduled_inspection,3.5,24,False
WO_000834,MY_W728820002,2024-04-18,2024-04-19,raise_cabinet_and_seal,civil,flood,11.8,1170,True
WO_000835,MY_N13889784607,2024-04-19,2024-04-20,scheduled_inspection,civil,scheduled_inspection,0.9,329,False
WO_000836,MY_N8194311012,2024-04-19,2024-04-20,scheduled_inspection,civil,scheduled_inspection,3.3,461,False
WO_000837,MY_N8659560397,2024-04-19,2024-04-23,slope_stabilize_and_tension,civil,terrain,2.9,1964,True
WO_000838,MY_N9038719773,2024-04-19,2024-04-20,scheduled_inspection,civil,scheduled_inspection,1.3,808,False
WO_000839,MY_N12137013097,2024-04-20,2024-04-21,scheduled_inspection,civil,scheduled_inspection,0.3,165,False
WO_000840,MY_N12137024409,2024-04-20,2024-04-21,scheduled_inspection,civil,scheduled_inspection,1.6,373,False
WO_000841,MY_W1285114522,2024-04-20,2024-04-21,battery_genset_service,power,power,4.6,468,True
WO_000842,MY_N12058759613,2024-04-21,2024-04-24,slope_stabilize_and_tension,civil,terrain,5.6,252,True
WO_000843,MY_N12260551262,2024-04-22,2024-04-23,scheduled_inspection,civil,scheduled_inspection,0.4,668,False
WO_000844,MY_N12546408507,2024-04-22,2024-04-27,vegetation_clearance,civil,vegetation,5.2,1672,True
WO_000845,MY_N13495665455,2024-04-22,2024-04-24,raise_cabinet_and_seal,civil,flood,6.8,420,True
WO_000846,MY_N3365342814,2024-04-22,2024-04-23,scheduled_inspection,civil,scheduled_inspection,0.3,1143,False
WO_000847,MY_N13331200718,2024-04-23,2024-04-24,scheduled_inspection,civil,scheduled_inspection,1.1,450,False
WO_000848,MY_N13526011249,2024-04-23,2024-04-24,vegetation_clearance,civil,vegetation,1.2,1190,True
WO_000849,MY_N13979312124,2024-04-23,2024-04-26,vegetation_clearance,civil,vegetation,1.1,692,True
WO_000850,MY_W1267147830,2024-04-23,2024-04-24,scheduled_inspection,civil,scheduled_inspection,1.6,860,False
WO_000851,MY_N13495665455,2024-04-24,2024-04-29,battery_genset_service,power,power,6.1,6540,True
WO_000852,MY_N4955138177,2024-04-24,2024-04-25,scheduled_inspection,civil,scheduled_inspection,0.7,805,False
WO_000853,MY_N8899964135,2024-04-24,2024-04-27,slope_stabilize_and_tension,civil,terrain,5.0,271,True
WO_000854,MY_N11388862434,2024-04-25,2024-04-28,raise_cabinet_and_seal,civil,flood,2.4,2041,True
WO_000855,MY_N13142317645,2024-04-27,2024-05-02,raise_cabinet_and_seal,civil,flood,7.2,756,True
WO_000856,MY_N13979312124,2024-04-27,2024-04-28,slope_stabilize_and_tension,civil,terrain,11.9,6077,True
WO_000857,MY_N8387910052,2024-04-27,2024-04-28,scheduled_inspection,civil,scheduled_inspection,0.2,663,False
WO_000858,MY_W1183622030,2024-04-27,2024-04-30,raise_cabinet_and_seal,civil,flood,5.0,672,True
WO_000859,MY_W1270085203,2024-04-27,2024-04-30,radio_unit_refresh,rf,equipment,1.8,300,True
WO_000860,MY_N12106117448,2024-04-28,2024-04-29,scheduled_inspection,civil,scheduled_inspection,0.9,596,False
WO_000861,MY_N13013877873,2024-04-28,2024-05-01,raise_cabinet_and_seal,civil,flood,14.7,3016,True
WO_000862,MY_N6745537233,2024-04-28,2024-05-01,vegetation_clearance,civil,vegetation,4.4,692,True
WO_000863,MY_N8422298542,2024-04-28,2024-04-30,battery_genset_service,power,power,4.5,7188,True
WO_000864,MY_N13104827528,2024-04-30,2024-05-01,scheduled_inspection,civil,scheduled_inspection,0.7,815,False
WO_000865,MY_N12603668089,2024-05-01,2024-05-02,vegetation_clearance,civil,vegetation,5.8,3863,True
WO_000866,MY_N8025859449,2024-05-01,2024-05-03,radio_unit_refresh,rf,equipment,7.7,5140,True
WO_000867,MY_N9003249367,2024-05-01,2024-05-05,slope_stabilize_and_tension,civil,terrain,7.9,3225,True
WO_000868,MY_W1545410197,2024-05-01,2024-05-04,radio_unit_refresh,rf,equipment,0.9,2791,True
WO_000869,MY_W728820002,2024-05-01,2024-05-04,radio_unit_refresh,rf,equipment,5.7,2707,True
WO_000870,MY_N11659562142,2024-05-02,2024-05-03,scheduled_inspection,civil,scheduled_inspection,0.4,1810,False
WO_000871,MY_N7033248825,2024-05-02,2024-05-03,scheduled_inspection,civil,scheduled_inspection,0.3,1517,False
WO_000872,MY_N11167076406,2024-05-03,2024-05-08,vegetation_clearance,civil,vegetation,4.1,5885,True
WO_000873,MY_N12270341400,2024-05-03,2024-05-06,raise_cabinet_and_seal,civil,flood,6.4,6669,True
WO_000874,MY_N13103284367,2024-05-03,2024-05-08,slope_stabilize_and_tension,civil,terrain,5.0,743,True
WO_000875,MY_N11659562129,2024-05-04,2024-05-07,radio_unit_refresh,rf,equipment,2.0,7598,True
WO_000876,MY_N12309364294,2024-05-04,2024-05-07,vegetation_clearance,civil,vegetation,12.3,819,True
WO_000877,MY_N3902995310,2024-05-04,2024-05-09,battery_genset_service,power,power,6.4,1989,True
WO_000878,MY_N8191059241,2024-05-04,2024-05-05,raise_cabinet_and_seal,civil,flood,8.1,3238,True
WO_000879,MY_N9084071195,2024-05-04,2024-05-06,vegetation_clearance,civil,vegetation,4.8,3178,True
WO_000880,MY_N12135375724,2024-05-05,2024-05-06,scheduled_inspection,civil,scheduled_inspection,1.4,808,False
WO_000881,MY_N5115603531,2024-05-06,2024-05-11,raise_cabinet_and_seal,civil,flood,3.4,2844,True
WO_000882,MY_N6745537233,2024-05-06,2024-05-11,raise_cabinet_and_seal,civil,flood,6.4,3901,True
WO_000883,MY_N8004289377,2024-05-06,2024-05-07,scheduled_inspection,civil,scheduled_inspection,0.8,1091,False
WO_000884,MY_N8327095826,2024-05-06,2024-05-07,scheduled_inspection,civil,scheduled_inspection,1.4,712,False
WO_000885,MY_N8988150888,2024-05-06,2024-05-09,raise_cabinet_and_seal,civil,flood,4.7,693,True
WO_000886,MY_N9040016333,2024-05-06,2024-05-07,raise_cabinet_and_seal,civil,flood,2.8,4034,True
WO_000887,MY_N11875484224,2024-05-07,2024-05-12,raise_cabinet_and_seal,civil,flood,1.4,2094,True
WO_000888,MY_N12131514586,2024-05-07,2024-05-08,scheduled_inspection,civil,scheduled_inspection,1.2,252,False
WO_000889,MY_N12137024409,2024-05-07,2024-05-10,vegetation_clearance,civil,vegetation,9.1,2011,True
WO_000890,MY_N12145362317,2024-05-07,2024-05-08,scheduled_inspection,civil,scheduled_inspection,1.4,558,False
WO_000891,MY_N13331200717,2024-05-07,2024-05-08,scheduled_inspection,civil,scheduled_inspection,1.7,255,False
WO_000892,MY_N4124069727,2024-05-07,2024-05-08,scheduled_inspection,civil,scheduled_inspection,3.0,432,False
WO_000893,MY_N4955138206,2024-05-07,2024-05-08,scheduled_inspection,civil,scheduled_inspection,0.9,1165,False
WO_000894,MY_N9006098842,2024-05-07,2024-05-11,battery_genset_service,power,power,4.0,1268,True
WO_000895,MY_N12105659133,2024-05-08,2024-05-09,scheduled_inspection,civil,scheduled_inspection,0.1,951,False
WO_000896,MY_N12131514585,2024-05-08,2024-05-13,raise_cabinet_and_seal,civil,flood,5.1,1312,True
WO_000897,MY_N12270341400,2024-05-08,2024-05-10,raise_cabinet_and_seal,civil,flood,2.2,3753,True
WO_000898,MY_N11659562142,2024-05-09,2024-05-10,battery_genset_service,power,power,4.7,2240,True
WO_000899,MY_N12270851329,2024-05-09,2024-05-12,battery_genset_service,power,power,3.2,1615,True
WO_000900,MY_N12383562688,2024-05-09,2024-05-14,raise_cabinet_and_seal,civil,flood,5.3,989,True
WO_000901,MY_N12462362564,2024-05-09,2024-05-10,scheduled_inspection,civil,scheduled_inspection,0.3,157,False
WO_000902,MY_N13564515921,2024-05-09,2024-05-10,scheduled_inspection,civil,scheduled_inspection,1.2,301,False
WO_000903,MY_N13679676092,2024-05-09,2024-05-10,scheduled_inspection,civil,scheduled_inspection,1.8,756,False
WO_000904,MY_N4436507977,2024-05-09,2024-05-10,raise_cabinet_and_seal,civil,flood,1.3,343,True
WO_000905,MY_N4775194882,2024-05-09,2024-05-12,raise_cabinet_and_seal,civil,flood,2.1,3163,True
WO_000906,MY_N9810551665,2024-05-09,2024-05-14,raise_cabinet_and_seal,civil,flood,2.4,1033,True
WO_000907,MY_N12309364296,2024-05-10,2024-05-13,vegetation_clearance,civil,vegetation,7.9,1355,True
WO_000908,MY_N3901387616,2024-05-10,2024-05-11,battery_genset_service,power,power,1.5,1916,True
WO_000909,MY_N5742976628,2024-05-10,2024-05-12,raise_cabinet_and_seal,civil,flood,5.0,3607,True
WO_000910,MY_W1545410199,2024-05-10,2024-05-11,scheduled_inspection,civil,scheduled_inspection,1.6,726,False
WO_000911,MY_N12265504950,2024-05-11,2024-05-16,vegetation_clearance,civil,vegetation,1.1,6270,True
WO_000912,MY_N12546408513,2024-05-11,2024-05-14,raise_cabinet_and_seal,civil,flood,14.2,4094,True
WO_000913,MY_N10801806749,2024-05-12,2024-05-16,battery_genset_service,power,power,21.1,2846,True
WO_000914,MY_N12366513312,2024-05-12,2024-05-13,scheduled_inspection,civil,scheduled_inspection,0.4,614,False
WO_000915,MY_N13013877873,2024-05-12,2024-05-17,raise_cabinet_and_seal,civil,flood,12.3,4997,True
WO_000916,MY_W1496819391,2024-05-13,2024-05-16,radio_unit_refresh,rf,equipment,11.3,5249,True
WO_000917,MY_N10722696333,2024-05-14,2024-05-17,raise_cabinet_and_seal,civil,flood,2.4,1768,True
WO_000918,MY_N5742976628,2024-05-14,2024-05-16,raise_cabinet_and_seal,civil,flood,2.2,1440,True
WO_000919,MY_N9040090263,2024-05-14,2024-05-15,scheduled_inspection,civil,scheduled_inspection,0.8,507,False
WO_000920,MY_N12270851329,2024-05-15,2024-05-16,battery_genset_service,power,power,10.9,1910,True
WO_000921,MY_N12462366355,2024-05-15,2024-05-16,scheduled_inspection,civil,scheduled_inspection,1.4,412,False
WO_000922,MY_N13526011249,2024-05-15,2024-05-20,vegetation_clearance,civil,vegetation,14.3,1860,True
WO_000923,MY_N11388862434,2024-05-16,2024-05-20,raise_cabinet_and_seal,civil,flood,8.9,9394,True
WO_000924,MY_N12116945444,2024-05-16,2024-05-19,vegetation_clearance,civil,vegetation,2.4,1070,True
WO_000925,MY_N6745537233,2024-05-16,2024-05-21,battery_genset_service,power,power,2.0,1576,True
WO_000926,MY_N12889290231,2024-05-17,2024-05-21,slope_stabilize_and_tension,civil,terrain,0.4,1329,True
WO_000927,MY_N9038308805,2024-05-17,2024-05-18,scheduled_inspection,civil,scheduled_inspection,1.7,723,False
WO_000928,MY_W1117797548,2024-05-17,2024-05-18,scheduled_inspection,civil,scheduled_inspection,1.3,516,False
WO_000929,MY_N12309364296,2024-05-18,2024-05-21,raise_cabinet_and_seal,civil,flood,2.3,2830,True
WO_000930,MY_N3902995301,2024-05-18,2024-05-20,battery_genset_service,power,power,7.3,1151,True
WO_000931,MY_N8825706826,2024-05-18,2024-05-22,slope_stabilize_and_tension,civil,terrain,15.0,5669,True
WO_000932,MY_W728820002,2024-05-18,2024-05-20,raise_cabinet_and_seal,civil,flood,4.4,2537,True
WO_000933,MY_N11484371222,2024-05-19,2024-05-20,scheduled_inspection,civil,scheduled_inspection,0.3,267,False
WO_000934,MY_N13517883535,2024-05-19,2024-05-20,battery_genset_service,power,power,1.9,4905,True
WO_000935,MY_N9466091146,2024-05-19,2024-05-21,raise_cabinet_and_seal,civil,flood,1.4,2791,True
WO_000936,MY_W1285114522,2024-05-19,2024-05-21,slope_stabilize_and_tension,civil,terrain,17.0,1600,True
WO_000937,MY_N6039478983,2024-05-20,2024-05-22,raise_cabinet_and_seal,civil,flood,4.2,3363,True
WO_000938,MY_N8194880382,2024-05-20,2024-05-21,scheduled_inspection,civil,scheduled_inspection,2.0,362,False
WO_000939,MY_N12131514587,2024-05-21,2024-05-22,scheduled_inspection,civil,scheduled_inspection,1.8,177,False
WO_000940,MY_N13015606467,2024-05-21,2024-05-23,raise_cabinet_and_seal,civil,flood,5.8,944,True
WO_000941,MY_N8025981358,2024-05-21,2024-05-22,scheduled_inspection,civil,scheduled_inspection,1.0,767,False
WO_000942,MY_N9466091146,2024-05-21,2024-05-24,raise_cabinet_and_seal,civil,flood,4.0,4030,True
WO_000943,MY_N11659562142,2024-05-22,2024-05-26,raise_cabinet_and_seal,civil,flood,4.4,3151,True
WO_000944,MY_N12284563602,2024-05-22,2024-05-23,scheduled_inspection,civil,scheduled_inspection,1.2,775,False
WO_000945,MY_N13517883535,2024-05-22,2024-05-25,raise_cabinet_and_seal,civil,flood,26.0,1045,True
WO_000946,MY_N1662637919,2024-05-22,2024-05-25,slope_stabilize_and_tension,civil,terrain,5.3,3598,True
WO_000947,MY_N7808912864,2024-05-22,2024-05-23,scheduled_inspection,civil,scheduled_inspection,2.0,359,False
WO_000948,MY_N4540518855,2024-05-23,2024-05-24,scheduled_inspection,civil,scheduled_inspection,0.9,327,False
WO_000949,MY_N5453636981,2024-05-23,2024-05-24,scheduled_inspection,civil,scheduled_inspection,0.5,633,False
WO_000950,MY_N9324749766,2024-05-23,2024-05-24,scheduled_inspection,civil,scheduled_inspection,0.7,848,False
WO_000951,MY_N11659562142,2024-05-24,2024-05-28,raise_cabinet_and_seal,civil,flood,7.3,3430,True
WO_000952,MY_N12270101729,2024-05-24,2024-05-25,scheduled_inspection,civil,scheduled_inspection,1.2,1124,False
WO_000953,MY_N6039478983,2024-05-24,2024-05-27,raise_cabinet_and_seal,civil,flood,2.4,4579,True
WO_000954,MY_N6745537233,2024-05-24,2024-05-25,vegetation_clearance,civil,vegetation,7.9,3765,True
WO_000955,MY_N13415562181,2024-05-25,2024-05-26,scheduled_inspection,civil,scheduled_inspection,1.6,417,False
WO_000956,MY_N13967382741,2024-05-25,2024-05-26,scheduled_inspection,civil,scheduled_inspection,3.8,265,False
WO_000957,MY_N8920295576,2024-05-25,2024-05-26,raise_cabinet_and_seal,civil,flood,2.7,5165,True
WO_000958,MY_N12773184677,2024-05-26,2024-05-29,raise_cabinet_and_seal,civil,flood,2.0,3821,True
WO_000959,MY_N6555076109,2024-05-26,2024-05-27,scheduled_inspection,civil,scheduled_inspection,1.0,1021,False
WO_000960,MY_N8987661324,2024-05-26,2024-05-30,vegetation_clearance,civil,vegetation,6.7,2577,True
WO_000961,MY_W1315123577,2024-05-26,2024-05-27,battery_genset_service,power,power,7.8,527,True
WO_000962,MY_N12773184677,2024-05-27,2024-05-29,raise_cabinet_and_seal,civil,flood,1.7,1110,True
WO_000963,MY_N13142317645,2024-05-27,2024-06-01,raise_cabinet_and_seal,civil,flood,2.0,4353,True
WO_000964,MY_W1317650252,2024-05-27,2024-05-29,battery_genset_service,power,power,3.4,134,True
WO_000965,MY_N11875484224,2024-05-28,2024-06-02,vegetation_clearance,civil,vegetation,12.5,2960,True
WO_000966,MY_N12068508652,2024-05-28,2024-05-29,vegetation_clearance,civil,vegetation,10.6,1102,True
WO_000967,MY_N8044980541,2024-05-28,2024-05-30,raise_cabinet_and_seal,civil,flood,0.6,5771,True
WO_000968,MY_N12533942882,2024-05-29,2024-05-30,scheduled_inspection,civil,scheduled_inspection,0.5,423,False
WO_000969,MY_N6828231262,2024-05-29,2024-05-30,scheduled_inspection,civil,scheduled_inspection,2.3,893,False
WO_000970,MY_N11990327538,2024-06-01,2024-06-04,raise_cabinet_and_seal,civil,flood,7.2,6575,True
WO_000971,MY_N12137024406,2024-06-01,2024-06-02,scheduled_inspection,civil,scheduled_inspection,1.3,1411,False
WO_000972,MY_N13517883535,2024-06-01,2024-06-02,vegetation_clearance,civil,vegetation,13.3,3002,True
WO_000973,MY_N6759131549,2024-06-01,2024-06-05,battery_genset_service,power,power,1.6,1026,True
WO_000974,MY_N12773184677,2024-06-02,2024-06-04,vegetation_clearance,civil,vegetation,9.6,1225,True
WO_000975,MY_N13103284367,2024-06-02,2024-06-05,vegetation_clearance,civil,vegetation,0.5,2729,True
WO_000976,MY_N13103284367,2024-06-02,2024-06-06,battery_genset_service,power,power,2.3,260,True
WO_000977,MY_N3765699324,2024-06-02,2024-06-04,raise_cabinet_and_seal,civil,flood,5.6,694,True
WO_000978,MY_N3902995275,2024-06-03,2024-06-05,vegetation_clearance,civil,vegetation,3.5,1026,True
WO_000979,MY_N9466091146,2024-06-03,2024-06-07,raise_cabinet_and_seal,civil,flood,4.7,2932,True
WO_000980,MY_N11990327538,2024-06-04,2024-06-05,vegetation_clearance,civil,vegetation,1.7,8291,True
WO_000981,MY_N8988150887,2024-06-04,2024-06-05,scheduled_inspection,civil,scheduled_inspection,0.8,1161,False
WO_000982,MY_N11472433066,2024-06-05,2024-06-08,raise_cabinet_and_seal,civil,flood,4.3,5878,True
WO_000983,MY_N12097503031,2024-06-05,2024-06-10,raise_cabinet_and_seal,civil,flood,4.3,3818,True
WO_000984,MY_N4436507977,2024-06-05,2024-06-10,raise_cabinet_and_seal,civil,flood,20.4,3461,True
WO_000985,MY_N5067194637,2024-06-05,2024-06-06,slope_stabilize_and_tension,civil,terrain,3.7,2178,True
WO_000986,MY_N9003249366,2024-06-05,2024-06-06,scheduled_inspection,civil,scheduled_inspection,3.3,512,False
WO_000987,MY_N11875484226,2024-06-06,2024-06-07,vegetation_clearance,civil,vegetation,5.4,1099,True
WO_000988,MY_N12531429458,2024-06-06,2024-06-07,scheduled_inspection,civil,scheduled_inspection,1.7,319,False
WO_000989,MY_N506433555,2024-06-06,2024-06-08,vegetation_clearance,civil,vegetation,6.0,702,True
WO_000990,MY_N6745537233,2024-06-06,2024-06-07,vegetation_clearance,civil,vegetation,7.6,3197,True
WO_000991,MY_N11167076406,2024-06-07,2024-06-08,slope_stabilize_and_tension,civil,terrain,1.8,2226,True
WO_000992,MY_N11659562129,2024-06-07,2024-06-10,raise_cabinet_and_seal,civil,flood,6.7,951,True
WO_000993,MY_N12035797852,2024-06-07,2024-06-08,scheduled_inspection,civil,scheduled_inspection,0.2,791,False
WO_000994,MY_N12118412113,2024-06-07,2024-06-08,scheduled_inspection,civil,scheduled_inspection,1.7,1469,False
WO_000995,MY_N13502641928,2024-06-07,2024-06-12,vegetation_clearance,civil,vegetation,7.8,1832,True
WO_000996,MY_N11727753196,2024-06-08,2024-06-09,scheduled_inspection,civil,scheduled_inspection,1.1,553,False
WO_000997,MY_N8987661324,2024-06-08,2024-06-13,vegetation_clearance,civil,vegetation,4.4,5822,True
WO_000998,MY_N12137024402,2024-06-09,2024-06-10,scheduled_inspection,civil,scheduled_inspection,3.0,8,False
WO_000999,MY_N8267445980,2024-06-09,2024-06-10,scheduled_inspection,civil,scheduled_inspection,1.4,186,False
WO_001000,MY_W1311793314,2024-06-09,2024-06-12,raise_cabinet_and_seal,civil,flood,5.7,2821,True
WO_001001,MY_W1321815854,2024-06-09,2024-06-10,scheduled_inspection,civil,scheduled_inspection,0.2,1086,False
WO_001002,MY_N13142317645,2024-06-10,2024-06-14,battery_genset_service,power,power,6.9,7428,True
WO_001003,MY_N9466091146,2024-06-10,2024-06-13,raise_cabinet_and_seal,civil,flood,8.9,3834,True
WO_001004,MY_W822583298,2024-06-10,2024-06-14,battery_genset_service,power,power,8.4,4118,True
WO_001005,MY_N12270851329,2024-06-11,2024-06-12,scheduled_inspection,civil,scheduled_inspection,2.2,488,False
WO_001006,MY_N1662637919,2024-06-12,2024-06-17,slope_stabilize_and_tension,civil,terrain,3.1,2559,True
WO_001007,MY_N4625627407,2024-06-12,2024-06-13,scheduled_inspection,civil,scheduled_inspection,0.1,1211,False
WO_001008,MY_N4970042973,2024-06-12,2024-06-13,scheduled_inspection,civil,scheduled_inspection,3.7,829,False
WO_001009,MY_N11388862434,2024-06-13,2024-06-16,radio_unit_refresh,rf,equipment,0.6,2980,True
WO_001010,MY_N11875484224,2024-06-13,2024-06-15,raise_cabinet_and_seal,civil,flood,4.8,1398,True
WO_001011,MY_N12270851329,2024-06-13,2024-06-17,vegetation_clearance,civil,vegetation,8.1,3150,True
WO_001012,MY_N12278677313,2024-06-13,2024-06-14,scheduled_inspection,civil,scheduled_inspection,2.4,1588,False
WO_001013,MY_N8752918921,2024-06-13,2024-06-14,scheduled_inspection,civil,scheduled_inspection,2.0,1024,False
WO_001014,MY_W1267064693,2024-06-13,2024-06-14,radio_unit_refresh,rf,equipment,4.5,998,True
WO_001015,MY_N11659562129,2024-06-15,2024-06-17,raise_cabinet_and_seal,civil,flood,2.7,2799,True
WO_001016,MY_N13659918586,2024-06-16,2024-06-18,raise_cabinet_and_seal,civil,flood,7.1,3814,True
WO_001017,MY_N10137863759,2024-06-17,2024-06-18,scheduled_inspection,civil,scheduled_inspection,5.1,143,False
WO_001018,MY_N11659562130,2024-06-17,2024-06-18,scheduled_inspection,civil,scheduled_inspection,0.3,219,False
WO_001019,MY_N13807032941,2024-06-17,2024-06-18,scheduled_inspection,civil,scheduled_inspection,0.4,983,False
WO_001020,MY_N5257595022,2024-06-17,2024-06-18,scheduled_inspection,civil,scheduled_inspection,0.9,604,False
WO_001021,MY_N8025609742,2024-06-17,2024-06-18,scheduled_inspection,civil,scheduled_inspection,2.2,1156,False
WO_001022,MY_N12137013091,2024-06-18,2024-06-22,raise_cabinet_and_seal,civil,flood,7.7,3861,True
WO_001023,MY_N12137024405,2024-06-19,2024-06-20,scheduled_inspection,civil,scheduled_inspection,0.9,1736,False
WO_001024,MY_N13326193730,2024-06-19,2024-06-23,raise_cabinet_and_seal,civil,flood,3.9,4279,True
WO_001025,MY_N13531662855,2024-06-19,2024-06-20,scheduled_inspection,civil,scheduled_inspection,0.7,75,False
WO_001026,MY_N13659918586,2024-06-19,2024-06-21,vegetation_clearance,civil,vegetation,8.2,3371,True
WO_001027,MY_N8025859449,2024-06-19,2024-06-21,raise_cabinet_and_seal,civil,flood,3.7,2557,True
WO_001028,MY_N11484371222,2024-06-22,2024-06-27,battery_genset_service,power,power,9.2,1543,True
WO_001029,MY_N12137024409,2024-06-22,2024-06-27,battery_genset_service,power,power,9.5,6103,True
WO_001030,MY_N12773184677,2024-06-22,2024-06-26,battery_genset_service,power,power,2.6,1382,True
WO_001031,MY_N8044980541,2024-06-22,2024-06-26,raise_cabinet_and_seal,civil,flood,1.3,2888,True
WO_001032,MY_W1492305145,2024-06-22,2024-06-25,raise_cabinet_and_seal,civil,flood,9.2,1048,True
WO_001033,MY_N11607769670,2024-06-23,2024-06-24,scheduled_inspection,civil,scheduled_inspection,0.3,1697,False
WO_001034,MY_N13015606467,2024-06-23,2024-06-27,raise_cabinet_and_seal,civil,flood,1.7,2490,True
WO_001035,MY_N13564516539,2024-06-23,2024-06-24,scheduled_inspection,civil,scheduled_inspection,0.4,467,False
WO_001036,MY_N506433555,2024-06-23,2024-06-26,battery_genset_service,power,power,10.5,2243,True
WO_001037,MY_N8025859449,2024-06-23,2024-06-25,vegetation_clearance,civil,vegetation,4.9,1668,True
WO_001038,MY_N8850585799,2024-06-23,2024-06-28,raise_cabinet_and_seal,civil,flood,4.4,1062,True
WO_001039,MY_N11990327538,2024-06-24,2024-06-28,vegetation_clearance,civil,vegetation,4.9,4589,True
WO_001040,MY_N12050962639,2024-06-24,2024-06-25,scheduled_inspection,civil,scheduled_inspection,2.3,289,False
WO_001041,MY_N13502641928,2024-06-24,2024-06-28,vegetation_clearance,civil,vegetation,2.8,1804,True
WO_001042,MY_N1662637919,2024-06-24,2024-06-29,vegetation_clearance,civil,vegetation,4.3,1532,True
WO_001043,MY_N5067194637,2024-06-24,2024-06-29,battery_genset_service,power,power,10.3,2205,True
WO_001044,MY_W526039065,2024-06-24,2024-06-25,scheduled_inspection,civil,scheduled_inspection,1.4,434,False
WO_001045,MY_N11609644622,2024-06-25,2024-06-26,scheduled_inspection,civil,scheduled_inspection,0.6,402,False
WO_001046,MY_N13678930905,2024-06-25,2024-06-30,battery_genset_service,power,power,7.9,4990,True
WO_001047,MY_N8095997576,2024-06-26,2024-06-27,scheduled_inspection,civil,scheduled_inspection,0.3,835,False
WO_001048,MY_N8191059241,2024-06-26,2024-07-01,vegetation_clearance,civil,vegetation,9.6,1900,True
WO_001049,MY_N11151660426,2024-06-27,2024-07-02,slope_stabilize_and_tension,civil,terrain,7.6,3357,True
WO_001050,MY_N12105659133,2024-06-27,2024-06-28,scheduled_inspection,civil,scheduled_inspection,1.4,240,False
WO_001051,MY_N4963875869,2024-06-27,2024-07-01,vegetation_clearance,civil,vegetation,5.7,3043,True
WO_001052,MY_N8637709581,2024-06-27,2024-06-28,scheduled_inspection,civil,scheduled_inspection,1.0,943,False
WO_001053,MY_N6795232571,2024-06-28,2024-06-29,scheduled_inspection,civil,scheduled_inspection,0.4,22,False
WO_001054,MY_N7848117182,2024-06-28,2024-06-29,scheduled_inspection,civil,scheduled_inspection,1.6,432,False
WO_001055,MY_N4540518855,2024-06-30,2024-07-01,scheduled_inspection,civil,scheduled_inspection,3.8,1264,False
WO_001056,MY_N8979761302,2024-06-30,2024-07-01,scheduled_inspection,civil,scheduled_inspection,0.7,425,False
WO_001057,MY_N8214146544,2024-07-01,2024-07-02,scheduled_inspection,civil,scheduled_inspection,0.1,459,False
WO_001058,MY_N9810551665,2024-07-01,2024-07-05,slope_stabilize_and_tension,civil,terrain,4.0,2598,True
WO_001059,MY_N13013877873,2024-07-02,2024-07-03,vegetation_clearance,civil,vegetation,2.1,5893,True
WO_001060,MY_N6039478983,2024-07-02,2024-07-03,raise_cabinet_and_seal,civil,flood,4.4,6438,True
WO_001061,MY_N8044342361,2024-07-02,2024-07-03,scheduled_inspection,civil,scheduled_inspection,3.1,309,False
WO_001062,MY_N12270851329,2024-07-03,2024-07-06,slope_stabilize_and_tension,civil,terrain,0.6,6264,True
WO_001063,MY_N8794834932,2024-07-03,2024-07-04,scheduled_inspection,civil,scheduled_inspection,1.5,404,False
WO_001064,MY_N11151660426,2024-07-04,2024-07-07,battery_genset_service,power,power,1.7,5953,True
WO_001065,MY_N12284563602,2024-07-04,2024-07-05,scheduled_inspection,civil,scheduled_inspection,2.1,761,False
WO_001066,MY_N12397225226,2024-07-04,2024-07-05,scheduled_inspection,civil,scheduled_inspection,0.9,363,False
WO_001067,MY_N3273231502,2024-07-04,2024-07-05,scheduled_inspection,civil,scheduled_inspection,1.9,655,False
WO_001068,MY_N11730767539,2024-07-05,2024-07-06,scheduled_inspection,civil,scheduled_inspection,1.1,176,False
WO_001069,MY_N12110057369,2024-07-05,2024-07-06,scheduled_inspection,civil,scheduled_inspection,0.2,911,False
WO_001070,MY_N12462388214,2024-07-05,2024-07-06,scheduled_inspection,civil,scheduled_inspection,2.0,1199,False
WO_001071,MY_N5188734187,2024-07-05,2024-07-10,raise_cabinet_and_seal,civil,flood,6.5,2094,True
WO_001072,MY_N11659562131,2024-07-06,2024-07-08,battery_genset_service,power,power,2.5,5002,True
WO_001073,MY_N13103284367,2024-07-06,2024-07-09,battery_genset_service,power,power,2.7,1966,True
WO_001074,MY_N10801806749,2024-07-07,2024-07-10,raise_cabinet_and_seal,civil,flood,5.3,4990,True
WO_001075,MY_N6745537233,2024-07-07,2024-07-08,raise_cabinet_and_seal,civil,flood,8.5,3283,True
WO_001076,MY_N8927264925,2024-07-07,2024-07-08,scheduled_inspection,civil,scheduled_inspection,1.9,1997,False
WO_001077,MY_N10948101724,2024-07-08,2024-07-09,scheduled_inspection,civil,scheduled_inspection,1.6,622,False
WO_001078,MY_N11609644622,2024-07-08,2024-07-10,vegetation_clearance,civil,vegetation,4.7,1065,True
WO_001079,MY_N4958058752,2024-07-08,2024-07-09,scheduled_inspection,civil,scheduled_inspection,1.0,486,False
WO_001080,MY_N6039478983,2024-07-09,2024-07-12,raise_cabinet_and_seal,civil,flood,7.0,3349,True
WO_001081,MY_N8920295576,2024-07-09,2024-07-12,battery_genset_service,power,power,15.3,899,True
WO_001082,MY_N11806114326,2024-07-10,2024-07-12,radio_unit_refresh,rf,equipment,5.3,5961,True
WO_001083,MY_N12135375711,2024-07-10,2024-07-11,slope_stabilize_and_tension,civil,terrain,9.2,3236,True
WO_001084,MY_N13663195382,2024-07-10,2024-07-11,scheduled_inspection,civil,scheduled_inspection,1.3,224,False
WO_001085,MY_N5115603531,2024-07-10,2024-07-15,radio_unit_refresh,rf,equipment,2.0,2980,True
WO_001086,MY_N5188734187,2024-07-10,2024-07-13,vegetation_clearance,civil,vegetation,2.5,5415,True
WO_001087,MY_N12137024409,2024-07-11,2024-07-16,raise_cabinet_and_seal,civil,flood,3.3,2261,True
WO_001088,MY_N12270341400,2024-07-11,2024-07-12,scheduled_inspection,civil,scheduled_inspection,4.2,1122,False
WO_001089,MY_N13517883535,2024-07-11,2024-07-15,slope_stabilize_and_tension,civil,terrain,2.8,216,True
WO_001090,MY_N8176878231,2024-07-11,2024-07-12,slope_stabilize_and_tension,civil,terrain,7.2,2640,True
WO_001091,MY_N12058759613,2024-07-12,2024-07-13,vegetation_clearance,civil,vegetation,5.7,2945,True
WO_001092,MY_N11755867459,2024-07-13,2024-07-14,raise_cabinet_and_seal,civil,flood,1.8,3095,True
WO_001093,MY_N11755867459,2024-07-13,2024-07-18,radio_unit_refresh,rf,equipment,4.8,1307,True
WO_001094,MY_N12128924931,2024-07-13,2024-07-14,scheduled_inspection,civil,scheduled_inspection,0.7,1006,False
WO_001095,MY_N12548986934,2024-07-13,2024-07-15,raise_cabinet_and_seal,civil,flood,1.8,4360,True
WO_001096,MY_N12137013090,2024-07-14,2024-07-15,scheduled_inspection,civil,scheduled_inspection,1.5,295,False
WO_001097,MY_N12141554109,2024-07-14,2024-07-18,raise_cabinet_and_seal,civil,flood,10.1,759,True
WO_001098,MY_N12603668089,2024-07-14,2024-07-19,vegetation_clearance,civil,vegetation,17.5,4904,True
WO_001099,MY_N13142317645,2024-07-14,2024-07-18,battery_genset_service,power,power,6.5,2099,True
WO_001100,MY_W1545410197,2024-07-14,2024-07-18,battery_genset_service,power,power,10.9,1168,True
WO_001101,MY_W728820002,2024-07-14,2024-07-18,slope_stabilize_and_tension,civil,terrain,1.9,161,True
WO_001102,MY_N12131514585,2024-07-15,2024-07-18,raise_cabinet_and_seal,civil,flood,5.9,3394,True
WO_001103,MY_N12603668089,2024-07-15,2024-07-20,vegetation_clearance,civil,vegetation,4.3,7467,True
WO_001104,MY_N1662564012,2024-07-15,2024-07-17,raise_cabinet_and_seal,civil,flood,3.6,1561,True
WO_001105,MY_N1662564012,2024-07-15,2024-07-16,slope_stabilize_and_tension,civil,terrain,3.7,844,True
WO_001106,MY_N6039478983,2024-07-15,2024-07-19,vegetation_clearance,civil,vegetation,4.5,579,True
WO_001107,MY_N9038308805,2024-07-15,2024-07-16,raise_cabinet_and_seal,civil,flood,5.8,1343,True
WO_001108,MY_N9084071195,2024-07-15,2024-07-18,battery_genset_service,power,power,2.1,3228,True
WO_001109,MY_N11990327538,2024-07-16,2024-07-18,raise_cabinet_and_seal,civil,flood,1.2,1043,True
WO_001110,MY_N13013877873,2024-07-16,2024-07-21,raise_cabinet_and_seal,civil,flood,15.6,8895,True
WO_001111,MY_N13326193730,2024-07-16,2024-07-18,vegetation_clearance,civil,vegetation,2.6,3702,True
WO_001112,MY_N13659918586,2024-07-16,2024-07-20,battery_genset_service,power,power,4.5,1488,True
WO_001113,MY_N3765699324,2024-07-16,2024-07-19,radio_unit_refresh,rf,equipment,12.3,1291,True
WO_001114,MY_N8487785683,2024-07-16,2024-07-17,scheduled_inspection,civil,scheduled_inspection,1.7,214,False
WO_001115,MY_N8825706826,2024-07-16,2024-07-20,vegetation_clearance,civil,vegetation,2.1,834,True
WO_001116,MY_N12135375711,2024-07-17,2024-07-19,raise_cabinet_and_seal,civil,flood,2.3,1282,True
WO_001117,MY_N13142317645,2024-07-17,2024-07-22,slope_stabilize_and_tension,civil,terrain,8.0,2986,True
WO_001118,MY_N13251167214,2024-07-17,2024-07-18,scheduled_inspection,civil,scheduled_inspection,2.4,1100,False
WO_001119,MY_N7033248825,2024-07-17,2024-07-19,raise_cabinet_and_seal,civil,flood,5.0,1273,True
WO_001120,MY_N11990327538,2024-07-18,2024-07-20,slope_stabilize_and_tension,civil,terrain,5.1,4923,True
WO_001121,MY_N12227903176,2024-07-18,2024-07-22,vegetation_clearance,civil,vegetation,13.8,2212,True
WO_001122,MY_N12278677313,2024-07-18,2024-07-19,scheduled_inspection,civil,scheduled_inspection,1.2,1286,False
WO_001123,MY_N3902995301,2024-07-18,2024-07-20,vegetation_clearance,civil,vegetation,4.6,3451,True
WO_001124,MY_N8422298542,2024-07-18,2024-07-21,battery_genset_service,power,power,14.0,4275,True
WO_001125,MY_N8923088437,2024-07-18,2024-07-21,radio_unit_refresh,rf,equipment,6.8,3818,True
WO_001126,MY_N12137024409,2024-07-19,2024-07-24,vegetation_clearance,civil,vegetation,1.1,3454,True
WO_001127,MY_N5742976628,2024-07-19,2024-07-21,vegetation_clearance,civil,vegetation,3.1,1412,True
WO_001128,MY_N9003249367,2024-07-19,2024-07-20,scheduled_inspection,civil,scheduled_inspection,0.2,1467,False
WO_001129,MY_N12133717335,2024-07-20,2024-07-21,scheduled_inspection,civil,scheduled_inspection,1.0,513,False
WO_001130,MY_N8004208520,2024-07-20,2024-07-21,scheduled_inspection,civil,scheduled_inspection,1.5,886,False
WO_001131,MY_N8327095826,2024-07-20,2024-07-25,vegetation_clearance,civil,vegetation,5.7,1353,True
WO_001132,MY_N11774742770,2024-07-21,2024-07-22,scheduled_inspection,civil,scheduled_inspection,1.2,573,False
WO_001133,MY_N12137024409,2024-07-21,2024-07-22,scheduled_inspection,civil,scheduled_inspection,1.5,279,False
WO_001134,MY_N13495665455,2024-07-21,2024-07-22,slope_stabilize_and_tension,civil,terrain,10.9,1357,True
WO_001135,MY_N3902995301,2024-07-21,2024-07-24,battery_genset_service,power,power,2.6,4720,True
WO_001136,MY_W1259673925,2024-07-21,2024-07-25,radio_unit_refresh,rf,equipment,2.4,2530,True
WO_001137,MY_N12366513311,2024-07-22,2024-07-23,scheduled_inspection,civil,scheduled_inspection,1.8,299,False
WO_001138,MY_N12408785870,2024-07-22,2024-07-23,scheduled_inspection,civil,scheduled_inspection,0.6,412,False
WO_001139,MY_N13517883535,2024-07-22,2024-07-24,vegetation_clearance,civil,vegetation,7.4,158,True
WO_001140,MY_N8899990561,2024-07-22,2024-07-23,raise_cabinet_and_seal,civil,flood,2.7,1116,True
WO_001141,MY_N9116081582,2024-07-22,2024-07-23,scheduled_inspection,civil,scheduled_inspection,2.2,693,False
WO_001142,MY_N11875484221,2024-07-23,2024-07-24,scheduled_inspection,civil,scheduled_inspection,0.9,928,False
WO_001143,MY_N12137013088,2024-07-23,2024-07-24,scheduled_inspection,civil,scheduled_inspection,0.3,51,False
WO_001144,MY_W1259673925,2024-07-23,2024-07-26,vegetation_clearance,civil,vegetation,11.3,128,True
WO_001145,MY_N12177011818,2024-07-24,2024-07-25,scheduled_inspection,civil,scheduled_inspection,1.3,1158,False
WO_001146,MY_N13678930905,2024-07-24,2024-07-29,vegetation_clearance,civil,vegetation,19.8,2711,True
WO_001147,MY_N6451638812,2024-07-24,2024-07-27,raise_cabinet_and_seal,civil,flood,3.1,2351,True
WO_001148,MY_N8044980541,2024-07-24,2024-07-29,raise_cabinet_and_seal,civil,flood,3.8,3581,True
WO_001149,MY_N8899964135,2024-07-24,2024-07-28,raise_cabinet_and_seal,civil,flood,3.6,2931,True
WO_001150,MY_N9040016333,2024-07-24,2024-07-25,scheduled_inspection,civil,scheduled_inspection,0.7,882,False
WO_001151,MY_N12137013087,2024-07-25,2024-07-27,battery_genset_service,power,power,11.4,2977,True
WO_001152,MY_N12137013091,2024-07-25,2024-07-30,raise_cabinet_and_seal,civil,flood,7.6,2115,True
WO_001153,MY_N13663195382,2024-07-25,2024-07-30,vegetation_clearance,civil,vegetation,5.8,1793,True
WO_001154,MY_N3765699324,2024-07-25,2024-07-27,raise_cabinet_and_seal,civil,flood,4.1,2599,True
WO_001155,MY_N7841645805,2024-07-25,2024-07-26,scheduled_inspection,civil,scheduled_inspection,0.2,813,False
WO_001156,MY_N13659918586,2024-07-26,2024-07-28,raise_cabinet_and_seal,civil,flood,5.0,2893,True
WO_001157,MY_W1270085203,2024-07-26,2024-07-30,slope_stabilize_and_tension,civil,terrain,4.8,1875,True
WO_001158,MY_N12118412113,2024-07-27,2024-07-28,scheduled_inspection,civil,scheduled_inspection,0.3,273,False
WO_001159,MY_N6457937009,2024-07-27,2024-07-29,raise_cabinet_and_seal,civil,flood,4.3,2028,True
WO_001160,MY_W1317650252,2024-07-27,2024-07-30,raise_cabinet_and_seal,civil,flood,7.1,1662,True
WO_001161,MY_N11875484224,2024-07-28,2024-08-01,raise_cabinet_and_seal,civil,flood,3.0,2337,True
WO_001162,MY_N12152835735,2024-07-28,2024-07-29,scheduled_inspection,civil,scheduled_inspection,3.0,313,False
WO_001163,MY_N12270851329,2024-07-28,2024-07-31,slope_stabilize_and_tension,civil,terrain,9.7,6303,True
WO_001164,MY_N4436507977,2024-07-28,2024-08-02,vegetation_clearance,civil,vegetation,25.1,1721,True
WO_001165,MY_N10264085957,2024-07-29,2024-07-30,scheduled_inspection,civil,scheduled_inspection,4.8,237,False
WO_001166,MY_N13015606469,2024-07-29,2024-07-30,scheduled_inspection,civil,scheduled_inspection,1.0,2196,False
WO_001167,MY_N8780937437,2024-07-31,2024-08-01,scheduled_inspection,civil,scheduled_inspection,1.9,215,False
WO_001168,MY_N11609644622,2024-08-01,2024-08-06,raise_cabinet_and_seal,civil,flood,1.6,1788,True
WO_001169,MY_N11875484224,2024-08-01,2024-08-04,vegetation_clearance,civil,vegetation,1.7,1747,True
WO_001170,MY_N4553240899,2024-08-01,2024-08-02,scheduled_inspection,civil,scheduled_inspection,1.6,673,False
WO_001171,MY_N8812260333,2024-08-01,2024-08-06,raise_cabinet_and_seal,civil,flood,3.5,1834,True
WO_001172,MY_N13678930905,2024-08-02,2024-08-04,battery_genset_service,power,power,10.4,3559,True
WO_001173,MY_N4775194882,2024-08-02,2024-08-06,raise_cabinet_and_seal,civil,flood,10.5,1201,True
WO_001174,MY_N13891743611,2024-08-03,2024-08-08,vegetation_clearance,civil,vegetation,8.7,656,True
WO_001175,MY_N4436507977,2024-08-03,2024-08-06,vegetation_clearance,civil,vegetation,16.9,6380,True
WO_001176,MY_N6039478983,2024-08-03,2024-08-07,raise_cabinet_and_seal,civil,flood,5.2,3288,True
WO_001177,MY_N8327095826,2024-08-03,2024-08-06,vegetation_clearance,civil,vegetation,0.3,1167,True
WO_001178,MY_N10771843285,2024-08-04,2024-08-06,vegetation_clearance,civil,vegetation,6.9,3634,True
WO_001179,MY_N11484371222,2024-08-04,2024-08-09,battery_genset_service,power,power,4.2,1386,True
WO_001180,MY_N12270101729,2024-08-04,2024-08-05,scheduled_inspection,civil,scheduled_inspection,1.9,2016,False
WO_001181,MY_N12270851329,2024-08-04,2024-08-05,vegetation_clearance,civil,vegetation,7.4,2317,True
WO_001182,MY_N13013877873,2024-08-04,2024-08-08,battery_genset_service,power,power,3.1,5943,True
WO_001183,MY_N13013877873,2024-08-04,2024-08-07,battery_genset_service,power,power,0.4,2508,True
WO_001184,MY_N5067194637,2024-08-04,2024-08-06,raise_cabinet_and_seal,civil,flood,21.5,1770,True
WO_001185,MY_N7841645805,2024-08-04,2024-08-05,scheduled_inspection,civil,scheduled_inspection,0.2,495,False
WO_001186,MY_W1270085203,2024-08-05,2024-08-10,slope_stabilize_and_tension,civil,terrain,2.9,2835,True
WO_001187,MY_N11950354037,2024-08-06,2024-08-07,scheduled_inspection,civil,scheduled_inspection,1.5,897,False
WO_001188,MY_N1662564012,2024-08-06,2024-08-09,raise_cabinet_and_seal,civil,flood,6.0,1998,True
WO_001189,MY_N6745537234,2024-08-06,2024-08-11,slope_stabilize_and_tension,civil,terrain,1.6,3665,True
WO_001190,MY_N11659562131,2024-08-07,2024-08-11,radio_unit_refresh,rf,equipment,1.1,3752,True
WO_001191,MY_N11755867459,2024-08-07,2024-08-10,vegetation_clearance,civil,vegetation,11.0,529,True
WO_001192,MY_N12548986934,2024-08-08,2024-08-09,vegetation_clearance,civil,vegetation,9.7,3028,True
WO_001193,MY_N8081694353,2024-08-08,2024-08-09,scheduled_inspection,civil,scheduled_inspection,1.3,700,False
WO_001194,MY_N8259081451,2024-08-08,2024-08-09,scheduled_inspection,civil,scheduled_inspection,3.1,338,False
WO_001195,MY_N12135375724,2024-08-09,2024-08-10,scheduled_inspection,civil,scheduled_inspection,0.0,54,False
WO_001196,MY_N13103629671,2024-08-09,2024-08-10,scheduled_inspection,civil,scheduled_inspection,0.5,362,False
WO_001197,MY_N8099999650,2024-08-09,2024-08-10,scheduled_inspection,civil,scheduled_inspection,0.9,484,False
WO_001198,MY_N8327095826,2024-08-09,2024-08-14,slope_stabilize_and_tension,civil,terrain,4.0,4336,True
WO_001199,MY_N8920295576,2024-08-09,2024-08-14,raise_cabinet_and_seal,civil,flood,4.7,2506,True
WO_001200,MY_W1285114522,2024-08-09,2024-08-13,slope_stabilize_and_tension,civil,terrain,3.3,588,True
WO_001201,MY_N5115603531,2024-08-10,2024-08-14,slope_stabilize_and_tension,civil,terrain,3.4,709,True
WO_001202,MY_N13103284367,2024-08-11,2024-08-15,raise_cabinet_and_seal,civil,flood,5.7,2244,True
WO_001203,MY_N5115603531,2024-08-11,2024-08-16,battery_genset_service,power,power,4.7,5889,True
WO_001204,MY_N9003249367,2024-08-11,2024-08-13,raise_cabinet_and_seal,civil,flood,6.2,2884,True
WO_001205,MY_N9084071195,2024-08-11,2024-08-15,raise_cabinet_and_seal,civil,flood,13.4,2706,True
WO_001206,MY_N12137024409,2024-08-13,2024-08-18,raise_cabinet_and_seal,civil,flood,14.5,2079,True
WO_001207,MY_N12138116212,2024-08-13,2024-08-18,radio_unit_refresh,rf,equipment,2.9,4742,True
WO_001208,MY_N506433555,2024-08-13,2024-08-17,raise_cabinet_and_seal,civil,flood,3.3,3491,True
WO_001209,MY_N10771843285,2024-08-14,2024-08-16,radio_unit_refresh,rf,equipment,4.5,2781,True
WO_001210,MY_N11802478955,2024-08-14,2024-08-17,raise_cabinet_and_seal,civil,flood,1.6,1659,True
WO_001211,MY_N12137024409,2024-08-14,2024-08-18,vegetation_clearance,civil,vegetation,6.8,1259,True
WO_001212,MY_N12058759613,2024-08-15,2024-08-20,raise_cabinet_and_seal,civil,flood,6.6,2808,True
WO_001213,MY_N11659562129,2024-08-16,2024-08-19,raise_cabinet_and_seal,civil,flood,2.7,2223,True
WO_001214,MY_N11659562142,2024-08-16,2024-08-17,raise_cabinet_and_seal,civil,flood,5.1,1230,True
WO_001215,MY_N12603668089,2024-08-16,2024-08-19,raise_cabinet_and_seal,civil,flood,17.4,7598,True
WO_001216,MY_N12773184677,2024-08-16,2024-08-19,vegetation_clearance,civil,vegetation,12.1,4822,True
WO_001217,MY_N13013877873,2024-08-16,2024-08-18,vegetation_clearance,civil,vegetation,1.9,4816,True
WO_001218,MY_N1662637919,2024-08-16,2024-08-17,slope_stabilize_and_tension,civil,terrain,1.4,2116,True
WO_001219,MY_N7033248825,2024-08-17,2024-08-22,slope_stabilize_and_tension,civil,terrain,1.3,3197,True
WO_001220,MY_N9038308805,2024-08-17,2024-08-18,scheduled_inspection,civil,scheduled_inspection,2.6,223,False
WO_001221,MY_N8987661324,2024-08-18,2024-08-21,slope_stabilize_and_tension,civil,terrain,4.3,4140,True
WO_001222,MY_N9040016329,2024-08-18,2024-08-19,scheduled_inspection,civil,scheduled_inspection,0.5,1227,False
WO_001223,MY_W1267064693,2024-08-18,2024-08-22,slope_stabilize_and_tension,civil,terrain,9.6,1350,True
WO_001224,MY_N8794834931,2024-08-19,2024-08-20,scheduled_inspection,civil,scheduled_inspection,0.5,239,False
WO_001225,MY_W1387401029,2024-08-19,2024-08-20,scheduled_inspection,civil,scheduled_inspection,0.4,1445,False
WO_001226,MY_N11659562130,2024-08-20,2024-08-21,raise_cabinet_and_seal,civil,flood,1.1,8486,True
WO_001227,MY_N12135375711,2024-08-20,2024-08-21,slope_stabilize_and_tension,civil,terrain,1.7,4514,True
WO_001228,MY_N4436507977,2024-08-20,2024-08-25,raise_cabinet_and_seal,civil,flood,6.2,5639,True
WO_001229,MY_N6745537235,2024-08-20,2024-08-24,slope_stabilize_and_tension,civil,terrain,12.6,5318,True
WO_001230,MY_N11991939583,2024-08-21,2024-08-22,scheduled_inspection,civil,scheduled_inspection,2.4,1768,False
WO_001231,MY_N13015545328,2024-08-21,2024-08-22,scheduled_inspection,civil,scheduled_inspection,7.1,433,False
WO_001232,MY_N4436507977,2024-08-21,2024-08-25,vegetation_clearance,civil,vegetation,6.8,1661,True
WO_001233,MY_N11484371222,2024-08-22,2024-08-23,raise_cabinet_and_seal,civil,flood,0.8,914,True
WO_001234,MY_N6745537233,2024-08-22,2024-08-27,battery_genset_service,power,power,14.6,660,True
WO_001235,MY_W545795634,2024-08-22,2024-08-23,scheduled_inspection,civil,scheduled_inspection,1.1,907,False
WO_001236,MY_N11659562128,2024-08-23,2024-08-24,raise_cabinet_and_seal,civil,flood,8.8,1178,True
WO_001237,MY_N11738300326,2024-08-23,2024-08-25,raise_cabinet_and_seal,civil,flood,8.6,523,True
WO_001238,MY_N12773184677,2024-08-23,2024-08-24,raise_cabinet_and_seal,civil,flood,1.9,527,True
WO_001239,MY_N8095997576,2024-08-23,2024-08-24,scheduled_inspection,civil,scheduled_inspection,1.4,306,False
WO_001240,MY_W1270085203,2024-08-23,2024-08-24,battery_genset_service,power,power,7.5,1305,True
WO_001241,MY_N8899990561,2024-08-24,2024-08-25,scheduled_inspection,civil,scheduled_inspection,0.5,542,False
WO_001242,MY_N6628565568,2024-08-25,2024-08-26,scheduled_inspection,civil,scheduled_inspection,2.4,826,False
WO_001243,MY_N10802588447,2024-08-26,2024-08-29,vegetation_clearance,civil,vegetation,7.1,4922,True
WO_001244,MY_N6457937009,2024-08-26,2024-08-28,vegetation_clearance,civil,vegetation,1.6,3405,True
WO_001245,MY_N8194478063,2024-08-26,2024-08-27,scheduled_inspection,civil,scheduled_inspection,0.4,587,False
WO_001246,MY_N11167076406,2024-08-27,2024-08-31,raise_cabinet_and_seal,civil,flood,2.3,1147,True
WO_001247,MY_N12270341400,2024-08-27,2024-08-29,raise_cabinet_and_seal,civil,flood,9.2,3516,True
WO_001248,MY_N13502641928,2024-08-27,2024-08-29,raise_cabinet_and_seal,civil,flood,2.5,1248,True
WO_001249,MY_N8330712478,2024-08-27,2024-08-28,scheduled_inspection,civil,scheduled_inspection,2.8,955,False
WO_001250,MY_N13502641928,2024-08-28,2024-08-31,radio_unit_refresh,rf,equipment,4.8,3157,True
WO_001251,MY_W1317650252,2024-08-30,2024-08-31,scheduled_inspection,civil,scheduled_inspection,2.0,1492,False
WO_001252,MY_N13142317645,2024-09-01,2024-09-03,vegetation_clearance,civil,vegetation,14.1,1106,True
WO_001253,MY_W1270085203,2024-09-01,2024-09-06,raise_cabinet_and_seal,civil,flood,5.6,845,True
WO_001254,MY_W1274670480,2024-09-01,2024-09-05,radio_unit_refresh,rf,equipment,2.2,4189,True
WO_001255,MY_W728820002,2024-09-01,2024-09-04,raise_cabinet_and_seal,civil,flood,9.0,2625,True
WO_001256,MY_N12137013088,2024-09-02,2024-09-05,slope_stabilize_and_tension,civil,terrain,9.2,2203,True
WO_001257,MY_N13889784607,2024-09-02,2024-09-03,scheduled_inspection,civil,scheduled_inspection,0.3,1404,False
WO_001258,MY_N13979312124,2024-09-02,2024-09-05,battery_genset_service,power,power,2.0,2320,True
WO_001259,MY_N6457937009,2024-09-02,2024-09-07,raise_cabinet_and_seal,civil,flood,4.0,113,True
WO_001260,MY_N9919057004,2024-09-02,2024-09-03,scheduled_inspection,civil,scheduled_inspection,0.4,153,False
WO_001261,MY_W1183622030,2024-09-02,2024-09-06,slope_stabilize_and_tension,civil,terrain,4.4,741,True
WO_001262,MY_N6451638812,2024-09-03,2024-09-05,raise_cabinet_and_seal,civil,flood,5.4,6211,True
WO_001263,MY_W1183622030,2024-09-03,2024-09-06,vegetation_clearance,civil,vegetation,1.5,1774,True
WO_001264,MY_N11484371222,2024-09-04,2024-09-06,raise_cabinet_and_seal,civil,flood,2.8,7341,True
WO_001265,MY_N13326193730,2024-09-04,2024-09-05,radio_unit_refresh,rf,equipment,3.0,3131,True
WO_001266,MY_N5257595022,2024-09-04,2024-09-05,scheduled_inspection,civil,scheduled_inspection,3.7,403,False
WO_001267,MY_N6745537234,2024-09-04,2024-09-05,scheduled_inspection,civil,scheduled_inspection,2.7,683,False
WO_001268,MY_N8191059241,2024-09-04,2024-09-05,raise_cabinet_and_seal,civil,flood,6.3,3053,True
WO_001269,MY_W1144244595,2024-09-04,2024-09-05,scheduled_inspection,civil,scheduled_inspection,1.7,122,False
WO_001270,MY_N8191059241,2024-09-05,2024-09-09,radio_unit_refresh,rf,equipment,0.9,1174,True
WO_001271,MY_W1270085203,2024-09-05,2024-09-08,vegetation_clearance,civil,vegetation,5.3,874,True
WO_001272,MY_N12548986934,2024-09-06,2024-09-07,battery_genset_service,power,power,8.9,1720,True
WO_001273,MY_N13142317645,2024-09-06,2024-09-08,battery_genset_service,power,power,2.2,8366,True
WO_001274,MY_N13663195382,2024-09-06,2024-09-08,vegetation_clearance,civil,vegetation,6.8,2343,True
WO_001275,MY_N4540518868,2024-09-06,2024-09-07,scheduled_inspection,civil,scheduled_inspection,0.3,281,False
WO_001276,MY_N4540536734,2024-09-07,2024-09-08,scheduled_inspection,civil,scheduled_inspection,2.0,653,False
WO_001277,MY_N8044671936,2024-09-07,2024-09-08,scheduled_inspection,civil,scheduled_inspection,2.5,279,False
WO_001278,MY_W1288067099,2024-09-07,2024-09-08,scheduled_inspection,civil,scheduled_inspection,1.4,455,False
WO_001279,MY_N10802588425,2024-09-08,2024-09-09,vegetation_clearance,civil,vegetation,7.7,1960,True
WO_001280,MY_N12135375711,2024-09-08,2024-09-13,raise_cabinet_and_seal,civil,flood,3.1,3261,True
WO_001281,MY_N4436507977,2024-09-08,2024-09-09,slope_stabilize_and_tension,civil,terrain,4.0,2396,True
WO_001282,MY_N4567112599,2024-09-08,2024-09-09,scheduled_inspection,civil,scheduled_inspection,2.4,341,False
WO_001283,MY_N11659562129,2024-09-09,2024-09-10,scheduled_inspection,civil,scheduled_inspection,0.2,804,False
WO_001284,MY_N12309364294,2024-09-09,2024-09-14,slope_stabilize_and_tension,civil,terrain,5.9,2341,True
WO_001285,MY_N13979312124,2024-09-09,2024-09-12,vegetation_clearance,civil,vegetation,11.3,1278,True
WO_001286,MY_N8899990561,2024-09-09,2024-09-10,slope_stabilize_and_tension,civil,terrain,7.6,2990,True
WO_001287,MY_N8923088437,2024-09-09,2024-09-14,radio_unit_refresh,rf,equipment,1.9,3875,True
WO_001288,MY_N1662564012,2024-09-10,2024-09-14,raise_cabinet_and_seal,civil,flood,15.4,349,True
WO_001289,MY_N1662637919,2024-09-10,2024-09-12,vegetation_clearance,civil,vegetation,6.6,4024,True
WO_001290,MY_N7033248825,2024-09-10,2024-09-11,scheduled_inspection,civil,scheduled_inspection,2.8,746,False
WO_001291,MY_N8025859449,2024-09-10,2024-09-15,battery_genset_service,power,power,22.8,6620,True
WO_001292,MY_N13103629668,2024-09-11,2024-09-12,scheduled_inspection,civil,scheduled_inspection,0.8,1292,False
WO_001293,MY_N3901387616,2024-09-12,2024-09-16,slope_stabilize_and_tension,civil,terrain,8.5,843,True
WO_001294,MY_W1183622030,2024-09-12,2024-09-14,battery_genset_service,power,power,5.4,5299,True
WO_001295,MY_N10317040484,2024-09-13,2024-09-14,scheduled_inspection,civil,scheduled_inspection,2.8,623,False
WO_001296,MY_N11659562133,2024-09-13,2024-09-15,radio_unit_refresh,rf,equipment,7.3,4763,True
WO_001297,MY_N8439185733,2024-09-13,2024-09-14,scheduled_inspection,civil,scheduled_inspection,1.1,492,False
WO_001298,MY_N11990327538,2024-09-14,2024-09-18,vegetation_clearance,civil,vegetation,3.2,4175,True
WO_001299,MY_N13013877873,2024-09-14,2024-09-17,vegetation_clearance,civil,vegetation,6.6,3859,True
WO_001300,MY_W1117797547,2024-09-14,2024-09-15,scheduled_inspection,civil,scheduled_inspection,0.2,1450,False
WO_001301,MY_N10224694924,2024-09-15,2024-09-16,scheduled_inspection,civil,scheduled_inspection,0.2,546,False
WO_001302,MY_N10801806749,2024-09-15,2024-09-20,raise_cabinet_and_seal,civil,flood,9.6,4342,True
WO_001303,MY_N11388862434,2024-09-15,2024-09-16,raise_cabinet_and_seal,civil,flood,4.3,3273,True
WO_001304,MY_N3341958135,2024-09-15,2024-09-20,raise_cabinet_and_seal,civil,flood,0.5,1329,True
WO_001305,MY_N8899964135,2024-09-15,2024-09-18,vegetation_clearance,civil,vegetation,6.3,3750,True
WO_001306,MY_W822583298,2024-09-15,2024-09-16,battery_genset_service,power,power,8.8,2094,True
WO_001307,MY_N10943434976,2024-09-16,2024-09-17,scheduled_inspection,civil,scheduled_inspection,3.8,915,False
WO_001308,MY_N13502641928,2024-09-16,2024-09-17,raise_cabinet_and_seal,civil,flood,7.1,4527,True
WO_001309,MY_N610175376,2024-09-16,2024-09-18,radio_unit_refresh,rf,equipment,4.8,4114,True
WO_001310,MY_N7567968606,2024-09-16,2024-09-17,scheduled_inspection,civil,scheduled_inspection,0.5,415,False
WO_001311,MY_N13331200714,2024-09-17,2024-09-22,raise_cabinet_and_seal,civil,flood,5.2,4123,True
WO_001312,MY_N11472433066,2024-09-18,2024-09-21,vegetation_clearance,civil,vegetation,5.3,3901,True
WO_001313,MY_N11472433066,2024-09-18,2024-09-19,vegetation_clearance,civil,vegetation,6.8,2063,True
WO_001314,MY_N11990327538,2024-09-18,2024-09-22,raise_cabinet_and_seal,civil,flood,6.4,5630,True
WO_001315,MY_N12135373696,2024-09-18,2024-09-22,vegetation_clearance,civil,vegetation,4.3,6866,True
WO_001316,MY_N4625586068,2024-09-18,2024-09-19,scheduled_inspection,civil,scheduled_inspection,0.3,1137,False
WO_001317,MY_N11388862434,2024-09-19,2024-09-24,radio_unit_refresh,rf,equipment,4.4,7537,True
WO_001318,MY_N11875484224,2024-09-19,2024-09-24,battery_genset_service,power,power,4.9,1217,True
WO_001319,MY_N3765699324,2024-09-19,2024-09-21,battery_genset_service,power,power,7.9,2713,True
WO_001320,MY_N3901387616,2024-09-20,2024-09-23,vegetation_clearance,civil,vegetation,10.0,2577,True
WO_001321,MY_N6833359897,2024-09-20,2024-09-23,raise_cabinet_and_seal,civil,flood,10.0,988,True
WO_001322,MY_N8794834931,2024-09-20,2024-09-21,scheduled_inspection,civil,scheduled_inspection,0.9,1389,False
WO_001323,MY_W1267064693,2024-09-20,2024-09-24,slope_stabilize_and_tension,civil,terrain,7.3,682,True
WO_001324,MY_N13015545327,2024-09-21,2024-09-22,scheduled_inspection,civil,scheduled_inspection,6.2,700,False
WO_001325,MY_N9944968255,2024-09-21,2024-09-22,scheduled_inspection,civil,scheduled_inspection,1.1,832,False
WO_001326,MY_N11875484227,2024-09-22,2024-09-23,scheduled_inspection,civil,scheduled_inspection,1.2,267,False
WO_001327,MY_N12397225226,2024-09-22,2024-09-23,scheduled_inspection,civil,scheduled_inspection,3.8,136,False
WO_001328,MY_N3902995301,2024-09-22,2024-09-23,scheduled_inspection,civil,scheduled_inspection,4.0,431,False
WO_001329,MY_N7033248825,2024-09-22,2024-09-23,vegetation_clearance,civil,vegetation,6.2,2575,True
WO_001330,MY_N8923088437,2024-09-22,2024-09-25,battery_genset_service,power,power,3.4,2969,True
WO_001331,MY_N9040016332,2024-09-22,2024-09-23,scheduled_inspection,civil,scheduled_inspection,1.7,461,False
WO_001332,MY_N11875484223,2024-09-23,2024-09-26,raise_cabinet_and_seal,civil,flood,2.5,2766,True
WO_001333,MY_N12548986934,2024-09-23,2024-09-25,battery_genset_service,power,power,1.4,1031,True
WO_001334,MY_N8025859449,2024-09-23,2024-09-26,battery_genset_service,power,power,15.5,2130,True
WO_001335,MY_N8387910052,2024-09-23,2024-09-24,scheduled_inspection,civil,scheduled_inspection,0.8,201,False
WO_001336,MY_N9040016333,2024-09-23,2024-09-25,vegetation_clearance,civil,vegetation,3.0,5106,True
WO_001337,MY_N11875484226,2024-09-24,2024-09-29,raise_cabinet_and_seal,civil,flood,3.8,4216,True
WO_001338,MY_N6157011103,2024-09-24,2024-09-25,raise_cabinet_and_seal,civil,flood,1.4,2347,True
WO_001339,MY_N11346244297,2024-09-25,2024-09-26,scheduled_inspection,civil,scheduled_inspection,1.4,422,False
WO_001340,MY_N8044980541,2024-09-25,2024-09-26,scheduled_inspection,civil,scheduled_inspection,1.8,1503,False
WO_001341,MY_N10802588447,2024-09-26,2024-09-27,slope_stabilize_and_tension,civil,terrain,8.7,8374,True
WO_001342,MY_N12035797862,2024-09-26,2024-09-27,scheduled_inspection,civil,scheduled_inspection,0.9,393,False
WO_001343,MY_N13013877873,2024-09-26,2024-10-01,vegetation_clearance,civil,vegetation,3.7,2159,True
WO_001344,MY_N12284680509,2024-09-27,2024-09-28,scheduled_inspection,civil,scheduled_inspection,3.2,507,False
WO_001345,MY_N506433555,2024-09-27,2024-10-02,raise_cabinet_and_seal,civil,flood,8.9,754,True
WO_001346,MY_N6093033474,2024-09-27,2024-09-29,battery_genset_service,power,power,3.3,2279,True
WO_001347,MY_N11875484220,2024-09-28,2024-09-29,scheduled_inspection,civil,scheduled_inspection,0.5,515,False
WO_001348,MY_N12137024409,2024-09-28,2024-10-03,slope_stabilize_and_tension,civil,terrain,10.3,801,True
WO_001349,MY_N12138116212,2024-09-28,2024-10-01,vegetation_clearance,civil,vegetation,3.3,3490,True
WO_001350,MY_W1386907231,2024-09-28,2024-09-29,scheduled_inspection,civil,scheduled_inspection,0.5,896,False
WO_001351,MY_N12407437060,2024-09-29,2024-09-30,scheduled_inspection,civil,scheduled_inspection,2.1,1238,False
WO_001352,MY_N5012069413,2024-09-30,2024-10-01,scheduled_inspection,civil,scheduled_inspection,0.5,387,False
WO_001353,MY_N5063253063,2024-10-01,2024-10-06,raise_cabinet_and_seal,civil,flood,6.9,4019,True
WO_001354,MY_N9003249367,2024-10-01,2024-10-05,slope_stabilize_and_tension,civil,terrain,5.2,870,True
WO_001355,MY_N12058759613,2024-10-02,2024-10-04,raise_cabinet_and_seal,civil,flood,6.4,2013,True
WO_001356,MY_N12397225229,2024-10-02,2024-10-03,scheduled_inspection,civil,scheduled_inspection,0.2,1529,False
WO_001357,MY_N13502641928,2024-10-02,2024-10-06,battery_genset_service,power,power,3.9,4855,True
WO_001358,MY_N5742976628,2024-10-02,2024-10-04,vegetation_clearance,civil,vegetation,9.4,1966,True
WO_001359,MY_W1386907231,2024-10-02,2024-10-05,slope_stabilize_and_tension,civil,terrain,7.9,2490,True
WO_001360,MY_N13891743611,2024-10-03,2024-10-07,vegetation_clearance,civil,vegetation,7.6,2397,True
WO_001361,MY_N8812260333,2024-10-03,2024-10-06,battery_genset_service,power,power,8.7,2816,True
WO_001362,MY_N12927458268,2024-10-05,2024-10-06,scheduled_inspection,civil,scheduled_inspection,1.2,1165,False
WO_001363,MY_N8987661324,2024-10-05,2024-10-06,scheduled_inspection,civil,scheduled_inspection,0.3,741,False
WO_001364,MY_W1303814692,2024-10-05,2024-10-06,scheduled_inspection,civil,scheduled_inspection,0.7,1157,False
WO_001365,MY_N1662564012,2024-10-06,2024-10-11,slope_stabilize_and_tension,civil,terrain,5.2,436,True
WO_001366,MY_N3902995326,2024-10-06,2024-10-08,vegetation_clearance,civil,vegetation,5.5,2772,True
WO_001367,MY_N4760131971,2024-10-06,2024-10-07,scheduled_inspection,civil,scheduled_inspection,1.3,758,False
WO_001368,MY_W1315123577,2024-10-06,2024-10-10,battery_genset_service,power,power,2.0,3719,True
WO_001369,MY_N11530928262,2024-10-07,2024-10-08,scheduled_inspection,civil,scheduled_inspection,1.2,667,False
WO_001370,MY_N11802478955,2024-10-07,2024-10-10,raise_cabinet_and_seal,civil,flood,3.9,1093,True
WO_001371,MY_N13502641928,2024-10-07,2024-10-09,raise_cabinet_and_seal,civil,flood,9.0,1153,True
WO_001372,MY_W1496819391,2024-10-07,2024-10-11,battery_genset_service,power,power,9.5,5610,True
WO_001373,MY_N12058759613,2024-10-08,2024-10-12,raise_cabinet_and_seal,civil,flood,13.4,5044,True
WO_001374,MY_N13659918586,2024-10-08,2024-10-09,raise_cabinet_and_seal,civil,flood,6.6,2103,True
WO_001375,MY_N4124017453,2024-10-08,2024-10-09,scheduled_inspection,civil,scheduled_inspection,1.5,1244,False
WO_001376,MY_N11659562129,2024-10-10,2024-10-15,radio_unit_refresh,rf,equipment,4.5,888,True
WO_001377,MY_N8176878231,2024-10-10,2024-10-15,slope_stabilize_and_tension,civil,terrain,6.6,1524,True
WO_001378,MY_N9003249367,2024-10-10,2024-10-12,vegetation_clearance,civil,vegetation,6.0,2309,True
WO_001379,MY_N12035797855,2024-10-11,2024-10-12,scheduled_inspection,civil,scheduled_inspection,0.5,1115,False
WO_001380,MY_N12270851329,2024-10-11,2024-10-12,raise_cabinet_and_seal,civil,flood,15.1,3597,True
WO_001381,MY_N12137013087,2024-10-12,2024-10-13,vegetation_clearance,civil,vegetation,5.0,311,True
WO_001382,MY_N1989261313,2024-10-13,2024-10-14,scheduled_inspection,civil,scheduled_inspection,1.1,1810,False
WO_001383,MY_N10802588447,2024-10-14,2024-10-17,raise_cabinet_and_seal,civil,flood,7.9,1130,True
WO_001384,MY_N11875484224,2024-10-14,2024-10-15,battery_genset_service,power,power,12.7,4333,True
WO_001385,MY_N10948101726,2024-10-15,2024-10-16,scheduled_inspection,civil,scheduled_inspection,0.6,688,False
WO_001386,MY_N12135373696,2024-10-15,2024-10-18,raise_cabinet_and_seal,civil,flood,12.9,870,True
WO_001387,MY_N13013877873,2024-10-16,2024-10-21,battery_genset_service,power,power,3.1,1340,True
WO_001388,MY_N3902995326,2024-10-16,2024-10-20,vegetation_clearance,civil,vegetation,14.3,2506,True
WO_001389,MY_W1117797548,2024-10-16,2024-10-17,scheduled_inspection,civil,scheduled_inspection,3.1,683,False
WO_001390,MY_N13326193730,2024-10-17,2024-10-19,vegetation_clearance,civil,vegetation,2.5,1454,True
WO_001391,MY_N3234716501,2024-10-17,2024-10-18,scheduled_inspection,civil,scheduled_inspection,1.8,656,False
WO_001392,MY_N4436507977,2024-10-17,2024-10-22,raise_cabinet_and_seal,civil,flood,7.6,6722,True
WO_001393,MY_N5067194637,2024-10-18,2024-10-21,vegetation_clearance,civil,vegetation,2.4,7006,True
WO_001394,MY_N5788369099,2024-10-18,2024-10-19,scheduled_inspection,civil,scheduled_inspection,3.1,232,False
WO_001395,MY_W1267147830,2024-10-18,2024-10-19,scheduled_inspection,civil,scheduled_inspection,1.8,519,False
WO_001396,MY_W1265004387,2024-10-19,2024-10-20,scheduled_inspection,civil,scheduled_inspection,0.6,666,False
WO_001397,MY_N13326193730,2024-10-20,2024-10-22,battery_genset_service,power,power,1.3,2406,True
WO_001398,MY_N8812260333,2024-10-20,2024-10-23,battery_genset_service,power,power,1.0,3365,True
WO_001399,MY_N8899990561,2024-10-20,2024-10-23,battery_genset_service,power,power,10.2,3376,True
WO_001400,MY_W1317650252,2024-10-20,2024-10-21,slope_stabilize_and_tension,civil,terrain,8.0,3255,True
WO_001401,MY_N8794834931,2024-10-21,2024-10-22,scheduled_inspection,civil,scheduled_inspection,1.4,1322,False
WO_001402,MY_N12137013087,2024-10-22,2024-10-23,raise_cabinet_and_seal,civil,flood,2.9,6987,True
WO_001403,MY_N13015606466,2024-10-22,2024-10-23,scheduled_inspection,civil,scheduled_inspection,0.3,717,False
WO_001404,MY_N5510158263,2024-10-22,2024-10-23,scheduled_inspection,civil,scheduled_inspection,2.6,640,False
WO_001405,MY_N11167076406,2024-10-23,2024-10-27,raise_cabinet_and_seal,civil,flood,2.4,1339,True
WO_001406,MY_N13015545327,2024-10-23,2024-10-24,scheduled_inspection,civil,scheduled_inspection,1.2,378,False
WO_001407,MY_N8194554171,2024-10-23,2024-10-24,scheduled_inspection,civil,scheduled_inspection,8.1,236,False
WO_001408,MY_N9003249367,2024-10-23,2024-10-28,vegetation_clearance,civil,vegetation,6.5,2584,True
WO_001409,MY_W1315843998,2024-10-23,2024-10-24,scheduled_inspection,civil,scheduled_inspection,0.8,362,False
WO_001410,MY_N9003249367,2024-10-24,2024-10-26,radio_unit_refresh,rf,equipment,14.7,747,True
WO_001411,MY_N12135373696,2024-10-25,2024-10-26,vegetation_clearance,civil,vegetation,4.8,5333,True
WO_001412,MY_N5395408067,2024-10-25,2024-10-26,scheduled_inspection,civil,scheduled_inspection,0.1,1258,False
WO_001413,MY_N12137013087,2024-10-26,2024-10-31,battery_genset_service,power,power,7.4,334,True
WO_001414,MY_N8044980541,2024-10-26,2024-10-29,vegetation_clearance,civil,vegetation,9.1,407,True
WO_001415,MY_N8542747595,2024-10-26,2024-10-27,scheduled_inspection,civil,scheduled_inspection,1.6,832,False
WO_001416,MY_N8998441829,2024-10-26,2024-10-27,scheduled_inspection,civil,scheduled_inspection,0.5,499,False
WO_001417,MY_N9621355555,2024-10-26,2024-10-27,scheduled_inspection,civil,scheduled_inspection,0.7,673,False
WO_001418,MY_N11659562129,2024-10-27,2024-10-28,raise_cabinet_and_seal,civil,flood,13.2,1888,True
WO_001419,MY_N1727292934,2024-10-27,2024-10-28,scheduled_inspection,civil,scheduled_inspection,0.7,335,False
WO_001420,MY_N11659562142,2024-10-28,2024-10-31,battery_genset_service,power,power,4.1,5487,True
WO_001421,MY_N12258444889,2024-10-28,2024-10-29,scheduled_inspection,civil,scheduled_inspection,0.2,56,False
WO_001422,MY_N6555076109,2024-10-28,2024-10-29,scheduled_inspection,civil,scheduled_inspection,1.8,744,False
WO_001423,MY_N8176878231,2024-10-28,2024-10-29,scheduled_inspection,civil,scheduled_inspection,0.7,254,False
WO_001424,MY_N9038719773,2024-10-28,2024-10-29,scheduled_inspection,civil,scheduled_inspection,0.7,590,False
WO_001425,MY_N6192657329,2024-10-30,2024-10-31,scheduled_inspection,civil,scheduled_inspection,0.2,365,False
WO_001426,MY_N10801806749,2024-11-01,2024-11-05,raise_cabinet_and_seal,civil,flood,5.7,1127,True
WO_001427,MY_N12058759613,2024-11-01,2024-11-04,raise_cabinet_and_seal,civil,flood,6.3,3815,True
WO_001428,MY_N12309364294,2024-11-01,2024-11-02,raise_cabinet_and_seal,civil,flood,6.4,4244,True
WO_001429,MY_N8422298542,2024-11-01,2024-11-04,raise_cabinet_and_seal,civil,flood,13.0,1470,True
WO_001430,MY_N10263911645,2024-11-02,2024-11-03,scheduled_inspection,civil,scheduled_inspection,1.4,1571,False
WO_001431,MY_N11403863828,2024-11-02,2024-11-03,scheduled_inspection,civil,scheduled_inspection,2.8,1691,False
WO_001432,MY_N12266043339,2024-11-02,2024-11-05,raise_cabinet_and_seal,civil,flood,3.8,4915,True
WO_001433,MY_N8513142479,2024-11-02,2024-11-03,scheduled_inspection,civil,scheduled_inspection,0.6,982,False
WO_001434,MY_N8812260333,2024-11-02,2024-11-06,raise_cabinet_and_seal,civil,flood,6.1,4116,True
WO_001435,MY_W1317650252,2024-11-02,2024-11-05,raise_cabinet_and_seal,civil,flood,6.5,3266,True
WO_001436,MY_N3902995324,2024-11-03,2024-11-04,scheduled_inspection,civil,scheduled_inspection,5.8,154,False
WO_001437,MY_N3902995326,2024-11-03,2024-11-05,raise_cabinet_and_seal,civil,flood,1.2,4985,True
WO_001438,MY_N8920295576,2024-11-03,2024-11-05,battery_genset_service,power,power,7.4,1425,True
WO_001439,MY_N11151660426,2024-11-04,2024-11-06,raise_cabinet_and_seal,civil,flood,5.5,769,True
WO_001440,MY_N13678930905,2024-11-04,2024-11-06,raise_cabinet_and_seal,civil,flood,8.9,654,True
WO_001441,MY_W1545410197,2024-11-04,2024-11-06,slope_stabilize_and_tension,civil,terrain,11.8,4296,True
WO_001442,MY_N11875484224,2024-11-05,2024-11-09,raise_cabinet_and_seal,civil,flood,3.2,2115,True
WO_001443,MY_N12058759613,2024-11-05,2024-11-06,scheduled_inspection,civil,scheduled_inspection,1.9,346,False
WO_001444,MY_N12137024409,2024-11-05,2024-11-06,vegetation_clearance,civil,vegetation,5.9,3847,True
WO_001445,MY_W1315123577,2024-11-05,2024-11-07,battery_genset_service,power,power,9.4,1945,True
WO_001446,MY_W1545410197,2024-11-05,2024-11-07,raise_cabinet_and_seal,civil,flood,4.1,2934,True
WO_001447,MY_N11151660426,2024-11-06,2024-11-07,vegetation_clearance,civil,vegetation,1.4,1194,True
WO_001448,MY_N11875484224,2024-11-06,2024-11-11,vegetation_clearance,civil,vegetation,14.0,820,True
WO_001449,MY_W1383475622,2024-11-06,2024-11-10,vegetation_clearance,civil,vegetation,1.0,1578,True
WO_001450,MY_N11659562131,2024-11-07,2024-11-11,raise_cabinet_and_seal,civil,flood,5.3,1839,True
WO_001451,MY_N12270851329,2024-11-07,2024-11-09,raise_cabinet_and_seal,civil,flood,3.9,1874,True
WO_001452,MY_N12420165772,2024-11-07,2024-11-08,scheduled_inspection,civil,scheduled_inspection,0.3,788,False
WO_001453,MY_N13326193730,2024-11-07,2024-11-11,raise_cabinet_and_seal,civil,flood,5.4,908,True
WO_001454,MY_N13517883535,2024-11-07,2024-11-09,vegetation_clearance,civil,vegetation,3.2,3741,True
WO_001455,MY_N8221431663,2024-11-07,2024-11-08,scheduled_inspection,civil,scheduled_inspection,0.9,365,False
WO_001456,MY_N8920295576,2024-11-07,2024-11-12,raise_cabinet_and_seal,civil,flood,0.9,1466,True
WO_001457,MY_W818064274,2024-11-07,2024-11-10,slope_stabilize_and_tension,civil,terrain,10.3,248,True
WO_001458,MY_N10802588447,2024-11-08,2024-11-09,battery_genset_service,power,power,2.6,3129,True
WO_001459,MY_N12116945444,2024-11-08,2024-11-10,raise_cabinet_and_seal,civil,flood,51.4,35616,True
WO_001460,MY_W1267064693,2024-11-08,2024-11-13,raise_cabinet_and_seal,civil,flood,6.3,478,True
WO_001461,MY_N12531429458,2024-11-09,2024-11-13,raise_cabinet_and_seal,civil,flood,3.6,3126,True
WO_001462,MY_N12927458268,2024-11-09,2024-11-10,scheduled_inspection,civil,scheduled_inspection,4.7,1508,False
WO_001463,MY_N8263445806,2024-11-09,2024-11-10,scheduled_inspection,civil,scheduled_inspection,4.7,51,False
WO_001464,MY_N11659562130,2024-11-10,2024-11-11,scheduled_inspection,civil,scheduled_inspection,0.5,1340,False
WO_001465,MY_N11875484224,2024-11-10,2024-11-11,raise_cabinet_and_seal,civil,flood,8.1,1662,True
WO_001466,MY_N610175376,2024-11-10,2024-11-15,slope_stabilize_and_tension,civil,terrain,12.4,798,True
WO_001467,MY_W728820002,2024-11-10,2024-11-15,raise_cabinet_and_seal,civil,flood,13.8,2555,True
WO_001468,MY_N13686353602,2024-11-11,2024-11-12,scheduled_inspection,civil,scheduled_inspection,2.1,635,False
WO_001469,MY_W1317650252,2024-11-11,2024-11-12,raise_cabinet_and_seal,civil,flood,1.6,655,True
WO_001470,MY_N11241526902,2024-11-12,2024-11-13,scheduled_inspection,civil,scheduled_inspection,4.2,195,False
WO_001471,MY_N11659562129,2024-11-12,2024-11-15,slope_stabilize_and_tension,civil,terrain,1.3,1577,True
WO_001472,MY_W1496819391,2024-11-12,2024-11-15,battery_genset_service,power,power,4.0,1698,True
WO_001473,MY_N6039478983,2024-11-13,2024-11-16,slope_stabilize_and_tension,civil,terrain,0.8,1797,True
WO_001474,MY_N6451638812,2024-11-13,2024-11-18,raise_cabinet_and_seal,civil,flood,19.6,3360,True
WO_001475,MY_N11659562129,2024-11-14,2024-11-19,raise_cabinet_and_seal,civil,flood,9.4,3561,True
WO_001476,MY_N12103811729,2024-11-14,2024-11-15,scheduled_inspection,civil,scheduled_inspection,0.9,1006,False
WO_001477,MY_N13526011249,2024-11-14,2024-11-15,vegetation_clearance,civil,vegetation,0.4,2521,True
WO_001478,MY_N8812260333,2024-11-14,2024-11-19,slope_stabilize_and_tension,civil,terrain,5.0,2351,True
WO_001479,MY_N11257618116,2024-11-15,2024-11-16,scheduled_inspection,civil,scheduled_inspection,0.5,799,False
WO_001480,MY_N12548986934,2024-11-15,2024-11-16,raise_cabinet_and_seal,civil,flood,2.2,2839,True
WO_001481,MY_N5462691797,2024-11-15,2024-11-16,scheduled_inspection,civil,scheduled_inspection,3.4,659,False
WO_001482,MY_N6745537234,2024-11-15,2024-11-17,slope_stabilize_and_tension,civil,terrain,4.7,1910,True
WO_001483,MY_N7848117182,2024-11-15,2024-11-16,scheduled_inspection,civil,scheduled_inspection,2.6,256,False
WO_001484,MY_N11528285260,2024-11-16,2024-11-17,scheduled_inspection,civil,scheduled_inspection,0.6,507,False
WO_001485,MY_N12135375711,2024-11-16,2024-11-21,slope_stabilize_and_tension,civil,terrain,3.9,697,True
WO_001486,MY_N4436507977,2024-11-16,2024-11-19,raise_cabinet_and_seal,civil,flood,10.1,2441,True
WO_001487,MY_N8327095826,2024-11-16,2024-11-21,battery_genset_service,power,power,5.0,901,True
WO_001488,MY_N11151660426,2024-11-17,2024-11-18,slope_stabilize_and_tension,civil,terrain,3.8,9431,True
WO_001489,MY_N13517883535,2024-11-17,2024-11-18,raise_cabinet_and_seal,civil,flood,0.4,888,True
WO_001490,MY_N8812260333,2024-11-17,2024-11-22,slope_stabilize_and_tension,civil,terrain,3.4,2204,True
WO_001491,MY_N9003249367,2024-11-17,2024-11-19,raise_cabinet_and_seal,civil,flood,8.2,2837,True
WO_001492,MY_W1270085205,2024-11-17,2024-11-18,scheduled_inspection,civil,scheduled_inspection,3.0,1066,False
WO_001493,MY_N3902995309,2024-11-18,2024-11-23,raise_cabinet_and_seal,civil,flood,8.2,3200,True
WO_001494,MY_N9040072038,2024-11-18,2024-11-19,scheduled_inspection,civil,scheduled_inspection,0.3,552,False
WO_001495,MY_W1367367946,2024-11-18,2024-11-19,scheduled_inspection,civil,scheduled_inspection,2.2,283,False
WO_001496,MY_N11738300326,2024-11-19,2024-11-22,slope_stabilize_and_tension,civil,terrain,6.3,4372,True
WO_001497,MY_N11755867459,2024-11-19,2024-11-20,raise_cabinet_and_seal,civil,flood,6.4,2260,True
WO_001498,MY_N11875484224,2024-11-19,2024-11-20,raise_cabinet_and_seal,civil,flood,7.7,1855,True
WO_001499,MY_N3902995309,2024-11-19,2024-11-23,raise_cabinet_and_seal,civil,flood,4.7,2136,True
WO_001500,MY_N8923088437,2024-11-19,2024-11-24,slope_stabilize_and_tension,civil,terrain,3.6,228,True
WO_001501,MY_W1317650252,2024-11-19,2024-11-24,raise_cabinet_and_seal,civil,flood,9.9,1081,True
WO_001502,MY_N11659562142,2024-11-20,2024-11-24,raise_cabinet_and_seal,civil,flood,3.3,40,True
WO_001503,MY_N4124069728,2024-11-20,2024-11-21,scheduled_inspection,civil,scheduled_inspection,0.5,510,False
WO_001504,MY_W972394406,2024-11-20,2024-11-23,raise_cabinet_and_seal,civil,flood,5.6,1024,True
WO_001505,MY_N12548986934,2024-11-21,2024-11-23,raise_cabinet_and_seal,civil,flood,2.4,6896,True
WO_001506,MY_N12603668089,2024-11-21,2024-11-25,raise_cabinet_and_seal,civil,flood,3.0,949,True
WO_001507,MY_N506433555,2024-11-21,2024-11-26,vegetation_clearance,civil,vegetation,18.6,6147,True
WO_001508,MY_N7033248825,2024-11-21,2024-11-24,raise_cabinet_and_seal,civil,flood,6.6,1417,True
WO_001509,MY_N9084071195,2024-11-21,2024-11-23,slope_stabilize_and_tension,civil,terrain,8.4,5493,True
WO_001510,MY_W968313453,2024-11-21,2024-11-22,scheduled_inspection,civil,scheduled_inspection,0.8,793,False
WO_001511,MY_N10801806749,2024-11-22,2024-11-23,raise_cabinet_and_seal,civil,flood,3.1,551,True
WO_001512,MY_N12137013091,2024-11-22,2024-11-27,raise_cabinet_and_seal,civil,flood,2.9,3440,True
WO_001513,MY_N12270101746,2024-11-22,2024-11-23,scheduled_inspection,civil,scheduled_inspection,0.2,525,False
WO_001514,MY_N8850585799,2024-11-22,2024-11-23,raise_cabinet_and_seal,civil,flood,0.8,673,True
WO_001515,MY_W1183622030,2024-11-22,2024-11-25,slope_stabilize_and_tension,civil,terrain,1.1,597,True
WO_001516,MY_N10251772774,2024-11-23,2024-11-24,scheduled_inspection,civil,scheduled_inspection,2.7,171,False
WO_001517,MY_N4625637084,2024-11-23,2024-11-24,scheduled_inspection,civil,scheduled_inspection,0.1,767,False
WO_001518,MY_N8439185733,2024-11-23,2024-11-28,raise_cabinet_and_seal,civil,flood,1.7,1137,True
WO_001519,MY_W728820002,2024-11-23,2024-11-27,radio_unit_refresh,rf,equipment,6.0,583,True
WO_001520,MY_N6745537233,2024-11-24,2024-11-29,vegetation_clearance,civil,vegetation,11.4,5028,True
WO_001521,MY_N7033248825,2024-11-24,2024-11-26,raise_cabinet_and_seal,civil,flood,1.4,2815,True
WO_001522,MY_N8006989819,2024-11-24,2024-11-25,scheduled_inspection,civil,scheduled_inspection,0.5,211,False
WO_001523,MY_N5742976628,2024-11-25,2024-11-26,vegetation_clearance,civil,vegetation,3.2,1004,True
WO_001524,MY_N10801806749,2024-11-26,2024-12-01,battery_genset_service,power,power,3.2,2322,True
WO_001525,MY_N13335390186,2024-11-26,2024-11-30,slope_stabilize_and_tension,civil,terrain,1.7,903,True
WO_001526,MY_N3365342814,2024-11-26,2024-11-27,scheduled_inspection,civil,scheduled_inspection,3.5,813,False
WO_001527,MY_W818064274,2024-11-26,2024-11-28,raise_cabinet_and_seal,civil,flood,12.6,5998,True
WO_001528,MY_N11484371222,2024-11-27,2024-11-29,vegetation_clearance,civil,vegetation,4.6,672,True
WO_001529,MY_N11659562142,2024-11-27,2024-12-02,raise_cabinet_and_seal,civil,flood,6.9,2179,True
WO_001530,MY_N12137024409,2024-11-28,2024-11-29,scheduled_inspection,civil,scheduled_inspection,0.4,1372,False
WO_001531,MY_N13678930905,2024-11-28,2024-12-02,raise_cabinet_and_seal,civil,flood,2.0,2114,True
WO_001532,MY_W728820002,2024-11-28,2024-11-30,raise_cabinet_and_seal,civil,flood,9.2,4194,True
WO_001533,MY_W1201224318,2024-11-30,2024-12-01,scheduled_inspection,civil,scheduled_inspection,0.4,424,False
WO_001534,MY_N11609644622,2024-12-01,2024-12-02,raise_cabinet_and_seal,civil,flood,18.2,3197,True
WO_001535,MY_N11990327538,2024-12-01,2024-12-04,raise_cabinet_and_seal,civil,flood,11.1,1930,True
WO_001536,MY_N12137013087,2024-12-01,2024-12-05,raise_cabinet_and_seal,civil,flood,5.4,4483,True
WO_001537,MY_N12266043339,2024-12-01,2024-12-06,vegetation_clearance,civil,vegetation,12.3,4338,True
WO_001538,MY_N3902995326,2024-12-01,2024-12-02,scheduled_inspection,civil,scheduled_inspection,0.9,2376,False
WO_001539,MY_N5067194637,2024-12-01,2024-12-04,raise_cabinet_and_seal,civil,flood,1.1,4528,True
WO_001540,MY_N5742976628,2024-12-01,2024-12-04,raise_cabinet_and_seal,civil,flood,7.9,7584,True
WO_001541,MY_N6643210358,2024-12-01,2024-12-02,scheduled_inspection,civil,scheduled_inspection,0.9,43,False
WO_001542,MY_N12137013087,2024-12-02,2024-12-03,raise_cabinet_and_seal,civil,flood,4.0,1358,True
WO_001543,MY_N6759131549,2024-12-02,2024-12-05,slope_stabilize_and_tension,civil,terrain,1.9,2726,True
WO_001544,MY_N8327095826,2024-12-02,2024-12-05,raise_cabinet_and_seal,civil,flood,7.8,171,True
WO_001545,MY_W1122921707,2024-12-02,2024-12-03,scheduled_inspection,civil,scheduled_inspection,0.6,365,False
WO_001546,MY_W1386907231,2024-12-02,2024-12-06,battery_genset_service,power,power,12.2,1018,True
WO_001547,MY_N11484371222,2024-12-03,2024-12-05,vegetation_clearance,civil,vegetation,1.2,4326,True
WO_001548,MY_N5742976628,2024-12-03,2024-12-07,raise_cabinet_and_seal,civil,flood,7.4,5170,True
WO_001549,MY_N8806058356,2024-12-03,2024-12-07,raise_cabinet_and_seal,civil,flood,5.9,2318,True
WO_001550,MY_N12138116212,2024-12-04,2024-12-09,vegetation_clearance,civil,vegetation,4.2,1813,True
WO_001551,MY_N8987661324,2024-12-04,2024-12-05,slope_stabilize_and_tension,civil,terrain,4.3,676,True
WO_001552,MY_N11659562142,2024-12-05,2024-12-08,raise_cabinet_and_seal,civil,flood,5.1,1963,True
WO_001553,MY_N12309364294,2024-12-05,2024-12-08,slope_stabilize_and_tension,civil,terrain,10.8,4377,True
WO_001554,MY_N13335390186,2024-12-05,2024-12-09,raise_cabinet_and_seal,civil,flood,4.2,2146,True
WO_001555,MY_N4540536734,2024-12-05,2024-12-06,scheduled_inspection,civil,scheduled_inspection,1.4,430,False
WO_001556,MY_W1317650252,2024-12-05,2024-12-10,battery_genset_service,power,power,6.7,6144,True
WO_001557,MY_N11659562129,2024-12-06,2024-12-08,raise_cabinet_and_seal,civil,flood,3.7,1301,True
WO_001558,MY_N11875484220,2024-12-06,2024-12-09,slope_stabilize_and_tension,civil,terrain,8.2,5310,True
WO_001559,MY_N13526011249,2024-12-06,2024-12-11,slope_stabilize_and_tension,civil,terrain,7.0,1218,True
WO_001560,MY_N5188734187,2024-12-06,2024-12-08,vegetation_clearance,civil,vegetation,0.9,363,True
WO_001561,MY_N4436507977,2024-12-07,2024-12-09,raise_cabinet_and_seal,civil,flood,4.6,2635,True
WO_001562,MY_N8044980541,2024-12-07,2024-12-08,battery_genset_service,power,power,6.5,6281,True
WO_001563,MY_N11875484224,2024-12-08,2024-12-12,raise_cabinet_and_seal,civil,flood,0.9,3668,True
WO_001564,MY_N3902995301,2024-12-08,2024-12-12,raise_cabinet_and_seal,civil,flood,1.8,902,True
WO_001565,MY_N9810551665,2024-12-08,2024-12-12,raise_cabinet_and_seal,civil,flood,1.5,1492,True
WO_001566,MY_W728820002,2024-12-08,2024-12-12,raise_cabinet_and_seal,civil,flood,12.7,1137,True
WO_001567,MY_N12383562688,2024-12-09,2024-12-13,raise_cabinet_and_seal,civil,flood,10.2,2439,True
WO_001568,MY_N8987661324,2024-12-09,2024-12-13,raise_cabinet_and_seal,civil,flood,11.4,2627,True
WO_001569,MY_W1259673925,2024-12-09,2024-12-13,battery_genset_service,power,power,4.8,8681,True
WO_001570,MY_N11484371222,2024-12-10,2024-12-11,battery_genset_service,power,power,2.1,1333,True
WO_001571,MY_N12058759613,2024-12-10,2024-12-14,slope_stabilize_and_tension,civil,terrain,4.4,15529,True
WO_001572,MY_N12097503031,2024-12-10,2024-12-11,scheduled_inspection,civil,scheduled_inspection,0.4,123,False
WO_001573,MY_N13165619831,2024-12-10,2024-12-11,scheduled_inspection,civil,scheduled_inspection,2.5,1956,False
WO_001574,MY_N3902995310,2024-12-10,2024-12-12,raise_cabinet_and_seal,civil,flood,2.0,818,True
WO_001575,MY_N5067194637,2024-12-10,2024-12-13,raise_cabinet_and_seal,civil,flood,13.2,3251,True
WO_001576,MY_N6039478983,2024-12-10,2024-12-11,raise_cabinet_and_seal,civil,flood,2.3,2776,True
WO_001577,MY_N8962634816,2024-12-10,2024-12-15,raise_cabinet_and_seal,civil,flood,11.9,704,True
WO_001578,MY_N11875484223,2024-12-11,2024-12-16,raise_cabinet_and_seal,civil,flood,12.1,3129,True
WO_001579,MY_N12131514589,2024-12-11,2024-12-15,raise_cabinet_and_seal,civil,flood,9.7,7517,True
WO_001580,MY_N12135373696,2024-12-11,2024-12-12,raise_cabinet_and_seal,civil,flood,4.4,2547,True
WO_001581,MY_N3573581293,2024-12-11,2024-12-12,scheduled_inspection,civil,scheduled_inspection,2.1,78,False
WO_001582,MY_N3902995275,2024-12-11,2024-12-12,slope_stabilize_and_tension,civil,terrain,11.6,6252,True
WO_001583,MY_N8899964134,2024-12-11,2024-12-15,radio_unit_refresh,rf,equipment,4.2,9073,True
WO_001584,MY_W1496819391,2024-12-11,2024-12-12,scheduled_inspection,civil,scheduled_inspection,1.2,261,False
WO_001585,MY_N3720847447,2024-12-12,2024-12-13,vegetation_clearance,civil,vegetation,3.5,4651,True
WO_001586,MY_N8182722420,2024-12-12,2024-12-15,radio_unit_refresh,rf,equipment,9.2,552,True
WO_001587,MY_N8487785683,2024-12-14,2024-12-15,scheduled_inspection,civil,scheduled_inspection,1.2,2329,False
WO_001588,MY_N11875484220,2024-12-15,2024-12-16,radio_unit_refresh,rf,equipment,1.8,3825,True
WO_001589,MY_N12137013091,2024-12-15,2024-12-17,raise_cabinet_and_seal,civil,flood,4.2,3176,True
WO_001590,MY_N12167585702,2024-12-15,2024-12-16,scheduled_inspection,civil,scheduled_inspection,1.1,411,False
WO_001591,MY_N12270851329,2024-12-15,2024-12-16,vegetation_clearance,civil,vegetation,6.0,3019,True
WO_001592,MY_N12926409708,2024-12-15,2024-12-16,scheduled_inspection,civil,scheduled_inspection,2.5,935,False
WO_001593,MY_N13015606467,2024-12-15,2024-12-19,raise_cabinet_and_seal,civil,flood,6.4,737,True
WO_001594,MY_N1662564012,2024-12-15,2024-12-18,vegetation_clearance,civil,vegetation,2.5,1508,True
WO_001595,MY_N3341958135,2024-12-15,2024-12-16,scheduled_inspection,civil,scheduled_inspection,5.5,1398,False
WO_001596,MY_W1317650252,2024-12-15,2024-12-19,battery_genset_service,power,power,2.3,1241,True
WO_001597,MY_N4688736584,2024-12-16,2024-12-17,scheduled_inspection,civil,scheduled_inspection,0.1,565,False
WO_001598,MY_N11659562142,2024-12-17,2024-12-18,vegetation_clearance,civil,vegetation,5.2,2322,True
WO_001599,MY_N12137013085,2024-12-17,2024-12-18,scheduled_inspection,civil,scheduled_inspection,2.9,103,False
WO_001600,MY_N12137024409,2024-12-17,2024-12-22,raise_cabinet_and_seal,civil,flood,15.9,3309,True
WO_001601,MY_N12284680513,2024-12-17,2024-12-18,scheduled_inspection,civil,scheduled_inspection,1.6,1058,False
WO_001602,MY_N4436507977,2024-12-17,2024-12-20,battery_genset_service,power,power,9.1,1113,True
WO_001603,MY_N9040072038,2024-12-17,2024-12-18,scheduled_inspection,civil,scheduled_inspection,1.9,155,False
WO_001604,MY_N12531429458,2024-12-18,2024-12-21,raise_cabinet_and_seal,civil,flood,4.6,2007,True
WO_001605,MY_W1303814689,2024-12-18,2024-12-19,scheduled_inspection,civil,scheduled_inspection,1.0,1720,False
WO_001606,MY_W1545410197,2024-12-18,2024-12-21,raise_cabinet_and_seal,civil,flood,28.7,338,True
WO_001607,MY_N13326193730,2024-12-19,2024-12-22,raise_cabinet_and_seal,civil,flood,1.5,1836,True
WO_001608,MY_N4663189043,2024-12-19,2024-12-20,scheduled_inspection,civil,scheduled_inspection,0.9,361,False
WO_001609,MY_N8988150886,2024-12-19,2024-12-24,raise_cabinet_and_seal,civil,flood,2.4,155,True
WO_001610,MY_W1496819391,2024-12-19,2024-12-23,vegetation_clearance,civil,vegetation,1.4,2458,True
WO_001611,MY_N11738300326,2024-12-20,2024-12-25,slope_stabilize_and_tension,civil,terrain,1.9,3121,True
WO_001612,MY_N12058759613,2024-12-20,2024-12-24,raise_cabinet_and_seal,civil,flood,11.1,552,True
WO_001613,MY_N3902995309,2024-12-20,2024-12-21,raise_cabinet_and_seal,civil,flood,9.9,2369,True
WO_001614,MY_N5453636981,2024-12-20,2024-12-21,scheduled_inspection,civil,scheduled_inspection,1.7,749,False
WO_001615,MY_W1183622030,2024-12-20,2024-12-25,raise_cabinet_and_seal,civil,flood,2.5,5815,True
WO_001616,MY_N8806058356,2024-12-21,2024-12-22,raise_cabinet_and_seal,civil,flood,2.8,5633,True
WO_001617,MY_N8025859449,2024-12-22,2024-12-25,raise_cabinet_and_seal,civil,flood,2.9,4150,True
WO_001618,MY_W968313454,2024-12-22,2024-12-23,scheduled_inspection,civil,scheduled_inspection,2.0,473,False
WO_001619,MY_N10948101740,2024-12-23,2024-12-24,scheduled_inspection,civil,scheduled_inspection,1.5,541,False
WO_001620,MY_N3765699324,2024-12-23,2024-12-28,radio_unit_refresh,rf,equipment,3.0,1541,True
WO_001621,MY_N8899964140,2024-12-23,2024-12-24,scheduled_inspection,civil,scheduled_inspection,2.7,355,False
WO_001622,MY_W1285114522,2024-12-23,2024-12-27,battery_genset_service,power,power,4.8,4406,True
WO_001623,MY_N10801806749,2024-12-24,2024-12-25,raise_cabinet_and_seal,civil,flood,6.7,3413,True
WO_001624,MY_N11151660426,2024-12-25,2024-12-29,raise_cabinet_and_seal,civil,flood,5.3,5266,True
WO_001625,MY_N11659562128,2024-12-25,2024-12-26,vegetation_clearance,civil,vegetation,7.8,1595,True
WO_001626,MY_N6457937009,2024-12-25,2024-12-26,slope_stabilize_and_tension,civil,terrain,2.6,3325,True
WO_001627,MY_N8191059241,2024-12-25,2024-12-29,raise_cabinet_and_seal,civil,flood,3.4,5140,True
WO_001628,MY_N9003249367,2024-12-25,2024-12-26,vegetation_clearance,civil,vegetation,4.1,209,True
WO_001629,MY_W1545410197,2024-12-25,2024-12-29,vegetation_clearance,civil,vegetation,9.4,4655,True
WO_001630,MY_N11659562141,2024-12-26,2024-12-29,raise_cabinet_and_seal,civil,flood,3.2,6359,True
WO_001631,MY_N11962284837,2024-12-26,2024-12-27,raise_cabinet_and_seal,civil,flood,7.8,2341,True
WO_001632,MY_N12309364294,2024-12-26,2024-12-27,scheduled_inspection,civil,scheduled_inspection,2.5,245,False
WO_001633,MY_N11653038151,2024-12-27,2024-12-31,raise_cabinet_and_seal,civil,flood,5.5,1711,True
WO_001634,MY_N3765699324,2024-12-27,2024-12-28,scheduled_inspection,civil,scheduled_inspection,1.8,864,False
WO_001635,MY_N9466091146,2024-12-27,2024-12-29,slope_stabilize_and_tension,civil,terrain,2.4,5569,True
WO_001636,MY_N11659562131,2024-12-28,2025-01-02,raise_cabinet_and_seal,civil,flood,5.5,1700,True
WO_001637,MY_N12309364295,2024-12-28,2025-01-01,slope_stabilize_and_tension,civil,terrain,2.7,1285,True
WO_001638,MY_N12889290986,2024-12-28,2024-12-29,scheduled_inspection,civil,scheduled_inspection,3.0,400,False
WO_001639,MY_N13331200714,2024-12-28,2024-12-30,raise_cabinet_and_seal,civil,flood,4.5,968,True
WO_001640,MY_N9983597288,2024-12-28,2024-12-29,scheduled_inspection,civil,scheduled_inspection,2.0,478,False
WO_001641,MY_N13663195383,2024-12-30,2024-12-31,scheduled_inspection,civil,scheduled_inspection,1.0,151,False
WO_001642,MY_N11659562130,2024-12-31,2025-01-01,scheduled_inspection,civil,scheduled_inspection,2.2,197,False
WO_001643,MY_N12773184677,2025-01-01,2025-01-06,raise_cabinet_and_seal,civil,flood,11.8,2416,True
WO_001644,MY_N13678930905,2025-01-01,2025-01-04,battery_genset_service,power,power,7.5,2069,True
WO_001645,MY_N8812260333,2025-01-01,2025-01-04,raise_cabinet_and_seal,civil,flood,1.6,1932,True
WO_001646,MY_N13335390186,2025-01-02,2025-01-03,slope_stabilize_and_tension,civil,terrain,12.7,4481,True
WO_001647,MY_N13979312124,2025-01-02,2025-01-07,raise_cabinet_and_seal,civil,flood,5.0,3602,True
WO_001648,MY_N8330792847,2025-01-02,2025-01-03,scheduled_inspection,civil,scheduled_inspection,1.3,1584,False
WO_001649,MY_N8785281387,2025-01-02,2025-01-03,scheduled_inspection,civil,scheduled_inspection,2.9,352,False
WO_001650,MY_N9084071195,2025-01-02,2025-01-07,raise_cabinet_and_seal,civil,flood,3.9,1224,True
WO_001651,MY_W1267147818,2025-01-02,2025-01-03,scheduled_inspection,civil,scheduled_inspection,2.2,247,False
WO_001652,MY_N13517883535,2025-01-03,2025-01-06,raise_cabinet_and_seal,civil,flood,8.0,5703,True
WO_001653,MY_N13564515921,2025-01-03,2025-01-04,scheduled_inspection,civil,scheduled_inspection,0.8,997,False
WO_001654,MY_N13678930905,2025-01-03,2025-01-08,battery_genset_service,power,power,15.7,1527,True
WO_001655,MY_N9810551665,2025-01-03,2025-01-06,slope_stabilize_and_tension,civil,terrain,17.4,4740,True
WO_001656,MY_N3902995301,2025-01-04,2025-01-05,raise_cabinet_and_seal,civil,flood,1.3,7864,True
WO_001657,MY_N8812260333,2025-01-04,2025-01-05,slope_stabilize_and_tension,civil,terrain,2.6,3822,True
WO_001658,MY_N4436507977,2025-01-05,2025-01-06,raise_cabinet_and_seal,civil,flood,9.1,2256,True
WO_001659,MY_N5067194637,2025-01-05,2025-01-07,battery_genset_service,power,power,5.1,1901,True
WO_001660,MY_N9006098842,2025-01-05,2025-01-06,raise_cabinet_and_seal,civil,flood,2.5,4174,True
WO_001661,MY_N11388862434,2025-01-06,2025-01-07,raise_cabinet_and_seal,civil,flood,0.1,2127,True
WO_001662,MY_N11659562128,2025-01-06,2025-01-09,raise_cabinet_and_seal,civil,flood,5.8,3844,True
WO_001663,MY_N11802478955,2025-01-06,2025-01-11,slope_stabilize_and_tension,civil,terrain,0.6,503,True
WO_001664,MY_N13495459821,2025-01-06,2025-01-07,raise_cabinet_and_seal,civil,flood,9.9,1044,True
WO_001665,MY_W1317650252,2025-01-06,2025-01-11,raise_cabinet_and_seal,civil,flood,3.5,2576,True
WO_001666,MY_N13979312124,2025-01-07,2025-01-12,radio_unit_refresh,rf,equipment,4.0,2354,True
WO_001667,MY_N11472433066,2025-01-08,2025-01-11,raise_cabinet_and_seal,civil,flood,5.3,5541,True
WO_001668,MY_N3902995309,2025-01-08,2025-01-09,raise_cabinet_and_seal,civil,flood,6.9,1642,True
WO_001669,MY_N5188734187,2025-01-08,2025-01-09,scheduled_inspection,civil,scheduled_inspection,1.6,488,False
WO_001670,MY_N9003249367,2025-01-08,2025-01-09,scheduled_inspection,civil,scheduled_inspection,6.6,398,False
WO_001671,MY_N4775194882,2025-01-09,2025-01-10,scheduled_inspection,civil,scheduled_inspection,1.1,597,False
WO_001672,MY_N7033248825,2025-01-09,2025-01-11,raise_cabinet_and_seal,civil,flood,18.3,4622,True
WO_001673,MY_N8979761302,2025-01-09,2025-01-10,scheduled_inspection,civil,scheduled_inspection,1.5,811,False
WO_001674,MY_N12137013098,2025-01-10,2025-01-11,scheduled_inspection,civil,scheduled_inspection,0.6,539,False
WO_001675,MY_N12270851329,2025-01-10,2025-01-12,battery_genset_service,power,power,3.2,2551,True
WO_001676,MY_N12889290985,2025-01-10,2025-01-11,scheduled_inspection,civil,scheduled_inspection,1.4,426,False
WO_001677,MY_N13517883535,2025-01-10,2025-01-12,raise_cabinet_and_seal,civil,flood,4.1,4432,True
WO_001678,MY_N13517883535,2025-01-10,2025-01-12,vegetation_clearance,civil,vegetation,4.1,942,True
WO_001679,MY_W1285114522,2025-01-10,2025-01-11,vegetation_clearance,civil,vegetation,1.8,5976,True
WO_001680,MY_N11399381206,2025-01-11,2025-01-12,scheduled_inspection,civil,scheduled_inspection,0.2,1146,False
WO_001681,MY_N12097503031,2025-01-11,2025-01-12,raise_cabinet_and_seal,civil,flood,2.6,901,True
WO_001682,MY_N8637257819,2025-01-11,2025-01-14,battery_genset_service,power,power,15.7,3279,True
WO_001683,MY_N9040016332,2025-01-11,2025-01-12,slope_stabilize_and_tension,civil,terrain,6.1,7586,True
WO_001684,MY_N13495459821,2025-01-12,2025-01-14,raise_cabinet_and_seal,civil,flood,9.5,4055,True
WO_001685,MY_N13979312124,2025-01-12,2025-01-15,battery_genset_service,power,power,7.5,318,True
WO_001686,MY_N3765686551,2025-01-12,2025-01-13,scheduled_inspection,civil,scheduled_inspection,1.8,613,False
WO_001687,MY_N10802588447,2025-01-13,2025-01-18,raise_cabinet_and_seal,civil,flood,6.8,1659,True
WO_001688,MY_N11875484220,2025-01-13,2025-01-14,vegetation_clearance,civil,vegetation,8.2,5450,True
WO_001689,MY_N9084071195,2025-01-14,2025-01-17,slope_stabilize_and_tension,civil,terrain,2.5,2732,True
WO_001690,MY_W818064274,2025-01-14,2025-01-17,raise_cabinet_and_seal,civil,flood,4.7,7784,True
WO_001691,MY_N13771359079,2025-01-15,2025-01-16,scheduled_inspection,civil,scheduled_inspection,1.0,1234,False
WO_001692,MY_N11388862434,2025-01-17,2025-01-18,slope_stabilize_and_tension,civil,terrain,7.0,1740,True
WO_001693,MY_N11738300326,2025-01-17,2025-01-19,raise_cabinet_and_seal,civil,flood,3.6,505,True
WO_001694,MY_N7033248825,2025-01-17,2025-01-18,raise_cabinet_and_seal,civil,flood,2.1,1630,True
WO_001695,MY_N8422298542,2025-01-17,2025-01-21,raise_cabinet_and_seal,civil,flood,2.2,917,True
WO_001696,MY_W1267064693,2025-01-17,2025-01-22,slope_stabilize_and_tension,civil,terrain,9.0,3651,True
WO_001697,MY_N12270341400,2025-01-18,2025-01-21,raise_cabinet_and_seal,civil,flood,18.3,977,True
WO_001698,MY_N9003249367,2025-01-19,2025-01-21,battery_genset_service,power,power,7.7,1041,True
WO_001699,MY_W1315123577,2025-01-19,2025-01-22,raise_cabinet_and_seal,civil,flood,1.2,2739,True
WO_001700,MY_N11472433066,2025-01-20,2025-01-24,vegetation_clearance,civil,vegetation,6.0,2725,True
WO_001701,MY_N8263445803,2025-01-20,2025-01-21,scheduled_inspection,civil,scheduled_inspection,0.3,1476,False
WO_001702,MY_N8987661324,2025-01-20,2025-01-21,battery_genset_service,power,power,3.1,4541,True
WO_001703,MY_N13691070933,2025-01-22,2025-01-23,scheduled_inspection,civil,scheduled_inspection,0.9,293,False
WO_001704,MY_N8923088437,2025-01-22,2025-01-27,slope_stabilize_and_tension,civil,terrain,16.1,14276,True
WO_001705,MY_W1267147816,2025-01-22,2025-01-23,scheduled_inspection,civil,scheduled_inspection,0.1,702,False
WO_001706,MY_N11875484220,2025-01-23,2025-01-28,vegetation_clearance,civil,vegetation,12.4,3287,True
WO_001707,MY_N12309364295,2025-01-23,2025-01-28,raise_cabinet_and_seal,civil,flood,3.9,775,True
WO_001708,MY_N6745537233,2025-01-23,2025-01-28,raise_cabinet_and_seal,civil,flood,4.8,666,True
WO_001709,MY_W1270085203,2025-01-23,2025-01-24,vegetation_clearance,civil,vegetation,4.3,1506,True
WO_001710,MY_N11167076406,2025-01-24,2025-01-26,slope_stabilize_and_tension,civil,terrain,1.3,6190,True
WO_001711,MY_N11991939583,2025-01-25,2025-01-26,scheduled_inspection,civil,scheduled_inspection,3.1,624,False
WO_001712,MY_N8044156760,2025-01-25,2025-01-27,raise_cabinet_and_seal,civil,flood,10.8,3008,True
WO_001713,MY_W1311793314,2025-01-25,2025-01-27,slope_stabilize_and_tension,civil,terrain,6.6,4280,True
WO_001714,MY_N11802478955,2025-01-26,2025-01-28,raise_cabinet_and_seal,civil,flood,5.0,1972,True
WO_001715,MY_N8088772324,2025-01-26,2025-01-27,scheduled_inspection,civil,scheduled_inspection,2.3,1818,False
WO_001716,MY_N9038719827,2025-01-26,2025-01-27,scheduled_inspection,civil,scheduled_inspection,0.9,1075,False
WO_001717,MY_N11659562129,2025-01-27,2025-01-30,slope_stabilize_and_tension,civil,terrain,1.4,5649,True
WO_001718,MY_N12137013091,2025-01-27,2025-02-01,raise_cabinet_and_seal,civil,flood,5.4,443,True
WO_001719,MY_N12889290231,2025-01-27,2025-01-29,raise_cabinet_and_seal,civil,flood,4.4,1678,True
WO_001720,MY_N13517883535,2025-01-27,2025-02-01,raise_cabinet_and_seal,civil,flood,1.9,831,True
WO_001721,MY_N4436507977,2025-01-27,2025-01-28,battery_genset_service,power,power,1.7,2150,True
WO_001722,MY_N8805785687,2025-01-27,2025-01-28,scheduled_inspection,civil,scheduled_inspection,0.4,1412,False
WO_001723,MY_N8923088437,2025-01-27,2025-01-29,raise_cabinet_and_seal,civil,flood,3.0,2021,True
WO_001724,MY_N9006098842,2025-01-28,2025-02-02,raise_cabinet_and_seal,civil,flood,8.0,883,True
WO_001725,MY_N13415562181,2025-01-29,2025-01-30,scheduled_inspection,civil,scheduled_inspection,0.1,260,False
WO_001726,MY_N4069889954,2025-01-29,2025-01-30,scheduled_inspection,civil,scheduled_inspection,2.4,324,False
WO_001727,MY_N13684596777,2025-01-30,2025-01-31,scheduled_inspection,civil,scheduled_inspection,1.3,175,False
WO_001728,MY_N12137024402,2025-01-31,2025-02-01,scheduled_inspection,civil,scheduled_inspection,1.3,398,False
WO_001729,MY_N3720847447,2025-01-31,2025-02-01,scheduled_inspection,civil,scheduled_inspection,0.4,246,False
WO_001730,MY_N3765699324,2025-02-01,2025-02-06,slope_stabilize_and_tension,civil,terrain,3.6,1015,True
WO_001731,MY_N11302586991,2025-02-02,2025-02-03,scheduled_inspection,civil,scheduled_inspection,1.4,1673,False
WO_001732,MY_N11738300326,2025-02-02,2025-02-04,raise_cabinet_and_seal,civil,flood,10.5,3961,True
WO_001733,MY_N13015606467,2025-02-03,2025-02-07,raise_cabinet_and_seal,civil,flood,14.7,1979,True
WO_001734,MY_N1662637919,2025-02-03,2025-02-07,raise_cabinet_and_seal,civil,flood,6.1,3185,True
WO_001735,MY_N6745537233,2025-02-03,2025-02-04,battery_genset_service,power,power,4.6,705,True
WO_001736,MY_N11990327538,2025-02-04,2025-02-09,slope_stabilize_and_tension,civil,terrain,4.3,1909,True
WO_001737,MY_N3902995227,2025-02-04,2025-02-05,scheduled_inspection,civil,scheduled_inspection,1.6,193,False
WO_001738,MY_N8025859449,2025-02-04,2025-02-07,raise_cabinet_and_seal,civil,flood,30.4,8073,True
WO_001739,MY_N8987661324,2025-02-04,2025-02-08,raise_cabinet_and_seal,civil,flood,1.4,364,True
WO_001740,MY_N12001114555,2025-02-05,2025-02-06,scheduled_inspection,civil,scheduled_inspection,1.8,314,False
WO_001741,MY_N3902995325,2025-02-05,2025-02-06,scheduled_inspection,civil,scheduled_inspection,2.7,1197,False
WO_001742,MY_N9006098842,2025-02-05,2025-02-08,vegetation_clearance,civil,vegetation,8.2,2167,True
WO_001743,MY_W1183622030,2025-02-05,2025-02-09,raise_cabinet_and_seal,civil,flood,4.4,2827,True
WO_001744,MY_N11167076406,2025-02-06,2025-02-09,raise_cabinet_and_seal,civil,flood,11.4,5253,True
WO_001745,MY_N11484371222,2025-02-06,2025-02-11,raise_cabinet_and_seal,civil,flood,5.8,1457,True
WO_001746,MY_N11609644622,2025-02-06,2025-02-10,vegetation_clearance,civil,vegetation,0.9,3094,True
WO_001747,MY_N13142317645,2025-02-06,2025-02-09,vegetation_clearance,civil,vegetation,7.8,1466,True
WO_001748,MY_N4436507977,2025-02-06,2025-02-11,raise_cabinet_and_seal,civil,flood,4.0,1537,True
WO_001749,MY_N6142258135,2025-02-06,2025-02-07,scheduled_inspection,civil,scheduled_inspection,0.7,792,False
WO_001750,MY_W1270085203,2025-02-06,2025-02-08,slope_stabilize_and_tension,civil,terrain,2.6,883,True
WO_001751,MY_N8422298542,2025-02-07,2025-02-11,battery_genset_service,power,power,8.2,4864,True
WO_001752,MY_N9084071195,2025-02-07,2025-02-08,slope_stabilize_and_tension,civil,terrain,2.0,3760,True
WO_001753,MY_N10802588447,2025-02-08,2025-02-10,slope_stabilize_and_tension,civil,terrain,0.4,3398,True
WO_001754,MY_N11361040488,2025-02-08,2025-02-09,scheduled_inspection,civil,scheduled_inspection,2.3,658,False
WO_001755,MY_N9029115227,2025-02-08,2025-02-09,scheduled_inspection,civil,scheduled_inspection,2.4,327,False
WO_001756,MY_W1288067099,2025-02-08,2025-02-09,scheduled_inspection,civil,scheduled_inspection,1.6,299,False
WO_001757,MY_N4822914443,2025-02-09,2025-02-10,scheduled_inspection,civil,scheduled_inspection,3.6,569,False
WO_001758,MY_N9040373401,2025-02-09,2025-02-10,scheduled_inspection,civil,scheduled_inspection,3.6,389,False
WO_001759,MY_W1183622030,2025-02-09,2025-02-13,slope_stabilize_and_tension,civil,terrain,5.6,4625,True
WO_001760,MY_N11990327538,2025-02-10,2025-02-13,slope_stabilize_and_tension,civil,terrain,9.3,657,True
WO_001761,MY_N12531429458,2025-02-10,2025-02-14,raise_cabinet_and_seal,civil,flood,5.4,359,True
WO_001762,MY_N8935231315,2025-02-10,2025-02-11,scheduled_inspection,civil,scheduled_inspection,0.2,365,False
WO_001763,MY_N11659562129,2025-02-11,2025-02-16,raise_cabinet_and_seal,civil,flood,2.8,1906,True
WO_001764,MY_N13326193730,2025-02-11,2025-02-13,slope_stabilize_and_tension,civil,terrain,6.3,1440,True
WO_001765,MY_N1662637919,2025-02-11,2025-02-12,slope_stabilize_and_tension,civil,terrain,10.1,1605,True
WO_001766,MY_N8850585799,2025-02-11,2025-02-14,raise_cabinet_and_seal,civil,flood,4.8,2344,True
WO_001767,MY_N11637810090,2025-02-12,2025-02-13,scheduled_inspection,civil,scheduled_inspection,1.9,206,False
WO_001768,MY_N11659562131,2025-02-12,2025-02-17,raise_cabinet_and_seal,civil,flood,0.6,7295,True
WO_001769,MY_N11875484224,2025-02-12,2025-02-17,raise_cabinet_and_seal,civil,flood,2.7,3886,True
WO_001770,MY_N12548986934,2025-02-12,2025-02-13,scheduled_inspection,civil,scheduled_inspection,2.8,587,False
WO_001771,MY_N3623334350,2025-02-12,2025-02-13,scheduled_inspection,civil,scheduled_inspection,3.3,732,False
WO_001772,MY_N3901387616,2025-02-12,2025-02-16,battery_genset_service,power,power,3.5,6350,True
WO_001773,MY_N4124069726,2025-02-12,2025-02-13,scheduled_inspection,civil,scheduled_inspection,0.7,712,False
WO_001774,MY_N11755867459,2025-02-13,2025-02-18,raise_cabinet_and_seal,civil,flood,8.3,2992,True
WO_001775,MY_N12462421365,2025-02-13,2025-02-14,scheduled_inspection,civil,scheduled_inspection,0.4,714,False
WO_001776,MY_N10801806749,2025-02-14,2025-02-18,radio_unit_refresh,rf,equipment,1.2,3864,True
WO_001777,MY_N12141554109,2025-02-14,2025-02-15,scheduled_inspection,civil,scheduled_inspection,0.7,308,False
WO_001778,MY_N12546408513,2025-02-14,2025-02-19,radio_unit_refresh,rf,equipment,9.5,2847,True
WO_001779,MY_N12603668089,2025-02-14,2025-02-15,scheduled_inspection,civil,scheduled_inspection,2.8,933,False
WO_001780,MY_N12137013087,2025-02-15,2025-02-17,raise_cabinet_and_seal,civil,flood,5.0,4648,True
WO_001781,MY_N4749127191,2025-02-15,2025-02-16,scheduled_inspection,civil,scheduled_inspection,1.7,1324,False
WO_001782,MY_N6745537234,2025-02-15,2025-02-19,raise_cabinet_and_seal,civil,flood,9.3,1360,True
WO_001783,MY_N8920295576,2025-02-15,2025-02-16,raise_cabinet_and_seal,civil,flood,5.4,2765,True
WO_001784,MY_N8987661324,2025-02-15,2025-02-20,vegetation_clearance,civil,vegetation,2.3,2119,True
WO_001785,MY_N9040016333,2025-02-15,2025-02-19,battery_genset_service,power,power,7.7,1404,True
WO_001786,MY_W1270085203,2025-02-15,2025-02-18,vegetation_clearance,civil,vegetation,8.6,3216,True
WO_001787,MY_W1270085203,2025-02-15,2025-02-16,battery_genset_service,power,power,5.4,3080,True
WO_001788,MY_W1317650252,2025-02-15,2025-02-20,raise_cabinet_and_seal,civil,flood,2.1,1109,True
WO_001789,MY_W1545410197,2025-02-15,2025-02-18,vegetation_clearance,civil,vegetation,9.3,1035,True
WO_001790,MY_N12120294219,2025-02-16,2025-02-17,scheduled_inspection,civil,scheduled_inspection,2.6,261,False
WO_001791,MY_N13712401727,2025-02-16,2025-02-17,raise_cabinet_and_seal,civil,flood,16.4,5997,True
WO_001792,MY_N3902995326,2025-02-16,2025-02-17,vegetation_clearance,civil,vegetation,7.9,998,True
WO_001793,MY_N5188734187,2025-02-16,2025-02-18,raise_cabinet_and_seal,civil,flood,1.1,3046,True
WO_001794,MY_N6039478983,2025-02-16,2025-02-20,vegetation_clearance,civil,vegetation,5.9,2443,True
WO_001795,MY_N3902995310,2025-02-17,2025-02-21,raise_cabinet_and_seal,civil,flood,12.1,324,True
WO_001796,MY_N1662564012,2025-02-18,2025-02-23,raise_cabinet_and_seal,civil,flood,6.2,2440,True
WO_001797,MY_W818064274,2025-02-18,2025-02-20,slope_stabilize_and_tension,civil,terrain,12.1,1605,True
WO_001798,MY_N8812260333,2025-02-19,2025-02-20,raise_cabinet_and_seal,civil,flood,4.6,1637,True
WO_001799,MY_N12270851329,2025-02-20,2025-02-21,slope_stabilize_and_tension,civil,terrain,0.3,2041,True
WO_001800,MY_N12773184677,2025-02-20,2025-02-23,slope_stabilize_and_tension,civil,terrain,7.7,2660,True
WO_001801,MY_N11147435458,2025-02-21,2025-02-22,scheduled_inspection,civil,scheduled_inspection,2.2,3063,False
WO_001802,MY_N12227903176,2025-02-21,2025-02-22,scheduled_inspection,civil,scheduled_inspection,1.5,516,False
WO_001803,MY_N3901387616,2025-02-21,2025-02-23,battery_genset_service,power,power,9.1,2059,True
WO_001804,MY_N8025981358,2025-02-21,2025-02-22,scheduled_inspection,civil,scheduled_inspection,2.1,377,False
WO_001805,MY_N8191059241,2025-02-21,2025-02-22,radio_unit_refresh,rf,equipment,2.5,5623,True
WO_001806,MY_W1315123577,2025-02-21,2025-02-24,raise_cabinet_and_seal,civil,flood,11.1,3711,True
WO_001807,MY_N12138116212,2025-02-22,2025-02-27,raise_cabinet_and_seal,civil,flood,6.0,2207,True
WO_001808,MY_N11388862434,2025-02-23,2025-02-26,slope_stabilize_and_tension,civil,terrain,2.0,1174,True
WO_001809,MY_N11659562130,2025-02-23,2025-02-24,scheduled_inspection,civil,scheduled_inspection,2.4,1404,False
WO_001810,MY_N5067194637,2025-02-23,2025-02-26,raise_cabinet_and_seal,civil,flood,1.1,2851,True
WO_001811,MY_W1386907231,2025-02-23,2025-02-25,vegetation_clearance,civil,vegetation,5.0,2192,True
WO_001812,MY_N12546408507,2025-02-24,2025-02-26,raise_cabinet_and_seal,civil,flood,3.6,2350,True
WO_001813,MY_N3902995275,2025-02-24,2025-02-25,raise_cabinet_and_seal,civil,flood,6.7,104,True
WO_001814,MY_N12138116212,2025-02-25,2025-03-01,raise_cabinet_and_seal,civil,flood,17.1,3096,True
WO_001815,MY_N6745537233,2025-02-25,2025-02-28,slope_stabilize_and_tension,civil,terrain,7.3,391,True
WO_001816,MY_N8025859449,2025-02-25,2025-02-28,raise_cabinet_and_seal,civil,flood,4.9,2249,True
WO_001817,MY_N9040016333,2025-02-25,2025-02-26,scheduled_inspection,civil,scheduled_inspection,0.3,716,False
WO_001818,MY_N11774742821,2025-02-26,2025-03-01,raise_cabinet_and_seal,civil,flood,6.7,2580,True
WO_001819,MY_N12383562688,2025-02-26,2025-02-28,slope_stabilize_and_tension,civil,terrain,4.8,3427,True
WO_001820,MY_N8025859449,2025-02-26,2025-02-28,raise_cabinet_and_seal,civil,flood,7.0,1825,True
WO_001821,MY_N13103284367,2025-02-27,2025-03-02,slope_stabilize_and_tension,civil,terrain,12.6,815,True
WO_001822,MY_N13979312124,2025-02-27,2025-03-04,slope_stabilize_and_tension,civil,terrain,7.8,989,True
WO_001823,MY_W1367367946,2025-02-27,2025-02-28,radio_unit_refresh,rf,equipment,9.8,6021,True
WO_001824,MY_W728820002,2025-02-27,2025-03-02,raise_cabinet_and_seal,civil,flood,4.6,890,True
WO_001825,MY_N3902995326,2025-02-28,2025-03-04,raise_cabinet_and_seal,civil,flood,17.0,2400,True
WO_001826,MY_N5067194637,2025-02-28,2025-03-05,raise_cabinet_and_seal,civil,flood,3.0,2498,True
WO_001827,MY_N6157011103,2025-02-28,2025-03-04,vegetation_clearance,civil,vegetation,4.4,2965,True
WO_001828,MY_N8987661324,2025-02-28,2025-03-03,vegetation_clearance,civil,vegetation,3.4,1246,True
WO_001829,MY_N13517883535,2025-03-01,2025-03-04,raise_cabinet_and_seal,civil,flood,1.4,2320,True
WO_001830,MY_N3765699324,2025-03-01,2025-03-03,raise_cabinet_and_seal,civil,flood,11.8,4483,True
WO_001831,MY_N506433555,2025-03-01,2025-03-05,vegetation_clearance,civil,vegetation,15.3,1820,True
WO_001832,MY_N7033248825,2025-03-01,2025-03-06,vegetation_clearance,civil,vegetation,7.2,1316,True
WO_001833,MY_N12137013087,2025-03-02,2025-03-06,raise_cabinet_and_seal,civil,flood,8.5,1276,True
WO_001834,MY_N12270341400,2025-03-02,2025-03-05,slope_stabilize_and_tension,civil,terrain,3.8,1589,True
WO_001835,MY_N12773184677,2025-03-02,2025-03-03,raise_cabinet_and_seal,civil,flood,5.3,4834,True
WO_001836,MY_N13659918586,2025-03-02,2025-03-07,raise_cabinet_and_seal,civil,flood,1.3,3569,True
WO_001837,MY_N12531429458,2025-03-03,2025-03-08,raise_cabinet_and_seal,civil,flood,2.3,6246,True
WO_001838,MY_N13142317645,2025-03-03,2025-03-07,raise_cabinet_and_seal,civil,flood,1.9,1744,True
WO_001839,MY_N1662637919,2025-03-03,2025-03-05,vegetation_clearance,civil,vegetation,6.6,921,True
WO_001840,MY_N8646761662,2025-03-03,2025-03-04,scheduled_inspection,civil,scheduled_inspection,2.0,1372,False
WO_001841,MY_W1183622030,2025-03-03,2025-03-06,raise_cabinet_and_seal,civil,flood,4.8,5671,True
WO_001842,MY_N11962284837,2025-03-04,2025-03-09,raise_cabinet_and_seal,civil,flood,9.1,4292,True
WO_001843,MY_N12773184677,2025-03-04,2025-03-06,battery_genset_service,power,power,1.6,1665,True
WO_001844,MY_N8988150891,2025-03-04,2025-03-05,scheduled_inspection,civil,scheduled_inspection,6.6,662,False
WO_001845,MY_N9040072039,2025-03-04,2025-03-05,scheduled_inspection,civil,scheduled_inspection,1.3,387,False
WO_001846,MY_N12138116212,2025-03-05,2025-03-06,raise_cabinet_and_seal,civil,flood,1.9,1773,True
WO_001847,MY_N10317040484,2025-03-06,2025-03-07,scheduled_inspection,civil,scheduled_inspection,0.2,752,False
WO_001848,MY_N11659562142,2025-03-06,2025-03-08,battery_genset_service,power,power,4.7,5938,True
WO_001849,MY_N506433555,2025-03-06,2025-03-10,raise_cabinet_and_seal,civil,flood,6.6,2801,True
WO_001850,MY_N8327095826,2025-03-06,2025-03-10,vegetation_clearance,civil,vegetation,7.1,2344,True
WO_001851,MY_W1317650252,2025-03-06,2025-03-08,slope_stabilize_and_tension,civil,terrain,0.8,3955,True
WO_001852,MY_W879207161,2025-03-06,2025-03-07,raise_cabinet_and_seal,civil,flood,3.4,3700,True
WO_001853,MY_N9040016332,2025-03-08,2025-03-13,slope_stabilize_and_tension,civil,terrain,2.8,1459,True
WO_001854,MY_W1183622030,2025-03-08,2025-03-10,vegetation_clearance,civil,vegetation,10.2,548,True
WO_001855,MY_W728820002,2025-03-08,2025-03-10,slope_stabilize_and_tension,civil,terrain,8.6,3200,True
WO_001856,MY_N7033248825,2025-03-09,2025-03-12,vegetation_clearance,civil,vegetation,3.6,1475,True
WO_001857,MY_N11990327538,2025-03-10,2025-03-15,raise_cabinet_and_seal,civil,flood,14.9,1859,True
WO_001858,MY_N13979312124,2025-03-10,2025-03-15,slope_stabilize_and_tension,civil,terrain,8.3,3455,True
WO_001859,MY_N6745537234,2025-03-10,2025-03-12,vegetation_clearance,civil,vegetation,2.0,1325,True
WO_001860,MY_N8176878231,2025-03-10,2025-03-15,battery_genset_service,power,power,2.8,1487,True
WO_001861,MY_W1317650252,2025-03-10,2025-03-15,raise_cabinet_and_seal,civil,flood,3.6,2181,True
WO_001862,MY_W1496819391,2025-03-10,2025-03-14,raise_cabinet_and_seal,civil,flood,4.4,3600,True
WO_001863,MY_N12137024409,2025-03-11,2025-03-16,raise_cabinet_and_seal,civil,flood,10.4,1661,True
WO_001864,MY_N12167559699,2025-03-11,2025-03-12,scheduled_inspection,civil,scheduled_inspection,2.2,1475,False
WO_001865,MY_N8025609742,2025-03-11,2025-03-16,battery_genset_service,power,power,10.0,357,True
WO_001866,MY_N12137024409,2025-03-12,2025-03-14,slope_stabilize_and_tension,civil,terrain,2.3,941,True
WO_001867,MY_N610175376,2025-03-12,2025-03-15,raise_cabinet_and_seal,civil,flood,4.0,2240,True
WO_001868,MY_N9324749766,2025-03-12,2025-03-13,scheduled_inspection,civil,scheduled_inspection,0.8,643,False
WO_001869,MY_W1491528657,2025-03-12,2025-03-13,scheduled_inspection,civil,scheduled_inspection,1.4,306,False
WO_001870,MY_W879207161,2025-03-12,2025-03-13,raise_cabinet_and_seal,civil,flood,3.4,4425,True
WO_001871,MY_N12531429458,2025-03-13,2025-03-14,battery_genset_service,power,power,8.0,6454,True
WO_001872,MY_N13663195382,2025-03-13,2025-03-14,scheduled_inspection,civil,scheduled_inspection,0.7,842,False
WO_001873,MY_N1988043289,2025-03-13,2025-03-14,scheduled_inspection,civil,scheduled_inspection,2.1,586,False
WO_001874,MY_N3341958144,2025-03-13,2025-03-14,scheduled_inspection,civil,scheduled_inspection,0.3,323,False
WO_001875,MY_N8813215619,2025-03-13,2025-03-14,scheduled_inspection,civil,scheduled_inspection,0.9,1055,False
WO_001876,MY_N12058759613,2025-03-14,2025-03-19,raise_cabinet_and_seal,civil,flood,5.4,2334,True
WO_001877,MY_N3902995301,2025-03-14,2025-03-17,battery_genset_service,power,power,8.4,1839,True
WO_001878,MY_N12135375711,2025-03-15,2025-03-19,raise_cabinet_and_seal,civil,flood,4.3,3498,True
WO_001879,MY_N13142317645,2025-03-16,2025-03-20,raise_cabinet_and_seal,civil,flood,12.7,3776,True
WO_001880,MY_N8923088437,2025-03-16,2025-03-20,slope_stabilize_and_tension,civil,terrain,2.4,949,True
WO_001881,MY_N11653038151,2025-03-18,2025-03-21,slope_stabilize_and_tension,civil,terrain,4.8,2638,True
WO_001882,MY_N13517883535,2025-03-18,2025-03-19,battery_genset_service,power,power,2.8,7986,True
WO_001883,MY_N13889774655,2025-03-18,2025-03-21,raise_cabinet_and_seal,civil,flood,0.9,3854,True
WO_001884,MY_N12419607083,2025-03-19,2025-03-24,vegetation_clearance,civil,vegetation,8.2,1851,True
WO_001885,MY_N6745537234,2025-03-19,2025-03-20,scheduled_inspection,civil,scheduled_inspection,2.2,238,False
WO_001886,MY_W1270085203,2025-03-19,2025-03-20,vegetation_clearance,civil,vegetation,13.7,1957,True
WO_001887,MY_N11496879857,2025-03-20,2025-03-21,scheduled_inspection,civil,scheduled_inspection,2.3,342,False
WO_001888,MY_N11875484224,2025-03-20,2025-03-25,raise_cabinet_and_seal,civil,flood,1.2,3056,True
WO_001889,MY_N12266043339,2025-03-20,2025-03-23,battery_genset_service,power,power,8.3,3031,True
WO_001890,MY_N12773184677,2025-03-20,2025-03-22,raise_cabinet_and_seal,civil,flood,3.8,3902,True
WO_001891,MY_N7033248825,2025-03-21,2025-03-24,raise_cabinet_and_seal,civil,flood,4.5,7001,True
WO_001892,MY_N9040016328,2025-03-21,2025-03-22,scheduled_inspection,civil,scheduled_inspection,6.1,242,False
WO_001893,MY_N11875484223,2025-03-22,2025-03-26,raise_cabinet_and_seal,civil,flood,1.0,7061,True
WO_001894,MY_N11875484224,2025-03-22,2025-03-27,raise_cabinet_and_seal,civil,flood,2.4,3119,True
WO_001895,MY_N12773184677,2025-03-22,2025-03-23,slope_stabilize_and_tension,civil,terrain,7.3,2544,True
WO_001896,MY_N13663195382,2025-03-22,2025-03-25,battery_genset_service,power,power,3.2,264,True
WO_001897,MY_N3902995275,2025-03-22,2025-03-27,vegetation_clearance,civil,vegetation,8.1,3196,True
WO_001898,MY_N8899990561,2025-03-22,2025-03-26,slope_stabilize_and_tension,civil,terrain,1.4,3346,True
WO_001899,MY_N11875484220,2025-03-23,2025-03-26,raise_cabinet_and_seal,civil,flood,17.4,1235,True
WO_001900,MY_N8806058356,2025-03-23,2025-03-28,battery_genset_service,power,power,0.7,1824,True
WO_001901,MY_N12182196429,2025-03-24,2025-03-25,scheduled_inspection,civil,scheduled_inspection,0.4,521,False
WO_001902,MY_N3765686551,2025-03-24,2025-03-28,slope_stabilize_and_tension,civil,terrain,4.2,1392,True
WO_001903,MY_N3902995230,2025-03-24,2025-03-25,scheduled_inspection,civil,scheduled_inspection,1.0,464,False
WO_001904,MY_N8009459244,2025-03-24,2025-03-27,raise_cabinet_and_seal,civil,flood,5.1,1141,True
WO_001905,MY_N13495459821,2025-03-25,2025-03-29,slope_stabilize_and_tension,civil,terrain,1.9,1927,True
WO_001906,MY_N1662564012,2025-03-25,2025-03-28,battery_genset_service,power,power,5.1,4804,True
WO_001907,MY_N6457937009,2025-03-25,2025-03-28,vegetation_clearance,civil,vegetation,6.3,6529,True
WO_001908,MY_N8987661324,2025-03-25,2025-03-28,slope_stabilize_and_tension,civil,terrain,3.7,3438,True
WO_001909,MY_N11747587796,2025-03-26,2025-03-27,raise_cabinet_and_seal,civil,flood,1.8,2380,True
WO_001910,MY_N12135373696,2025-03-26,2025-03-27,raise_cabinet_and_seal,civil,flood,8.1,1140,True
WO_001911,MY_N13495665455,2025-03-26,2025-03-31,raise_cabinet_and_seal,civil,flood,4.8,1571,True
WO_001912,MY_N8044980541,2025-03-26,2025-03-31,slope_stabilize_and_tension,civil,terrain,7.8,752,True
WO_001913,MY_N12135759497,2025-03-27,2025-03-29,slope_stabilize_and_tension,civil,terrain,7.3,4644,True
WO_001914,MY_N13517883535,2025-03-27,2025-03-31,raise_cabinet_and_seal,civil,flood,7.3,3204,True
WO_001915,MY_N4824910112,2025-03-27,2025-03-28,scheduled_inspection,civil,scheduled_inspection,2.1,642,False
WO_001916,MY_N6157011103,2025-03-27,2025-03-30,raise_cabinet_and_seal,civil,flood,0.8,2482,True
WO_001917,MY_N8971256083,2025-03-31,2025-04-01,scheduled_inspection,civil,scheduled_inspection,0.5,208,False
WO_001918,MY_N5931380384,2025-04-01,2025-04-02,scheduled_inspection,civil,scheduled_inspection,3.6,2454,False
WO_001919,MY_N8899964135,2025-04-01,2025-04-02,battery_genset_service,power,power,3.1,7378,True
WO_001920,MY_N13335390186,2025-04-02,2025-04-03,scheduled_inspection,civil,scheduled_inspection,5.2,1268,False
WO_001921,MY_N8812260333,2025-04-02,2025-04-06,raise_cabinet_and_seal,civil,flood,3.7,3218,True
WO_001922,MY_N9466091146,2025-04-02,2025-04-07,raise_cabinet_and_seal,civil,flood,1.8,3172,True
WO_001923,MY_N12135373696,2025-04-04,2025-04-08,vegetation_clearance,civil,vegetation,10.2,5510,True
WO_001924,MY_N10802588447,2025-04-05,2025-04-09,slope_stabilize_and_tension,civil,terrain,1.6,3238,True
WO_001925,MY_N10802588447,2025-04-05,2025-04-08,battery_genset_service,power,power,3.5,1821,True
WO_001926,MY_N11738300326,2025-04-05,2025-04-06,raise_cabinet_and_seal,civil,flood,5.8,1452,True
WO_001927,MY_N12137024409,2025-04-05,2025-04-06,slope_stabilize_and_tension,civil,terrain,2.7,5753,True
WO_001928,MY_N13335390186,2025-04-05,2025-04-09,vegetation_clearance,civil,vegetation,3.3,1780,True
WO_001929,MY_N6795232571,2025-04-05,2025-04-06,scheduled_inspection,civil,scheduled_inspection,1.0,257,False
WO_001930,MY_N10263911645,2025-04-06,2025-04-07,scheduled_inspection,civil,scheduled_inspection,3.4,162,False
WO_001931,MY_N11608082001,2025-04-06,2025-04-07,scheduled_inspection,civil,scheduled_inspection,1.3,1145,False
WO_001932,MY_N6759131549,2025-04-06,2025-04-11,raise_cabinet_and_seal,civil,flood,7.8,2967,True
WO_001933,MY_N9006098842,2025-04-06,2025-04-07,battery_genset_service,power,power,4.5,482,True
WO_001934,MY_W1386907231,2025-04-06,2025-04-11,vegetation_clearance,civil,vegetation,2.9,2414,True
WO_001935,MY_N3902995326,2025-04-07,2025-04-10,slope_stabilize_and_tension,civil,terrain,2.1,6445,True
WO_001936,MY_N8025859449,2025-04-07,2025-04-10,battery_genset_service,power,power,7.8,4448,True
WO_001937,MY_N12137013087,2025-04-08,2025-04-12,raise_cabinet_and_seal,civil,flood,1.7,1827,True
WO_001938,MY_N3902995324,2025-04-08,2025-04-09,scheduled_inspection,civil,scheduled_inspection,1.3,474,False
WO_001939,MY_N13517883535,2025-04-10,2025-04-11,slope_stabilize_and_tension,civil,terrain,6.6,2638,True
WO_001940,MY_N11584348427,2025-04-11,2025-04-12,scheduled_inspection,civil,scheduled_inspection,1.1,1340,False
WO_001941,MY_W879207161,2025-04-11,2025-04-12,slope_stabilize_and_tension,civil,terrain,7.9,1345,True
WO_001942,MY_N11802478955,2025-04-12,2025-04-17,raise_cabinet_and_seal,civil,flood,5.6,1849,True
WO_001943,MY_W1117797547,2025-04-12,2025-04-13,scheduled_inspection,civil,scheduled_inspection,1.1,1436,False
WO_001944,MY_W1388820991,2025-04-12,2025-04-13,raise_cabinet_and_seal,civil,flood,11.1,1606,True
WO_001945,MY_N6721910509,2025-04-13,2025-04-14,scheduled_inspection,civil,scheduled_inspection,1.0,956,False
WO_001946,MY_N6745537233,2025-04-13,2025-04-14,scheduled_inspection,civil,scheduled_inspection,0.5,716,False
WO_001947,MY_W1270085203,2025-04-13,2025-04-17,slope_stabilize_and_tension,civil,terrain,10.9,1481,True
WO_001948,MY_N11659562129,2025-04-14,2025-04-17,battery_genset_service,power,power,8.2,1917,True
WO_001949,MY_N12240441026,2025-04-15,2025-04-16,scheduled_inspection,civil,scheduled_inspection,1.7,2797,False
WO_001950,MY_N3765699324,2025-04-15,2025-04-17,raise_cabinet_and_seal,civil,flood,3.0,2062,True
WO_001951,MY_W1545410197,2025-04-15,2025-04-20,slope_stabilize_and_tension,civil,terrain,1.6,3957,True
WO_001952,MY_N11659562142,2025-04-16,2025-04-19,raise_cabinet_and_seal,civil,flood,3.1,3016,True
WO_001953,MY_N7033248825,2025-04-16,2025-04-19,raise_cabinet_and_seal,civil,flood,7.4,1416,True
WO_001954,MY_N7838524095,2025-04-16,2025-04-17,scheduled_inspection,civil,scheduled_inspection,0.2,92,False
WO_001955,MY_N8899877343,2025-04-16,2025-04-17,scheduled_inspection,civil,scheduled_inspection,1.1,631,False
WO_001956,MY_N13517883535,2025-04-17,2025-04-19,slope_stabilize_and_tension,civil,terrain,1.9,2778,True
WO_001957,MY_N3765699324,2025-04-17,2025-04-20,slope_stabilize_and_tension,civil,terrain,6.6,3688,True
WO_001958,MY_N9084071195,2025-04-17,2025-04-18,raise_cabinet_and_seal,civil,flood,5.4,3479,True
WO_001959,MY_N9466091146,2025-04-17,2025-04-19,battery_genset_service,power,power,6.6,3663,True
WO_001960,MY_N8297308061,2025-04-18,2025-04-19,scheduled_inspection,civil,scheduled_inspection,1.6,458,False
WO_001961,MY_W1270085203,2025-04-18,2025-04-21,battery_genset_service,power,power,10.5,2748,True
WO_001962,MY_N12270851329,2025-04-19,2025-04-21,battery_genset_service,power,power,5.1,2022,True
WO_001963,MY_N10801806749,2025-04-20,2025-04-24,radio_unit_refresh,rf,equipment,7.6,2011,True
WO_001964,MY_N506433555,2025-04-20,2025-04-22,radio_unit_refresh,rf,equipment,6.2,379,True
WO_001965,MY_N13517883535,2025-04-21,2025-04-26,slope_stabilize_and_tension,civil,terrain,6.2,85,True
WO_001966,MY_N1662564012,2025-04-21,2025-04-26,slope_stabilize_and_tension,civil,terrain,8.2,2344,True
WO_001967,MY_N506433555,2025-04-21,2025-04-25,vegetation_clearance,civil,vegetation,13.6,3999,True
WO_001968,MY_N12889290231,2025-04-22,2025-04-27,slope_stabilize_and_tension,civil,terrain,7.5,3124,True
WO_001969,MY_N506433555,2025-04-22,2025-04-23,raise_cabinet_and_seal,civil,flood,7.1,2392,True
WO_001970,MY_N8899990561,2025-04-22,2025-04-23,vegetation_clearance,civil,vegetation,4.9,2982,True
WO_001971,MY_N12462397947,2025-04-23,2025-04-24,scheduled_inspection,civil,scheduled_inspection,0.9,1097,False
WO_001972,MY_N8297308060,2025-04-23,2025-04-24,scheduled_inspection,civil,scheduled_inspection,1.9,1074,False
WO_001973,MY_N4124017619,2025-04-24,2025-04-25,scheduled_inspection,civil,scheduled_inspection,0.7,639,False
WO_001974,MY_N8988150892,2025-04-24,2025-04-27,raise_cabinet_and_seal,civil,flood,7.6,2091,True
WO_001975,MY_N12131514588,2025-04-25,2025-04-27,battery_genset_service,power,power,15.0,2069,True
WO_001976,MY_N13659918586,2025-04-25,2025-04-27,raise_cabinet_and_seal,civil,flood,7.1,2899,True
WO_001977,MY_N3765699324,2025-04-25,2025-04-30,battery_genset_service,power,power,7.8,4904,True
WO_001978,MY_N5159160718,2025-04-25,2025-04-26,scheduled_inspection,civil,scheduled_inspection,1.9,879,False
WO_001979,MY_N9466091146,2025-04-25,2025-04-27,raise_cabinet_and_seal,civil,flood,8.6,3803,True
WO_001980,MY_N11770524376,2025-04-26,2025-04-27,scheduled_inspection,civil,scheduled_inspection,0.1,270,False
WO_001981,MY_N11962284837,2025-04-26,2025-04-29,slope_stabilize_and_tension,civil,terrain,1.5,4176,True
WO_001982,MY_N8044656639,2025-04-26,2025-04-27,battery_genset_service,power,power,5.5,2603,True
WO_001983,MY_N11484371222,2025-04-27,2025-04-28,battery_genset_service,power,power,7.0,3534,True
WO_001984,MY_N12138116212,2025-04-27,2025-04-28,slope_stabilize_and_tension,civil,terrain,1.5,2400,True
WO_001985,MY_N13057626241,2025-04-27,2025-04-30,raise_cabinet_and_seal,civil,flood,17.4,1025,True
WO_001986,MY_N4436507977,2025-04-27,2025-04-30,raise_cabinet_and_seal,civil,flood,6.2,493,True
WO_001987,MY_N9040016333,2025-04-27,2025-04-28,vegetation_clearance,civil,vegetation,9.2,6041,True
WO_001988,MY_N13335390186,2025-04-28,2025-05-02,battery_genset_service,power,power,3.7,2978,True
WO_001989,MY_N1662564012,2025-04-28,2025-05-02,slope_stabilize_and_tension,civil,terrain,6.9,4068,True
WO_001990,MY_N3902995326,2025-04-28,2025-04-29,battery_genset_service,power,power,6.3,2591,True
WO_001991,MY_N506433555,2025-04-28,2025-05-03,raise_cabinet_and_seal,civil,flood,3.7,1036,True
WO_001992,MY_N13013877873,2025-05-01,2025-05-05,vegetation_clearance,civil,vegetation,15.1,8378,True
WO_001993,MY_N3902995301,2025-05-01,2025-05-05,battery_genset_service,power,power,1.5,360,True
WO_001994,MY_N12603668089,2025-05-02,2025-05-04,battery_genset_service,power,power,2.5,558,True
WO_001995,MY_N5742976628,2025-05-02,2025-05-06,vegetation_clearance,civil,vegetation,16.4,6987,True
WO_001996,MY_N3765699324,2025-05-03,2025-05-08,vegetation_clearance,civil,vegetation,7.3,1833,True
WO_001997,MY_N13517883535,2025-05-04,2025-05-05,vegetation_clearance,civil,vegetation,5.4,4103,True
WO_001998,MY_N12068508652,2025-05-05,2025-05-06,scheduled_inspection,civil,scheduled_inspection,0.8,609,False
WO_001999,MY_N13517883535,2025-05-05,2025-05-09,radio_unit_refresh,rf,equipment,4.8,2933,True
WO_002000,MY_N7033248825,2025-05-05,2025-05-08,raise_cabinet_and_seal,civil,flood,7.5,1716,True
WO_002001,MY_N8044980541,2025-05-05,2025-05-07,raise_cabinet_and_seal,civil,flood,4.3,386,True
WO_002002,MY_N5742976628,2025-05-06,2025-05-11,battery_genset_service,power,power,5.5,1202,True
WO_002003,MY_N8044980541,2025-05-06,2025-05-10,raise_cabinet_and_seal,civil,flood,4.0,6381,True
WO_002004,MY_N10802588447,2025-05-07,2025-05-11,raise_cabinet_and_seal,civil,flood,2.0,3372,True
WO_002005,MY_N6457937009,2025-05-07,2025-05-08,raise_cabinet_and_seal,civil,flood,5.2,5561,True
WO_002006,MY_W1201224318,2025-05-07,2025-05-08,scheduled_inspection,civil,scheduled_inspection,1.4,735,False
WO_002007,MY_N11484371222,2025-05-08,2025-05-10,radio_unit_refresh,rf,equipment,5.8,3902,True
WO_002008,MY_N3902995301,2025-05-08,2025-05-11,battery_genset_service,power,power,2.0,1246,True
WO_002009,MY_N7033248825,2025-05-08,2025-05-11,raise_cabinet_and_seal,civil,flood,6.7,12999,True
WO_002010,MY_N8923088437,2025-05-08,2025-05-09,battery_genset_service,power,power,10.8,2919,True
WO_002011,MY_N11388862434,2025-05-09,2025-05-12,raise_cabinet_and_seal,civil,flood,3.6,3399,True
WO_002012,MY_N12278677313,2025-05-09,2025-05-10,scheduled_inspection,civil,scheduled_inspection,1.5,1423,False
WO_002013,MY_N13967382741,2025-05-09,2025-05-10,scheduled_inspection,civil,scheduled_inspection,3.5,330,False
WO_002014,MY_N11609644622,2025-05-10,2025-05-15,raise_cabinet_and_seal,civil,flood,4.0,1003,True
WO_002015,MY_N11802478955,2025-05-10,2025-05-14,raise_cabinet_and_seal,civil,flood,1.3,1177,True
WO_002016,MY_N10802588447,2025-05-11,2025-05-14,raise_cabinet_and_seal,civil,flood,2.6,578,True
WO_002017,MY_N12097503031,2025-05-11,2025-05-12,scheduled_inspection,civil,scheduled_inspection,0.9,194,False
WO_002018,MY_N13659918586,2025-05-11,2025-05-14,raise_cabinet_and_seal,civil,flood,7.2,2515,True
WO_002019,MY_N8988150889,2025-05-11,2025-05-12,scheduled_inspection,civil,scheduled_inspection,0.7,720,False
WO_002020,MY_W1315123577,2025-05-11,2025-05-14,battery_genset_service,power,power,1.2,2204,True
WO_002021,MY_N9040090263,2025-05-12,2025-05-13,scheduled_inspection,civil,scheduled_inspection,1.0,572,False
WO_002022,MY_N11388862434,2025-05-13,2025-05-17,raise_cabinet_and_seal,civil,flood,12.6,489,True
WO_002023,MY_N3765699324,2025-05-13,2025-05-18,vegetation_clearance,civil,vegetation,3.2,1214,True
WO_002024,MY_N12137013087,2025-05-15,2025-05-17,vegetation_clearance,civil,vegetation,2.4,3556,True
WO_002025,MY_N12137013087,2025-05-16,2025-05-19,raise_cabinet_and_seal,civil,flood,2.9,6616,True
WO_002026,MY_N12266043339,2025-05-17,2025-05-18,raise_cabinet_and_seal,civil,flood,14.2,3043,True
WO_002027,MY_N13678930905,2025-05-17,2025-05-22,battery_genset_service,power,power,13.4,2944,True
WO_002028,MY_W1317650252,2025-05-17,2025-05-22,raise_cabinet_and_seal,civil,flood,7.9,1573,True
WO_002029,MY_N11738300326,2025-05-18,2025-05-19,raise_cabinet_and_seal,civil,flood,4.7,5818,True
WO_002030,MY_N3901579514,2025-05-18,2025-05-19,scheduled_inspection,civil,scheduled_inspection,0.2,834,False
WO_002031,MY_N3902995326,2025-05-18,2025-05-22,raise_cabinet_and_seal,civil,flood,8.0,1805,True
WO_002032,MY_N8044980541,2025-05-18,2025-05-23,raise_cabinet_and_seal,civil,flood,2.9,5134,True
WO_002033,MY_N8099999650,2025-05-18,2025-05-19,scheduled_inspection,civil,scheduled_inspection,1.3,1250,False
WO_002034,MY_N8422298542,2025-05-18,2025-05-20,raise_cabinet_and_seal,civil,flood,8.9,11405,True
WO_002035,MY_N8920295576,2025-05-18,2025-05-21,slope_stabilize_and_tension,civil,terrain,14.8,737,True
WO_002036,MY_N12968711538,2025-05-19,2025-05-20,scheduled_inspection,civil,scheduled_inspection,0.9,2344,False
WO_002037,MY_W728820002,2025-05-20,2025-05-21,scheduled_inspection,civil,scheduled_inspection,5.6,408,False
WO_002038,MY_W1317650252,2025-05-21,2025-05-25,vegetation_clearance,civil,vegetation,12.0,13170,True
WO_002039,MY_N13526011249,2025-05-22,2025-05-23,vegetation_clearance,civil,vegetation,3.4,5366,True
WO_002040,MY_N13678930905,2025-05-22,2025-05-27,raise_cabinet_and_seal,civil,flood,5.8,4624,True
WO_002041,MY_N8923088437,2025-05-22,2025-05-24,radio_unit_refresh,rf,equipment,4.1,1135,True
WO_002042,MY_N11151660426,2025-05-23,2025-05-27,battery_genset_service,power,power,18.9,10780,True
WO_002043,MY_N6457937009,2025-05-23,2025-05-24,battery_genset_service,power,power,4.3,1224,True
WO_002044,MY_W1317650252,2025-05-24,2025-05-29,radio_unit_refresh,rf,equipment,4.6,3580,True
WO_002045,MY_N11167076406,2025-05-25,2025-05-29,battery_genset_service,power,power,8.2,2816,True
WO_002046,MY_N11794540712,2025-05-25,2025-05-26,scheduled_inspection,civil,scheduled_inspection,2.8,681,False
WO_002047,MY_N11484371222,2025-05-26,2025-05-28,raise_cabinet_and_seal,civil,flood,1.2,258,True
WO_002048,MY_N3902995326,2025-05-26,2025-05-27,battery_genset_service,power,power,3.5,973,True
WO_002049,MY_N9504789637,2025-05-26,2025-05-27,raise_cabinet_and_seal,civil,flood,0.7,738,True
WO_002050,MY_N7033248825,2025-05-27,2025-05-28,battery_genset_service,power,power,10.0,447,True
WO_002051,MY_N13103284367,2025-05-28,2025-05-30,vegetation_clearance,civil,vegetation,5.3,2842,True
WO_002052,MY_N13326193730,2025-05-28,2025-05-30,vegetation_clearance,civil,vegetation,5.6,1331,True
WO_002053,MY_N12265504950,2025-05-29,2025-05-30,scheduled_inspection,civil,scheduled_inspection,1.7,1002,False
WO_002054,MY_N8377840940,2025-05-29,2025-05-30,scheduled_inspection,civil,scheduled_inspection,0.8,737,False
WO_002055,MY_N7033248825,2025-05-30,2025-05-31,scheduled_inspection,civil,scheduled_inspection,3.3,1239,False
WO_002056,MY_N3902995237,2025-05-31,2025-06-01,scheduled_inspection,civil,scheduled_inspection,1.6,828,False
WO_002057,MY_N11142031514,2025-06-01,2025-06-02,scheduled_inspection,civil,scheduled_inspection,2.6,683,False
WO_002058,MY_N11609644622,2025-06-01,2025-06-02,scheduled_inspection,civil,scheduled_inspection,1.2,1599,False
WO_002059,MY_N3902995301,2025-06-01,2025-06-04,raise_cabinet_and_seal,civil,flood,3.0,1357,True
WO_002060,MY_N5230359448,2025-06-01,2025-06-02,scheduled_inspection,civil,scheduled_inspection,1.1,438,False
WO_002061,MY_N6745537233,2025-06-01,2025-06-04,slope_stabilize_and_tension,civil,terrain,0.2,4913,True
WO_002062,MY_N13659918586,2025-06-02,2025-06-06,vegetation_clearance,civil,vegetation,12.3,2343,True
WO_002063,MY_N13953354888,2025-06-02,2025-06-03,scheduled_inspection,civil,scheduled_inspection,0.5,295,False
WO_002064,MY_N8047942568,2025-06-02,2025-06-03,scheduled_inspection,civil,scheduled_inspection,1.5,604,False
WO_002065,MY_N9035698652,2025-06-02,2025-06-03,scheduled_inspection,civil,scheduled_inspection,1.1,262,False
WO_002066,MY_N12309364294,2025-06-03,2025-06-07,vegetation_clearance,civil,vegetation,2.9,874,True
WO_002067,MY_N3902995318,2025-06-03,2025-06-04,scheduled_inspection,civil,scheduled_inspection,0.8,100,False
WO_002068,MY_N506433555,2025-06-03,2025-06-05,raise_cabinet_and_seal,civil,flood,10.1,3263,True
WO_002069,MY_N7033248825,2025-06-03,2025-06-07,vegetation_clearance,civil,vegetation,1.2,2883,True
WO_002070,MY_N8377840940,2025-06-03,2025-06-04,battery_genset_service,power,power,5.4,274,True
WO_002071,MY_N12548986934,2025-06-04,2025-06-08,vegetation_clearance,civil,vegetation,1.8,3619,True
WO_002072,MY_N13495459821,2025-06-04,2025-06-05,scheduled_inspection,civil,scheduled_inspection,0.7,1027,False
WO_002073,MY_N13712401727,2025-06-04,2025-06-05,radio_unit_refresh,rf,equipment,2.7,4407,True
WO_002074,MY_N13979312124,2025-06-04,2025-06-06,raise_cabinet_and_seal,civil,flood,0.3,987,True
WO_002075,MY_N3902995301,2025-06-04,2025-06-06,raise_cabinet_and_seal,civil,flood,1.6,5745,True
WO_002076,MY_N4436507977,2025-06-04,2025-06-06,raise_cabinet_and_seal,civil,flood,13.9,2903,True
WO_002077,MY_N11484371222,2025-06-05,2025-06-08,vegetation_clearance,civil,vegetation,3.4,3118,True
WO_002078,MY_N11990327538,2025-06-05,2025-06-07,vegetation_clearance,civil,vegetation,7.4,1761,True
WO_002079,MY_N12137013087,2025-06-05,2025-06-06,raise_cabinet_and_seal,civil,flood,14.2,674,True
WO_002080,MY_N12135375711,2025-06-06,2025-06-08,vegetation_clearance,civil,vegetation,5.5,1009,True
WO_002081,MY_N9621355555,2025-06-06,2025-06-07,scheduled_inspection,civil,scheduled_inspection,0.7,1143,False
WO_002082,MY_N11990327538,2025-06-07,2025-06-09,vegetation_clearance,civil,vegetation,7.6,4684,True
WO_002083,MY_N8191059241,2025-06-07,2025-06-10,raise_cabinet_and_seal,civil,flood,5.8,8597,True
WO_002084,MY_N10802588447,2025-06-08,2025-06-12,battery_genset_service,power,power,7.7,893,True
WO_002085,MY_N8621891632,2025-06-08,2025-06-09,scheduled_inspection,civil,scheduled_inspection,5.6,1080,False
WO_002086,MY_W1317650252,2025-06-08,2025-06-12,slope_stabilize_and_tension,civil,terrain,1.0,1312,True
WO_002087,MY_N11494365614,2025-06-09,2025-06-12,slope_stabilize_and_tension,civil,terrain,15.1,1184,True
WO_002088,MY_N506433555,2025-06-09,2025-06-11,vegetation_clearance,civil,vegetation,1.5,9050,True
WO_002089,MY_N6457937009,2025-06-09,2025-06-13,radio_unit_refresh,rf,equipment,9.9,855,True
WO_002090,MY_N9810551665,2025-06-09,2025-06-10,scheduled_inspection,civil,scheduled_inspection,1.7,842,False
WO_002091,MY_N12135373696,2025-06-10,2025-06-14,raise_cabinet_and_seal,civil,flood,5.4,4321,True
WO_002092,MY_N13967382742,2025-06-10,2025-06-11,scheduled_inspection,civil,scheduled_inspection,0.9,641,False
WO_002093,MY_N6727065189,2025-06-10,2025-06-11,scheduled_inspection,civil,scheduled_inspection,0.9,1196,False
WO_002094,MY_N6759131549,2025-06-10,2025-06-11,scheduled_inspection,civil,scheduled_inspection,1.0,258,False
WO_002095,MY_N8987661324,2025-06-10,2025-06-12,vegetation_clearance,civil,vegetation,10.8,2726,True
WO_002096,MY_W728820002,2025-06-10,2025-06-11,slope_stabilize_and_tension,civil,terrain,5.7,2631,True
WO_002097,MY_N11659562142,2025-06-11,2025-06-16,raise_cabinet_and_seal,civil,flood,2.2,4193,True
WO_002098,MY_N12309364295,2025-06-11,2025-06-14,slope_stabilize_and_tension,civil,terrain,3.6,797,True
WO_002099,MY_N11875484224,2025-06-12,2025-06-13,scheduled_inspection,civil,scheduled_inspection,2.4,1005,False
WO_002100,MY_N6745537234,2025-06-12,2025-06-14,raise_cabinet_and_seal,civil,flood,9.0,895,True
WO_002101,MY_W1311793314,2025-06-13,2025-06-14,battery_genset_service,power,power,8.3,3001,True
WO_002102,MY_W1255218617,2025-06-14,2025-06-15,scheduled_inspection,civil,scheduled_inspection,1.9,664,False
WO_002103,MY_N10801806749,2025-06-15,2025-06-17,slope_stabilize_and_tension,civil,terrain,2.6,4241,True
WO_002104,MY_N3765699324,2025-06-15,2025-06-19,raise_cabinet_and_seal,civil,flood,1.0,5660,True
WO_002105,MY_N6354464187,2025-06-15,2025-06-16,scheduled_inspection,civil,scheduled_inspection,2.1,817,False
WO_002106,MY_N8791272543,2025-06-15,2025-06-19,vegetation_clearance,civil,vegetation,5.2,1746,True
WO_002107,MY_W1311840962,2025-06-15,2025-06-16,scheduled_inspection,civil,scheduled_inspection,3.4,609,False
WO_002108,MY_N12270851329,2025-06-16,2025-06-17,battery_genset_service,power,power,3.3,747,True
WO_002109,MY_N3902995326,2025-06-16,2025-06-21,vegetation_clearance,civil,vegetation,6.6,946,True
WO_002110,MY_N9003249365,2025-06-16,2025-06-17,vegetation_clearance,civil,vegetation,5.4,1654,True
WO_002111,MY_N12137013087,2025-06-17,2025-06-18,radio_unit_refresh,rf,equipment,12.8,1930,True
WO_002112,MY_N13719964947,2025-06-17,2025-06-18,scheduled_inspection,civil,scheduled_inspection,0.8,201,False
WO_002113,MY_N8327095826,2025-06-17,2025-06-18,vegetation_clearance,civil,vegetation,3.5,1160,True
WO_002114,MY_N8327095826,2025-06-17,2025-06-18,scheduled_inspection,civil,scheduled_inspection,0.6,897,False
WO_002115,MY_W1368598193,2025-06-17,2025-06-20,slope_stabilize_and_tension,civil,terrain,2.1,2540,True
WO_002116,MY_W1450150668,2025-06-17,2025-06-18,scheduled_inspection,civil,scheduled_inspection,0.0,980,False
WO_002117,MY_N11659562130,2025-06-18,2025-06-22,raise_cabinet_and_seal,civil,flood,17.2,273,True
WO_002118,MY_N11659562142,2025-06-18,2025-06-19,raise_cabinet_and_seal,civil,flood,6.7,5668,True
WO_002119,MY_N12531429458,2025-06-18,2025-06-19,battery_genset_service,power,power,7.9,1875,True
WO_002120,MY_W818064274,2025-06-18,2025-06-23,vegetation_clearance,civil,vegetation,14.8,237,True
WO_002121,MY_N1870943138,2025-06-19,2025-06-20,scheduled_inspection,civil,scheduled_inspection,1.4,52,False
WO_002122,MY_N6457937009,2025-06-19,2025-06-21,battery_genset_service,power,power,1.9,1399,True
WO_002123,MY_N11167076406,2025-06-20,2025-06-21,vegetation_clearance,civil,vegetation,9.3,900,True
WO_002124,MY_N13979312124,2025-06-20,2025-06-21,raise_cabinet_and_seal,civil,flood,2.7,2703,True
WO_002125,MY_N11659562129,2025-06-21,2025-06-25,raise_cabinet_and_seal,civil,flood,15.6,7795,True
WO_002126,MY_N12137024409,2025-06-21,2025-06-25,radio_unit_refresh,rf,equipment,0.9,3570,True
WO_002127,MY_N4069889954,2025-06-21,2025-06-24,raise_cabinet_and_seal,civil,flood,5.5,253,True
WO_002128,MY_N13659918586,2025-06-22,2025-06-25,vegetation_clearance,civil,vegetation,9.4,3037,True
WO_002129,MY_N13719053843,2025-06-22,2025-06-23,scheduled_inspection,civil,scheduled_inspection,0.8,366,False
WO_002130,MY_N3902995301,2025-06-22,2025-06-27,vegetation_clearance,civil,vegetation,18.8,1409,True
WO_002131,MY_N3989115263,2025-06-22,2025-06-23,scheduled_inspection,civil,scheduled_inspection,0.9,382,False
WO_002132,MY_N6457937009,2025-06-22,2025-06-25,radio_unit_refresh,rf,equipment,4.3,1083,True
WO_002133,MY_N11802478955,2025-06-23,2025-06-24,scheduled_inspection,civil,scheduled_inspection,1.3,144,False
WO_002134,MY_N12309364295,2025-06-23,2025-06-26,raise_cabinet_and_seal,civil,flood,13.0,1558,True
WO_002135,MY_N12603668089,2025-06-23,2025-06-25,vegetation_clearance,civil,vegetation,3.4,1156,True
WO_002136,MY_N13015545328,2025-06-23,2025-06-24,scheduled_inspection,civil,scheduled_inspection,0.1,1288,False
WO_002137,MY_N8789765101,2025-06-23,2025-06-24,scheduled_inspection,civil,scheduled_inspection,1.2,1034,False
WO_002138,MY_W1265004387,2025-06-23,2025-06-24,scheduled_inspection,civil,scheduled_inspection,0.8,1085,False
WO_002139,MY_N11388862434,2025-06-24,2025-06-25,battery_genset_service,power,power,5.0,3686,True
WO_002140,MY_N12137013087,2025-06-24,2025-06-27,raise_cabinet_and_seal,civil,flood,6.4,2393,True
WO_002141,MY_N5115603531,2025-06-24,2025-06-27,radio_unit_refresh,rf,equipment,4.7,3266,True
WO_002142,MY_N9006098842,2025-06-24,2025-06-29,slope_stabilize_and_tension,civil,terrain,3.7,1767,True
WO_002143,MY_W879207161,2025-06-24,2025-06-28,slope_stabilize_and_tension,civil,terrain,8.9,4353,True
WO_002144,MY_N11875484224,2025-06-25,2025-06-30,battery_genset_service,power,power,2.8,1806,True
WO_002145,MY_N13979312124,2025-06-25,2025-06-29,vegetation_clearance,civil,vegetation,10.1,3895,True
WO_002146,MY_W1304210539,2025-06-25,2025-06-26,scheduled_inspection,civil,scheduled_inspection,2.1,1669,False
WO_002147,MY_N12135375711,2025-06-26,2025-07-01,radio_unit_refresh,rf,equipment,4.1,4444,True
WO_002148,MY_N12309364295,2025-06-26,2025-06-29,vegetation_clearance,civil,vegetation,6.2,111,True
WO_002149,MY_W1311793313,2025-06-26,2025-06-27,scheduled_inspection,civil,scheduled_inspection,0.4,2179,False
WO_002150,MY_N11637810090,2025-06-27,2025-06-28,scheduled_inspection,civil,scheduled_inspection,2.4,259,False
WO_002151,MY_N5115603531,2025-06-27,2025-06-28,battery_genset_service,power,power,8.8,5116,True
WO_002152,MY_N8157413021,2025-06-27,2025-06-28,scheduled_inspection,civil,scheduled_inspection,0.5,353,False
WO_002153,MY_N8923088437,2025-06-27,2025-06-29,battery_genset_service,power,power,3.5,2307,True
WO_002154,MY_N9983597288,2025-06-27,2025-06-28,scheduled_inspection,civil,scheduled_inspection,0.3,344,False
WO_002155,MY_N11802478955,2025-06-28,2025-06-30,slope_stabilize_and_tension,civil,terrain,1.6,1005,True
WO_002156,MY_N3458624509,2025-06-28,2025-06-29,scheduled_inspection,civil,scheduled_inspection,1.7,903,False
WO_002157,MY_N12434275187,2025-06-29,2025-06-30,scheduled_inspection,civil,scheduled_inspection,1.6,1590,False
WO_002158,MY_N8091061663,2025-06-29,2025-06-30,scheduled_inspection,civil,scheduled_inspection,2.9,684,False
WO_002159,MY_N6795232571,2025-06-30,2025-07-01,scheduled_inspection,civil,scheduled_inspection,0.4,222,False
WO_002160,MY_N11659562128,2025-07-01,2025-07-04,radio_unit_refresh,rf,equipment,3.0,3716,True
WO_002161,MY_N12458638891,2025-07-01,2025-07-02,scheduled_inspection,civil,scheduled_inspection,3.4,294,False
WO_002162,MY_N1662564012,2025-07-01,2025-07-04,raise_cabinet_and_seal,civil,flood,4.9,2146,True
WO_002163,MY_N3765699324,2025-07-01,2025-07-04,slope_stabilize_and_tension,civil,terrain,3.7,563,True
WO_002164,MY_N4540518868,2025-07-01,2025-07-02,scheduled_inspection,civil,scheduled_inspection,0.8,680,False
WO_002165,MY_N5510158299,2025-07-01,2025-07-02,scheduled_inspection,civil,scheduled_inspection,2.5,436,False
WO_002166,MY_N8025981358,2025-07-01,2025-07-02,scheduled_inspection,civil,scheduled_inspection,1.9,207,False
WO_002167,MY_N12397225233,2025-07-02,2025-07-03,scheduled_inspection,civil,scheduled_inspection,2.4,952,False
WO_002168,MY_N13439298450,2025-07-02,2025-07-03,scheduled_inspection,civil,scheduled_inspection,1.9,430,False
WO_002169,MY_N5230359448,2025-07-02,2025-07-03,scheduled_inspection,civil,scheduled_inspection,0.7,2504,False
WO_002170,MY_N8327095826,2025-07-03,2025-07-04,radio_unit_refresh,rf,equipment,5.1,2872,True
WO_002171,MY_N10802588447,2025-07-04,2025-07-07,battery_genset_service,power,power,3.3,6939,True
WO_002172,MY_N11548619078,2025-07-04,2025-07-05,scheduled_inspection,civil,scheduled_inspection,1.6,388,False
WO_002173,MY_N11990327538,2025-07-04,2025-07-08,raise_cabinet_and_seal,civil,flood,2.2,2374,True
WO_002174,MY_N13686353632,2025-07-04,2025-07-05,scheduled_inspection,civil,scheduled_inspection,1.0,578,False
WO_002175,MY_N5063253063,2025-07-04,2025-07-05,scheduled_inspection,civil,scheduled_inspection,0.6,1102,False
WO_002176,MY_N9003249367,2025-07-04,2025-07-07,vegetation_clearance,civil,vegetation,1.5,2174,True
WO_002177,MY_N11802478955,2025-07-05,2025-07-10,raise_cabinet_and_seal,civil,flood,8.2,1905,True
WO_002178,MY_N12097503031,2025-07-05,2025-07-06,raise_cabinet_and_seal,civil,flood,8.8,2088,True
WO_002179,MY_N13710662203,2025-07-05,2025-07-06,scheduled_inspection,civil,scheduled_inspection,1.8,1841,False
WO_002180,MY_N3901387616,2025-07-05,2025-07-09,slope_stabilize_and_tension,civil,terrain,1.3,748,True
WO_002181,MY_N8812260333,2025-07-05,2025-07-07,raise_cabinet_and_seal,civil,flood,2.2,2825,True
WO_002182,MY_N13456366477,2025-07-06,2025-07-07,scheduled_inspection,civil,scheduled_inspection,1.2,388,False
WO_002183,MY_N5510158257,2025-07-06,2025-07-07,scheduled_inspection,civil,scheduled_inspection,2.7,1023,False
WO_002184,MY_N6457937009,2025-07-07,2025-07-10,raise_cabinet_and_seal,civil,flood,9.0,3120,True
WO_002185,MY_N8422298542,2025-07-07,2025-07-12,vegetation_clearance,civil,vegetation,9.0,1319,True
WO_002186,MY_N12135375711,2025-07-08,2025-07-12,vegetation_clearance,civil,vegetation,2.7,2328,True
WO_002187,MY_N12462360045,2025-07-08,2025-07-09,scheduled_inspection,civil,scheduled_inspection,0.9,897,False
WO_002188,MY_N13495459821,2025-07-08,2025-07-13,vegetation_clearance,civil,vegetation,14.9,3014,True
WO_002189,MY_N11738300326,2025-07-09,2025-07-10,slope_stabilize_and_tension,civil,terrain,2.7,4010,True
WO_002190,MY_N11802478955,2025-07-10,2025-07-13,vegetation_clearance,civil,vegetation,2.4,999,True
WO_002191,MY_N11875484226,2025-07-10,2025-07-15,raise_cabinet_and_seal,civil,flood,7.2,4292,True
WO_002192,MY_N9810551836,2025-07-10,2025-07-11,scheduled_inspection,civil,scheduled_inspection,0.2,315,False
WO_002193,MY_N10263911645,2025-07-11,2025-07-12,scheduled_inspection,civil,scheduled_inspection,0.3,118,False
WO_002194,MY_N12135373696,2025-07-12,2025-07-13,scheduled_inspection,civil,scheduled_inspection,1.2,523,False
WO_002195,MY_N3365342814,2025-07-12,2025-07-13,scheduled_inspection,civil,scheduled_inspection,2.0,1686,False
WO_002196,MY_N9621355555,2025-07-12,2025-07-13,scheduled_inspection,civil,scheduled_inspection,1.4,991,False
WO_002197,MY_N11158439300,2025-07-13,2025-07-14,scheduled_inspection,civil,scheduled_inspection,0.1,1556,False
WO_002198,MY_N3902995325,2025-07-13,2025-07-14,scheduled_inspection,civil,scheduled_inspection,0.9,1782,False
WO_002199,MY_W728820002,2025-07-13,2025-07-18,raise_cabinet_and_seal,civil,flood,5.8,1133,True
WO_002200,MY_N13659918586,2025-07-14,2025-07-17,raise_cabinet_and_seal,civil,flood,12.4,1859,True
WO_002201,MY_N8114405464,2025-07-14,2025-07-15,scheduled_inspection,civil,scheduled_inspection,2.2,858,False
WO_002202,MY_W1311793314,2025-07-14,2025-07-15,scheduled_inspection,civil,scheduled_inspection,0.7,289,False
WO_002203,MY_W1312400607,2025-07-14,2025-07-15,scheduled_inspection,civil,scheduled_inspection,1.6,229,False
WO_002204,MY_N12058759613,2025-07-15,2025-07-20,raise_cabinet_and_seal,civil,flood,2.8,4384,True
WO_002205,MY_N13015606469,2025-07-15,2025-07-16,scheduled_inspection,civil,scheduled_inspection,0.5,661,False
WO_002206,MY_N13103284367,2025-07-15,2025-07-20,battery_genset_service,power,power,10.2,1105,True
WO_002207,MY_N11388862434,2025-07-16,2025-07-19,raise_cabinet_and_seal,civil,flood,3.4,831,True
WO_002208,MY_N13331200716,2025-07-16,2025-07-20,slope_stabilize_and_tension,civil,terrain,5.0,8946,True
WO_002209,MY_N13678930905,2025-07-16,2025-07-21,vegetation_clearance,civil,vegetation,3.5,4295,True
WO_002210,MY_N4963875869,2025-07-16,2025-07-21,battery_genset_service,power,power,9.5,3909,True
WO_002211,MY_N10771843285,2025-07-17,2025-07-19,vegetation_clearance,civil,vegetation,12.5,956,True
WO_002212,MY_N8935231315,2025-07-17,2025-07-18,scheduled_inspection,civil,scheduled_inspection,0.0,78,False
WO_002213,MY_W1315123577,2025-07-17,2025-07-22,vegetation_clearance,civil,vegetation,5.2,4239,True
WO_002214,MY_N11151660426,2025-07-18,2025-07-21,raise_cabinet_and_seal,civil,flood,10.0,470,True
WO_002215,MY_N11990327538,2025-07-18,2025-07-19,vegetation_clearance,civil,vegetation,2.5,4693,True
WO_002216,MY_N6759131549,2025-07-19,2025-07-23,raise_cabinet_and_seal,civil,flood,4.7,2014,True
WO_002217,MY_N8095997576,2025-07-19,2025-07-20,scheduled_inspection,civil,scheduled_inspection,2.0,516,False
WO_002218,MY_N8542747598,2025-07-19,2025-07-20,scheduled_inspection,civil,scheduled_inspection,0.5,533,False
WO_002219,MY_N3902995326,2025-07-20,2025-07-22,slope_stabilize_and_tension,civil,terrain,2.3,1331,True
WO_002220,MY_N5067194637,2025-07-20,2025-07-22,vegetation_clearance,civil,vegetation,16.2,2672,True
WO_002221,MY_N8923088437,2025-07-20,2025-07-21,raise_cabinet_and_seal,civil,flood,3.2,4276,True
WO_002222,MY_N11388862434,2025-07-21,2025-07-22,radio_unit_refresh,rf,equipment,1.5,265,True
WO_002223,MY_N11515263684,2025-07-21,2025-07-22,scheduled_inspection,civil,scheduled_inspection,2.2,639,False
WO_002224,MY_N11738300326,2025-07-22,2025-07-26,raise_cabinet_and_seal,civil,flood,8.5,1598,True
WO_002225,MY_N6093033474,2025-07-23,2025-07-28,raise_cabinet_and_seal,civil,flood,4.7,1394,True
WO_002226,MY_N11802478955,2025-07-24,2025-07-26,slope_stabilize_and_tension,civil,terrain,9.0,3070,True
WO_002227,MY_N12042056319,2025-07-24,2025-07-25,scheduled_inspection,civil,scheduled_inspection,4.2,648,False
WO_002228,MY_N12270101729,2025-07-24,2025-07-25,scheduled_inspection,civil,scheduled_inspection,0.1,528,False
WO_002229,MY_N13456366477,2025-07-24,2025-07-25,vegetation_clearance,civil,vegetation,2.8,1638,True
WO_002230,MY_N8044980541,2025-07-24,2025-07-26,vegetation_clearance,civil,vegetation,6.1,613,True
WO_002231,MY_N8812260333,2025-07-24,2025-07-28,vegetation_clearance,civil,vegetation,6.1,2445,True
WO_002232,MY_W1270085203,2025-07-24,2025-07-27,slope_stabilize_and_tension,civil,terrain,10.8,4528,True
WO_002233,MY_W1386907231,2025-07-24,2025-07-25,raise_cabinet_and_seal,civil,flood,5.3,978,True
WO_002234,MY_N12030488094,2025-07-25,2025-07-26,scheduled_inspection,civil,scheduled_inspection,1.0,649,False
WO_002235,MY_N12270851329,2025-07-26,2025-07-31,battery_genset_service,power,power,7.6,431,True
WO_002236,MY_N12383562688,2025-07-26,2025-07-30,slope_stabilize_and_tension,civil,terrain,6.2,2356,True
WO_002237,MY_N1662564012,2025-07-26,2025-07-29,raise_cabinet_and_seal,civil,flood,7.6,1867,True
WO_002238,MY_N3902995230,2025-07-26,2025-07-27,scheduled_inspection,civil,scheduled_inspection,0.4,282,False
WO_002239,MY_N8988150888,2025-07-26,2025-07-30,radio_unit_refresh,rf,equipment,0.5,4003,True
WO_002240,MY_N11875484219,2025-07-27,2025-07-28,scheduled_inspection,civil,scheduled_inspection,4.4,328,False
WO_002241,MY_N12309364294,2025-07-27,2025-07-31,raise_cabinet_and_seal,civil,flood,2.9,2151,True
WO_002242,MY_N8923088437,2025-07-27,2025-08-01,battery_genset_service,power,power,9.0,2487,True
WO_002243,MY_N9003249367,2025-07-27,2025-07-28,vegetation_clearance,civil,vegetation,8.6,1377,True
WO_002244,MY_N8022325824,2025-07-28,2025-07-29,scheduled_inspection,civil,scheduled_inspection,0.7,1212,False
WO_002245,MY_W1388820991,2025-07-28,2025-07-30,raise_cabinet_and_seal,civil,flood,1.3,2279,True
WO_002246,MY_N9040090261,2025-07-29,2025-07-30,scheduled_inspection,civil,scheduled_inspection,1.4,1292,False
WO_002247,MY_N12383562687,2025-07-30,2025-07-31,scheduled_inspection,civil,scheduled_inspection,3.7,546,False
WO_002248,MY_N8778604184,2025-07-30,2025-07-31,scheduled_inspection,civil,scheduled_inspection,0.8,582,False
WO_002249,MY_N12941843009,2025-07-31,2025-08-01,scheduled_inspection,civil,scheduled_inspection,2.8,593,False
WO_002250,MY_N12270851329,2025-08-01,2025-08-03,slope_stabilize_and_tension,civil,terrain,9.7,907,True
WO_002251,MY_N3765699324,2025-08-01,2025-08-04,raise_cabinet_and_seal,civil,flood,2.4,1091,True
WO_002252,MY_N8422298542,2025-08-01,2025-08-02,battery_genset_service,power,power,12.2,1300,True
WO_002253,MY_N10801806749,2025-08-02,2025-08-06,slope_stabilize_and_tension,civil,terrain,2.2,612,True
WO_002254,MY_N12169092717,2025-08-02,2025-08-03,scheduled_inspection,civil,scheduled_inspection,0.4,1429,False
WO_002255,MY_N7033248825,2025-08-02,2025-08-06,battery_genset_service,power,power,7.9,2908,True
WO_002256,MY_N12137024409,2025-08-03,2025-08-05,raise_cabinet_and_seal,civil,flood,14.5,3555,True
WO_002257,MY_N3901387616,2025-08-03,2025-08-04,slope_stabilize_and_tension,civil,terrain,5.5,2163,True
WO_002258,MY_N9040016332,2025-08-03,2025-08-06,vegetation_clearance,civil,vegetation,3.8,6957,True
WO_002259,MY_W1386907231,2025-08-04,2025-08-09,raise_cabinet_and_seal,civil,flood,6.8,1041,True
WO_002260,MY_N12138116212,2025-08-05,2025-08-06,raise_cabinet_and_seal,civil,flood,9.4,1869,True
WO_002261,MY_N11659562131,2025-08-06,2025-08-09,raise_cabinet_and_seal,civil,flood,4.5,4016,True
WO_002262,MY_N5115603531,2025-08-06,2025-08-08,raise_cabinet_and_seal,civil,flood,4.6,4950,True
WO_002263,MY_N6745537234,2025-08-06,2025-08-11,battery_genset_service,power,power,6.1,735,True
WO_002264,MY_N7033248825,2025-08-06,2025-08-11,vegetation_clearance,civil,vegetation,5.7,1664,True
WO_002265,MY_N11167076406,2025-08-07,2025-08-08,scheduled_inspection,civil,scheduled_inspection,0.1,671,False
WO_002266,MY_N11875484224,2025-08-07,2025-08-12,battery_genset_service,power,power,6.0,2872,True
WO_002267,MY_N13722751040,2025-08-07,2025-08-08,scheduled_inspection,civil,scheduled_inspection,1.8,806,False
WO_002268,MY_W1317650252,2025-08-07,2025-08-12,raise_cabinet_and_seal,civil,flood,9.9,3477,True
WO_002269,MY_W728820002,2025-08-07,2025-08-11,radio_unit_refresh,rf,equipment,8.0,1854,True
WO_002270,MY_N12309364295,2025-08-08,2025-08-13,raise_cabinet_and_seal,civil,flood,1.8,4062,True
WO_002271,MY_N12137013091,2025-08-09,2025-08-14,vegetation_clearance,civil,vegetation,10.9,6725,True
WO_002272,MY_N8825706826,2025-08-09,2025-08-14,raise_cabinet_and_seal,civil,flood,3.3,2346,True
WO_002273,MY_W1386907231,2025-08-09,2025-08-10,raise_cabinet_and_seal,civil,flood,9.3,1738,True
WO_002274,MY_N13685405063,2025-08-10,2025-08-14,vegetation_clearance,civil,vegetation,11.1,3922,True
WO_002275,MY_N1988043289,2025-08-10,2025-08-11,scheduled_inspection,civil,scheduled_inspection,0.9,383,False
WO_002276,MY_N7033248825,2025-08-10,2025-08-15,raise_cabinet_and_seal,civil,flood,3.9,3220,True
WO_002277,MY_N9466091146,2025-08-10,2025-08-13,raise_cabinet_and_seal,civil,flood,3.5,2650,True
WO_002278,MY_N11496601910,2025-08-11,2025-08-12,scheduled_inspection,civil,scheduled_inspection,2.2,507,False
WO_002279,MY_N12035797854,2025-08-11,2025-08-12,scheduled_inspection,civil,scheduled_inspection,2.1,1133,False
WO_002280,MY_N12266043339,2025-08-11,2025-08-13,radio_unit_refresh,rf,equipment,8.3,6528,True
WO_002281,MY_N4195769900,2025-08-11,2025-08-12,scheduled_inspection,civil,scheduled_inspection,0.7,718,False
WO_002282,MY_N12138116212,2025-08-12,2025-08-15,slope_stabilize_and_tension,civil,terrain,14.9,2071,True
WO_002283,MY_N8327095826,2025-08-12,2025-08-15,radio_unit_refresh,rf,equipment,2.8,1070,True
WO_002284,MY_W1270085203,2025-08-12,2025-08-13,slope_stabilize_and_tension,civil,terrain,5.1,3315,True
WO_002285,MY_W1311793314,2025-08-12,2025-08-17,slope_stabilize_and_tension,civil,terrain,4.5,4704,True
WO_002286,MY_N11659562142,2025-08-13,2025-08-14,vegetation_clearance,civil,vegetation,6.5,4076,True
WO_002287,MY_W1386907231,2025-08-13,2025-08-15,vegetation_clearance,civil,vegetation,9.6,5620,True
WO_002288,MY_N11990327538,2025-08-14,2025-08-18,raise_cabinet_and_seal,civil,flood,3.6,4051,True
WO_002289,MY_N13013877873,2025-08-14,2025-08-19,radio_unit_refresh,rf,equipment,6.9,2519,True
WO_002290,MY_N6745537233,2025-08-14,2025-08-15,raise_cabinet_and_seal,civil,flood,0.6,2565,True
WO_002291,MY_N11637810090,2025-08-16,2025-08-17,scheduled_inspection,civil,scheduled_inspection,1.4,164,False
WO_002292,MY_N11755867459,2025-08-16,2025-08-21,raise_cabinet_and_seal,civil,flood,17.8,3801,True
WO_002293,MY_N12309364295,2025-08-16,2025-08-21,raise_cabinet_and_seal,civil,flood,1.1,1184,True
WO_002294,MY_N13979312124,2025-08-16,2025-08-21,raise_cabinet_and_seal,civil,flood,2.4,1096,True
WO_002295,MY_N10801806749,2025-08-17,2025-08-21,battery_genset_service,power,power,0.5,7478,True
WO_002296,MY_N11875484226,2025-08-17,2025-08-19,raise_cabinet_and_seal,civil,flood,12.0,4638,True
WO_002297,MY_N12548986934,2025-08-17,2025-08-20,battery_genset_service,power,power,10.1,2893,True
WO_002298,MY_N13678930905,2025-08-17,2025-08-22,raise_cabinet_and_seal,civil,flood,5.4,1209,True
WO_002299,MY_N3902995326,2025-08-17,2025-08-22,battery_genset_service,power,power,3.0,1039,True
WO_002300,MY_N8422298542,2025-08-17,2025-08-19,vegetation_clearance,civil,vegetation,1.7,1564,True
WO_002301,MY_W1270085208,2025-08-18,2025-08-19,scheduled_inspection,civil,scheduled_inspection,0.8,1105,False
WO_002302,MY_W1312840761,2025-08-18,2025-08-19,scheduled_inspection,civil,scheduled_inspection,2.7,248,False
WO_002303,MY_W1315123577,2025-08-18,2025-08-21,slope_stabilize_and_tension,civil,terrain,7.8,2908,True
WO_002304,MY_N13678930905,2025-08-19,2025-08-20,battery_genset_service,power,power,8.2,976,True
WO_002305,MY_N4540518855,2025-08-19,2025-08-20,slope_stabilize_and_tension,civil,terrain,4.0,349,True
WO_002306,MY_N11659562128,2025-08-20,2025-08-25,slope_stabilize_and_tension,civil,terrain,3.3,3991,True
WO_002307,MY_N13335390186,2025-08-20,2025-08-25,vegetation_clearance,civil,vegetation,5.9,1128,True
WO_002308,MY_N8948862269,2025-08-20,2025-08-21,scheduled_inspection,civil,scheduled_inspection,1.0,229,False
WO_002309,MY_N13015606467,2025-08-21,2025-08-25,raise_cabinet_and_seal,civil,flood,3.7,2217,True
WO_002310,MY_N8899990561,2025-08-21,2025-08-25,vegetation_clearance,civil,vegetation,1.9,2262,True
WO_002311,MY_N3902995302,2025-08-22,2025-08-23,scheduled_inspection,civil,scheduled_inspection,0.5,132,False
WO_002312,MY_N7842060099,2025-08-23,2025-08-24,scheduled_inspection,civil,scheduled_inspection,1.0,1151,False
WO_002313,MY_N8088772324,2025-08-23,2025-08-24,scheduled_inspection,civil,scheduled_inspection,0.9,329,False
WO_002314,MY_W1545410197,2025-08-23,2025-08-25,vegetation_clearance,civil,vegetation,17.3,790,True
WO_002315,MY_N11472433066,2025-08-24,2025-08-25,scheduled_inspection,civil,scheduled_inspection,1.5,451,False
WO_002316,MY_N3720847447,2025-08-24,2025-08-29,raise_cabinet_and_seal,civil,flood,8.1,782,True
WO_002317,MY_W728820002,2025-08-24,2025-08-28,raise_cabinet_and_seal,civil,flood,2.6,1014,True
WO_002318,MY_N12135373696,2025-08-25,2025-08-26,vegetation_clearance,civil,vegetation,6.2,6299,True
WO_002319,MY_N6745537233,2025-08-25,2025-08-27,radio_unit_refresh,rf,equipment,13.1,1383,True
WO_002320,MY_N8044980541,2025-08-25,2025-08-28,battery_genset_service,power,power,5.4,5733,True
WO_002321,MY_N9466091146,2025-08-25,2025-08-29,slope_stabilize_and_tension,civil,terrain,3.1,485,True
WO_002322,MY_N9810551665,2025-08-25,2025-08-26,battery_genset_service,power,power,4.0,763,True
WO_002323,MY_W728820002,2025-08-25,2025-08-26,raise_cabinet_and_seal,civil,flood,6.4,678,True
WO_002324,MY_N10230298029,2025-08-26,2025-08-27,scheduled_inspection,civil,scheduled_inspection,0.5,1411,False
WO_002325,MY_N12137013091,2025-08-26,2025-08-28,battery_genset_service,power,power,1.7,2949,True
WO_002326,MY_N12135373696,2025-08-27,2025-08-28,scheduled_inspection,civil,scheduled_inspection,0.1,94,False
WO_002327,MY_N12137013091,2025-08-27,2025-08-31,raise_cabinet_and_seal,civil,flood,4.6,704,True
WO_002328,MY_N12603668089,2025-08-27,2025-08-29,raise_cabinet_and_seal,civil,flood,1.3,4185,True
WO_002329,MY_N12137024409,2025-08-28,2025-09-01,radio_unit_refresh,rf,equipment,3.5,300,True
WO_002330,MY_N14031280271,2025-08-28,2025-08-29,scheduled_inspection,civil,scheduled_inspection,0.9,619,False
WO_002331,MY_N12432739231,2025-08-29,2025-08-30,scheduled_inspection,civil,scheduled_inspection,1.3,581,False
WO_002332,MY_N14017332911,2025-08-29,2025-08-30,scheduled_inspection,civil,scheduled_inspection,0.5,230,False
WO_002333,MY_N6555076109,2025-08-29,2025-08-30,scheduled_inspection,civil,scheduled_inspection,6.3,1243,False
WO_002334,MY_N8920295576,2025-08-29,2025-08-30,scheduled_inspection,civil,scheduled_inspection,0.4,937,False
WO_002335,MY_N7568524744,2025-08-30,2025-08-31,scheduled_inspection,civil,scheduled_inspection,0.8,475,False
WO_002336,MY_N8044342361,2025-08-30,2025-08-31,scheduled_inspection,civil,scheduled_inspection,0.5,2137,False
WO_002337,MY_N12137024409,2025-08-31,2025-09-01,scheduled_inspection,civil,scheduled_inspection,0.5,1637,False
WO_002338,MY_N8125185377,2025-08-31,2025-09-01,scheduled_inspection,civil,scheduled_inspection,1.1,1035,False
WO_002339,MY_N9038308802,2025-08-31,2025-09-01,scheduled_inspection,civil,scheduled_inspection,0.9,355,False
WO_002340,MY_W972394406,2025-08-31,2025-09-01,scheduled_inspection,civil,scheduled_inspection,0.4,140,False
WO_002341,MY_N11802478955,2025-09-01,2025-09-05,radio_unit_refresh,rf,equipment,1.4,373,True
WO_002342,MY_N13495459821,2025-09-01,2025-09-05,raise_cabinet_and_seal,civil,flood,5.7,1774,True
WO_002343,MY_N8422298542,2025-09-01,2025-09-03,battery_genset_service,power,power,2.7,1943,True
WO_002344,MY_N9040016333,2025-09-02,2025-09-04,raise_cabinet_and_seal,civil,flood,6.0,6123,True
WO_002345,MY_N12058759613,2025-09-03,2025-09-07,vegetation_clearance,civil,vegetation,6.9,3918,True
WO_002346,MY_N13015606469,2025-09-03,2025-09-04,scheduled_inspection,civil,scheduled_inspection,1.8,239,False
WO_002347,MY_N11151660426,2025-09-04,2025-09-07,battery_genset_service,power,power,2.6,1609,True
WO_002348,MY_N13678930905,2025-09-04,2025-09-09,battery_genset_service,power,power,6.4,3941,True
WO_002349,MY_N6759131549,2025-09-04,2025-09-07,battery_genset_service,power,power,4.9,2683,True
WO_002350,MY_N7033248825,2025-09-04,2025-09-07,raise_cabinet_and_seal,civil,flood,5.4,1260,True
WO_002351,MY_N9029115227,2025-09-04,2025-09-05,scheduled_inspection,civil,scheduled_inspection,0.9,443,False
WO_002352,MY_W1259673925,2025-09-04,2025-09-06,raise_cabinet_and_seal,civil,flood,1.8,3406,True
WO_002353,MY_N13502641928,2025-09-05,2025-09-06,raise_cabinet_and_seal,civil,flood,11.2,2099,True
WO_002354,MY_N4069889954,2025-09-05,2025-09-09,raise_cabinet_and_seal,civil,flood,3.7,1491,True
WO_002355,MY_N4625586068,2025-09-05,2025-09-06,slope_stabilize_and_tension,civil,terrain,10.2,5159,True
WO_002356,MY_N11515263700,2025-09-06,2025-09-07,scheduled_inspection,civil,scheduled_inspection,1.1,664,False
WO_002357,MY_N1662564012,2025-09-06,2025-09-07,raise_cabinet_and_seal,civil,flood,3.7,4504,True
WO_002358,MY_N8277786902,2025-09-06,2025-09-07,scheduled_inspection,civil,scheduled_inspection,4.1,193,False
WO_002359,MY_N12531429458,2025-09-07,2025-09-12,raise_cabinet_and_seal,civil,flood,5.7,2307,True
WO_002360,MY_N6457937009,2025-09-07,2025-09-09,battery_genset_service,power,power,3.1,1871,True
WO_002361,MY_N11659562142,2025-09-08,2025-09-09,scheduled_inspection,civil,scheduled_inspection,1.5,944,False
WO_002362,MY_N3902995311,2025-09-08,2025-09-09,scheduled_inspection,civil,scheduled_inspection,3.5,221,False
WO_002363,MY_N8971256083,2025-09-08,2025-09-09,scheduled_inspection,civil,scheduled_inspection,0.3,298,False
WO_002364,MY_N1662637919,2025-09-09,2025-09-11,raise_cabinet_and_seal,civil,flood,3.1,1947,True
WO_002365,MY_N11484371222,2025-09-10,2025-09-12,slope_stabilize_and_tension,civil,terrain,5.2,2338,True
WO_002366,MY_N12284680513,2025-09-10,2025-09-11,scheduled_inspection,civil,scheduled_inspection,1.4,698,False
WO_002367,MY_N12603668089,2025-09-10,2025-09-15,battery_genset_service,power,power,5.5,9279,True
WO_002368,MY_N12968711538,2025-09-10,2025-09-12,vegetation_clearance,civil,vegetation,0.9,2046,True
WO_002369,MY_W1315123577,2025-09-10,2025-09-11,scheduled_inspection,civil,scheduled_inspection,0.3,833,False
WO_002370,MY_N11151660426,2025-09-11,2025-09-13,battery_genset_service,power,power,3.1,3158,True
WO_002371,MY_N12137013091,2025-09-11,2025-09-12,raise_cabinet_and_seal,civil,flood,7.2,812,True
WO_002372,MY_N13013877873,2025-09-11,2025-09-16,vegetation_clearance,civil,vegetation,3.4,1584,True
WO_002373,MY_N8191059241,2025-09-11,2025-09-13,raise_cabinet_and_seal,civil,flood,4.0,4275,True
WO_002374,MY_N8987661324,2025-09-11,2025-09-12,vegetation_clearance,civil,vegetation,4.1,3400,True
WO_002375,MY_N10736133691,2025-09-12,2025-09-16,raise_cabinet_and_seal,civil,flood,2.1,1682,True
WO_002376,MY_N11962284837,2025-09-12,2025-09-16,battery_genset_service,power,power,10.8,4008,True
WO_002377,MY_N8987661324,2025-09-12,2025-09-14,slope_stabilize_and_tension,civil,terrain,11.7,3164,True
WO_002378,MY_N9035698652,2025-09-12,2025-09-13,scheduled_inspection,civil,scheduled_inspection,2.1,1324,False
WO_002379,MY_N11484371222,2025-09-13,2025-09-14,radio_unit_refresh,rf,equipment,3.6,5005,True
WO_002380,MY_N7033248825,2025-09-13,2025-09-18,vegetation_clearance,civil,vegetation,5.9,14167,True
WO_002381,MY_W1312400606,2025-09-13,2025-09-14,scheduled_inspection,civil,scheduled_inspection,1.6,283,False
WO_002382,MY_N12773184677,2025-09-14,2025-09-15,raise_cabinet_and_seal,civil,flood,6.0,1073,True
WO_002383,MY_N8063350945,2025-09-14,2025-09-15,scheduled_inspection,civil,scheduled_inspection,0.9,745,False
WO_002384,MY_N8825706826,2025-09-14,2025-09-15,scheduled_inspection,civil,scheduled_inspection,1.7,373,False
WO_002385,MY_N11738300326,2025-09-15,2025-09-18,slope_stabilize_and_tension,civil,terrain,3.5,3247,True
WO_002386,MY_N13495665455,2025-09-15,2025-09-18,vegetation_clearance,civil,vegetation,4.5,1981,True
WO_002387,MY_N12097355159,2025-09-16,2025-09-17,scheduled_inspection,civil,scheduled_inspection,0.3,314,False
WO_002388,MY_N12548986934,2025-09-16,2025-09-18,raise_cabinet_and_seal,civil,flood,6.5,860,True
WO_002389,MY_N13678930905,2025-09-16,2025-09-21,battery_genset_service,power,power,5.9,2832,True
WO_002390,MY_N5067194637,2025-09-16,2025-09-19,battery_genset_service,power,power,7.2,4386,True
WO_002391,MY_W1267064693,2025-09-16,2025-09-21,battery_genset_service,power,power,8.3,6298,True
WO_002392,MY_N13544527378,2025-09-17,2025-09-18,scheduled_inspection,civil,scheduled_inspection,0.7,1624,False
WO_002393,MY_W1368598193,2025-09-17,2025-09-21,slope_stabilize_and_tension,civil,terrain,9.1,1939,True
WO_002394,MY_N11167076406,2025-09-19,2025-09-23,raise_cabinet_and_seal,civil,flood,4.1,1222,True
WO_002395,MY_N11738300326,2025-09-19,2025-09-24,raise_cabinet_and_seal,civil,flood,5.0,4654,True
WO_002396,MY_N12138116212,2025-09-19,2025-09-21,slope_stabilize_and_tension,civil,terrain,11.9,1089,True
WO_002397,MY_N6628565568,2025-09-19,2025-09-20,scheduled_inspection,civil,scheduled_inspection,3.3,278,False
WO_002398,MY_W1085859464,2025-09-19,2025-09-20,scheduled_inspection,civil,scheduled_inspection,0.5,1503,False
WO_002399,MY_W1270085203,2025-09-19,2025-09-23,slope_stabilize_and_tension,civil,terrain,10.2,2908,True
WO_002400,MY_N10771843285,2025-09-20,2025-09-23,vegetation_clearance,civil,vegetation,9.8,6991,True
WO_002401,MY_N13015606467,2025-09-20,2025-09-22,raise_cabinet_and_seal,civil,flood,1.1,4130,True
WO_002402,MY_N12773184677,2025-09-21,2025-09-26,vegetation_clearance,civil,vegetation,4.4,1315,True
WO_002403,MY_N13889784607,2025-09-21,2025-09-22,slope_stabilize_and_tension,civil,terrain,14.0,2321,True
WO_002404,MY_W728820002,2025-09-21,2025-09-26,raise_cabinet_and_seal,civil,flood,6.4,1999,True
WO_002405,MY_N11659562129,2025-09-23,2025-09-27,battery_genset_service,power,power,5.0,2482,True
WO_002406,MY_N13142317645,2025-09-23,2025-09-24,raise_cabinet_and_seal,civil,flood,6.2,4918,True
WO_002407,MY_N6192657329,2025-09-23,2025-09-24,battery_genset_service,power,power,1.6,3119,True
WO_002408,MY_N11609644622,2025-09-24,2025-09-25,vegetation_clearance,civil,vegetation,7.7,4334,True
WO_002409,MY_N12231992517,2025-09-24,2025-09-25,scheduled_inspection,civil,scheduled_inspection,2.3,485,False
WO_002410,MY_N9003249367,2025-09-24,2025-09-29,vegetation_clearance,civil,vegetation,8.2,2208,True
WO_002411,MY_N12773184677,2025-09-25,2025-09-28,raise_cabinet_and_seal,civil,flood,0.5,3434,True
WO_002412,MY_N3765699324,2025-09-25,2025-09-29,battery_genset_service,power,power,5.4,5210,True
WO_002413,MY_N8487785683,2025-09-25,2025-09-26,scheduled_inspection,civil,scheduled_inspection,1.2,743,False
WO_002414,MY_N12309364294,2025-09-26,2025-09-29,raise_cabinet_and_seal,civil,flood,4.4,1401,True
WO_002415,MY_N13517883535,2025-09-26,2025-10-01,vegetation_clearance,civil,vegetation,5.9,3009,True
WO_002416,MY_N5115603531,2025-09-26,2025-10-01,vegetation_clearance,civil,vegetation,1.5,1030,True
WO_002417,MY_N5115603531,2025-09-26,2025-09-29,battery_genset_service,power,power,4.0,1814,True
WO_002418,MY_W728820002,2025-09-26,2025-09-29,raise_cabinet_and_seal,civil,flood,17.7,1759,True
WO_002419,MY_N10125233295,2025-09-27,2025-09-28,scheduled_inspection,civil,scheduled_inspection,2.1,282,False
WO_002420,MY_N12309364294,2025-09-27,2025-10-02,raise_cabinet_and_seal,civil,flood,3.6,1973,True
WO_002421,MY_N9455370923,2025-09-27,2025-09-28,scheduled_inspection,civil,scheduled_inspection,0.4,689,False
WO_002422,MY_W1183622030,2025-09-27,2025-10-01,vegetation_clearance,civil,vegetation,9.2,543,True
WO_002423,MY_N12167559699,2025-09-28,2025-09-29,scheduled_inspection,civil,scheduled_inspection,1.3,629,False
WO_002424,MY_N13517883535,2025-09-28,2025-10-02,raise_cabinet_and_seal,civil,flood,8.3,2194,True
WO_002425,MY_N10125233294,2025-09-29,2025-09-30,scheduled_inspection,civil,scheduled_inspection,1.2,550,False
WO_002426,MY_N8255238092,2025-09-29,2025-09-30,scheduled_inspection,civil,scheduled_inspection,1.8,345,False
WO_002427,MY_N12603668089,2025-09-30,2025-10-01,scheduled_inspection,civil,scheduled_inspection,0.1,370,False
WO_002428,MY_N13015606467,2025-10-01,2025-10-03,raise_cabinet_and_seal,civil,flood,1.6,7318,True
WO_002429,MY_N13979312124,2025-10-01,2025-10-06,vegetation_clearance,civil,vegetation,11.0,1927,True
WO_002430,MY_N6745537233,2025-10-01,2025-10-03,vegetation_clearance,civil,vegetation,4.3,1477,True
WO_002431,MY_W1318195110,2025-10-01,2025-10-02,scheduled_inspection,civil,scheduled_inspection,4.7,689,False
WO_002432,MY_N11659562142,2025-10-02,2025-10-07,vegetation_clearance,civil,vegetation,9.1,812,True
WO_002433,MY_N11738300326,2025-10-02,2025-10-03,vegetation_clearance,civil,vegetation,6.1,5268,True
WO_002434,MY_N11875484225,2025-10-02,2025-10-03,scheduled_inspection,civil,scheduled_inspection,1.3,2177,False
WO_002435,MY_N8920295576,2025-10-02,2025-10-05,raise_cabinet_and_seal,civil,flood,2.1,3549,True
WO_002436,MY_N9466091146,2025-10-02,2025-10-06,slope_stabilize_and_tension,civil,terrain,2.8,7060,True
WO_002437,MY_N12138116212,2025-10-03,2025-10-07,slope_stabilize_and_tension,civil,terrain,7.8,1660,True
WO_002438,MY_N4798173661,2025-10-03,2025-10-07,battery_genset_service,power,power,8.2,2001,True
WO_002439,MY_N12137024404,2025-10-04,2025-10-05,scheduled_inspection,civil,scheduled_inspection,0.5,450,False
WO_002440,MY_N13502641928,2025-10-04,2025-10-07,raise_cabinet_and_seal,civil,flood,5.6,2948,True
WO_002441,MY_W1312840761,2025-10-04,2025-10-05,scheduled_inspection,civil,scheduled_inspection,2.1,596,False
WO_002442,MY_W728820001,2025-10-04,2025-10-05,scheduled_inspection,civil,scheduled_inspection,2.0,1763,False
WO_002443,MY_N8068563589,2025-10-05,2025-10-09,battery_genset_service,power,power,6.4,6142,True
WO_002444,MY_N8214146544,2025-10-05,2025-10-06,scheduled_inspection,civil,scheduled_inspection,0.8,694,False
WO_002445,MY_N12462397946,2025-10-06,2025-10-07,scheduled_inspection,civil,scheduled_inspection,0.2,182,False
WO_002446,MY_N13015545330,2025-10-06,2025-10-07,scheduled_inspection,civil,scheduled_inspection,1.2,905,False
WO_002447,MY_N6833359897,2025-10-06,2025-10-11,raise_cabinet_and_seal,civil,flood,3.1,1773,True
WO_002448,MY_N8081515935,2025-10-06,2025-10-07,scheduled_inspection,civil,scheduled_inspection,0.2,869,False
WO_002449,MY_N8825706826,2025-10-08,2025-10-10,raise_cabinet_and_seal,civil,flood,1.5,2182,True
WO_002450,MY_W1285114522,2025-10-08,2025-10-11,vegetation_clearance,civil,vegetation,2.3,4525,True
WO_002451,MY_N11388862434,2025-10-09,2025-10-13,slope_stabilize_and_tension,civil,terrain,9.7,4253,True
WO_002452,MY_N12135375710,2025-10-09,2025-10-10,scheduled_inspection,civil,scheduled_inspection,2.4,1101,False
WO_002453,MY_N13103629670,2025-10-09,2025-10-10,scheduled_inspection,civil,scheduled_inspection,2.6,1487,False
WO_002454,MY_N6745537234,2025-10-09,2025-10-14,slope_stabilize_and_tension,civil,terrain,8.3,2618,True
WO_002455,MY_N11139114233,2025-10-10,2025-10-11,scheduled_inspection,civil,scheduled_inspection,2.8,284,False
WO_002456,MY_N11659562129,2025-10-10,2025-10-11,raise_cabinet_and_seal,civil,flood,11.8,1963,True
WO_002457,MY_N11738300326,2025-10-10,2025-10-13,slope_stabilize_and_tension,civil,terrain,5.3,5143,True
WO_002458,MY_N12773184677,2025-10-10,2025-10-14,slope_stabilize_and_tension,civil,terrain,10.8,1381,True
WO_002459,MY_N6745537233,2025-10-10,2025-10-13,slope_stabilize_and_tension,civil,terrain,9.3,4891,True
WO_002460,MY_N1662637919,2025-10-11,2025-10-15,vegetation_clearance,civil,vegetation,6.2,1306,True
WO_002461,MY_N9944968255,2025-10-11,2025-10-12,scheduled_inspection,civil,scheduled_inspection,1.0,790,False
WO_002462,MY_N11659562142,2025-10-12,2025-10-14,battery_genset_service,power,power,6.8,84,True
WO_002463,MY_N506433555,2025-10-12,2025-10-15,vegetation_clearance,civil,vegetation,3.3,895,True
WO_002464,MY_N11990327538,2025-10-13,2025-10-14,vegetation_clearance,civil,vegetation,2.5,2867,True
WO_002465,MY_N12316486573,2025-10-13,2025-10-14,scheduled_inspection,civil,scheduled_inspection,2.4,1368,False
WO_002466,MY_N13659918586,2025-10-13,2025-10-15,raise_cabinet_and_seal,civil,flood,5.9,2432,True
WO_002467,MY_N13659918586,2025-10-13,2025-10-16,raise_cabinet_and_seal,civil,flood,4.3,1377,True
WO_002468,MY_N13891743611,2025-10-13,2025-10-16,battery_genset_service,power,power,8.4,6515,True
WO_002469,MY_N8987661324,2025-10-13,2025-10-16,battery_genset_service,power,power,3.6,2065,True
WO_002470,MY_N10801806749,2025-10-14,2025-10-18,raise_cabinet_and_seal,civil,flood,2.0,2436,True
WO_002471,MY_W1496819391,2025-10-14,2025-10-17,battery_genset_service,power,power,3.2,1832,True
WO_002472,MY_N11975720519,2025-10-15,2025-10-16,scheduled_inspection,civil,scheduled_inspection,0.6,570,False
WO_002473,MY_N12131514588,2025-10-15,2025-10-16,scheduled_inspection,civil,scheduled_inspection,1.8,516,False
WO_002474,MY_N12250265699,2025-10-15,2025-10-16,scheduled_inspection,civil,scheduled_inspection,0.3,554,False
WO_002475,MY_N13979312124,2025-10-15,2025-10-20,raise_cabinet_and_seal,civil,flood,3.2,3033,True
WO_002476,MY_N11659562128,2025-10-16,2025-10-20,radio_unit_refresh,rf,equipment,4.8,1351,True
WO_002477,MY_N12309364294,2025-10-16,2025-10-17,raise_cabinet_and_seal,civil,flood,5.7,2358,True
WO_002478,MY_N12533942882,2025-10-16,2025-10-17,scheduled_inspection,civil,scheduled_inspection,2.2,1184,False
WO_002479,MY_W1316153129,2025-10-16,2025-10-17,scheduled_inspection,civil,scheduled_inspection,0.8,426,False
WO_002480,MY_N11264702921,2025-10-17,2025-10-18,scheduled_inspection,civil,scheduled_inspection,1.1,2149,False
WO_002481,MY_N11659562142,2025-10-17,2025-10-19,slope_stabilize_and_tension,civil,terrain,18.9,3857,True
WO_002482,MY_N11875484224,2025-10-17,2025-10-19,raise_cabinet_and_seal,civil,flood,5.7,4350,True
WO_002483,MY_N12116945444,2025-10-17,2025-10-18,scheduled_inspection,civil,scheduled_inspection,0.5,398,False
WO_002484,MY_N13979312124,2025-10-17,2025-10-20,raise_cabinet_and_seal,civil,flood,4.3,6003,True
WO_002485,MY_N11659562128,2025-10-18,2025-10-21,raise_cabinet_and_seal,civil,flood,7.3,2382,True
WO_002486,MY_N12058759613,2025-10-18,2025-10-21,vegetation_clearance,civil,vegetation,2.2,4842,True
WO_002487,MY_N12383562688,2025-10-18,2025-10-20,vegetation_clearance,civil,vegetation,4.4,2333,True
WO_002488,MY_N13015606465,2025-10-18,2025-10-19,scheduled_inspection,civil,scheduled_inspection,2.5,1213,False
WO_002489,MY_N12270851329,2025-10-19,2025-10-22,vegetation_clearance,civil,vegetation,2.3,933,True
WO_002490,MY_N12284680509,2025-10-19,2025-10-20,scheduled_inspection,civil,scheduled_inspection,0.1,308,False
WO_002491,MY_N13103284367,2025-10-19,2025-10-21,battery_genset_service,power,power,2.2,2043,True
WO_002492,MY_N13979312124,2025-10-19,2025-10-24,raise_cabinet_and_seal,civil,flood,1.5,4588,True
WO_002493,MY_N4963875869,2025-10-19,2025-10-22,raise_cabinet_and_seal,civil,flood,7.9,4972,True
WO_002494,MY_N506433555,2025-10-19,2025-10-24,vegetation_clearance,civil,vegetation,1.7,3131,True
WO_002495,MY_N11802478955,2025-10-20,2025-10-22,raise_cabinet_and_seal,civil,flood,8.1,4853,True
WO_002496,MY_N12773184677,2025-10-20,2025-10-22,raise_cabinet_and_seal,civil,flood,2.7,4833,True
WO_002497,MY_N13502641928,2025-10-20,2025-10-25,battery_genset_service,power,power,7.5,1966,True
WO_002498,MY_N4436507977,2025-10-20,2025-10-22,vegetation_clearance,civil,vegetation,2.4,502,True
WO_002499,MY_N610175376,2025-10-20,2025-10-22,vegetation_clearance,civil,vegetation,3.1,6271,True
WO_002500,MY_N6745537233,2025-10-20,2025-10-25,raise_cabinet_and_seal,civil,flood,3.3,564,True
WO_002501,MY_N11536997297,2025-10-21,2025-10-22,scheduled_inspection,civil,scheduled_inspection,0.5,970,False
WO_002502,MY_N13678930905,2025-10-21,2025-10-24,battery_genset_service,power,power,1.8,909,True
WO_002503,MY_N11875484220,2025-10-22,2025-10-26,slope_stabilize_and_tension,civil,terrain,6.3,2602,True
WO_002504,MY_N5599579030,2025-10-22,2025-10-23,scheduled_inspection,civil,scheduled_inspection,0.2,706,False
WO_002505,MY_N13517883535,2025-10-23,2025-10-25,vegetation_clearance,civil,vegetation,10.9,453,True
WO_002506,MY_N13526011249,2025-10-23,2025-10-25,slope_stabilize_and_tension,civil,terrain,8.0,1658,True
WO_002507,MY_N8191059241,2025-10-23,2025-10-26,slope_stabilize_and_tension,civil,terrain,1.7,2018,True
WO_002508,MY_N8987661324,2025-10-23,2025-10-26,radio_unit_refresh,rf,equipment,7.8,1249,True
WO_002509,MY_N11990327538,2025-10-24,2025-10-25,vegetation_clearance,civil,vegetation,5.3,1132,True
WO_002510,MY_W1545410197,2025-10-24,2025-10-25,scheduled_inspection,civil,scheduled_inspection,1.2,732,False
WO_002511,MY_N12058759613,2025-10-25,2025-10-28,raise_cabinet_and_seal,civil,flood,4.1,7981,True
WO_002512,MY_N12137024409,2025-10-25,2025-10-28,raise_cabinet_and_seal,civil,flood,2.0,2745,True
WO_002513,MY_N12773184677,2025-10-25,2025-10-26,vegetation_clearance,civil,vegetation,2.7,2633,True
WO_002514,MY_N8422298542,2025-10-25,2025-10-26,slope_stabilize_and_tension,civil,terrain,12.0,1657,True
WO_002515,MY_N8920295576,2025-10-25,2025-10-27,raise_cabinet_and_seal,civil,flood,5.7,6495,True
WO_002516,MY_N11496601911,2025-10-26,2025-10-27,scheduled_inspection,civil,scheduled_inspection,0.7,377,False
WO_002517,MY_N13979312124,2025-10-26,2025-10-27,raise_cabinet_and_seal,civil,flood,3.4,2668,True
WO_002518,MY_N8148264450,2025-10-26,2025-10-27,scheduled_inspection,civil,scheduled_inspection,1.0,261,False
WO_002519,MY_W1270085203,2025-10-26,2025-10-28,vegetation_clearance,civil,vegetation,22.9,3146,True
WO_002520,MY_N12177011818,2025-10-27,2025-10-28,scheduled_inspection,civil,scheduled_inspection,0.0,660,False
WO_002521,MY_N13891743611,2025-10-27,2025-10-30,radio_unit_refresh,rf,equipment,16.3,2344,True
WO_002522,MY_N11853239841,2025-10-28,2025-10-29,scheduled_inspection,civil,scheduled_inspection,2.0,675,False
WO_002523,MY_N13678930905,2025-10-28,2025-10-31,vegetation_clearance,civil,vegetation,15.5,2927,True
WO_002524,MY_N13719964947,2025-10-28,2025-10-29,scheduled_inspection,civil,scheduled_inspection,2.5,1300,False
WO_002525,MY_N8191059241,2025-10-28,2025-11-02,vegetation_clearance,civil,vegetation,10.1,7544,True
WO_002526,MY_N9084071195,2025-10-28,2025-10-29,raise_cabinet_and_seal,civil,flood,5.9,6465,True
WO_002527,MY_N10771843285,2025-10-29,2025-10-30,scheduled_inspection,civil,scheduled_inspection,1.5,1372,False
WO_002528,MY_N3573581293,2025-10-29,2025-10-30,scheduled_inspection,civil,scheduled_inspection,2.4,339,False
WO_002529,MY_N6745537234,2025-10-29,2025-10-30,scheduled_inspection,civil,scheduled_inspection,0.7,1201,False
WO_002530,MY_N12603668089,2025-10-30,2025-10-31,scheduled_inspection,civil,scheduled_inspection,5.8,553,False
WO_002531,MY_N8296464154,2025-10-30,2025-10-31,scheduled_inspection,civil,scheduled_inspection,2.5,1759,False
WO_002532,MY_N12227780480,2025-10-31,2025-11-01,scheduled_inspection,civil,scheduled_inspection,3.5,541,False
WO_002533,MY_N11609644622,2025-11-01,2025-11-03,raise_cabinet_and_seal,civil,flood,5.2,7188,True
WO_002534,MY_N11637810090,2025-11-01,2025-11-02,scheduled_inspection,civil,scheduled_inspection,1.0,1020,False
WO_002535,MY_N11738300326,2025-11-01,2025-11-05,vegetation_clearance,civil,vegetation,1.6,1665,True
WO_002536,MY_N12135759497,2025-11-01,2025-11-04,vegetation_clearance,civil,vegetation,3.4,4298,True
WO_002537,MY_N12137024402,2025-11-01,2025-11-02,scheduled_inspection,civil,scheduled_inspection,3.2,462,False
WO_002538,MY_N13439298450,2025-11-01,2025-11-02,scheduled_inspection,civil,scheduled_inspection,1.9,977,False
WO_002539,MY_N6745537233,2025-11-01,2025-11-05,battery_genset_service,power,power,4.6,131,True
WO_002540,MY_W1259673925,2025-11-01,2025-11-04,raise_cabinet_and_seal,civil,flood,8.9,4473,True
WO_002541,MY_W1386907231,2025-11-01,2025-11-03,raise_cabinet_and_seal,civil,flood,3.1,3501,True
WO_002542,MY_N13331200714,2025-11-02,2025-11-06,raise_cabinet_and_seal,civil,flood,5.4,2141,True
WO_002543,MY_N13712401727,2025-11-02,2025-11-03,scheduled_inspection,civil,scheduled_inspection,1.0,1125,False
WO_002544,MY_N11151660426,2025-11-03,2025-11-04,vegetation_clearance,civil,vegetation,1.8,640,True
WO_002545,MY_N12152835735,2025-11-03,2025-11-04,scheduled_inspection,civil,scheduled_inspection,2.2,929,False
WO_002546,MY_N12275922702,2025-11-03,2025-11-04,scheduled_inspection,civil,scheduled_inspection,1.9,566,False
WO_002547,MY_N3273231509,2025-11-03,2025-11-04,scheduled_inspection,civil,scheduled_inspection,1.2,267,False
WO_002548,MY_N8068563589,2025-11-03,2025-11-04,raise_cabinet_and_seal,civil,flood,4.1,2742,True
WO_002549,MY_N8923088437,2025-11-03,2025-11-06,slope_stabilize_and_tension,civil,terrain,7.6,3404,True
WO_002550,MY_N13659918586,2025-11-04,2025-11-07,vegetation_clearance,civil,vegetation,7.8,1618,True
WO_002551,MY_N3765699324,2025-11-04,2025-11-06,raise_cabinet_and_seal,civil,flood,2.5,4146,True
WO_002552,MY_N8191059241,2025-11-04,2025-11-07,raise_cabinet_and_seal,civil,flood,10.5,1640,True
WO_002553,MY_N9466091146,2025-11-04,2025-11-08,raise_cabinet_and_seal,civil,flood,4.5,4522,True
WO_002554,MY_N11388862434,2025-11-05,2025-11-07,raise_cabinet_and_seal,civil,flood,3.1,1395,True
WO_002555,MY_N13659918586,2025-11-05,2025-11-09,raise_cabinet_and_seal,civil,flood,11.4,4540,True
WO_002556,MY_W1318195110,2025-11-05,2025-11-06,scheduled_inspection,civil,scheduled_inspection,0.3,120,False
WO_002557,MY_N12135375711,2025-11-06,2025-11-11,raise_cabinet_and_seal,civil,flood,5.4,2429,True
WO_002558,MY_N8735935858,2025-11-06,2025-11-07,scheduled_inspection,civil,scheduled_inspection,0.2,605,False
WO_002559,MY_W1386907231,2025-11-06,2025-11-10,slope_stabilize_and_tension,civil,terrain,2.7,831,True
WO_002560,MY_N13057626241,2025-11-07,2025-11-08,slope_stabilize_and_tension,civil,terrain,5.4,3656,True
WO_002561,MY_N12309364294,2025-11-08,2025-11-12,vegetation_clearance,civil,vegetation,8.4,1980,True
WO_002562,MY_N13659918586,2025-11-08,2025-11-12,raise_cabinet_and_seal,civil,flood,3.3,280,True
WO_002563,MY_N8025859449,2025-11-08,2025-11-09,scheduled_inspection,civil,scheduled_inspection,1.6,382,False
WO_002564,MY_N3902995309,2025-11-09,2025-11-12,vegetation_clearance,civil,vegetation,4.1,2235,True
WO_002565,MY_N8047942568,2025-11-09,2025-11-10,scheduled_inspection,civil,scheduled_inspection,1.5,114,False
WO_002566,MY_W1496819391,2025-11-09,2025-11-10,raise_cabinet_and_seal,civil,flood,17.9,2753,True
WO_002567,MY_N13013877873,2025-11-10,2025-11-15,battery_genset_service,power,power,2.2,753,True
WO_002568,MY_W1496819391,2025-11-10,2025-11-15,raise_cabinet_and_seal,civil,flood,1.7,3333,True
WO_002569,MY_N10802588447,2025-11-11,2025-11-16,raise_cabinet_and_seal,civil,flood,3.4,2287,True
WO_002570,MY_N12309364295,2025-11-11,2025-11-16,slope_stabilize_and_tension,civil,terrain,3.3,1433,True
WO_002571,MY_N12531429458,2025-11-11,2025-11-15,raise_cabinet_and_seal,civil,flood,4.5,2416,True
WO_002572,MY_N12889290985,2025-11-11,2025-11-12,scheduled_inspection,civil,scheduled_inspection,0.6,94,False
WO_002573,MY_N8025859449,2025-11-11,2025-11-13,battery_genset_service,power,power,4.2,2414,True
WO_002574,MY_N9810551665,2025-11-11,2025-11-16,vegetation_clearance,civil,vegetation,9.6,3480,True
WO_002575,MY_N11990327538,2025-11-12,2025-11-14,raise_cabinet_and_seal,civil,flood,6.0,3675,True
WO_002576,MY_N12030488094,2025-11-12,2025-11-13,scheduled_inspection,civil,scheduled_inspection,4.9,190,False
WO_002577,MY_N12035797855,2025-11-12,2025-11-13,scheduled_inspection,civil,scheduled_inspection,2.3,575,False
WO_002578,MY_N12270341400,2025-11-12,2025-11-15,raise_cabinet_and_seal,civil,flood,5.3,1430,True
WO_002579,MY_W1386907231,2025-11-12,2025-11-13,raise_cabinet_and_seal,civil,flood,10.1,799,True
WO_002580,MY_N11990327538,2025-11-13,2025-11-15,raise_cabinet_and_seal,civil,flood,4.7,1699,True
WO_002581,MY_N12137013098,2025-11-13,2025-11-14,scheduled_inspection,civil,scheduled_inspection,3.9,490,False
WO_002582,MY_N12548986934,2025-11-13,2025-11-18,battery_genset_service,power,power,3.6,2836,True
WO_002583,MY_N403749609,2025-11-13,2025-11-14,scheduled_inspection,civil,scheduled_inspection,0.4,397,False
WO_002584,MY_N8791272543,2025-11-13,2025-11-14,battery_genset_service,power,power,1.6,3066,True
WO_002585,MY_N9084071195,2025-11-13,2025-11-15,slope_stabilize_and_tension,civil,terrain,14.0,2199,True
WO_002586,MY_N12135375711,2025-11-14,2025-11-17,vegetation_clearance,civil,vegetation,5.6,1757,True
WO_002587,MY_N13502641928,2025-11-14,2025-11-15,raise_cabinet_and_seal,civil,flood,7.7,3526,True
WO_002588,MY_N6745537234,2025-11-14,2025-11-19,raise_cabinet_and_seal,civil,flood,3.7,1556,True
WO_002589,MY_N9469288221,2025-11-14,2025-11-15,scheduled_inspection,civil,scheduled_inspection,0.8,557,False
WO_002590,MY_W1285114522,2025-11-14,2025-11-15,raise_cabinet_and_seal,civil,flood,4.1,1254,True
WO_002591,MY_W1367367946,2025-11-14,2025-11-15,scheduled_inspection,civil,scheduled_inspection,2.6,830,False
WO_002592,MY_N10802588447,2025-11-15,2025-11-16,battery_genset_service,power,power,8.2,691,True
WO_002593,MY_N12137024409,2025-11-15,2025-11-17,radio_unit_refresh,rf,equipment,8.4,2929,True
WO_002594,MY_N7808912865,2025-11-15,2025-11-16,scheduled_inspection,civil,scheduled_inspection,0.6,666,False
WO_002595,MY_N8191059241,2025-11-15,2025-11-19,raise_cabinet_and_seal,civil,flood,7.3,1544,True
WO_002596,MY_N8191059241,2025-11-15,2025-11-17,raise_cabinet_and_seal,civil,flood,1.6,1437,True
WO_002597,MY_N9466091146,2025-11-15,2025-11-20,slope_stabilize_and_tension,civil,terrain,6.8,2386,True
WO_002598,MY_W1456021260,2025-11-15,2025-11-16,scheduled_inspection,civil,scheduled_inspection,3.6,35,False
WO_002599,MY_N11264702921,2025-11-16,2025-11-17,scheduled_inspection,civil,scheduled_inspection,1.1,2141,False
WO_002600,MY_N11399381206,2025-11-16,2025-11-17,scheduled_inspection,civil,scheduled_inspection,1.6,761,False
WO_002601,MY_N11659562131,2025-11-16,2025-11-18,raise_cabinet_and_seal,civil,flood,5.3,1907,True
WO_002602,MY_N12135373696,2025-11-16,2025-11-17,scheduled_inspection,civil,scheduled_inspection,0.5,2456,False
WO_002603,MY_W1285114522,2025-11-16,2025-11-18,slope_stabilize_and_tension,civil,terrain,3.2,6382,True
WO_002604,MY_W1368598193,2025-11-16,2025-11-19,slope_stabilize_and_tension,civil,terrain,0.8,2240,True
WO_002605,MY_N7033248825,2025-11-17,2025-11-21,slope_stabilize_and_tension,civil,terrain,6.3,2537,True
WO_002606,MY_N8263445806,2025-11-17,2025-11-18,scheduled_inspection,civil,scheduled_inspection,0.9,1444,False
WO_002607,MY_N9084071195,2025-11-17,2025-11-21,slope_stabilize_and_tension,civil,terrain,9.2,1354,True
WO_002608,MY_N12131514586,2025-11-18,2025-11-19,scheduled_inspection,civil,scheduled_inspection,0.3,128,False
WO_002609,MY_N13502641928,2025-11-18,2025-11-22,slope_stabilize_and_tension,civil,terrain,2.1,443,True
WO_002610,MY_N13659918586,2025-11-18,2025-11-20,radio_unit_refresh,rf,equipment,14.1,826,True
WO_002611,MY_N5188734187,2025-11-18,2025-11-19,vegetation_clearance,civil,vegetation,9.5,1535,True
WO_002612,MY_N8789765101,2025-11-18,2025-11-19,scheduled_inspection,civil,scheduled_inspection,3.4,1757,False
WO_002613,MY_N8923088437,2025-11-18,2025-11-19,slope_stabilize_and_tension,civil,terrain,3.8,6364,True
WO_002614,MY_N8992708257,2025-11-18,2025-11-19,scheduled_inspection,civil,scheduled_inspection,0.5,930,False
WO_002615,MY_W1317650252,2025-11-18,2025-11-23,slope_stabilize_and_tension,civil,terrain,7.2,2320,True
WO_002616,MY_N12135375711,2025-11-19,2025-11-20,raise_cabinet_and_seal,civil,flood,6.6,1692,True
WO_002617,MY_N13891743611,2025-11-19,2025-11-20,slope_stabilize_and_tension,civil,terrain,3.7,5445,True
WO_002618,MY_N13979312124,2025-11-19,2025-11-22,vegetation_clearance,civil,vegetation,7.6,2292,True
WO_002619,MY_N8022325824,2025-11-19,2025-11-24,slope_stabilize_and_tension,civil,terrain,2.6,3297,True
WO_002620,MY_N8998441828,2025-11-19,2025-11-20,scheduled_inspection,civil,scheduled_inspection,1.0,1089,False
WO_002621,MY_N11659562130,2025-11-21,2025-11-26,raise_cabinet_and_seal,civil,flood,13.4,2643,True
WO_002622,MY_N13517883535,2025-11-21,2025-11-22,raise_cabinet_and_seal,civil,flood,4.5,4446,True
WO_002623,MY_N3902995301,2025-11-21,2025-11-23,raise_cabinet_and_seal,civil,flood,13.3,3451,True
WO_002624,MY_N3902995326,2025-11-21,2025-11-26,vegetation_clearance,civil,vegetation,7.6,4081,True
WO_002625,MY_N403749609,2025-11-21,2025-11-22,scheduled_inspection,civil,scheduled_inspection,1.6,424,False
WO_002626,MY_N12270851329,2025-11-22,2025-11-24,vegetation_clearance,civil,vegetation,2.1,5248,True
WO_002627,MY_N12312150904,2025-11-22,2025-11-23,scheduled_inspection,civil,scheduled_inspection,0.9,1163,False
WO_002628,MY_N13015606468,2025-11-22,2025-11-23,scheduled_inspection,civil,scheduled_inspection,0.6,1002,False
WO_002629,MY_N13659918586,2025-11-22,2025-11-26,raise_cabinet_and_seal,civil,flood,3.9,4895,True
WO_002630,MY_N13809732305,2025-11-22,2025-11-23,scheduled_inspection,civil,scheduled_inspection,1.5,197,False
WO_002631,MY_N5510158307,2025-11-22,2025-11-23,scheduled_inspection,civil,scheduled_inspection,3.1,910,False
WO_002632,MY_N6745537234,2025-11-22,2025-11-23,battery_genset_service,power,power,9.2,1283,True
WO_002633,MY_N12548986934,2025-11-23,2025-11-27,raise_cabinet_and_seal,civil,flood,5.2,508,True
WO_002634,MY_N3902995311,2025-11-23,2025-11-24,scheduled_inspection,civil,scheduled_inspection,0.9,351,False
WO_002635,MY_N6759131549,2025-11-23,2025-11-27,slope_stabilize_and_tension,civil,terrain,17.3,2076,True
WO_002636,MY_N8899990561,2025-11-23,2025-11-27,raise_cabinet_and_seal,civil,flood,5.7,3722,True
WO_002637,MY_N11167076406,2025-11-24,2025-11-27,raise_cabinet_and_seal,civil,flood,1.3,3383,True
WO_002638,MY_N11738300326,2025-11-24,2025-11-26,vegetation_clearance,civil,vegetation,1.5,1943,True
WO_002639,MY_W526039065,2025-11-24,2025-11-25,scheduled_inspection,civil,scheduled_inspection,1.8,538,False
WO_002640,MY_N12141554109,2025-11-25,2025-11-29,raise_cabinet_and_seal,civil,flood,3.5,5327,True
WO_002641,MY_N3765699324,2025-11-25,2025-11-27,vegetation_clearance,civil,vegetation,9.8,4088,True
WO_002642,MY_N8377840940,2025-11-25,2025-11-27,battery_genset_service,power,power,1.3,1268,True
WO_002643,MY_N12131514594,2025-11-26,2025-12-01,raise_cabinet_and_seal,civil,flood,16.6,2294,True
WO_002644,MY_N3902995326,2025-11-26,2025-11-27,radio_unit_refresh,rf,equipment,4.7,2215,True
WO_002645,MY_N8439185733,2025-11-26,2025-12-01,raise_cabinet_and_seal,civil,flood,1.2,1765,True
WO_002646,MY_N8825706826,2025-11-26,2025-11-29,vegetation_clearance,civil,vegetation,5.8,220,True
WO_002647,MY_N8920295576,2025-11-26,2025-11-28,vegetation_clearance,civil,vegetation,3.9,572,True
WO_002648,MY_N2669688740,2025-11-27,2025-11-28,scheduled_inspection,civil,scheduled_inspection,4.5,300,False
WO_002649,MY_N8327095826,2025-11-28,2025-12-03,slope_stabilize_and_tension,civil,terrain,5.6,5093,True
WO_002650,MY_N6721910509,2025-11-30,2025-12-01,scheduled_inspection,civil,scheduled_inspection,1.4,1146,False
WO_002651,MY_N11990327538,2025-12-01,2025-12-03,vegetation_clearance,civil,vegetation,5.7,428,True
WO_002652,MY_W1318445328,2025-12-01,2025-12-02,scheduled_inspection,civil,scheduled_inspection,1.1,317,False
WO_002653,MY_W1497883954,2025-12-01,2025-12-02,scheduled_inspection,civil,scheduled_inspection,0.6,343,False
WO_002654,MY_N13331200714,2025-12-02,2025-12-04,raise_cabinet_and_seal,civil,flood,1.5,1189,True
WO_002655,MY_N13564968138,2025-12-02,2025-12-03,scheduled_inspection,civil,scheduled_inspection,0.4,1528,False
WO_002656,MY_N11815789148,2025-12-03,2025-12-04,scheduled_inspection,civil,scheduled_inspection,1.1,320,False
WO_002657,MY_N12773184677,2025-12-03,2025-12-04,vegetation_clearance,civil,vegetation,1.8,1234,True
WO_002658,MY_N13659918586,2025-12-03,2025-12-08,raise_cabinet_and_seal,civil,flood,13.5,992,True
WO_002659,MY_N3902995301,2025-12-03,2025-12-07,raise_cabinet_and_seal,civil,flood,4.4,443,True
WO_002660,MY_N8259081451,2025-12-03,2025-12-04,scheduled_inspection,civil,scheduled_inspection,2.3,1515,False
WO_002661,MY_N9810551665,2025-12-03,2025-12-06,raise_cabinet_and_seal,civil,flood,6.7,2774,True
WO_002662,MY_N3765699324,2025-12-04,2025-12-07,raise_cabinet_and_seal,civil,flood,2.8,3434,True
WO_002663,MY_N5115603531,2025-12-04,2025-12-09,slope_stabilize_and_tension,civil,terrain,3.8,2248,True
WO_002664,MY_W1317650252,2025-12-04,2025-12-08,raise_cabinet_and_seal,civil,flood,6.2,7186,True
WO_002665,MY_N11875484220,2025-12-05,2025-12-06,scheduled_inspection,civil,scheduled_inspection,0.4,790,False
WO_002666,MY_N12137013087,2025-12-05,2025-12-09,raise_cabinet_and_seal,civil,flood,10.2,776,True
WO_002667,MY_N12169092717,2025-12-05,2025-12-06,scheduled_inspection,civil,scheduled_inspection,0.5,763,False
WO_002668,MY_W1259361634,2025-12-05,2025-12-06,scheduled_inspection,civil,scheduled_inspection,0.6,71,False
WO_002669,MY_N3902995238,2025-12-06,2025-12-11,raise_cabinet_and_seal,civil,flood,11.2,6264,True
WO_002670,MY_W1315123577,2025-12-06,2025-12-10,raise_cabinet_and_seal,civil,flood,5.6,359,True
WO_002671,MY_N11358783333,2025-12-07,2025-12-08,scheduled_inspection,civil,scheduled_inspection,3.1,1585,False
WO_002672,MY_N1662637919,2025-12-07,2025-12-08,scheduled_inspection,civil,scheduled_inspection,3.2,328,False
WO_002673,MY_W1318445329,2025-12-07,2025-12-12,vegetation_clearance,civil,vegetation,0.6,1398,True
WO_002674,MY_N12111896121,2025-12-08,2025-12-09,scheduled_inspection,civil,scheduled_inspection,2.3,218,False
WO_002675,MY_N12137024409,2025-12-08,2025-12-12,raise_cabinet_and_seal,civil,flood,2.3,2729,True
WO_002676,MY_N12773184677,2025-12-08,2025-12-10,vegetation_clearance,civil,vegetation,4.5,2814,True
WO_002677,MY_N610175376,2025-12-08,2025-12-10,raise_cabinet_and_seal,civil,flood,6.7,2317,True
WO_002678,MY_N8735935858,2025-12-08,2025-12-09,scheduled_inspection,civil,scheduled_inspection,1.8,558,False
WO_002679,MY_N11388862434,2025-12-09,2025-12-12,raise_cabinet_and_seal,civil,flood,1.2,3935,True
WO_002680,MY_N11802478955,2025-12-09,2025-12-13,battery_genset_service,power,power,4.3,4269,True
WO_002681,MY_N11990327538,2025-12-09,2025-12-14,slope_stabilize_and_tension,civil,terrain,3.5,2142,True
WO_002682,MY_N12137024409,2025-12-09,2025-12-10,raise_cabinet_and_seal,civil,flood,6.2,1011,True
WO_002683,MY_N13142317645,2025-12-09,2025-12-14,raise_cabinet_and_seal,civil,flood,14.9,2647,True
WO_002684,MY_N13526011249,2025-12-09,2025-12-11,raise_cabinet_and_seal,civil,flood,6.3,916,True
WO_002685,MY_N13678930905,2025-12-09,2025-12-12,raise_cabinet_and_seal,civil,flood,9.2,4678,True
WO_002686,MY_N13979312124,2025-12-09,2025-12-12,raise_cabinet_and_seal,civil,flood,8.2,8117,True
WO_002687,MY_N1662564012,2025-12-09,2025-12-14,slope_stabilize_and_tension,civil,terrain,6.8,4850,True
WO_002688,MY_W728820002,2025-12-09,2025-12-14,slope_stabilize_and_tension,civil,terrain,8.7,717,True
WO_002689,MY_N11875484224,2025-12-10,2025-12-14,raise_cabinet_and_seal,civil,flood,0.7,3018,True
WO_002690,MY_N13103284367,2025-12-10,2025-12-13,battery_genset_service,power,power,1.8,3276,True
WO_002691,MY_N12309364296,2025-12-11,2025-12-16,raise_cabinet_and_seal,civil,flood,12.9,1200,True
WO_002692,MY_N12889290231,2025-12-11,2025-12-15,raise_cabinet_and_seal,civil,flood,8.2,2739,True
WO_002693,MY_N2894780935,2025-12-11,2025-12-16,raise_cabinet_and_seal,civil,flood,9.8,6089,True
WO_002694,MY_N11479281285,2025-12-12,2025-12-13,scheduled_inspection,civil,scheduled_inspection,1.7,220,False
WO_002695,MY_N12135373696,2025-12-12,2025-12-14,vegetation_clearance,civil,vegetation,6.0,4373,True
WO_002696,MY_N6451638812,2025-12-12,2025-12-13,raise_cabinet_and_seal,civil,flood,8.5,640,True
WO_002697,MY_N11659562142,2025-12-13,2025-12-14,vegetation_clearance,civil,vegetation,2.6,1973,True
WO_002698,MY_N11802478955,2025-12-13,2025-12-18,raise_cabinet_and_seal,civil,flood,5.0,1432,True
WO_002699,MY_W1274670480,2025-12-13,2025-12-14,raise_cabinet_and_seal,civil,flood,11.3,335,True
WO_002700,MY_N12135373696,2025-12-14,2025-12-18,raise_cabinet_and_seal,civil,flood,3.9,4854,True
WO_002701,MY_W1383475622,2025-12-14,2025-12-19,raise_cabinet_and_seal,civil,flood,8.8,2502,True
WO_002702,MY_W1545410197,2025-12-14,2025-12-15,slope_stabilize_and_tension,civil,terrain,6.9,382,True
WO_002703,MY_N11802478955,2025-12-15,2025-12-20,raise_cabinet_and_seal,civil,flood,1.5,3703,True
WO_002704,MY_N13517883535,2025-12-15,2025-12-16,scheduled_inspection,civil,scheduled_inspection,1.3,361,False
WO_002705,MY_N6727065189,2025-12-15,2025-12-16,scheduled_inspection,civil,scheduled_inspection,3.5,516,False
WO_002706,MY_N8191059241,2025-12-15,2025-12-17,raise_cabinet_and_seal,civil,flood,7.4,1862,True
WO_002707,MY_N8998441829,2025-12-15,2025-12-16,scheduled_inspection,civil,scheduled_inspection,1.2,1087,False
WO_002708,MY_N11875484220,2025-12-16,2025-12-20,vegetation_clearance,civil,vegetation,1.8,838,True
WO_002709,MY_N12131514594,2025-12-16,2025-12-17,raise_cabinet_and_seal,civil,flood,2.8,6735,True
WO_002710,MY_N12243059849,2025-12-16,2025-12-21,raise_cabinet_and_seal,civil,flood,3.4,4170,True
WO_002711,MY_N12135375710,2025-12-17,2025-12-20,raise_cabinet_and_seal,civil,flood,4.0,6753,True
WO_002712,MY_N12135375711,2025-12-17,2025-12-20,raise_cabinet_and_seal,civil,flood,8.1,876,True
WO_002713,MY_N12137013097,2025-12-17,2025-12-19,raise_cabinet_and_seal,civil,flood,3.4,1900,True
WO_002714,MY_N4963875869,2025-12-17,2025-12-20,raise_cabinet_and_seal,civil,flood,6.7,1596,True
WO_002715,MY_N506433555,2025-12-17,2025-12-20,battery_genset_service,power,power,7.4,1451,True
WO_002716,MY_N8812260333,2025-12-17,2025-12-21,battery_genset_service,power,power,6.8,7328,True
WO_002717,MY_W1098994137,2025-12-17,2025-12-18,scheduled_inspection,civil,scheduled_inspection,1.9,1571,False
WO_002718,MY_N12097503031,2025-12-18,2025-12-23,vegetation_clearance,civil,vegetation,5.4,5723,True
WO_002719,MY_N4775194882,2025-12-18,2025-12-19,scheduled_inspection,civil,scheduled_inspection,0.9,746,False
WO_002720,MY_N7003374699,2025-12-18,2025-12-19,scheduled_inspection,civil,scheduled_inspection,0.0,92,False
WO_002721,MY_N7594127522,2025-12-18,2025-12-19,scheduled_inspection,civil,scheduled_inspection,1.9,1202,False
WO_002722,MY_W1386907231,2025-12-18,2025-12-19,vegetation_clearance,civil,vegetation,5.3,4019,True
WO_002723,MY_W1386907231,2025-12-18,2025-12-20,battery_genset_service,power,power,3.7,1145,True
WO_002724,MY_N11875484224,2025-12-19,2025-12-24,raise_cabinet_and_seal,civil,flood,10.0,771,True
WO_002725,MY_N12309364294,2025-12-19,2025-12-20,scheduled_inspection,civil,scheduled_inspection,1.3,1153,False
WO_002726,MY_N8025859449,2025-12-19,2025-12-23,slope_stabilize_and_tension,civil,terrain,6.4,2826,True
WO_002727,MY_N8923088437,2025-12-19,2025-12-22,battery_genset_service,power,power,6.6,3844,True
WO_002728,MY_W1386907231,2025-12-19,2025-12-23,slope_stabilize_and_tension,civil,terrain,14.0,1601,True
WO_002729,MY_N12309364295,2025-12-20,2025-12-25,raise_cabinet_and_seal,civil,flood,0.8,1937,True
WO_002730,MY_N12135375711,2025-12-21,2025-12-23,radio_unit_refresh,rf,equipment,0.9,2729,True
WO_002731,MY_N13335390186,2025-12-21,2025-12-26,slope_stabilize_and_tension,civil,terrain,4.3,1367,True
WO_002732,MY_N4436507977,2025-12-21,2025-12-23,vegetation_clearance,civil,vegetation,3.2,1494,True
WO_002733,MY_N6093033474,2025-12-21,2025-12-26,raise_cabinet_and_seal,civil,flood,4.0,3093,True
WO_002734,MY_N12117702098,2025-12-22,2025-12-26,raise_cabinet_and_seal,civil,flood,1.3,2338,True
WO_002735,MY_N13015606468,2025-12-22,2025-12-23,scheduled_inspection,civil,scheduled_inspection,1.9,637,False
WO_002736,MY_N13103284367,2025-12-22,2025-12-24,battery_genset_service,power,power,14.7,3464,True
WO_002737,MY_N3902995326,2025-12-22,2025-12-23,scheduled_inspection,civil,scheduled_inspection,2.0,578,False
WO_002738,MY_N4625586068,2025-12-22,2025-12-23,scheduled_inspection,civil,scheduled_inspection,1.3,1167,False
WO_002739,MY_N8176878231,2025-12-22,2025-12-27,battery_genset_service,power,power,10.2,1398,True
WO_002740,MY_N8267445980,2025-12-22,2025-12-23,scheduled_inspection,civil,scheduled_inspection,2.9,1336,False
WO_002741,MY_N9455370923,2025-12-22,2025-12-23,scheduled_inspection,civil,scheduled_inspection,1.8,1112,False
WO_002742,MY_N11581896101,2025-12-23,2025-12-24,scheduled_inspection,civil,scheduled_inspection,1.1,781,False
WO_002743,MY_N12042056319,2025-12-23,2025-12-24,scheduled_inspection,civil,scheduled_inspection,3.6,1043,False
WO_002744,MY_N12137013087,2025-12-23,2025-12-24,radio_unit_refresh,rf,equipment,1.5,7030,True
WO_002745,MY_N12603668089,2025-12-23,2025-12-25,battery_genset_service,power,power,3.6,2262,True
WO_002746,MY_N11875484218,2025-12-24,2025-12-25,slope_stabilize_and_tension,civil,terrain,6.8,2104,True
WO_002747,MY_N12137013091,2025-12-24,2025-12-29,vegetation_clearance,civil,vegetation,10.0,1226,True
WO_002748,MY_N12138116212,2025-12-24,2025-12-27,raise_cabinet_and_seal,civil,flood,6.8,5793,True
WO_002749,MY_N3902995275,2025-12-24,2025-12-25,scheduled_inspection,civil,scheduled_inspection,1.7,895,False
WO_002750,MY_N11388862434,2025-12-25,2025-12-26,slope_stabilize_and_tension,civil,terrain,1.3,5390,True
WO_002751,MY_N11659562142,2025-12-25,2025-12-30,radio_unit_refresh,rf,equipment,11.9,3680,True
WO_002752,MY_N11962284837,2025-12-25,2025-12-28,battery_genset_service,power,power,2.2,1405,True
WO_002753,MY_N11990327538,2025-12-25,2025-12-30,raise_cabinet_and_seal,civil,flood,2.3,4655,True
WO_002754,MY_N13517883535,2025-12-25,2025-12-27,raise_cabinet_and_seal,civil,flood,0.3,3287,True
WO_002755,MY_N8923088437,2025-12-25,2025-12-27,slope_stabilize_and_tension,civil,terrain,13.6,4854,True
WO_002756,MY_N9466091146,2025-12-25,2025-12-28,slope_stabilize_and_tension,civil,terrain,5.3,1190,True
WO_002757,MY_N12035797862,2025-12-26,2025-12-27,scheduled_inspection,civil,scheduled_inspection,0.5,128,False
WO_002758,MY_N13103284367,2025-12-26,2025-12-30,raise_cabinet_and_seal,civil,flood,7.4,5483,True
WO_002759,MY_N3902995310,2025-12-26,2025-12-27,raise_cabinet_and_seal,civil,flood,3.0,3729,True
WO_002760,MY_N7033248825,2025-12-26,2025-12-27,slope_stabilize_and_tension,civil,terrain,7.2,4224,True
WO_002761,MY_W1381588641,2025-12-26,2025-12-27,scheduled_inspection,civil,scheduled_inspection,0.4,689,False
WO_002762,MY_W1545410197,2025-12-26,2025-12-29,raise_cabinet_and_seal,civil,flood,6.6,3831,True
WO_002763,MY_N12131514587,2025-12-27,2025-12-28,scheduled_inspection,civil,scheduled_inspection,0.9,536,False
WO_002764,MY_N13186063976,2025-12-27,2025-12-28,scheduled_inspection,civil,scheduled_inspection,0.9,357,False
WO_002765,MY_N3902995310,2025-12-27,2025-12-31,raise_cabinet_and_seal,civil,flood,4.1,2264,True
WO_002766,MY_N8825706826,2025-12-27,2026-01-01,raise_cabinet_and_seal,civil,flood,6.9,2045,True
WO_002767,MY_N12118428198,2025-12-28,2025-12-29,scheduled_inspection,civil,scheduled_inspection,1.1,312,False
WO_002768,MY_N12548986934,2025-12-28,2025-12-31,raise_cabinet_and_seal,civil,flood,8.6,7094,True
WO_002769,MY_N13659918586,2025-12-28,2026-01-02,radio_unit_refresh,rf,equipment,0.2,840,True
WO_002770,MY_N8194411113,2025-12-30,2025-12-31,scheduled_inspection,civil,scheduled_inspection,4.4,1351,False
WO_002771,MY_N8971623432,2025-12-31,2026-01-01,scheduled_inspection,civil,scheduled_inspection,1.9,617,False
WO_002772,MY_N13057626241,2026-01-01,2026-01-02,raise_cabinet_and_seal,civil,flood,6.9,812,True
WO_002773,MY_N4436507977,2026-01-01,2026-01-06,slope_stabilize_and_tension,civil,terrain,8.4,3178,True
WO_002774,MY_N13456366477,2026-01-02,2026-01-03,scheduled_inspection,civil,scheduled_inspection,0.7,693,False
WO_002775,MY_N8148777715,2026-01-02,2026-01-03,scheduled_inspection,civil,scheduled_inspection,0.9,463,False
WO_002776,MY_N8263445804,2026-01-02,2026-01-03,scheduled_inspection,civil,scheduled_inspection,2.1,296,False
WO_002777,MY_W1386907231,2026-01-02,2026-01-05,slope_stabilize_and_tension,civil,terrain,2.3,4505,True
WO_002778,MY_W1545410197,2026-01-02,2026-01-07,raise_cabinet_and_seal,civil,flood,4.1,6708,True
WO_002779,MY_N12068508652,2026-01-03,2026-01-04,scheduled_inspection,civil,scheduled_inspection,1.4,263,False
WO_002780,MY_N12270101746,2026-01-03,2026-01-04,scheduled_inspection,civil,scheduled_inspection,0.7,1552,False
WO_002781,MY_N13517883535,2026-01-03,2026-01-04,vegetation_clearance,civil,vegetation,10.1,5302,True
WO_002782,MY_N1662564012,2026-01-03,2026-01-05,slope_stabilize_and_tension,civil,terrain,5.5,1479,True
WO_002783,MY_N6354464187,2026-01-03,2026-01-08,slope_stabilize_and_tension,civil,terrain,8.8,12062,True
WO_002784,MY_N8044980541,2026-01-03,2026-01-07,battery_genset_service,power,power,5.5,326,True
WO_002785,MY_N8987661324,2026-01-03,2026-01-06,raise_cabinet_and_seal,civil,flood,3.0,3684,True
WO_002786,MY_N11167076406,2026-01-04,2026-01-09,slope_stabilize_and_tension,civil,terrain,5.5,8456,True
WO_002787,MY_N12309364294,2026-01-04,2026-01-06,vegetation_clearance,civil,vegetation,17.1,1098,True
WO_002788,MY_N12773184677,2026-01-04,2026-01-08,raise_cabinet_and_seal,civil,flood,13.3,1079,True
WO_002789,MY_N506433555,2026-01-04,2026-01-09,raise_cabinet_and_seal,civil,flood,2.3,4781,True
WO_002790,MY_N6700401660,2026-01-04,2026-01-05,scheduled_inspection,civil,scheduled_inspection,1.4,694,False
WO_002791,MY_W822583264,2026-01-04,2026-01-05,scheduled_inspection,civil,scheduled_inspection,4.4,736,False
WO_002792,MY_N12309364295,2026-01-05,2026-01-08,raise_cabinet_and_seal,civil,flood,4.8,1276,True
WO_002793,MY_N13502641928,2026-01-05,2026-01-09,raise_cabinet_and_seal,civil,flood,6.5,3540,True
WO_002794,MY_N506433555,2026-01-05,2026-01-09,battery_genset_service,power,power,2.4,559,True
WO_002795,MY_N8004208520,2026-01-05,2026-01-06,slope_stabilize_and_tension,civil,terrain,5.4,2392,True
WO_002796,MY_N8327095826,2026-01-05,2026-01-09,battery_genset_service,power,power,4.6,2510,True
WO_002797,MY_N13659918586,2026-01-06,2026-01-11,raise_cabinet_and_seal,civil,flood,14.6,5650,True
WO_002798,MY_N13809732758,2026-01-06,2026-01-10,slope_stabilize_and_tension,civil,terrain,1.1,348,True
WO_002799,MY_N13979312124,2026-01-06,2026-01-07,raise_cabinet_and_seal,civil,flood,16.8,1489,True
WO_002800,MY_N5742976628,2026-01-06,2026-01-07,raise_cabinet_and_seal,civil,flood,10.9,514,True
WO_002801,MY_N8806058356,2026-01-06,2026-01-07,raise_cabinet_and_seal,civil,flood,3.4,876,True
WO_002802,MY_N10801806749,2026-01-07,2026-01-12,raise_cabinet_and_seal,civil,flood,8.5,1296,True
WO_002803,MY_N11482095447,2026-01-07,2026-01-10,raise_cabinet_and_seal,civil,flood,13.0,1330,True
WO_002804,MY_N3902995318,2026-01-07,2026-01-12,vegetation_clearance,civil,vegetation,9.5,2527,True
WO_002805,MY_N6354464187,2026-01-07,2026-01-12,raise_cabinet_and_seal,civil,flood,16.0,2215,True
WO_002806,MY_N12773184677,2026-01-08,2026-01-09,raise_cabinet_and_seal,civil,flood,3.0,5168,True
WO_002807,MY_N13103284367,2026-01-08,2026-01-12,raise_cabinet_and_seal,civil,flood,9.1,1902,True
WO_002808,MY_N1662564012,2026-01-08,2026-01-10,battery_genset_service,power,power,8.0,2194,True
WO_002809,MY_N3902995227,2026-01-08,2026-01-09,scheduled_inspection,civil,scheduled_inspection,2.8,902,False
WO_002810,MY_N11484371222,2026-01-09,2026-01-14,radio_unit_refresh,rf,equipment,10.0,3861,True
WO_002811,MY_N13979312124,2026-01-09,2026-01-10,raise_cabinet_and_seal,civil,flood,8.2,4660,True
WO_002812,MY_N3902995318,2026-01-09,2026-01-10,slope_stabilize_and_tension,civil,terrain,10.6,1360,True
WO_002813,MY_N6745537233,2026-01-09,2026-01-10,battery_genset_service,power,power,6.0,2636,True
WO_002814,MY_N8281177692,2026-01-09,2026-01-10,scheduled_inspection,civil,scheduled_inspection,1.9,426,False
WO_002815,MY_N11659562129,2026-01-10,2026-01-15,slope_stabilize_and_tension,civil,terrain,17.7,2230,True
WO_002816,MY_N12135375711,2026-01-10,2026-01-13,raise_cabinet_and_seal,civil,flood,3.7,1489,True
WO_002817,MY_N7033248825,2026-01-10,2026-01-12,raise_cabinet_and_seal,civil,flood,7.5,347,True
WO_002818,MY_N8090717866,2026-01-10,2026-01-11,scheduled_inspection,civil,scheduled_inspection,0.5,884,False
WO_002819,MY_W1456021260,2026-01-10,2026-01-11,scheduled_inspection,civil,scheduled_inspection,0.4,713,False
WO_002820,MY_N1662637919,2026-01-12,2026-01-17,slope_stabilize_and_tension,civil,terrain,4.2,3238,True
WO_002821,MY_N9040016332,2026-01-12,2026-01-15,raise_cabinet_and_seal,civil,flood,4.2,1929,True
WO_002822,MY_W728820002,2026-01-12,2026-01-15,raise_cabinet_and_seal,civil,flood,7.6,2443,True
WO_002823,MY_N11167076406,2026-01-13,2026-01-14,raise_cabinet_and_seal,civil,flood,5.1,1322,True
WO_002824,MY_N6093033474,2026-01-13,2026-01-14,vegetation_clearance,civil,vegetation,4.2,2449,True
WO_002825,MY_N9469288221,2026-01-13,2026-01-14,scheduled_inspection,civil,scheduled_inspection,1.8,792,False
WO_002826,MY_N11659562129,2026-01-14,2026-01-19,vegetation_clearance,civil,vegetation,7.6,416,True
WO_002827,MY_N12137024409,2026-01-14,2026-01-19,raise_cabinet_and_seal,civil,flood,4.0,430,True
WO_002828,MY_N12889290985,2026-01-14,2026-01-15,scheduled_inspection,civil,scheduled_inspection,1.9,470,False
WO_002829,MY_N4124017454,2026-01-14,2026-01-15,scheduled_inspection,civil,scheduled_inspection,0.7,670,False
WO_002830,MY_N13015606467,2026-01-15,2026-01-18,slope_stabilize_and_tension,civil,terrain,6.1,3931,True
WO_002831,MY_N13335390186,2026-01-15,2026-01-16,vegetation_clearance,civil,vegetation,3.1,1221,True
WO_002832,MY_N3902995318,2026-01-15,2026-01-19,battery_genset_service,power,power,3.8,533,True
WO_002833,MY_W1386907231,2026-01-15,2026-01-17,vegetation_clearance,civil,vegetation,6.4,2198,True
WO_002834,MY_N10746755999,2026-01-16,2026-01-17,scheduled_inspection,civil,scheduled_inspection,0.7,282,False
WO_002835,MY_N12132195205,2026-01-16,2026-01-17,scheduled_inspection,civil,scheduled_inspection,1.3,128,False
WO_002836,MY_N13331200729,2026-01-16,2026-01-19,slope_stabilize_and_tension,civil,terrain,7.3,1313,True
WO_002837,MY_N8025859449,2026-01-16,2026-01-19,battery_genset_service,power,power,14.1,1916,True
WO_002838,MY_N11738300326,2026-01-17,2026-01-18,vegetation_clearance,civil,vegetation,2.3,4376,True
WO_002839,MY_N9004704891,2026-01-17,2026-01-20,radio_unit_refresh,rf,equipment,5.7,7311,True
WO_002840,MY_N11659562133,2026-01-18,2026-01-19,scheduled_inspection,civil,scheduled_inspection,0.5,616,False
WO_002841,MY_W822583298,2026-01-18,2026-01-19,raise_cabinet_and_seal,civil,flood,7.7,1235,True
WO_002842,MY_N10802588447,2026-01-19,2026-01-24,raise_cabinet_and_seal,civil,flood,6.0,4467,True
WO_002843,MY_N12097355159,2026-01-19,2026-01-20,scheduled_inspection,civil,scheduled_inspection,0.5,517,False
WO_002844,MY_N12309364295,2026-01-19,2026-01-21,raise_cabinet_and_seal,civil,flood,4.0,1696,True
WO_002845,MY_N3901387616,2026-01-19,2026-01-21,raise_cabinet_and_seal,civil,flood,2.9,772,True
WO_002846,MY_N9040477852,2026-01-19,2026-01-20,scheduled_inspection,civil,scheduled_inspection,1.5,734,False
WO_002847,MY_N10736133691,2026-01-20,2026-01-23,battery_genset_service,power,power,1.5,1470,True
WO_002848,MY_N13502641928,2026-01-20,2026-01-21,vegetation_clearance,civil,vegetation,6.8,1466,True
WO_002849,MY_N6093033474,2026-01-20,2026-01-22,raise_cabinet_and_seal,civil,flood,8.6,1387,True
WO_002850,MY_N8348937880,2026-01-20,2026-01-25,raise_cabinet_and_seal,civil,flood,0.6,797,True
WO_002851,MY_N12309364295,2026-01-21,2026-01-25,radio_unit_refresh,rf,equipment,8.7,2705,True
WO_002852,MY_N13659918586,2026-01-21,2026-01-25,raise_cabinet_and_seal,civil,flood,3.0,376,True
WO_002853,MY_N3623367413,2026-01-21,2026-01-22,scheduled_inspection,civil,scheduled_inspection,0.3,196,False
WO_002854,MY_N9968171086,2026-01-21,2026-01-24,raise_cabinet_and_seal,civil,flood,5.1,143,True
WO_002855,MY_N12137013097,2026-01-22,2026-01-27,raise_cabinet_and_seal,civil,flood,12.5,557,True
WO_002856,MY_N13331200718,2026-01-22,2026-01-23,scheduled_inspection,civil,scheduled_inspection,0.3,411,False
WO_002857,MY_W1259673925,2026-01-22,2026-01-23,scheduled_inspection,civil,scheduled_inspection,2.8,1256,False
WO_002858,MY_N12773184677,2026-01-23,2026-01-24,raise_cabinet_and_seal,civil,flood,2.8,8103,True
WO_002859,MY_N8088772324,2026-01-23,2026-01-24,scheduled_inspection,civil,scheduled_inspection,1.7,1252,False
WO_002860,MY_N8971623432,2026-01-23,2026-01-24,scheduled_inspection,civil,scheduled_inspection,2.5,1155,False
WO_002861,MY_W1274670480,2026-01-23,2026-01-24,scheduled_inspection,civil,scheduled_inspection,0.7,453,False
WO_002862,MY_N11167076406,2026-01-24,2026-01-26,vegetation_clearance,civil,vegetation,6.3,2770,True
WO_002863,MY_N13015606467,2026-01-24,2026-01-27,raise_cabinet_and_seal,civil,flood,10.7,5997,True
WO_002864,MY_N5392512623,2026-01-24,2026-01-25,scheduled_inspection,civil,scheduled_inspection,1.3,987,False
WO_002865,MY_N8899964135,2026-01-24,2026-01-25,raise_cabinet_and_seal,civil,flood,9.1,7234,True
WO_002866,MY_N11738300326,2026-01-25,2026-01-26,raise_cabinet_and_seal,civil,flood,14.8,596,True
WO_002867,MY_N11875484226,2026-01-25,2026-01-27,raise_cabinet_and_seal,civil,flood,12.8,570,True
WO_002868,MY_N12773184677,2026-01-25,2026-01-30,battery_genset_service,power,power,2.0,2252,True
WO_002869,MY_N3902995310,2026-01-25,2026-01-27,radio_unit_refresh,rf,equipment,7.4,3330,True
WO_002870,MY_N8422298542,2026-01-25,2026-01-28,raise_cabinet_and_seal,civil,flood,3.6,1917,True
WO_002871,MY_N9038719774,2026-01-25,2026-01-26,scheduled_inspection,civil,scheduled_inspection,1.6,278,False
WO_002872,MY_N9466091146,2026-01-25,2026-01-30,slope_stabilize_and_tension,civil,terrain,1.9,735,True
WO_002873,MY_W1285114522,2026-01-25,2026-01-27,battery_genset_service,power,power,2.7,359,True
WO_002874,MY_N11962284837,2026-01-26,2026-01-27,battery_genset_service,power,power,4.7,2569,True
WO_002875,MY_N12137013091,2026-01-26,2026-01-31,radio_unit_refresh,rf,equipment,1.4,4382,True
WO_002876,MY_N12137013097,2026-01-26,2026-01-31,raise_cabinet_and_seal,civil,flood,7.4,2035,True
WO_002877,MY_N12546408507,2026-01-26,2026-01-28,raise_cabinet_and_seal,civil,flood,3.8,1838,True
WO_002878,MY_N6745537233,2026-01-26,2026-01-29,raise_cabinet_and_seal,civil,flood,3.1,2075,True
WO_002879,MY_N8327095826,2026-01-26,2026-01-31,slope_stabilize_and_tension,civil,terrain,19.7,1291,True
WO_002880,MY_W1270085203,2026-01-26,2026-01-30,slope_stabilize_and_tension,civil,terrain,4.9,1792,True
WO_002881,MY_N13517883535,2026-01-27,2026-01-29,raise_cabinet_and_seal,civil,flood,5.9,4370,True
WO_002882,MY_N9006098842,2026-01-27,2026-01-28,raise_cabinet_and_seal,civil,flood,8.7,2283,True
WO_002883,MY_N13142317645,2026-01-28,2026-01-30,raise_cabinet_and_seal,civil,flood,3.6,965,True
WO_002884,MY_N8068563589,2026-01-28,2026-01-29,vegetation_clearance,civil,vegetation,74.6,44619,True
WO_002885,MY_N8327095826,2026-01-28,2026-01-31,vegetation_clearance,civil,vegetation,3.6,1357,True
WO_002886,MY_N6745537235,2026-01-31,2026-02-01,scheduled_inspection,civil,scheduled_inspection,0.8,1027,False
WO_002887,MY_N11167076406,2026-02-01,2026-02-05,vegetation_clearance,civil,vegetation,5.0,2900,True
WO_002888,MY_N11526632808,2026-02-01,2026-02-02,scheduled_inspection,civil,scheduled_inspection,0.9,195,False
WO_002889,MY_N12137024409,2026-02-01,2026-02-05,raise_cabinet_and_seal,civil,flood,7.7,1920,True
WO_002890,MY_N12603668089,2026-02-01,2026-02-06,raise_cabinet_and_seal,civil,flood,1.3,4302,True
WO_002891,MY_N13015606467,2026-02-01,2026-02-05,raise_cabinet_and_seal,civil,flood,9.1,2406,True
WO_002892,MY_N13517883535,2026-02-01,2026-02-06,slope_stabilize_and_tension,civil,terrain,8.2,5149,True
WO_002893,MY_N8988150891,2026-02-01,2026-02-02,scheduled_inspection,civil,scheduled_inspection,0.3,1723,False
WO_002894,MY_N9006098842,2026-02-01,2026-02-04,radio_unit_refresh,rf,equipment,4.2,943,True
WO_002895,MY_W1304210547,2026-02-01,2026-02-02,scheduled_inspection,civil,scheduled_inspection,3.5,1649,False
WO_002896,MY_N12105659133,2026-02-02,2026-02-03,scheduled_inspection,civil,scheduled_inspection,2.5,397,False
WO_002897,MY_N13678930905,2026-02-02,2026-02-07,vegetation_clearance,civil,vegetation,4.1,3490,True
WO_002898,MY_N6157011103,2026-02-02,2026-02-03,vegetation_clearance,civil,vegetation,0.9,796,True
WO_002899,MY_N11151660426,2026-02-03,2026-02-06,battery_genset_service,power,power,10.7,5362,True
WO_002900,MY_N8327095826,2026-02-03,2026-02-05,slope_stabilize_and_tension,civil,terrain,4.3,1043,True
WO_002901,MY_W1383475622,2026-02-03,2026-02-06,battery_genset_service,power,power,4.8,477,True
WO_002902,MY_N12137013081,2026-02-04,2026-02-05,scheduled_inspection,civil,scheduled_inspection,2.4,967,False
WO_002903,MY_N12137024409,2026-02-04,2026-02-09,vegetation_clearance,civil,vegetation,6.4,1181,True
WO_002904,MY_N2526527663,2026-02-04,2026-02-05,scheduled_inspection,civil,scheduled_inspection,0.6,117,False
WO_002905,MY_N8106032860,2026-02-04,2026-02-05,scheduled_inspection,civil,scheduled_inspection,4.3,413,False
WO_002906,MY_N8327095826,2026-02-04,2026-02-09,battery_genset_service,power,power,14.2,2418,True
WO_002907,MY_N8920295576,2026-02-04,2026-02-09,battery_genset_service,power,power,6.4,3652,True
WO_002908,MY_N12603668089,2026-02-05,2026-02-06,raise_cabinet_and_seal,civil,flood,1.2,1430,True
WO_002909,MY_N3902995322,2026-02-05,2026-02-06,scheduled_inspection,civil,scheduled_inspection,5.4,581,False
WO_002910,MY_N6745537233,2026-02-05,2026-02-06,slope_stabilize_and_tension,civil,terrain,4.5,5731,True
WO_002911,MY_N8106032860,2026-02-05,2026-02-06,scheduled_inspection,civil,scheduled_inspection,0.4,17,False
WO_002912,MY_N11478359637,2026-02-06,2026-02-11,raise_cabinet_and_seal,civil,flood,0.7,3714,True
WO_002913,MY_N12135373696,2026-02-07,2026-02-10,vegetation_clearance,civil,vegetation,1.3,1638,True
WO_002914,MY_N12309364294,2026-02-07,2026-02-08,slope_stabilize_and_tension,civil,terrain,5.0,1195,True
WO_002915,MY_N12773184677,2026-02-07,2026-02-11,raise_cabinet_and_seal,civil,flood,2.4,6568,True
WO_002916,MY_N3901387616,2026-02-07,2026-02-10,slope_stabilize_and_tension,civil,terrain,6.7,2704,True
WO_002917,MY_N3902995310,2026-02-07,2026-02-11,raise_cabinet_and_seal,civil,flood,5.2,1513,True
WO_002918,MY_N6354464187,2026-02-07,2026-02-12,raise_cabinet_and_seal,civil,flood,11.6,5048,True
WO_002919,MY_N11727753196,2026-02-08,2026-02-09,scheduled_inspection,civil,scheduled_inspection,0.5,300,False
WO_002920,MY_N11802478955,2026-02-08,2026-02-12,raise_cabinet_and_seal,civil,flood,19.4,2729,True
WO_002921,MY_N13891743611,2026-02-08,2026-02-11,raise_cabinet_and_seal,civil,flood,5.5,3251,True
WO_002922,MY_N9037393722,2026-02-08,2026-02-09,scheduled_inspection,civil,scheduled_inspection,1.2,1942,False
WO_002923,MY_W1267147816,2026-02-08,2026-02-09,scheduled_inspection,civil,scheduled_inspection,1.7,860,False
WO_002924,MY_N11659562142,2026-02-09,2026-02-10,raise_cabinet_and_seal,civil,flood,2.6,1738,True
WO_002925,MY_N12177011820,2026-02-09,2026-02-10,scheduled_inspection,civil,scheduled_inspection,2.1,778,False
WO_002926,MY_N7033248825,2026-02-09,2026-02-10,scheduled_inspection,civil,scheduled_inspection,2.5,295,False
WO_002927,MY_N11484371222,2026-02-10,2026-02-12,vegetation_clearance,civil,vegetation,5.6,4721,True
WO_002928,MY_N12270851329,2026-02-10,2026-02-15,slope_stabilize_and_tension,civil,terrain,3.4,1282,True
WO_002929,MY_N13326193730,2026-02-10,2026-02-14,slope_stabilize_and_tension,civil,terrain,4.5,1481,True
WO_002930,MY_N13526994647,2026-02-10,2026-02-11,scheduled_inspection,civil,scheduled_inspection,0.7,381,False
WO_002931,MY_N13659918586,2026-02-10,2026-02-12,raise_cabinet_and_seal,civil,flood,2.5,1901,True
WO_002932,MY_N5046482112,2026-02-10,2026-02-11,scheduled_inspection,civil,scheduled_inspection,2.0,771,False
WO_002933,MY_N13142317645,2026-02-11,2026-02-16,raise_cabinet_and_seal,civil,flood,6.9,6819,True
WO_002934,MY_N3901579514,2026-02-11,2026-02-12,scheduled_inspection,civil,scheduled_inspection,1.4,185,False
WO_002935,MY_N4553240947,2026-02-11,2026-02-15,raise_cabinet_and_seal,civil,flood,1.7,2367,True
WO_002936,MY_N11167076406,2026-02-12,2026-02-16,slope_stabilize_and_tension,civil,terrain,6.2,3088,True
WO_002937,MY_N12531429458,2026-02-12,2026-02-17,raise_cabinet_and_seal,civil,flood,7.7,4544,True
WO_002938,MY_N3902995275,2026-02-12,2026-02-14,battery_genset_service,power,power,3.1,1895,True
WO_002939,MY_N9084071195,2026-02-12,2026-02-14,slope_stabilize_and_tension,civil,terrain,4.6,1902,True
WO_002940,MY_N6354464187,2026-02-13,2026-02-15,raise_cabinet_and_seal,civil,flood,5.5,1666,True
WO_002941,MY_N7033248825,2026-02-13,2026-02-18,battery_genset_service,power,power,6.7,3195,True
WO_002942,MY_N10230275358,2026-02-14,2026-02-15,scheduled_inspection,civil,scheduled_inspection,0.3,281,False
WO_002943,MY_N11802478955,2026-02-14,2026-02-19,raise_cabinet_and_seal,civil,flood,20.0,374,True
WO_002944,MY_N12137013095,2026-02-14,2026-02-15,scheduled_inspection,civil,scheduled_inspection,1.1,926,False
WO_002945,MY_N12137024409,2026-02-14,2026-02-18,vegetation_clearance,civil,vegetation,6.1,2166,True
WO_002946,MY_N1662564012,2026-02-14,2026-02-17,slope_stabilize_and_tension,civil,terrain,10.6,1520,True
WO_002947,MY_N4625627407,2026-02-14,2026-02-15,scheduled_inspection,civil,scheduled_inspection,6.4,738,False
WO_002948,MY_W1264710479,2026-02-14,2026-02-15,scheduled_inspection,civil,scheduled_inspection,1.4,1084,False
WO_002949,MY_W1267147815,2026-02-14,2026-02-15,vegetation_clearance,civil,vegetation,1.3,2407,True
WO_002950,MY_N13659918586,2026-02-15,2026-02-19,slope_stabilize_and_tension,civil,terrain,13.1,2201,True
WO_002951,MY_N8327095826,2026-02-15,2026-02-19,slope_stabilize_and_tension,civil,terrain,4.3,5647,True
WO_002952,MY_W1545410197,2026-02-15,2026-02-20,raise_cabinet_and_seal,civil,flood,3.6,1709,True
WO_002953,MY_N11659562142,2026-02-16,2026-02-20,raise_cabinet_and_seal,civil,flood,2.7,3810,True
WO_002954,MY_N13142317645,2026-02-16,2026-02-21,vegetation_clearance,civil,vegetation,8.7,2457,True
WO_002955,MY_W1545410197,2026-02-16,2026-02-18,slope_stabilize_and_tension,civil,terrain,3.8,1778,True
WO_002956,MY_N13459535295,2026-02-17,2026-02-18,scheduled_inspection,civil,scheduled_inspection,4.5,938,False
WO_002957,MY_N3902995301,2026-02-17,2026-02-20,vegetation_clearance,civil,vegetation,4.1,2748,True
WO_002958,MY_W1311793314,2026-02-17,2026-02-18,slope_stabilize_and_tension,civil,terrain,1.5,3821,True
WO_002959,MY_N11472433066,2026-02-18,2026-02-23,raise_cabinet_and_seal,civil,flood,2.6,2811,True
WO_002960,MY_N12531429458,2026-02-18,2026-02-23,raise_cabinet_and_seal,civil,flood,2.5,1611,True
WO_002961,MY_N8191059241,2026-02-18,2026-02-20,raise_cabinet_and_seal,civil,flood,6.2,1757,True
WO_002962,MY_N11472433066,2026-02-19,2026-02-20,raise_cabinet_and_seal,civil,flood,7.6,1294,True
WO_002963,MY_N1662637919,2026-02-19,2026-02-24,slope_stabilize_and_tension,civil,terrain,1.3,1912,True
WO_002964,MY_N3902995301,2026-02-19,2026-02-21,raise_cabinet_and_seal,civil,flood,8.7,2792,True
WO_002965,MY_N8883327417,2026-02-19,2026-02-20,scheduled_inspection,civil,scheduled_inspection,1.9,3430,False
WO_002966,MY_N11875484224,2026-02-20,2026-02-23,slope_stabilize_and_tension,civil,terrain,6.8,2298,True
WO_002967,MY_N11548619078,2026-02-21,2026-02-22,scheduled_inspection,civil,scheduled_inspection,2.8,284,False
WO_002968,MY_N3901579514,2026-02-21,2026-02-22,scheduled_inspection,civil,scheduled_inspection,0.7,648,False
WO_002969,MY_N8044980541,2026-02-21,2026-02-25,vegetation_clearance,civil,vegetation,11.5,3662,True
WO_002970,MY_W728820002,2026-02-21,2026-02-22,raise_cabinet_and_seal,civil,flood,3.1,3430,True
WO_002971,MY_N12773184677,2026-02-22,2026-02-23,scheduled_inspection,civil,scheduled_inspection,3.0,466,False
WO_002972,MY_N13103629671,2026-02-22,2026-02-23,scheduled_inspection,civil,scheduled_inspection,1.1,649,False
WO_002973,MY_N13335390186,2026-02-22,2026-02-23,slope_stabilize_and_tension,civil,terrain,10.9,2456,True
WO_002974,MY_N9968171086,2026-02-22,2026-02-24,raise_cabinet_and_seal,civil,flood,3.8,1368,True
WO_002975,MY_N11875484224,2026-02-23,2026-02-26,raise_cabinet_and_seal,civil,flood,9.1,3592,True
WO_002976,MY_N12968711538,2026-02-23,2026-02-25,slope_stabilize_and_tension,civil,terrain,0.7,667,True
WO_002977,MY_N13015606467,2026-02-23,2026-02-26,raise_cabinet_and_seal,civil,flood,16.8,5202,True
WO_002978,MY_N13103284367,2026-02-23,2026-02-25,raise_cabinet_and_seal,civil,flood,2.1,696,True
WO_002979,MY_N13517883535,2026-02-23,2026-02-28,raise_cabinet_and_seal,civil,flood,12.1,3119,True
WO_002980,MY_N506433555,2026-02-23,2026-02-28,raise_cabinet_and_seal,civil,flood,3.3,2848,True
WO_002981,MY_N8176878231,2026-02-23,2026-02-24,battery_genset_service,power,power,15.7,3969,True
WO_002982,MY_N13979312124,2026-02-24,2026-02-27,vegetation_clearance,civil,vegetation,1.9,1111,True
WO_002983,MY_N11990327538,2026-02-25,2026-02-27,raise_cabinet_and_seal,civil,flood,1.1,594,True
WO_002984,MY_N13517883535,2026-02-25,2026-03-02,raise_cabinet_and_seal,civil,flood,2.3,6413,True
WO_002985,MY_N6093033474,2026-02-25,2026-03-01,raise_cabinet_and_seal,civil,flood,5.9,6521,True
WO_002986,MY_W1386907231,2026-02-25,2026-02-28,battery_genset_service,power,power,1.3,9580,True
WO_002987,MY_N11221657074,2026-02-26,2026-02-27,scheduled_inspection,civil,scheduled_inspection,4.1,790,False
WO_002988,MY_N12135375710,2026-02-26,2026-02-27,scheduled_inspection,civil,scheduled_inspection,3.7,107,False
WO_002989,MY_N12135759497,2026-02-26,2026-03-02,radio_unit_refresh,rf,equipment,3.5,4816,True
WO_002990,MY_N13659918586,2026-02-26,2026-03-01,raise_cabinet_and_seal,civil,flood,16.2,6111,True
WO_002991,MY_N6745537235,2026-02-26,2026-02-27,raise_cabinet_and_seal,civil,flood,1.0,2773,True
WO_002992,MY_N8302956903,2026-02-26,2026-02-27,scheduled_inspection,civil,scheduled_inspection,1.1,428,False
WO_002993,MY_N8422298542,2026-02-26,2026-03-01,slope_stabilize_and_tension,civil,terrain,3.7,2103,True
WO_002994,MY_W1259673925,2026-02-26,2026-02-28,battery_genset_service,power,power,1.1,2936,True
WO_002995,MY_N11484371222,2026-02-27,2026-02-28,slope_stabilize_and_tension,civil,terrain,0.6,5110,True
WO_002996,MY_N11738300326,2026-02-27,2026-03-01,slope_stabilize_and_tension,civil,terrain,1.2,3063,True
WO_002997,MY_N12531429458,2026-02-27,2026-03-04,battery_genset_service,power,power,7.6,4000,True
WO_002998,MY_N3902995324,2026-02-27,2026-02-28,scheduled_inspection,civil,scheduled_inspection,0.1,1059,False
WO_002999,MY_N7033248825,2026-02-27,2026-03-03,vegetation_clearance,civil,vegetation,3.0,4471,True
WO_003000,MY_N8302956904,2026-02-27,2026-02-28,scheduled_inspection,civil,scheduled_inspection,0.2,818,False
WO_003001,MY_N13526994647,2026-02-28,2026-03-01,scheduled_inspection,civil,scheduled_inspection,0.4,945,False
WO_003002,MY_N6354464187,2026-02-28,2026-03-03,raise_cabinet_and_seal,civil,flood,5.6,405,True
WO_003003,MY_N8044980541,2026-02-28,2026-03-03,vegetation_clearance,civil,vegetation,1.1,2082,True
WO_003004,MY_N13979312124,2026-03-01,2026-03-05,raise_cabinet_and_seal,civil,flood,1.8,2461,True
WO_003005,MY_N6745537234,2026-03-01,2026-03-06,raise_cabinet_and_seal,civil,flood,5.0,952,True
WO_003006,MY_W728820002,2026-03-01,2026-03-02,radio_unit_refresh,rf,equipment,10.4,1115,True
WO_003007,MY_N13682521098,2026-03-02,2026-03-03,scheduled_inspection,civil,scheduled_inspection,0.1,93,False
WO_003008,MY_N3902995275,2026-03-02,2026-03-04,raise_cabinet_and_seal,civil,flood,2.8,353,True
WO_003009,MY_N8812260333,2026-03-02,2026-03-04,battery_genset_service,power,power,0.4,3493,True
WO_003010,MY_N12462366354,2026-03-03,2026-03-04,scheduled_inspection,civil,scheduled_inspection,0.6,1058,False
WO_003011,MY_N13335390186,2026-03-03,2026-03-05,slope_stabilize_and_tension,civil,terrain,1.0,2129,True
WO_003012,MY_N8194311012,2026-03-03,2026-03-04,scheduled_inspection,civil,scheduled_inspection,0.2,468,False
WO_003013,MY_N13678930905,2026-03-04,2026-03-07,battery_genset_service,power,power,1.8,5677,True
WO_003014,MY_N4436507977,2026-03-04,2026-03-05,raise_cabinet_and_seal,civil,flood,1.2,2462,True
WO_003015,MY_N6745537235,2026-03-04,2026-03-06,battery_genset_service,power,power,5.1,4453,True
WO_003016,MY_N10802588447,2026-03-05,2026-03-09,battery_genset_service,power,power,1.8,9782,True
WO_003017,MY_N11774742770,2026-03-05,2026-03-06,scheduled_inspection,civil,scheduled_inspection,2.5,630,False
WO_003018,MY_N6093033474,2026-03-05,2026-03-07,slope_stabilize_and_tension,civil,terrain,5.6,1410,True
WO_003019,MY_W1304210547,2026-03-05,2026-03-06,scheduled_inspection,civil,scheduled_inspection,2.9,626,False
WO_003020,MY_W1496819391,2026-03-05,2026-03-09,battery_genset_service,power,power,3.4,2584,True
WO_003021,MY_N11360752510,2026-03-06,2026-03-07,scheduled_inspection,civil,scheduled_inspection,0.7,1194,False
WO_003022,MY_N12137013095,2026-03-06,2026-03-07,scheduled_inspection,civil,scheduled_inspection,3.3,360,False
WO_003023,MY_N12137013097,2026-03-06,2026-03-09,raise_cabinet_and_seal,civil,flood,5.7,1293,True
WO_003024,MY_N12531429458,2026-03-06,2026-03-08,raise_cabinet_and_seal,civil,flood,2.0,2532,True
WO_003025,MY_N13013877873,2026-03-06,2026-03-09,raise_cabinet_and_seal,civil,flood,2.5,3503,True
WO_003026,MY_N11875484219,2026-03-07,2026-03-08,raise_cabinet_and_seal,civil,flood,1.8,2106,True
WO_003027,MY_N12309364295,2026-03-07,2026-03-10,radio_unit_refresh,rf,equipment,17.4,2456,True
WO_003028,MY_N12548986934,2026-03-07,2026-03-09,raise_cabinet_and_seal,civil,flood,5.5,6376,True
WO_003029,MY_N12603668089,2026-03-07,2026-03-08,raise_cabinet_and_seal,civil,flood,2.1,3076,True
WO_003030,MY_N6192657329,2026-03-07,2026-03-11,slope_stabilize_and_tension,civil,terrain,9.9,7609,True
WO_003031,MY_W1545410197,2026-03-07,2026-03-11,slope_stabilize_and_tension,civil,terrain,7.2,3103,True
WO_003032,MY_N10780423481,2026-03-08,2026-03-09,scheduled_inspection,civil,scheduled_inspection,3.8,173,False
WO_003033,MY_N8044980541,2026-03-08,2026-03-12,vegetation_clearance,civil,vegetation,2.2,1411,True
WO_003034,MY_W1274670480,2026-03-08,2026-03-12,vegetation_clearance,civil,vegetation,0.4,1471,True
WO_003035,MY_W728820002,2026-03-08,2026-03-12,raise_cabinet_and_seal,civil,flood,3.9,4839,True
WO_003036,MY_N12548986934,2026-03-09,2026-03-14,raise_cabinet_and_seal,civil,flood,5.3,3473,True
WO_003037,MY_N4775194881,2026-03-09,2026-03-10,scheduled_inspection,civil,scheduled_inspection,3.2,373,False
WO_003038,MY_N506433555,2026-03-09,2026-03-12,raise_cabinet_and_seal,civil,flood,3.5,2751,True
WO_003039,MY_N5510158263,2026-03-09,2026-03-10,scheduled_inspection,civil,scheduled_inspection,3.7,1393,False
WO_003040,MY_N6759131549,2026-03-09,2026-03-11,battery_genset_service,power,power,5.1,4342,True
WO_003041,MY_N13979312124,2026-03-10,2026-03-15,raise_cabinet_and_seal,civil,flood,5.2,5356,True
WO_003042,MY_N3901607088,2026-03-10,2026-03-11,scheduled_inspection,civil,scheduled_inspection,3.7,902,False
WO_003043,MY_N9006098842,2026-03-10,2026-03-11,scheduled_inspection,civil,scheduled_inspection,3.1,506,False
WO_003044,MY_N9040016332,2026-03-10,2026-03-15,raise_cabinet_and_seal,civil,flood,11.8,3986,True
WO_003045,MY_N11875484223,2026-03-11,2026-03-12,scheduled_inspection,civil,scheduled_inspection,2.4,992,False
WO_003046,MY_N12137013097,2026-03-11,2026-03-12,raise_cabinet_and_seal,civil,flood,3.8,2844,True
WO_003047,MY_N4124069726,2026-03-11,2026-03-12,scheduled_inspection,civil,scheduled_inspection,0.5,689,False
WO_003048,MY_N8920295576,2026-03-11,2026-03-12,vegetation_clearance,civil,vegetation,6.1,2389,True
WO_003049,MY_W1258156597,2026-03-12,2026-03-13,scheduled_inspection,civil,scheduled_inspection,0.9,1128,False
WO_003050,MY_W1435379188,2026-03-12,2026-03-13,scheduled_inspection,civil,scheduled_inspection,1.0,1347,False
WO_003051,MY_N11659562131,2026-03-13,2026-03-15,raise_cabinet_and_seal,civil,flood,5.6,4573,True
WO_003052,MY_N8255238086,2026-03-13,2026-03-14,scheduled_inspection,civil,scheduled_inspection,1.6,523,False
WO_003053,MY_N9084071195,2026-03-13,2026-03-17,raise_cabinet_and_seal,civil,flood,2.2,1335,True
WO_003054,MY_N11167076406,2026-03-14,2026-03-17,raise_cabinet_and_seal,civil,flood,11.6,3173,True
WO_003055,MY_N12258444889,2026-03-14,2026-03-15,scheduled_inspection,civil,scheduled_inspection,1.5,901,False
WO_003056,MY_N12889290231,2026-03-14,2026-03-16,raise_cabinet_and_seal,civil,flood,3.8,5456,True
WO_003057,MY_N13415595016,2026-03-14,2026-03-15,scheduled_inspection,civil,scheduled_inspection,0.7,557,False
WO_003058,MY_N13659918586,2026-03-14,2026-03-15,raise_cabinet_and_seal,civil,flood,7.6,917,True
WO_003059,MY_N5742976628,2026-03-14,2026-03-16,raise_cabinet_and_seal,civil,flood,5.9,3090,True
WO_003060,MY_N7033248825,2026-03-14,2026-03-19,radio_unit_refresh,rf,equipment,6.2,1735,True
WO_003061,MY_N8025859449,2026-03-14,2026-03-18,slope_stabilize_and_tension,civil,terrain,8.5,470,True
WO_003062,MY_N9040016330,2026-03-14,2026-03-15,scheduled_inspection,civil,scheduled_inspection,1.2,220,False
WO_003063,MY_N9810551665,2026-03-14,2026-03-16,battery_genset_service,power,power,6.7,2388,True
WO_003064,MY_N12137013087,2026-03-15,2026-03-20,raise_cabinet_and_seal,civil,flood,7.0,871,True
WO_003065,MY_N12238462274,2026-03-15,2026-03-16,scheduled_inspection,civil,scheduled_inspection,1.7,611,False
WO_003066,MY_N2894780935,2026-03-15,2026-03-20,slope_stabilize_and_tension,civil,terrain,6.9,4180,True
WO_003067,MY_N8920295576,2026-03-15,2026-03-20,raise_cabinet_and_seal,civil,flood,9.2,1927,True
WO_003068,MY_N8987661324,2026-03-16,2026-03-17,raise_cabinet_and_seal,civil,flood,2.2,2382,True
WO_003069,MY_W1270085203,2026-03-16,2026-03-19,raise_cabinet_and_seal,civil,flood,1.2,1494,True
WO_003070,MY_N8025859449,2026-03-17,2026-03-20,raise_cabinet_and_seal,civil,flood,4.7,1521,True
WO_003071,MY_N8387123936,2026-03-17,2026-03-18,scheduled_inspection,civil,scheduled_inspection,0.8,1024,False
WO_003072,MY_N13517883535,2026-03-18,2026-03-22,raise_cabinet_and_seal,civil,flood,3.2,424,True
WO_003073,MY_N13979312124,2026-03-18,2026-03-21,raise_cabinet_and_seal,civil,flood,1.4,2061,True
WO_003074,MY_N8044980541,2026-03-18,2026-03-23,raise_cabinet_and_seal,civil,flood,2.8,12803,True
WO_003075,MY_N8987661324,2026-03-18,2026-03-21,vegetation_clearance,civil,vegetation,2.5,1804,True
WO_003076,MY_W1545410197,2026-03-18,2026-03-23,raise_cabinet_and_seal,civil,flood,8.6,716,True
WO_003077,MY_N11530928262,2026-03-19,2026-03-20,scheduled_inspection,civil,scheduled_inspection,1.5,2646,False
WO_003078,MY_N5723067598,2026-03-19,2026-03-20,scheduled_inspection,civil,scheduled_inspection,0.8,1583,False
WO_003079,MY_N8935231315,2026-03-19,2026-03-20,scheduled_inspection,civil,scheduled_inspection,4.8,1415,False
WO_003080,MY_W1311840972,2026-03-19,2026-03-20,scheduled_inspection,civil,scheduled_inspection,1.7,393,False
WO_003081,MY_N12117702098,2026-03-20,2026-03-21,scheduled_inspection,civil,scheduled_inspection,0.9,979,False
WO_003082,MY_N13057626241,2026-03-21,2026-03-23,raise_cabinet_and_seal,civil,flood,8.1,2738,True
WO_003083,MY_N8387123936,2026-03-21,2026-03-22,scheduled_inspection,civil,scheduled_inspection,1.9,1591,False
WO_003084,MY_N11142031514,2026-03-22,2026-03-23,scheduled_inspection,civil,scheduled_inspection,1.1,407,False
WO_003085,MY_N13495459821,2026-03-22,2026-03-23,scheduled_inspection,civil,scheduled_inspection,1.2,1015,False
WO_003086,MY_N6745537234,2026-03-22,2026-03-23,slope_stabilize_and_tension,civil,terrain,8.0,653,True
WO_003087,MY_N12273280525,2026-03-23,2026-03-24,scheduled_inspection,civil,scheduled_inspection,2.4,1079,False
WO_003088,MY_N4971032710,2026-03-23,2026-03-26,battery_genset_service,power,power,5.6,2116,True
WO_003089,MY_N7041239295,2026-03-23,2026-03-24,scheduled_inspection,civil,scheduled_inspection,0.6,814,False
WO_003090,MY_N8327095826,2026-03-23,2026-03-28,slope_stabilize_and_tension,civil,terrain,2.4,3613,True
WO_003091,MY_N8812260333,2026-03-23,2026-03-25,battery_genset_service,power,power,6.1,2184,True
WO_003092,MY_W1386907231,2026-03-23,2026-03-24,slope_stabilize_and_tension,civil,terrain,6.0,5875,True
WO_003093,MY_N13331200714,2026-03-24,2026-03-29,raise_cabinet_and_seal,civil,flood,7.2,5876,True
WO_003094,MY_N3765699324,2026-03-24,2026-03-25,vegetation_clearance,civil,vegetation,8.5,1192,True
WO_003095,MY_N8923088437,2026-03-24,2026-03-29,radio_unit_refresh,rf,equipment,5.8,3914,True
WO_003096,MY_N9003249367,2026-03-24,2026-03-26,vegetation_clearance,civil,vegetation,6.4,2404,True
WO_003097,MY_W1267064693,2026-03-24,2026-03-25,vegetation_clearance,civil,vegetation,10.1,4428,True
WO_003098,MY_W1270085203,2026-03-24,2026-03-26,radio_unit_refresh,rf,equipment,5.9,2355,True
WO_003099,MY_N11241526902,2026-03-25,2026-03-29,slope_stabilize_and_tension,civil,terrain,7.7,799,True
WO_003100,MY_N12111896153,2026-03-25,2026-03-26,scheduled_inspection,civil,scheduled_inspection,0.6,537,False
WO_003101,MY_N6354464187,2026-03-25,2026-03-26,scheduled_inspection,civil,scheduled_inspection,1.4,410,False
WO_003102,MY_N9038308805,2026-03-25,2026-03-26,scheduled_inspection,civil,scheduled_inspection,1.0,594,False
WO_003103,MY_N11484371222,2026-03-26,2026-03-29,vegetation_clearance,civil,vegetation,14.7,1423,True
WO_003104,MY_N11875484224,2026-03-26,2026-03-29,raise_cabinet_and_seal,civil,flood,2.3,865,True
WO_003105,MY_N1662564012,2026-03-26,2026-03-29,vegetation_clearance,civil,vegetation,6.0,1848,True
WO_003106,MY_N8263445804,2026-03-26,2026-03-27,scheduled_inspection,civil,scheduled_inspection,0.4,2529,False
WO_003107,MY_N3902995339,2026-03-27,2026-03-28,scheduled_inspection,civil,scheduled_inspection,1.5,101,False
WO_003108,MY_N11637810090,2026-03-28,2026-03-29,scheduled_inspection,civil,scheduled_inspection,2.6,231,False
WO_003109,MY_N12137013097,2026-03-28,2026-03-29,raise_cabinet_and_seal,civil,flood,4.2,1056,True
WO_003110,MY_N12309364295,2026-03-28,2026-03-31,raise_cabinet_and_seal,civil,flood,12.8,913,True
WO_003111,MY_N13686660305,2026-03-28,2026-03-29,scheduled_inspection,civil,scheduled_inspection,1.4,400,False
WO_003112,MY_N13979312124,2026-03-28,2026-04-01,raise_cabinet_and_seal,civil,flood,7.5,4935,True
WO_003113,MY_N3902995326,2026-03-28,2026-03-31,slope_stabilize_and_tension,civil,terrain,4.8,1171,True
WO_003114,MY_N8923088437,2026-03-28,2026-03-29,slope_stabilize_and_tension,civil,terrain,3.2,1210,True
WO_003115,MY_N9040477852,2026-03-30,2026-03-31,scheduled_inspection,civil,scheduled_inspection,1.5,832,False
WO_003116,MY_W229952243,2026-03-30,2026-03-31,scheduled_inspection,civil,scheduled_inspection,1.9,760,False
WO_003117,MY_N12458638891,2026-03-31,2026-04-01,scheduled_inspection,civil,scheduled_inspection,0.8,42,False
WO_003118,MY_N5991600704,2026-03-31,2026-04-01,scheduled_inspection,civil,scheduled_inspection,0.7,799,False
WO_003119,MY_W1255218617,2026-03-31,2026-04-01,scheduled_inspection,civil,scheduled_inspection,1.4,232,False
WO_003120,MY_W1264795110,2026-03-31,2026-04-01,scheduled_inspection,civil,scheduled_inspection,1.7,327,False
WO_003121,MY_W1303814690,2026-03-31,2026-04-01,scheduled_inspection,civil,scheduled_inspection,0.5,776,False
WO_003122,MY_N11151660426,2026-04-01,2026-04-04,radio_unit_refresh,rf,equipment,4.8,6284,True
WO_003123,MY_N11609644622,2026-04-02,2026-04-04,raise_cabinet_and_seal,civil,flood,2.4,2125,True
WO_003124,MY_N12309364294,2026-04-02,2026-04-03,vegetation_clearance,civil,vegetation,3.2,1645,True
WO_003125,MY_N13326193730,2026-04-02,2026-04-03,battery_genset_service,power,power,4.8,2930,True
WO_003126,MY_W1545410197,2026-04-02,2026-04-06,radio_unit_refresh,rf,equipment,13.1,2404,True
WO_003127,MY_N10802588447,2026-04-03,2026-04-07,raise_cabinet_and_seal,civil,flood,6.0,2860,True
WO_003128,MY_N13678930905,2026-04-03,2026-04-05,raise_cabinet_and_seal,civil,flood,6.8,3090,True
WO_003129,MY_N6745537233,2026-04-03,2026-04-07,raise_cabinet_and_seal,civil,flood,10.7,4391,True
WO_003130,MY_N9003249367,2026-04-04,2026-04-07,raise_cabinet_and_seal,civil,flood,5.4,2423,True
WO_003131,MY_N12137013087,2026-04-05,2026-04-09,slope_stabilize_and_tension,civil,terrain,4.8,1461,True
WO_003132,MY_N12137013097,2026-04-05,2026-04-06,vegetation_clearance,civil,vegetation,8.6,3070,True
WO_003133,MY_N12531429458,2026-04-06,2026-04-08,battery_genset_service,power,power,3.1,16518,True
WO_003134,MY_N1662564012,2026-04-06,2026-04-10,raise_cabinet_and_seal,civil,flood,7.1,2305,True
WO_003135,MY_N3902995313,2026-04-06,2026-04-07,scheduled_inspection,civil,scheduled_inspection,0.6,2552,False
WO_003136,MY_N6093033474,2026-04-06,2026-04-08,raise_cabinet_and_seal,civil,flood,1.7,2549,True
WO_003137,MY_N12131514589,2026-04-07,2026-04-08,raise_cabinet_and_seal,civil,flood,1.2,865,True
WO_003138,MY_N5067194637,2026-04-07,2026-04-11,battery_genset_service,power,power,3.5,761,True
WO_003139,MY_W1545410197,2026-04-07,2026-04-10,radio_unit_refresh,rf,equipment,10.3,4804,True
WO_003140,MY_N8812260333,2026-04-08,2026-04-13,battery_genset_service,power,power,4.0,1232,True
WO_003141,MY_N8987661324,2026-04-08,2026-04-09,battery_genset_service,power,power,1.2,2010,True
WO_003142,MY_N11875484226,2026-04-09,2026-04-12,raise_cabinet_and_seal,civil,flood,4.3,648,True
WO_003143,MY_N12548986934,2026-04-09,2026-04-10,battery_genset_service,power,power,5.8,626,True
WO_003144,MY_N13979312124,2026-04-09,2026-04-11,slope_stabilize_and_tension,civil,terrain,9.9,1197,True
WO_003145,MY_N12270851329,2026-04-10,2026-04-11,vegetation_clearance,civil,vegetation,16.4,2527,True
WO_003146,MY_N13526011249,2026-04-10,2026-04-11,raise_cabinet_and_seal,civil,flood,7.3,2086,True
WO_003147,MY_N13686353602,2026-04-10,2026-04-11,scheduled_inspection,civil,scheduled_inspection,3.8,457,False
WO_003148,MY_N8327095826,2026-04-10,2026-04-12,vegetation_clearance,civil,vegetation,2.4,2144,True
WO_003149,MY_N12407437060,2026-04-11,2026-04-16,vegetation_clearance,civil,vegetation,6.9,4992,True
WO_003150,MY_N11875484224,2026-04-12,2026-04-13,vegetation_clearance,civil,vegetation,8.0,942,True
WO_003151,MY_N13678930905,2026-04-12,2026-04-13,battery_genset_service,power,power,2.7,1171,True
WO_003152,MY_N8794834932,2026-04-12,2026-04-13,scheduled_inspection,civil,scheduled_inspection,1.6,416,False
WO_003153,MY_W1285114522,2026-04-12,2026-04-13,raise_cabinet_and_seal,civil,flood,4.3,4892,True
WO_003154,MY_N12135759497,2026-04-13,2026-04-18,vegetation_clearance,civil,vegetation,1.0,2968,True
WO_003155,MY_N3902995318,2026-04-13,2026-04-18,slope_stabilize_and_tension,civil,terrain,7.9,1736,True
WO_003156,MY_N506433555,2026-04-13,2026-04-17,raise_cabinet_and_seal,civil,flood,4.6,3070,True
WO_003157,MY_N7033248825,2026-04-13,2026-04-16,vegetation_clearance,civil,vegetation,2.9,2467,True
WO_003158,MY_N11388862434,2026-04-14,2026-04-15,radio_unit_refresh,rf,equipment,4.0,1807,True
WO_003159,MY_N13502641928,2026-04-14,2026-04-17,raise_cabinet_and_seal,civil,flood,14.0,2979,True
WO_003160,MY_N8825706826,2026-04-14,2026-04-19,raise_cabinet_and_seal,civil,flood,4.5,2314,True
WO_003161,MY_W728820002,2026-04-15,2026-04-18,raise_cabinet_and_seal,civil,flood,5.2,1836,True
WO_003162,MY_N12120294219,2026-04-16,2026-04-17,scheduled_inspection,civil,scheduled_inspection,0.7,75,False
WO_003163,MY_N6745537235,2026-04-16,2026-04-17,raise_cabinet_and_seal,civil,flood,5.2,4479,True
WO_003164,MY_W1270085203,2026-04-16,2026-04-17,vegetation_clearance,civil,vegetation,10.3,4187,True
WO_003165,MY_N11167076406,2026-04-17,2026-04-20,raise_cabinet_and_seal,civil,flood,3.4,1774,True
WO_003166,MY_N11302586991,2026-04-17,2026-04-18,scheduled_inspection,civil,scheduled_inspection,0.2,1682,False
WO_003167,MY_N13015606467,2026-04-17,2026-04-19,raise_cabinet_and_seal,civil,flood,2.2,1177,True
WO_003168,MY_N3902995275,2026-04-17,2026-04-20,raise_cabinet_and_seal,civil,flood,9.7,2060,True
WO_003169,MY_N5188734187,2026-04-17,2026-04-18,raise_cabinet_and_seal,civil,flood,3.8,2299,True
WO_003170,MY_W1267064693,2026-04-17,2026-04-22,raise_cabinet_and_seal,civil,flood,2.8,3268,True
WO_003171,MY_N11479281285,2026-04-18,2026-04-19,scheduled_inspection,civil,scheduled_inspection,2.4,658,False
WO_003172,MY_N11802478955,2026-04-18,2026-04-23,raise_cabinet_and_seal,civil,flood,3.8,3552,True
WO_003173,MY_N12603668089,2026-04-18,2026-04-22,slope_stabilize_and_tension,civil,terrain,9.0,4622,True
WO_003174,MY_N11659562142,2026-04-19,2026-04-23,vegetation_clearance,civil,vegetation,21.1,380,True
WO_003175,MY_N12603668089,2026-04-19,2026-04-22,slope_stabilize_and_tension,civil,terrain,4.6,1252,True
WO_003176,MY_N12773184677,2026-04-19,2026-04-22,radio_unit_refresh,rf,equipment,10.0,2624,True
WO_003177,MY_N4758418627,2026-04-19,2026-04-21,vegetation_clearance,civil,vegetation,0.9,1164,True
WO_003178,MY_N12116945444,2026-04-20,2026-04-22,raise_cabinet_and_seal,civil,flood,93.9,86843,True
WO_003179,MY_N610175376,2026-04-20,2026-04-24,raise_cabinet_and_seal,civil,flood,9.4,1239,True
WO_003180,MY_N8296464154,2026-04-20,2026-04-21,scheduled_inspection,civil,scheduled_inspection,1.3,1906,False
WO_003181,MY_N8812260333,2026-04-20,2026-04-24,raise_cabinet_and_seal,civil,flood,9.5,881,True
WO_003182,MY_N8987661324,2026-04-20,2026-04-23,battery_genset_service,power,power,4.5,3877,True
WO_003183,MY_N12093626517,2026-04-21,2026-04-22,scheduled_inspection,civil,scheduled_inspection,0.7,748,False
WO_003184,MY_N6192657329,2026-04-21,2026-04-23,raise_cabinet_and_seal,civil,flood,4.1,4994,True
WO_003185,MY_N9040016329,2026-04-21,2026-04-22,scheduled_inspection,civil,scheduled_inspection,1.6,425,False
WO_003186,MY_N9935128396,2026-04-21,2026-04-22,scheduled_inspection,civil,scheduled_inspection,1.2,789,False
WO_003187,MY_N11151660426,2026-04-22,2026-04-23,battery_genset_service,power,power,2.1,1071,True
WO_003188,MY_N5242116831,2026-04-22,2026-04-23,scheduled_inspection,civil,scheduled_inspection,1.6,721,False
WO_003189,MY_N8422298542,2026-04-22,2026-04-27,battery_genset_service,power,power,2.8,4532,True
WO_003190,MY_W1267064693,2026-04-22,2026-04-26,vegetation_clearance,civil,vegetation,1.9,2975,True
WO_003191,MY_N5115603531,2026-04-23,2026-04-25,slope_stabilize_and_tension,civil,terrain,4.8,3147,True
WO_003192,MY_N8068563589,2026-04-23,2026-04-24,scheduled_inspection,civil,scheduled_inspection,0.5,871,False
WO_003193,MY_N8987661324,2026-04-23,2026-04-26,vegetation_clearance,civil,vegetation,6.2,3205,True
WO_003194,MY_N9003249367,2026-04-23,2026-04-26,slope_stabilize_and_tension,civil,terrain,4.7,1624,True
WO_003195,MY_N9006098842,2026-04-23,2026-04-24,slope_stabilize_and_tension,civil,terrain,4.6,2795,True
WO_003196,MY_N12111896153,2026-04-24,2026-04-25,scheduled_inspection,civil,scheduled_inspection,1.2,34,False
WO_003197,MY_N13517883535,2026-04-24,2026-04-28,vegetation_clearance,civil,vegetation,1.3,1755,True
WO_003198,MY_N12135373696,2026-04-25,2026-04-30,raise_cabinet_and_seal,civil,flood,2.3,3351,True
WO_003199,MY_N11607773741,2026-04-26,2026-04-27,scheduled_inspection,civil,scheduled_inspection,0.8,1080,False
WO_003200,MY_N11659562142,2026-04-26,2026-04-28,raise_cabinet_and_seal,civil,flood,4.0,4702,True
WO_003201,MY_N12135759497,2026-04-26,2026-04-28,raise_cabinet_and_seal,civil,flood,6.2,963,True
WO_003202,MY_N12138116212,2026-04-26,2026-04-30,raise_cabinet_and_seal,civil,flood,3.5,1935,True
WO_003203,MY_N13805621364,2026-04-27,2026-04-28,scheduled_inspection,civil,scheduled_inspection,1.2,632,False
WO_003204,MY_N506433555,2026-04-27,2026-05-01,raise_cabinet_and_seal,civil,flood,10.7,5598,True
WO_003205,MY_N7033248825,2026-04-27,2026-05-01,battery_genset_service,power,power,11.1,4343,True
WO_003206,MY_N7594127522,2026-04-27,2026-04-28,scheduled_inspection,civil,scheduled_inspection,0.6,350,False
WO_003207,MY_N10672756622,2026-04-28,2026-04-29,scheduled_inspection,civil,scheduled_inspection,1.6,357,False
WO_003208,MY_N11151660426,2026-04-28,2026-05-03,vegetation_clearance,civil,vegetation,6.1,5764,True
WO_003209,MY_N11484371222,2026-04-28,2026-04-29,slope_stabilize_and_tension,civil,terrain,3.3,2493,True
WO_003210,MY_N12138116212,2026-04-28,2026-05-02,raise_cabinet_and_seal,civil,flood,13.8,3244,True
WO_003211,MY_N12773184677,2026-04-28,2026-04-30,raise_cabinet_and_seal,civil,flood,7.2,3454,True
WO_003212,MY_N13659918586,2026-04-28,2026-04-29,scheduled_inspection,civil,scheduled_inspection,1.6,257,False
WO_003213,MY_N13686353602,2026-04-28,2026-04-29,scheduled_inspection,civil,scheduled_inspection,0.5,292,False
WO_003214,MY_N3765699324,2026-04-28,2026-04-29,slope_stabilize_and_tension,civil,terrain,2.8,2174,True
WO_003215,MY_N13891743611,2026-05-01,2026-05-05,raise_cabinet_and_seal,civil,flood,0.5,844,True
WO_003216,MY_N8923088437,2026-05-01,2026-05-02,radio_unit_refresh,rf,equipment,3.5,3933,True
WO_003217,MY_W1318445328,2026-05-01,2026-05-02,scheduled_inspection,civil,scheduled_inspection,1.5,485,False
WO_003218,MY_N3902995301,2026-05-02,2026-05-06,raise_cabinet_and_seal,civil,flood,10.5,1286,True
WO_003219,MY_N4436507977,2026-05-02,2026-05-06,raise_cabinet_and_seal,civil,flood,4.9,259,True
WO_003220,MY_N8791272543,2026-05-02,2026-05-03,scheduled_inspection,civil,scheduled_inspection,3.0,275,False
WO_003221,MY_N12531429458,2026-05-03,2026-05-05,raise_cabinet_and_seal,civil,flood,9.1,3128,True
WO_003222,MY_N8006989819,2026-05-03,2026-05-04,scheduled_inspection,civil,scheduled_inspection,1.5,210,False
WO_003223,MY_N8191059241,2026-05-03,2026-05-08,raise_cabinet_and_seal,civil,flood,2.5,1289,True
WO_003224,MY_N8979761302,2026-05-03,2026-05-04,scheduled_inspection,civil,scheduled_inspection,0.9,290,False
WO_003225,MY_N11659562142,2026-05-04,2026-05-07,raise_cabinet_and_seal,civil,flood,10.4,1562,True
WO_003226,MY_N3902995301,2026-05-04,2026-05-05,raise_cabinet_and_seal,civil,flood,6.3,12149,True
WO_003227,MY_N3902995318,2026-05-04,2026-05-08,slope_stabilize_and_tension,civil,terrain,7.4,464,True
WO_003228,MY_N8659560397,2026-05-04,2026-05-05,raise_cabinet_and_seal,civil,flood,18.8,730,True
WO_003229,MY_N9466091146,2026-05-04,2026-05-05,radio_unit_refresh,rf,equipment,5.1,4092,True
WO_003230,MY_N11151660426,2026-05-05,2026-05-07,vegetation_clearance,civil,vegetation,3.0,2526,True
WO_003231,MY_N610175376,2026-05-05,2026-05-06,raise_cabinet_and_seal,civil,flood,3.4,4553,True
WO_003232,MY_N13502641928,2026-05-06,2026-05-10,raise_cabinet_and_seal,civil,flood,9.7,2564,True
WO_003233,MY_N13526011249,2026-05-06,2026-05-11,radio_unit_refresh,rf,equipment,3.2,2590,True
WO_003234,MY_N506433555,2026-05-06,2026-05-09,raise_cabinet_and_seal,civil,flood,10.0,3190,True
WO_003235,MY_N12137013091,2026-05-08,2026-05-12,vegetation_clearance,civil,vegetation,6.8,3461,True
WO_003236,MY_N13495459821,2026-05-08,2026-05-09,scheduled_inspection,civil,scheduled_inspection,0.8,660,False
WO_003237,MY_N3902995310,2026-05-08,2026-05-09,battery_genset_service,power,power,5.0,4114,True
WO_003238,MY_W1267147836,2026-05-08,2026-05-09,scheduled_inspection,civil,scheduled_inspection,0.0,962,False
WO_003239,MY_N12167585701,2026-05-09,2026-05-10,scheduled_inspection,civil,scheduled_inspection,1.5,623,False
WO_003240,MY_N12309364297,2026-05-09,2026-05-12,raise_cabinet_and_seal,civil,flood,5.3,1544,True
WO_003241,MY_N13142317645,2026-05-09,2026-05-10,raise_cabinet_and_seal,civil,flood,7.8,1721,True
WO_003242,MY_N12135373696,2026-05-10,2026-05-13,raise_cabinet_and_seal,civil,flood,4.4,2387,True
WO_003243,MY_N12309364297,2026-05-10,2026-05-12,raise_cabinet_and_seal,civil,flood,8.8,2213,True
WO_003244,MY_N13502641928,2026-05-10,2026-05-13,slope_stabilize_and_tension,civil,terrain,2.0,6634,True
WO_003245,MY_N1662564012,2026-05-10,2026-05-15,vegetation_clearance,civil,vegetation,2.8,3598,True
WO_003246,MY_N6039478983,2026-05-10,2026-05-15,slope_stabilize_and_tension,civil,terrain,2.8,1321,True
WO_003247,MY_W728820002,2026-05-10,2026-05-11,raise_cabinet_and_seal,civil,flood,3.9,1015,True
WO_003248,MY_N11151660426,2026-05-11,2026-05-15,battery_genset_service,power,power,6.6,5134,True
WO_003249,MY_N13326193730,2026-05-11,2026-05-15,raise_cabinet_and_seal,civil,flood,4.2,2424,True
WO_003250,MY_N3902995318,2026-05-11,2026-05-12,scheduled_inspection,civil,scheduled_inspection,1.5,527,False
WO_003251,MY_N9466091146,2026-05-11,2026-05-16,raise_cabinet_and_seal,civil,flood,0.8,1724,True
WO_003252,MY_N7033248825,2026-05-12,2026-05-17,slope_stabilize_and_tension,civil,terrain,4.5,2282,True
WO_003253,MY_N8422298542,2026-05-12,2026-05-14,raise_cabinet_and_seal,civil,flood,10.1,3711,True
WO_003254,MY_N8987661324,2026-05-12,2026-05-17,vegetation_clearance,civil,vegetation,10.2,3494,True
WO_003255,MY_N9466091146,2026-05-12,2026-05-16,raise_cabinet_and_seal,civil,flood,8.6,4457,True
WO_003256,MY_W1529662867,2026-05-12,2026-05-13,scheduled_inspection,civil,scheduled_inspection,1.0,679,False
WO_003257,MY_N11802478955,2026-05-13,2026-05-16,vegetation_clearance,civil,vegetation,4.7,1172,True
WO_003258,MY_N11875484224,2026-05-13,2026-05-17,vegetation_clearance,civil,vegetation,1.4,2593,True
WO_003259,MY_N610175376,2026-05-13,2026-05-15,vegetation_clearance,civil,vegetation,1.3,7506,True
WO_003260,MY_N8025859449,2026-05-13,2026-05-15,vegetation_clearance,civil,vegetation,13.3,7255,True
WO_003261,MY_N8254392355,2026-05-13,2026-05-14,scheduled_inspection,civil,scheduled_inspection,2.1,882,False
WO_003262,MY_N8899964135,2026-05-13,2026-05-16,raise_cabinet_and_seal,civil,flood,13.4,527,True
WO_003263,MY_N11167076406,2026-05-14,2026-05-18,raise_cabinet_and_seal,civil,flood,5.4,1400,True
WO_003264,MY_N11875484224,2026-05-14,2026-05-17,battery_genset_service,power,power,1.7,719,True
WO_003265,MY_N11479281286,2026-05-15,2026-05-16,scheduled_inspection,civil,scheduled_inspection,1.0,166,False
WO_003266,MY_N12270341400,2026-05-15,2026-05-18,raise_cabinet_and_seal,civil,flood,3.0,2321,True
WO_003267,MY_N6457937009,2026-05-15,2026-05-18,radio_unit_refresh,rf,equipment,9.2,3873,True
WO_003268,MY_N8297204273,2026-05-15,2026-05-16,scheduled_inspection,civil,scheduled_inspection,1.1,552,False
WO_003269,MY_N4540518856,2026-05-16,2026-05-17,scheduled_inspection,civil,scheduled_inspection,1.9,323,False
WO_003270,MY_N8542747595,2026-05-16,2026-05-17,scheduled_inspection,civil,scheduled_inspection,0.1,968,False
WO_003271,MY_N11659562131,2026-05-17,2026-05-18,raise_cabinet_and_seal,civil,flood,6.6,505,True
WO_003272,MY_N12309364294,2026-05-17,2026-05-18,vegetation_clearance,civil,vegetation,1.2,3023,True
WO_003273,MY_N13335389686,2026-05-17,2026-05-19,battery_genset_service,power,power,6.0,1473,True
WO_003274,MY_N1662637919,2026-05-17,2026-05-21,vegetation_clearance,civil,vegetation,16.1,2992,True
WO_003275,MY_N4952889109,2026-05-17,2026-05-18,scheduled_inspection,civil,scheduled_inspection,1.0,357,False
WO_003276,MY_W728820002,2026-05-17,2026-05-22,radio_unit_refresh,rf,equipment,0.4,8247,True
WO_003277,MY_N11875484224,2026-05-18,2026-05-22,vegetation_clearance,civil,vegetation,6.8,2759,True
WO_003278,MY_N9003249367,2026-05-18,2026-05-22,raise_cabinet_and_seal,civil,flood,7.0,4196,True
WO_003279,MY_N11962284837,2026-05-19,2026-05-20,scheduled_inspection,civil,scheduled_inspection,1.9,377,False
WO_003280,MY_N12773184677,2026-05-20,2026-05-24,battery_genset_service,power,power,7.8,1703,True
WO_003281,MY_N506433555,2026-05-20,2026-05-25,battery_genset_service,power,power,7.0,2687,True
WO_003282,MY_N6745537235,2026-05-20,2026-05-21,scheduled_inspection,civil,scheduled_inspection,2.4,1780,False
WO_003283,MY_W1545410197,2026-05-20,2026-05-24,battery_genset_service,power,power,14.3,5356,True
WO_003284,MY_N6759131549,2026-05-21,2026-05-22,scheduled_inspection,civil,scheduled_inspection,3.3,548,False
WO_003285,MY_N9696620835,2026-05-21,2026-05-22,scheduled_inspection,civil,scheduled_inspection,1.2,398,False
WO_003286,MY_N11875484224,2026-05-22,2026-05-23,raise_cabinet_and_seal,civil,flood,16.3,2932,True
WO_003287,MY_N12109825595,2026-05-22,2026-05-23,scheduled_inspection,civil,scheduled_inspection,0.9,83,False
WO_003288,MY_N12135375711,2026-05-22,2026-05-23,raise_cabinet_and_seal,civil,flood,1.0,1225,True
WO_003289,MY_N13682521098,2026-05-22,2026-05-24,vegetation_clearance,civil,vegetation,5.2,4038,True
WO_003290,MY_N10802588447,2026-05-23,2026-05-24,raise_cabinet_and_seal,civil,flood,4.8,2288,True
WO_003291,MY_N11659562129,2026-05-23,2026-05-28,vegetation_clearance,civil,vegetation,0.9,255,True
WO_003292,MY_N11659562142,2026-05-23,2026-05-24,radio_unit_refresh,rf,equipment,5.8,4551,True
WO_003293,MY_N12117702098,2026-05-23,2026-05-28,slope_stabilize_and_tension,civil,terrain,3.5,8400,True
WO_003294,MY_N13678930905,2026-05-23,2026-05-28,raise_cabinet_and_seal,civil,flood,0.3,4307,True
WO_003295,MY_N13686353602,2026-05-23,2026-05-24,scheduled_inspection,civil,scheduled_inspection,0.8,1043,False
WO_003296,MY_N13979312124,2026-05-23,2026-05-24,vegetation_clearance,civil,vegetation,6.5,3900,True
WO_003297,MY_W1386907231,2026-05-23,2026-05-25,radio_unit_refresh,rf,equipment,1.2,846,True
WO_003298,MY_W1545410197,2026-05-23,2026-05-26,radio_unit_refresh,rf,equipment,3.0,1737,True
WO_003299,MY_N3901387616,2026-05-24,2026-05-26,raise_cabinet_and_seal,civil,flood,10.6,2632,True
WO_003300,MY_N8044687304,2026-05-24,2026-05-25,scheduled_inspection,civil,scheduled_inspection,1.0,946,False
WO_003301,MY_N8261057768,2026-05-24,2026-05-25,scheduled_inspection,civil,scheduled_inspection,1.8,214,False
WO_003302,MY_N3720847447,2026-05-25,2026-05-30,slope_stabilize_and_tension,civil,terrain,0.6,1770,True
WO_003303,MY_N4218038791,2026-05-25,2026-05-26,scheduled_inspection,civil,scheduled_inspection,1.9,572,False
WO_003304,MY_N4760131971,2026-05-25,2026-05-26,scheduled_inspection,civil,scheduled_inspection,4.3,1363,False
WO_003305,MY_N12001114555,2026-05-26,2026-05-27,scheduled_inspection,civil,scheduled_inspection,0.5,611,False
WO_003306,MY_N8422298542,2026-05-26,2026-05-29,raise_cabinet_and_seal,civil,flood,5.9,3276,True
WO_003307,MY_N11659562141,2026-05-27,2026-06-01,raise_cabinet_and_seal,civil,flood,15.1,695,True
WO_003308,MY_N12309364295,2026-05-27,2026-05-29,raise_cabinet_and_seal,civil,flood,3.7,2068,True
WO_003309,MY_N12432739232,2026-05-27,2026-05-28,scheduled_inspection,civil,scheduled_inspection,0.3,283,False
WO_003310,MY_N1662637919,2026-05-27,2026-06-01,slope_stabilize_and_tension,civil,terrain,2.9,1358,True
WO_003311,MY_N8456957357,2026-05-27,2026-05-28,scheduled_inspection,civil,scheduled_inspection,0.7,1710,False
WO_003312,MY_N11167076406,2026-05-28,2026-05-30,vegetation_clearance,civil,vegetation,8.3,422,True
WO_003313,MY_N11388862434,2026-05-28,2026-05-29,raise_cabinet_and_seal,civil,flood,5.6,833,True
WO_003314,MY_N11875484224,2026-05-28,2026-05-31,slope_stabilize_and_tension,civil,terrain,5.8,1184,True
WO_003315,MY_N12309364294,2026-05-28,2026-05-30,raise_cabinet_and_seal,civil,flood,4.6,1695,True
WO_003316,MY_N7033248825,2026-05-28,2026-05-31,vegetation_clearance,civil,vegetation,12.3,750,True
WO_003317,MY_W728820002,2026-05-28,2026-05-31,raise_cabinet_and_seal,civil,flood,4.5,2952,True
WO_003318,MY_N11774742770,2026-05-29,2026-05-30,scheduled_inspection,civil,scheduled_inspection,0.7,615,False
WO_003319,MY_N12243059849,2026-05-30,2026-05-31,scheduled_inspection,civil,scheduled_inspection,0.3,674,False
WO_003320,MY_N9040016329,2026-05-30,2026-05-31,scheduled_inspection,civil,scheduled_inspection,0.9,463,False
WO_003321,MY_N8044342361,2026-05-31,2026-06-01,scheduled_inspection,civil,scheduled_inspection,0.2,922,False
WO_003322,MY_N13015606467,2026-06-01,2026-06-05,raise_cabinet_and_seal,civil,flood,4.8,2045,True
WO_003323,MY_N13526011249,2026-06-02,2026-06-06,battery_genset_service,power,power,0.7,961,True
WO_003324,MY_N12137013097,2026-06-03,2026-06-05,vegetation_clearance,civil,vegetation,11.5,1401,True
WO_003325,MY_N12603668089,2026-06-03,2026-06-04,vegetation_clearance,civil,vegetation,11.9,7427,True
WO_003326,MY_N13015606467,2026-06-03,2026-06-06,vegetation_clearance,civil,vegetation,9.6,1977,True
WO_003327,MY_N13659918586,2026-06-03,2026-06-06,raise_cabinet_and_seal,civil,flood,2.0,1684,True
WO_003328,MY_N8418750930,2026-06-03,2026-06-04,scheduled_inspection,civil,scheduled_inspection,0.1,113,False
WO_003329,MY_W1367367946,2026-06-03,2026-06-07,vegetation_clearance,civil,vegetation,4.2,5344,True
WO_003330,MY_N11875484220,2026-06-04,2026-06-09,vegetation_clearance,civil,vegetation,7.7,890,True
WO_003331,MY_N12773184677,2026-06-04,2026-06-09,raise_cabinet_and_seal,civil,flood,14.8,3627,True
WO_003332,MY_N8370639164,2026-06-04,2026-06-05,scheduled_inspection,civil,scheduled_inspection,0.9,253,False
WO_003333,MY_N8487785683,2026-06-04,2026-06-05,scheduled_inspection,civil,scheduled_inspection,0.2,1321,False
WO_003334,MY_N9040032179,2026-06-04,2026-06-05,scheduled_inspection,civil,scheduled_inspection,2.2,172,False
WO_003335,MY_N11802478955,2026-06-05,2026-06-07,vegetation_clearance,civil,vegetation,4.3,9186,True
WO_003336,MY_N3902995318,2026-06-05,2026-06-08,vegetation_clearance,civil,vegetation,6.1,2163,True
WO_003337,MY_N4822914443,2026-06-05,2026-06-06,scheduled_inspection,civil,scheduled_inspection,0.3,25,False
WO_003338,MY_N6457937009,2026-06-05,2026-06-07,raise_cabinet_and_seal,civil,flood,6.0,621,True
WO_003339,MY_N12135373696,2026-06-06,2026-06-11,vegetation_clearance,civil,vegetation,4.4,1168,True
WO_003340,MY_N13663195381,2026-06-06,2026-06-07,scheduled_inspection,civil,scheduled_inspection,0.5,479,False
WO_003341,MY_N13678930905,2026-06-06,2026-06-08,battery_genset_service,power,power,2.9,1415,True
WO_003342,MY_N7567968606,2026-06-06,2026-06-07,scheduled_inspection,civil,scheduled_inspection,1.8,391,False
WO_003343,MY_N8988150889,2026-06-06,2026-06-10,raise_cabinet_and_seal,civil,flood,4.9,3827,True
WO_003344,MY_N11659562142,2026-06-07,2026-06-09,battery_genset_service,power,power,2.9,1146,True
WO_003345,MY_N13326193730,2026-06-07,2026-06-11,raise_cabinet_and_seal,civil,flood,6.4,3643,True
WO_003346,MY_N13659918586,2026-06-07,2026-06-12,raise_cabinet_and_seal,civil,flood,2.4,2271,True
WO_003347,MY_N1648142940,2026-06-07,2026-06-08,scheduled_inspection,civil,scheduled_inspection,0.0,1290,False
WO_003348,MY_N3902995302,2026-06-07,2026-06-12,battery_genset_service,power,power,7.6,4376,True
WO_003349,MY_N3902995318,2026-06-07,2026-06-08,vegetation_clearance,civil,vegetation,9.3,1419,True
WO_003350,MY_N4540518868,2026-06-07,2026-06-08,scheduled_inspection,civil,scheduled_inspection,3.0,589,False
WO_003351,MY_N8191059241,2026-06-07,2026-06-09,raise_cabinet_and_seal,civil,flood,2.8,3192,True
WO_003352,MY_N11875484220,2026-06-08,2026-06-09,battery_genset_service,power,power,2.8,1607,True
WO_003353,MY_N11875484225,2026-06-08,2026-06-09,scheduled_inspection,civil,scheduled_inspection,1.4,789,False
WO_003354,MY_N3902995326,2026-06-08,2026-06-13,slope_stabilize_and_tension,civil,terrain,8.2,2714,True
WO_003355,MY_N8082097597,2026-06-08,2026-06-09,scheduled_inspection,civil,scheduled_inspection,0.8,453,False
WO_003356,MY_N12093626517,2026-06-09,2026-06-10,scheduled_inspection,civil,scheduled_inspection,1.0,1105,False
WO_003357,MY_N13142317645,2026-06-09,2026-06-11,vegetation_clearance,civil,vegetation,4.1,4690,True
WO_003358,MY_N13564516539,2026-06-09,2026-06-10,scheduled_inspection,civil,scheduled_inspection,0.6,279,False
WO_003359,MY_N6039478983,2026-06-09,2026-06-10,raise_cabinet_and_seal,civil,flood,8.8,2566,True
WO_003360,MY_N3901387616,2026-06-10,2026-06-14,slope_stabilize_and_tension,civil,terrain,2.5,4508,True
WO_003361,MY_N9324749766,2026-06-10,2026-06-11,scheduled_inspection,civil,scheduled_inspection,3.6,320,False
WO_003362,MY_W1311793314,2026-06-10,2026-06-14,raise_cabinet_and_seal,civil,flood,8.9,2038,True
WO_003363,MY_N8987661324,2026-06-11,2026-06-13,battery_genset_service,power,power,2.8,3850,True
WO_003364,MY_N9466091146,2026-06-11,2026-06-12,raise_cabinet_and_seal,civil,flood,3.9,2318,True
WO_003365,MY_N10802588447,2026-06-12,2026-06-15,raise_cabinet_and_seal,civil,flood,1.3,2167,True
WO_003366,MY_N12137013088,2026-06-12,2026-06-13,scheduled_inspection,civil,scheduled_inspection,1.4,886,False
WO_003367,MY_N12773184677,2026-06-12,2026-06-15,raise_cabinet_and_seal,civil,flood,2.6,3541,True
WO_003368,MY_N13495459821,2026-06-12,2026-06-16,battery_genset_service,power,power,5.0,2367,True
WO_003369,MY_N12112838716,2026-06-13,2026-06-14,scheduled_inspection,civil,scheduled_inspection,2.9,1271,False
WO_003370,MY_N3234716501,2026-06-13,2026-06-14,scheduled_inspection,civil,scheduled_inspection,0.8,42,False
WO_003371,MY_N3902995238,2026-06-13,2026-06-18,vegetation_clearance,civil,vegetation,2.4,1034,True
WO_003372,MY_N9006098842,2026-06-13,2026-06-16,battery_genset_service,power,power,6.3,3875,True
WO_003373,MY_N12058759613,2026-06-14,2026-06-19,raise_cabinet_and_seal,civil,flood,5.4,828,True
WO_003374,MY_N3902995309,2026-06-14,2026-06-19,raise_cabinet_and_seal,civil,flood,20.6,3040,True
WO_003375,MY_N4963875869,2026-06-14,2026-06-16,battery_genset_service,power,power,7.4,7294,True
WO_003376,MY_N6354464187,2026-06-14,2026-06-19,raise_cabinet_and_seal,civil,flood,13.9,1271,True
WO_003377,MY_N6418052180,2026-06-14,2026-06-15,scheduled_inspection,civil,scheduled_inspection,0.9,991,False
WO_003378,MY_N8422298542,2026-06-15,2026-06-16,battery_genset_service,power,power,3.4,1866,True
WO_003379,MY_N9084071195,2026-06-15,2026-06-17,raise_cabinet_and_seal,civil,flood,1.4,2285,True
WO_003380,MY_W1545410197,2026-06-15,2026-06-18,battery_genset_service,power,power,3.1,1191,True
WO_003381,MY_N12137013087,2026-06-16,2026-06-17,vegetation_clearance,civil,vegetation,18.2,2743,True
WO_003382,MY_N13331200716,2026-06-16,2026-06-18,vegetation_clearance,civil,vegetation,4.7,3185,True
WO_003383,MY_N5115603531,2026-06-16,2026-06-21,battery_genset_service,power,power,12.5,2087,True
WO_003384,MY_N8025859449,2026-06-16,2026-06-17,battery_genset_service,power,power,1.4,2370,True
WO_003385,MY_N8267445980,2026-06-16,2026-06-17,scheduled_inspection,civil,scheduled_inspection,0.2,757,False
WO_003386,MY_N8806058356,2026-06-16,2026-06-19,vegetation_clearance,civil,vegetation,5.0,2413,True
WO_003387,MY_N10801806749,2026-06-17,2026-06-21,vegetation_clearance,civil,vegetation,0.1,3159,True
WO_003388,MY_N12603668089,2026-06-17,2026-06-21,battery_genset_service,power,power,13.3,2242,True
WO_003389,MY_W1545410197,2026-06-18,2026-06-20,vegetation_clearance,civil,vegetation,5.1,3503,True
WO_003390,MY_N1945539635,2026-06-19,2026-06-20,scheduled_inspection,civil,scheduled_inspection,0.2,561,False
WO_003391,MY_N9466091146,2026-06-19,2026-06-23,raise_cabinet_and_seal,civil,flood,21.4,1342,True
WO_003392,MY_N9471829676,2026-06-19,2026-06-20,scheduled_inspection,civil,scheduled_inspection,0.6,23,False
WO_003393,MY_N3765699324,2026-06-21,2026-06-25,vegetation_clearance,civil,vegetation,2.9,9364,True
WO_003394,MY_N4970042970,2026-06-21,2026-06-22,scheduled_inspection,civil,scheduled_inspection,0.4,52,False
WO_003395,MY_N11802478955,2026-06-22,2026-06-26,raise_cabinet_and_seal,civil,flood,5.1,441,True
WO_003396,MY_N12110057369,2026-06-22,2026-06-23,scheduled_inspection,civil,scheduled_inspection,0.3,1157,False
WO_003397,MY_N12137024409,2026-06-22,2026-06-23,vegetation_clearance,civil,vegetation,10.7,709,True
WO_003398,MY_N4540518855,2026-06-22,2026-06-26,vegetation_clearance,civil,vegetation,5.0,2147,True
WO_003399,MY_N7594127522,2026-06-22,2026-06-23,scheduled_inspection,civil,scheduled_inspection,0.5,803,False
WO_003400,MY_N8327095826,2026-06-22,2026-06-23,vegetation_clearance,civil,vegetation,5.7,4427,True
WO_003401,MY_N12773184677,2026-06-24,2026-06-26,vegetation_clearance,civil,vegetation,2.4,5660,True
WO_003402,MY_N13326193730,2026-06-24,2026-06-27,slope_stabilize_and_tension,civil,terrain,10.8,1951,True
WO_003403,MY_N4859059453,2026-06-24,2026-06-25,scheduled_inspection,civil,scheduled_inspection,1.8,458,False
WO_003404,MY_W728820002,2026-06-24,2026-06-25,scheduled_inspection,civil,scheduled_inspection,2.2,1128,False
WO_003405,MY_N13103284367,2026-06-26,2026-06-29,battery_genset_service,power,power,10.9,2201,True
WO_003406,MY_N3901387616,2026-06-26,2026-06-29,vegetation_clearance,civil,vegetation,4.8,2448,True
WO_003407,MY_W1259361634,2026-06-26,2026-06-27,scheduled_inspection,civil,scheduled_inspection,2.3,524,False
WO_003408,MY_N13712401727,2026-06-27,2026-07-01,vegetation_clearance,civil,vegetation,4.9,3324,True
WO_003409,MY_N6833359897,2026-06-27,2026-06-29,raise_cabinet_and_seal,civil,flood,0.5,1578,True
WO_003410,MY_N8637257819,2026-06-27,2026-06-28,scheduled_inspection,civil,scheduled_inspection,0.1,1046,False
WO_003411,MY_N11388862435,2026-06-28,2026-06-29,scheduled_inspection,civil,scheduled_inspection,1.9,151,False
WO_003412,MY_N11659562142,2026-06-28,2026-06-30,raise_cabinet_and_seal,civil,flood,0.1,5840,True
WO_003413,MY_N11802478955,2026-06-28,2026-07-03,raise_cabinet_and_seal,civil,flood,4.3,2248,True
WO_003414,MY_N12152835735,2026-06-28,2026-06-29,scheduled_inspection,civil,scheduled_inspection,0.9,790,False
WO_003415,MY_N7923607620,2026-06-28,2026-06-29,scheduled_inspection,civil,scheduled_inspection,0.5,1044,False
WO_003416,MY_N8930207046,2026-06-28,2026-06-29,scheduled_inspection,civil,scheduled_inspection,1.4,666,False
WO_003417,MY_W1183622030,2026-06-28,2026-06-29,raise_cabinet_and_seal,civil,flood,6.1,339,True
WO_003418,MY_N11875484220,2026-06-30,2026-07-01,scheduled_inspection,civil,scheduled_inspection,0.6,922,False
WO_003419,MY_N9938117617,2026-06-30,2026-07-01,scheduled_inspection,civil,scheduled_inspection,1.4,249,False
WO_003420,MY_N11524986796,2026-07-01,2026-07-02,scheduled_inspection,civil,scheduled_inspection,3.6,420,False
WO_003421,MY_N12889290231,2026-07-01,2026-07-02,scheduled_inspection,civil,scheduled_inspection,2.1,806,False
WO_003422,MY_N13678930905,2026-07-01,2026-07-02,battery_genset_service,power,power,9.5,955,True
WO_003423,MY_W1318445322,2026-07-01,2026-07-02,scheduled_inspection,civil,scheduled_inspection,2.1,607,False
WO_003424,MY_N1662564012,2026-07-02,2026-07-04,raise_cabinet_and_seal,civil,flood,3.1,772,True
WO_003425,MY_N3902995301,2026-07-02,2026-07-05,battery_genset_service,power,power,8.7,5441,True
WO_003426,MY_N8987661324,2026-07-03,2026-07-08,raise_cabinet_and_seal,civil,flood,5.4,736,True
WO_003427,MY_W1270085203,2026-07-03,2026-07-08,battery_genset_service,power,power,1.7,1851,True
WO_003428,MY_N12182196429,2026-07-04,2026-07-05,scheduled_inspection,civil,scheduled_inspection,1.0,119,False
WO_003429,MY_N12531429458,2026-07-04,2026-07-07,battery_genset_service,power,power,6.4,824,True
WO_003430,MY_N8044980541,2026-07-04,2026-07-07,raise_cabinet_and_seal,civil,flood,2.1,3747,True
WO_003431,MY_N8377840940,2026-07-04,2026-07-05,scheduled_inspection,civil,scheduled_inspection,2.3,780,False
WO_003432,MY_W1383475622,2026-07-04,2026-07-07,slope_stabilize_and_tension,civil,terrain,6.3,2449,True
WO_003433,MY_N13103284367,2026-07-05,2026-07-10,slope_stabilize_and_tension,civil,terrain,9.0,5929,True
WO_003434,MY_N8255238092,2026-07-05,2026-07-06,scheduled_inspection,civil,scheduled_inspection,1.4,252,False
WO_003435,MY_W1285114522,2026-07-05,2026-07-08,battery_genset_service,power,power,4.0,819,True
WO_003436,MY_W1311793314,2026-07-05,2026-07-07,slope_stabilize_and_tension,civil,terrain,18.9,3545,True
WO_003437,MY_N13015606466,2026-07-06,2026-07-07,scheduled_inspection,civil,scheduled_inspection,0.0,116,False
WO_003438,MY_N13142317645,2026-07-07,2026-07-10,slope_stabilize_and_tension,civil,terrain,5.4,3640,True
WO_003439,MY_N3901387616,2026-07-07,2026-07-12,vegetation_clearance,civil,vegetation,10.4,3300,True
WO_003440,MY_N8920295576,2026-07-07,2026-07-08,slope_stabilize_and_tension,civil,terrain,6.0,3164,True
WO_003441,MY_N1656847453,2026-07-08,2026-07-09,scheduled_inspection,civil,scheduled_inspection,1.3,714,False
WO_003442,MY_N5742976628,2026-07-08,2026-07-10,battery_genset_service,power,power,7.6,3965,True
WO_003443,MY_N8182722420,2026-07-08,2026-07-09,scheduled_inspection,civil,scheduled_inspection,5.0,1511,False
WO_003444,MY_N13517883535,2026-07-09,2026-07-14,raise_cabinet_and_seal,civil,flood,8.0,7064,True
WO_003445,MY_N13712401727,2026-07-10,2026-07-11,raise_cabinet_and_seal,civil,flood,1.3,4872,True
WO_003446,MY_N13809732758,2026-07-10,2026-07-15,raise_cabinet_and_seal,civil,flood,3.6,2951,True
WO_003447,MY_N12131514594,2026-07-11,2026-07-16,raise_cabinet_and_seal,civil,flood,12.4,4236,True
WO_003448,MY_N11802478955,2026-07-12,2026-07-15,raise_cabinet_and_seal,civil,flood,8.8,3008,True
WO_003449,MY_N13517883535,2026-07-12,2026-07-13,raise_cabinet_and_seal,civil,flood,4.2,1111,True
WO_003450,MY_N8044980541,2026-07-12,2026-07-16,vegetation_clearance,civil,vegetation,0.2,1302,True
WO_003451,MY_N9003249367,2026-07-12,2026-07-16,radio_unit_refresh,rf,equipment,3.7,39,True
WO_003452,MY_N9968171086,2026-07-12,2026-07-14,vegetation_clearance,civil,vegetation,3.9,5519,True
WO_003453,MY_N11637810092,2026-07-13,2026-07-14,scheduled_inspection,civil,scheduled_inspection,1.6,30,False
WO_003454,MY_N11875484224,2026-07-13,2026-07-14,raise_cabinet_and_seal,civil,flood,13.7,1517,True
WO_003455,MY_N4540518868,2026-07-13,2026-07-14,scheduled_inspection,civil,scheduled_inspection,1.2,1433,False
WO_003456,MY_N5742976628,2026-07-14,2026-07-15,slope_stabilize_and_tension,civil,terrain,2.0,3105,True
WO_003457,MY_N10290743704,2026-07-15,2026-07-16,scheduled_inspection,civil,scheduled_inspection,1.8,216,False
WO_003458,MY_N11581896101,2026-07-15,2026-07-16,scheduled_inspection,civil,scheduled_inspection,1.8,1287,False
WO_003459,MY_N11659562129,2026-07-16,2026-07-18,raise_cabinet_and_seal,civil,flood,3.8,2936,True
WO_003460,MY_W1267064693,2026-07-16,2026-07-21,vegetation_clearance,civil,vegetation,5.0,5883,True
WO_003461,MY_N11875484224,2026-07-17,2026-07-18,vegetation_clearance,civil,vegetation,1.0,937,True
WO_003462,MY_N11388862434,2026-07-18,2026-07-23,raise_cabinet_and_seal,civil,flood,3.7,2242,True
WO_003463,MY_N9003249367,2026-07-18,2026-07-23,raise_cabinet_and_seal,civil,flood,7.3,3047,True
WO_003464,MY_W1259673925,2026-07-18,2026-07-19,slope_stabilize_and_tension,civil,terrain,1.6,1496,True
WO_003465,MY_N13517883535,2026-07-19,2026-07-22,raise_cabinet_and_seal,civil,flood,2.0,2578,True
WO_003466,MY_N1662564012,2026-07-19,2026-07-22,slope_stabilize_and_tension,civil,terrain,8.7,3368,True
WO_003467,MY_N8422298542,2026-07-19,2026-07-22,raise_cabinet_and_seal,civil,flood,4.6,5108,True
WO_003468,MY_N11482095447,2026-07-20,2026-07-21,vegetation_clearance,civil,vegetation,13.3,2462,True
WO_003469,MY_N11659562129,2026-07-20,2026-07-22,raise_cabinet_and_seal,civil,flood,2.3,1503,True
WO_003470,MY_N12137013087,2026-07-20,2026-07-23,radio_unit_refresh,rf,equipment,5.4,759,True
WO_003471,MY_N6354464187,2026-07-20,2026-07-25,raise_cabinet_and_seal,civil,flood,8.3,4602,True
WO_003472,MY_N8044656639,2026-07-20,2026-07-21,raise_cabinet_and_seal,civil,flood,2.6,2085,True
WO_003473,MY_N8191059241,2026-07-20,2026-07-23,raise_cabinet_and_seal,civil,flood,2.9,1118,True
WO_003474,MY_N11802478955,2026-07-21,2026-07-23,slope_stabilize_and_tension,civil,terrain,5.5,2048,True
WO_003475,MY_W1315123577,2026-07-21,2026-07-23,vegetation_clearance,civil,vegetation,5.8,1399,True
WO_003476,MY_N3902995310,2026-07-22,2026-07-27,raise_cabinet_and_seal,civil,flood,5.8,558,True
WO_003477,MY_N3902995310,2026-07-22,2026-07-26,raise_cabinet_and_seal,civil,flood,7.6,2724,True
WO_003478,MY_N10801806749,2026-07-23,2026-07-24,slope_stabilize_and_tension,civil,terrain,8.3,3236,True
WO_003479,MY_N13979312124,2026-07-24,2026-07-28,raise_cabinet_and_seal,civil,flood,1.9,529,True
WO_003480,MY_N8044980541,2026-07-24,2026-07-29,radio_unit_refresh,rf,equipment,4.8,3222,True
WO_003481,MY_N11875484224,2026-07-25,2026-07-29,raise_cabinet_and_seal,civil,flood,5.1,1759,True
WO_003482,MY_N6192657329,2026-07-25,2026-07-28,vegetation_clearance,civil,vegetation,6.8,2488,True
WO_003483,MY_N8920295576,2026-07-25,2026-07-26,raise_cabinet_and_seal,civil,flood,9.4,4266,True
WO_003484,MY_N11659562129,2026-07-26,2026-07-28,raise_cabinet_and_seal,civil,flood,0.4,1538,True
WO_003485,MY_N12531429458,2026-07-26,2026-07-28,raise_cabinet_and_seal,civil,flood,6.8,2421,True
WO_003486,MY_N9466091146,2026-07-26,2026-07-27,vegetation_clearance,civil,vegetation,2.8,3935,True
WO_003487,MY_N3765699324,2026-07-27,2026-08-01,raise_cabinet_and_seal,civil,flood,10.6,3023,True
WO_003488,MY_N4436507977,2026-07-27,2026-07-30,raise_cabinet_and_seal,civil,flood,5.8,1519,True
WO_003489,MY_N5742976628,2026-07-27,2026-07-29,raise_cabinet_and_seal,civil,flood,3.2,1309,True
WO_003490,MY_N8044980541,2026-07-27,2026-08-01,radio_unit_refresh,rf,equipment,3.2,89,True
WO_003491,MY_N11802478955,2026-07-28,2026-07-30,raise_cabinet_and_seal,civil,flood,3.3,1605,True
WO_003492,MY_N8025859449,2026-07-28,2026-07-30,battery_genset_service,power,power,2.9,2186,True
WO_003493,MY_N8825706826,2026-07-28,2026-07-30,raise_cabinet_and_seal,civil,flood,13.6,2533,True
WO_003494,MY_W1315123577,2026-07-28,2026-07-30,raise_cabinet_and_seal,civil,flood,11.2,3676,True
