osm_type,osm_id,lon,lat,man_made,tower_type,operator,name,radio,mobile_phone,tags_json,tower_id
way,1315123577,99.6608637,6.3851752,tower,communication,,,UNKNOWN,,"{""man_made"": ""tower"", ""tower:construction"": ""lattice"", ""tower:type"": ""communication""}",MY_W1315123577
node,9455370923,99.6672307,6.3674444,mast,communication,,,UNKNOWN,yes,"{""communication:mobile_phone"": ""yes"", ""man_made"": ""mast"", ""tower:type"": ""communication""}",MY_N9455370923
node,13326193730,99.6822886,6.4224379,mast,communication,,,UNKNOWN,yes,"{""communication:mobile_phone"": ""yes"", ""man_made"": ""mast"", ""tower:type"": ""communication""}",MY_N13326193730
way,1321815854,99.7074683,6.4353327,tower,communication,,,UNKNOWN,,"{""man_made"": ""tower"", ""tower:construction"": ""lattice"", ""tower:type"": ""communication""}",MY_W1321815854
node,10722696333,99.8072481,6.3262179,mast,communication,,,UNKNOWN,,"{""man_made"": ""mast"", ""tower:type"": ""communication""}",MY_N10722696333
way,1316153148,99.8192258,6.3694711,tower,communication,,,UNKNOWN,,"{""man_made"": ""tower"", ""tower:construction"": ""lattice"", ""tower:type"": ""communication""}",MY_W1316153148
way,1316153129,99.819723,6.3701395,tower,communication,,,UNKNOWN,,"{""man_made"": ""tower"", ""tower:construction"": ""lattice"", ""tower:type"": ""communication""}",MY_W1316153129
way,1316153146,99.8200401,6.369916,tower,communication,,,UNKNOWN,,"{""man_made"": ""tower"", ""tower:construction"": ""lattice"", ""tower:type"": ""communication""}",MY_W1316153146
way,1317650252,100.1936499,6.3989518,tower,communication,,,UNKNOWN,,"{""man_made"": ""tower"", ""tower:construction"": ""lattice"", ""tower:type"": ""communication""}",MY_W1317650252
node,4541585270,100.242238,6.2410984,tower,communication,,,UNKNOWN,,"{""man_made"": ""tower"", ""tower:type"": ""communication""}",MY_N4541585270
node,10736133691,100.2510837,5.350266,tower,communication,,,UNKNOWN,,"{""man_made"": ""tower"", ""tower:construction"": ""lattice"", ""tower:type"": ""communication""}",MY_N10736133691
node,11691138451,100.2690535,6.4315494,tower,communication,,,UNKNOWN,,"{""man_made"": ""tower"", ""tower:construction"": ""lattice"", ""tower:type"": ""communication""}",MY_N11691138451
node,11302586992,100.2771529,5.2884843,mast,communication,,,NR,yes,"{""communication:5g"": ""yes"", ""communication:mobile_phone"": ""yes"", ""man_made"": ""mast"", ""tower:construction"": ""freestanding"", ""tower:type"": ""communication""}",MY_N11302586992
node,13961444689,100.2797255,5.2882036,mast,communication,,,NR,yes,"{""communication:5G"": ""yes"", ""communication:mobile_phone"": ""yes"", ""man_made"": ""mast"", ""tower:construction"": ""freestanding"", ""tower:type"": ""communication""}",MY_N13961444689
node,6828231262,100.2827619,5.38849,mast,communication,,,UNKNOWN,,"{""man_made"": ""mast"", ""tower:type"": ""communication""}",MY_N6828231262
node,11302586991,100.2865999,5.2856044,mast,communication,,,NR,yes,"{""communication:5g"": ""yes"", ""communication:mobile_phone"": ""yes"", ""man_made"": ""mast"", ""tower:construction"": ""freestanding"", ""tower:type"": ""communication""}",MY_N11302586991
node,13961263910,100.2889345,5.2988098,mast,communication,,,NR,yes,"{""communication:5G"": ""yes"", ""communication:mobile_phone"": ""yes"", ""man_made"": ""mast"", ""tower:construction"": ""freestanding"", ""tower:type"": ""communication""}",MY_N13961263910
node,13979312124,100.2949193,6.1332343,tower,communication,,,UNKNOWN,,"{""man_made"": ""tower"", ""tower:construction"": ""freestanding"", ""tower:type"": ""communication""}",MY_N13979312124
node,13967382742,100.295712,5.314611,mast,communication,,,NR,yes,"{""communication:5G"": ""yes"", ""communication:mobile_phone"": ""yes"", ""man_made"": ""mast"", ""tower:construction"": ""freestanding"", ""tower:type"": ""communication""}",MY_N13967382742
node,13967382741,100.2963663,5.3167141,mast,communication,,,NR,yes,"{""communication:5G"": ""yes"", ""communication:mobile_phone"": ""yes"", ""man_made"": ""mast"", ""tower:construction"": ""freestanding"", ""tower:type"": ""communication""}",MY_N13967382741
node,7016316628,100.3039788,5.3986007,mast,communication,,,UNKNOWN,,"{""man_made"": ""mast"", ""tower:type"": ""communication""}",MY_N7016316628
node,7041239295,100.30419,5.4081263,mast,communication,,,UNKNOWN,,"{""man_made"": ""mast"", ""tower:type"": ""communication""}",MY_N7041239295
node,1656847453,100.3062247,5.3703645,mast,communication,,,UNKNOWN,,"{""man_made"": ""mast"", ""tower:type"": ""communication""}",MY_N1656847453
node,9134432003,100.3063907,5.3395041,mast,communication,,,UNKNOWN,,"{""communication:television"": ""yes"", ""man_made"": ""mast"", ""tower:type"": ""communication""}",MY_N9134432003
node,6192657329,100.3138769,6.0938514,tower,communication,,,UNKNOWN,,"{""man_made"": ""tower"", ""tower:type"": ""communication""}",MY_N6192657329
node,9150548693,100.3164323,5.4157087,mast,communication,,,UNKNOWN,,"{""communication:television"": ""yes"", ""man_made"": ""mast"", ""tower:type"": ""communication""}",MY_N9150548693
node,9116081582,100.3273805,5.4173713,mast,communication,,,UNKNOWN,,"{""communication:television"": ""yes"", ""man_made"": ""mast"", ""tower:type"": ""communication""}",MY_N9116081582
node,3341958144,100.3358907,6.039444,tower,communication,,,UNKNOWN,,"{""man_made"": ""tower"", ""source"": ""survey;Mapbox"", ""tower:type"": ""communication""}",MY_N3341958144
node,5242116831,100.3530747,6.1354611,tower,communication,,,UNKNOWN,,"{""man_made"": ""tower"", ""tower:type"": ""communication""}",MY_N5242116831
node,6154919249,100.3577524,5.8807121,tower,communication,,,UNKNOWN,,"{""man_made"": ""tower"", ""tower:type"": ""communication""}",MY_N6154919249
node,3341958135,100.3599198,5.9644787,tower,communication,,,UNKNOWN,,"{""man_made"": ""tower"", ""source"": ""survey;Mapbox"", ""tower:type"": ""communication""}",MY_N3341958135
node,10591046691,100.3660517,6.120407,mast,lighting,,,UNKNOWN,,"{""man_made"": ""mast"", ""tower:type"": ""lighting""}",MY_N10591046691
node,7568527411,100.3662644,5.5870962,tower,communication,,,UNKNOWN,,"{""man_made"": ""tower"", ""source"": ""https://openstreetcam.org/details/2278242/2217/track-info"", ""tower:type"": ""communication""}",MY_N7568527411
node,4859059453,100.369361,5.796498,tower,communication,,,UNKNOWN,,"{""man_made"": ""tower"", ""tower:type"": ""communication""}",MY_N4859059453
node,8811444133,100.3702918,6.1158701,mast,,,,UNKNOWN,,"{""man_made"": ""mast""}",MY_N8811444133
node,7568524744,100.3731188,5.5892064,tower,communication,,,UNKNOWN,,"{""man_made"": ""tower"", ""source"": ""https://openstreetcam.org/details/2278242/1010/track-info"", ""tower:type"": ""communication""}",MY_N7568524744
node,6157011103,100.376721,5.9031263,tower,communication,,,UNKNOWN,,"{""man_made"": ""tower"", ""tower:type"": ""communication""}",MY_N6157011103
node,6418052180,100.3786358,5.4317493,mast,communication,,,UNKNOWN,,"{""man_made"": ""mast"", ""tower:construction"": ""mast"", ""tower:type"": ""communication""}",MY_N6418052180
node,9035698652,100.3802682,6.3012822,tower,communication,,,UNKNOWN,,"{""man_made"": ""tower"", ""tower:type"": ""communication""}",MY_N9035698652
node,8356509387,100.3861409,5.2589754,communications_tower,communication,,,UNKNOWN,,"{""man_made"": ""communications_tower"", ""tower:type"": ""communication""}",MY_N8356509387
node,6406328430,100.3935291,5.415708,mast,communication,,,UNKNOWN,,"{""man_made"": ""mast"", ""tower:type"": ""communication""}",MY_N6406328430
node,4775194882,100.3955559,6.050138,tower,communication,,,UNKNOWN,,"{""man_made"": ""tower"", ""tower:construction"": ""lattice"", ""tower:type"": ""communication""}",MY_N4775194882
node,4775194881,100.3961342,6.0493802,tower,communication,,,UNKNOWN,,"{""man_made"": ""tower"", ""tower:construction"": ""lattice"", ""tower:type"": ""communication""}",MY_N4775194881
node,7574291535,100.3970079,6.2026867,tower,communication,,,UNKNOWN,,"{""man_made"": ""tower"", ""source"": ""survey June 2019"", ""tower:type"": ""communication""}",MY_N7574291535
node,6039478983,100.398345,5.9793907,tower,communication,,,UNKNOWN,,"{""man_made"": ""tower"", ""tower:type"": ""communication""}",MY_N6039478983
node,13404129716,100.3989757,5.4309585,mast,communication,,,UNKNOWN,,"{""man_made"": ""mast"", ""tower:construction"": ""freestanding"", ""tower:type"": ""communication""}",MY_N13404129716
way,1085859464,100.4058966,5.3871712,tower,communication,,,UNKNOWN,,"{""man_made"": ""tower"", ""tower:construction"": ""lattice"", ""tower:type"": ""communication""}",MY_W1085859464
node,3365342814,100.4062845,6.1165098,tower,communication,,,UNKNOWN,,"{""man_made"": ""tower"", ""source"": ""Mapbox"", ""tower:type"": ""communication""}",MY_N3365342814
node,9037393722,100.4069012,5.3962226,mast,communication,,,UNKNOWN,,"{""man_made"": ""mast"", ""tower:type"": ""communication""}",MY_N9037393722
node,2526527663,100.4091148,6.1445207,tower,communication,,,UNKNOWN,,"{""man_made"": ""tower"", ""source"": ""Personal survey, near accurate position from personal GPS tracks"", ""tower:type"": ""communication""}",MY_N2526527663
node,2526527678,100.4143119,6.1494385,tower,communication,,,UNKNOWN,,"{""man_made"": ""tower"", ""source"": ""Local knowledge"", ""tower:type"": ""communication""}",MY_N2526527678
way,1311505864,100.4155607,5.2692732,tower,communication,,,UNKNOWN,,"{""man_made"": ""tower"", ""tower:construction"": ""lattice"", ""tower:type"": ""communication""}",MY_W1311505864
node,4955138177,100.4197276,5.4588598,tower,communication,,,UNKNOWN,,"{""man_made"": ""tower"", ""tower:type"": ""communication""}",MY_N4955138177
node,5395408067,100.4207602,6.331022,tower,communication,,,UNKNOWN,,"{""man_made"": ""tower"", ""tower:type"": ""communication""}",MY_N5395408067
way,390112561,100.4210452,6.4368795,tower,communication,,,UNKNOWN,,"{""building"": ""yes"", ""man_made"": ""tower"", ""tower:type"": ""communication""}",MY_W390112561
node,2888308600,100.425056,6.16856,tower,communication,,,UNKNOWN,,"{""man_made"": ""tower"", ""source"": ""GPS survey, Mapbox"", ""tower:type"": ""communication""}",MY_N2888308600
node,4195769900,100.4266032,6.204536,tower,communication,,Kepala Batas Hill,UNKNOWN,,"{""man_made"": ""tower"", ""name"": ""Kepala Batas Hill"", ""tower:type"": ""communication""}",MY_N4195769900
node,4625586068,100.4287529,5.501852,tower,communication,,,UNKNOWN,,"{""man_made"": ""tower"", ""tower:type"": ""communication""}",MY_N4625586068
node,4625586066,100.429283,5.5034611,tower,communication,,,UNKNOWN,,"{""man_made"": ""tower"", ""tower:type"": ""communication""}",MY_N4625586066
way,1311793313,100.4336405,5.786498,tower,communication,,,UNKNOWN,,"{""man_made"": ""tower"", ""tower:construction"": ""lattice"", ""tower:type"": ""communication""}",MY_W1311793313
node,4625627407,100.434431,5.5489887,tower,communication,,,UNKNOWN,,"{""man_made"": ""tower"", ""tower:type"": ""communication""}",MY_N4625627407
way,1311793315,100.4348251,5.787012,tower,communication,,,UNKNOWN,,"{""building"": ""yes"", ""man_made"": ""tower"", ""tower:construction"": ""lattice"", ""tower:type"": ""communication""}",MY_W1311793315
way,1311793314,100.434989,5.7873288,tower,communication,,,UNKNOWN,,"{""building"": ""yes"", ""man_made"": ""tower"", ""tower:construction"": ""lattice"", ""tower:type"": ""communication""}",MY_W1311793314
node,4567112599,100.436565,5.5779467,tower,communication,,,UNKNOWN,,"{""man_made"": ""tower"", ""tower:type"": ""communication""}",MY_N4567112599
node,4625637084,100.4367892,5.5781926,tower,communication,,,UNKNOWN,,"{""man_made"": ""tower"", ""tower:type"": ""communication""}",MY_N4625637084
way,1311840962,100.4378941,5.7993504,tower,communication,,,UNKNOWN,,"{""man_made"": ""tower"", ""tower:construction"": ""lattice"", ""tower:type"": ""communication""}",MY_W1311840962
way,1311840972,100.4384674,5.7979671,tower,communication,,,UNKNOWN,,"{""man_made"": ""tower"", ""tower:construction"": ""lattice"", ""tower:type"": ""communication""}",MY_W1311840972
node,3604853933,100.4395167,6.02996,tower,communication,,,UNKNOWN,,"{""man_made"": ""tower"", ""tower:type"": ""communication""}",MY_N3604853933
node,4955138206,100.4402786,5.5043009,tower,communication,,,UNKNOWN,,"{""man_made"": ""tower"", ""tower:type"": ""communication""}",MY_N4955138206
node,4760131971,100.449168,5.9773144,tower,communication,,,UNKNOWN,,"{""man_made"": ""tower"", ""tower:type"": ""communication""}",MY_N4760131971
node,4573203388,100.4561009,5.4806244,tower,communication,,,UNKNOWN,,"{""man_made"": ""tower"", ""tower:type"": ""communication""}",MY_N4573203388
node,5952916379,100.4643769,5.3555972,tower,communication,,,UNKNOWN,,"{""man_made"": ""tower"", ""tower:type"": ""communication""}",MY_N5952916379
node,4612165249,100.4664133,5.6745357,tower,communication,,,UNKNOWN,,"{""man_made"": ""tower"", ""tower:type"": ""communication""}",MY_N4612165249
node,8825706826,100.4728011,5.1316839,tower,communication,,,UNKNOWN,,"{""man_made"": ""tower"", ""tower:type"": ""communication""}",MY_N8825706826
way,879207161,100.4771415,5.1240179,tower,communication,,,UNKNOWN,,"{""building"": ""yes"", ""man_made"": ""tower"", ""tower:type"": ""communication""}",MY_W879207161
node,5646827136,100.4809651,5.7997589,tower,communication,,,UNKNOWN,,"{""man_made"": ""tower"", ""tower:type"": ""communication""}",MY_N5646827136
node,4560309077,100.4828514,5.3666053,tower,communication,,,UNKNOWN,,"{""man_made"": ""tower"", ""tower:type"": ""communication""}",MY_N4560309077
node,4758418627,100.4832673,6.0239427,tower,communication,,,UNKNOWN,,"{""man_made"": ""tower"", ""tower:type"": ""communication""}",MY_N4758418627
node,5931380383,100.4835268,5.3668847,tower,communication,,,UNKNOWN,,"{""man_made"": ""tower"", ""tower:type"": ""communication""}",MY_N5931380383
node,4560309078,100.483715,5.3670406,tower,communication,,,UNKNOWN,,"{""man_made"": ""tower"", ""tower:type"": ""communication""}",MY_N4560309078
node,5931380384,100.4840973,5.3672374,tower,communication,,,UNKNOWN,,"{""man_made"": ""tower"", ""tower:type"": ""communication""}",MY_N5931380384
node,14135289964,100.4861744,5.6408089,tower,communication,,,UNKNOWN,,"{""man_made"": ""tower"", ""tower:type"": ""communication""}",MY_N14135289964
node,12434275222,100.4939649,5.1323951,mast,communication,,,UNKNOWN,,"{""man_made"": ""mast"", ""tower:type"": ""communication""}",MY_N12434275222
node,12434275187,100.4956257,5.1304313,mast,communication,,,UNKNOWN,,"{""man_made"": ""mast"", ""tower:type"": ""communication""}",MY_N12434275187
node,4952889109,100.4980668,5.7939763,tower,communication,,,UNKNOWN,,"{""man_made"": ""tower"", ""tower:type"": ""communication""}",MY_N4952889109
node,7049747274,100.5141963,6.1168889,tower,communication,,,UNKNOWN,,"{""man_made"": ""tower"", ""tower:type"": ""communication""}",MY_N7049747274
node,4218038791,100.5222728,5.6986676,tower,communication,Maxis,,UNKNOWN,,"{""man_made"": ""tower"", ""operator"": ""Maxis"", ""tower:type"": ""communication""}",MY_N4218038791
node,7003374699,100.5268628,5.3776318,mast,communication,,,UNKNOWN,,"{""man_made"": ""mast"", ""tower:type"": ""communication""}",MY_N7003374699
node,12397225227,100.5292552,5.3723377,mast,communication,,,UNKNOWN,,"{""man_made"": ""mast"", ""tower:type"": ""communication""}",MY_N12397225227
node,12397225226,100.5296414,5.3808803,mast,communication,,,NR,,"{""communication:4g"": ""yes"", ""communication:4g+"": ""yes"", ""communication:5g"": ""yes"", ""communication:lte"": ""yes"", ""man_made"": ""mast"", ""tower:type"": ""communication""}",MY_N12397225226
node,12397225225,100.5327049,5.3897182,mast,communication,,,LTE,yes,"{""communication:4g"": ""yes"", ""communication:4g+"": ""yes"", ""communication:gsm"": ""yes"", ""communication:lte"": ""yes"", ""communication:mobile_phone"": ""yes"", ""man_made"": ""mast"", ""tower:type"": ""communication""}",MY_N12397225225
node,12397225228,100.5365635,5.3763431,mast,communication,,,UNKNOWN,,"{""man_made"": ""mast"", ""tower:type"": ""communication""}",MY_N12397225228
node,12397225224,100.5373272,5.3873004,mast,communication,,,NR,yes,"{""communication:4g"": ""yes"", ""communication:4g+"": ""yes"", ""communication:5g"": ""yes"", ""communication:gsm"": ""yes"", ""communication:mobile_phone"": ""yes"", ""man_made"": ""mast"", ""tower:type"": ""communication""}",MY_N12397225224
node,12397225229,100.5377216,5.3747606,mast,communication,,,UNKNOWN,,"{""man_made"": ""mast"", ""tower:type"": ""communication""}",MY_N12397225229
node,12432739231,100.5378378,5.383101,mast,communication,,,LTE,yes,"{""communication:4g"": ""yes"", ""communication:4g+"": ""yes"", ""communication:mobile_phone"": ""yes"", ""man_made"": ""mast"", ""tower:type"": ""communication""}",MY_N12432739231
node,12397225230,100.5406127,5.3787834,mast,communication,,,UNKNOWN,,"{""man_made"": ""mast"", ""tower:type"": ""communication""}",MY_N12397225230
node,12397225231,100.5406273,5.3778395,mast,communication,,,UNKNOWN,yes,"{""communication:mobile_phone"": ""yes"", ""man_made"": ""mast"", ""tower:construction"": ""freestanding"", ""tower:type"": ""communication""}",MY_N12397225231
node,12397225232,100.5412074,5.3710921,mast,communication,,,UNKNOWN,yes,"{""communication:mobile_phone"": ""yes"", ""man_made"": ""mast"", ""tower:type"": ""communication""}",MY_N12397225232
node,12432739232,100.5435824,5.3678387,mast,communication,,,LTE,yes,"{""communication:4g"": ""yes"", ""communication:4g+"": ""yes"", ""communication:mobile_phone"": ""yes"", ""man_made"": ""mast"", ""tower:type"": ""communication""}",MY_N12432739232
node,12397225233,100.5461357,5.3845451,mast,communication,,,NR,,"{""communication:4g"": ""yes"", ""communication:4g+"": ""yes"", ""communication:5g"": ""yes"", ""communication:lte"": ""yes"", ""man_made"": ""mast"", ""tower:type"": ""communication""}",MY_N12397225233
node,12432739233,100.5463044,5.369578,mast,communication,,,NR,yes,"{""communication:4g"": ""yes"", ""communication:4g+"": ""yes"", ""communication:5g"": ""yes"", ""communication:mobile_phone"": ""yes"", ""man_made"": ""mast"", ""tower:type"": ""communication""}",MY_N12432739233
node,506433555,100.549163,4.2316804,tower,communication,,,UNKNOWN,,"{""man_made"": ""tower"", ""tower:type"": ""communication""}",MY_N506433555
node,12432739234,100.5504914,5.3722882,mast,communication,,,LTE,yes,"{""communication:4g"": ""yes"", ""communication:4g+"": ""yes"", ""communication:mobile_phone"": ""yes"", ""man_made"": ""mast"", ""tower:type"": ""communication""}",MY_N12432739234
node,12717488852,100.5552061,5.0009341,mast,communication,,,UNKNOWN,,"{""man_made"": ""mast"", ""tower:type"": ""communication""}",MY_N12717488852
node,6795232571,100.5688654,5.3727789,mast,communication,,,UNKNOWN,,"{""man_made"": ""mast"", ""tower:type"": ""communication""}",MY_N6795232571
way,1312400607,100.5715815,5.4065907,tower,communication,,,UNKNOWN,,"{""man_made"": ""tower"", ""tower:construction"": ""lattice"", ""tower:type"": ""communication""}",MY_W1312400607
way,1312400606,100.5716273,5.4062952,tower,communication,,,UNKNOWN,,"{""man_made"": ""tower"", ""tower:construction"": ""lattice"", ""tower:type"": ""communication""}",MY_W1312400606
way,1312400608,100.571717,5.4069415,tower,communication,,,UNKNOWN,,"{""man_made"": ""tower"", ""tower:construction"": ""lattice"", ""tower:type"": ""communication""}",MY_W1312400608
way,1312840745,100.5738307,5.1776945,tower,communication,,,UNKNOWN,,"{""man_made"": ""tower"", ""tower:construction"": ""lattice"", ""tower:type"": ""communication""}",MY_W1312840745
way,1312840761,100.5742731,5.1745864,tower,communication,,,UNKNOWN,,"{""man_made"": ""tower"", ""tower:construction"": ""lattice"", ""tower:type"": ""communication""}",MY_W1312840761
node,5392512623,100.5745279,4.2127759,tower,communication,,,UNKNOWN,,"{""man_made"": ""tower"", ""tower:type"": ""communication""}",MY_N5392512623
node,11399381206,100.5945352,4.2578429,communications_tower,communication,,,UNKNOWN,,"{""man_made"": ""communications_tower"", ""tower:type"": ""communication""}",MY_N11399381206
way,1274670480,100.6048586,4.1973066,tower,communication,,,UNKNOWN,,"{""building"": ""yes"", ""man_made"": ""tower"", ""tower:construction"": ""lattice"", ""tower:type"": ""communication""}",MY_W1274670480
node,12441857996,100.6121276,5.2087852,mast,communication,,,UNKNOWN,,"{""man_made"": ""mast"", ""tower:type"": ""communication""}",MY_N12441857996
node,3720185425,100.6224141,5.8090141,tower,communication,TM,,UNKNOWN,,"{""man_made"": ""tower"", ""operator"": ""TM"", ""source"": ""Bing 2013;survey"", ""tower:type"": ""communication""}",MY_N3720185425
node,3234716501,100.6482271,5.0424984,tower,communication,,,UNKNOWN,,"{""man_made"": ""tower"", ""tower:type"": ""communication""}",MY_N3234716501
node,7567968606,100.6515911,5.6059477,tower,communication,,,UNKNOWN,,"{""man_made"": ""tower"", ""tower:type"": ""communication""}",MY_N7567968606
way,1165977860,100.7236908,4.8663312,tower,communication,,,UNKNOWN,,"{""building"": ""yes"", ""man_made"": ""tower"", ""source"": ""microsoft/BuildingFootprints"", ""tower:type"": ""communication""}",MY_W1165977860
node,8090717866,100.7244828,4.1994122,mast,communication,,,UNKNOWN,,"{""man_made"": ""mast"", ""tower:construction"": ""freestanding"", ""tower:type"": ""communication""}",MY_N8090717866
node,8091057340,100.746375,4.2851415,tower,communication,,,UNKNOWN,,"{""man_made"": ""tower"", ""tower:construction"": ""lattice"", ""tower:type"": ""communication""}",MY_N8091057340
node,8091061663,100.7488024,4.2863157,tower,communication,,,UNKNOWN,,"{""man_made"": ""tower"", ""tower:construction"": ""lattice"", ""tower:type"": ""communication""}",MY_N8091061663
node,7594127522,100.7851745,5.6181506,tower,communication,,,UNKNOWN,,"{""man_made"": ""tower"", ""source"": ""https://openstreetcam.org/details/2316486/2734/track-info"", ""tower:type"": ""communication""}",MY_N7594127522
way,1254490022,100.8060575,4.8567188,tower,communication,,,UNKNOWN,,"{""man_made"": ""tower"", ""tower:construction"": ""lattice"", ""tower:type"": ""communication""}",MY_W1254490022
way,1254490023,100.8061542,4.8564551,tower,communication,,,UNKNOWN,,"{""man_made"": ""tower"", ""tower:construction"": ""lattice"", ""tower:type"": ""communication""}",MY_W1254490023
way,1254490021,100.806479,4.8568145,tower,communication,,,UNKNOWN,,"{""man_made"": ""tower"", ""tower:construction"": ""lattice"", ""tower:type"": ""communication""}",MY_W1254490021
node,12497506008,100.8300553,5.6340991,mast,communication,,,UNKNOWN,,"{""man_made"": ""mast"", ""tower:type"": ""communication""}",MY_N12497506008
node,12968711538,100.8443073,5.0843396,communications_tower,communication,,,UNKNOWN,,"{""man_made"": ""communications_tower"", ""tower:type"": ""communication""}",MY_N12968711538
node,12458638891,100.9166441,5.6695014,mast,communication,,,UNKNOWN,,"{""man_made"": ""mast"", ""tower:type"": ""communication""}",MY_N12458638891
node,4928415626,100.922359,5.6079573,tower,communication,,,UNKNOWN,,"{""man_made"": ""tower"", ""tower:type"": ""communication""}",MY_N4928415626
node,11766381937,100.9324436,4.77697,mast,,,,UNKNOWN,,"{""man_made"": ""mast""}",MY_N11766381937
node,1727292934,100.9368327,4.7204055,tower,communication,,,UNKNOWN,,"{""man_made"": ""tower"", ""tower:type"": ""communication""}",MY_N1727292934
node,3782301332,100.9542024,4.3516204,communications_tower,,,,UNKNOWN,,"{""man_made"": ""communications_tower""}",MY_N3782301332
node,6130994429,100.9764645,5.7146005,tower,communication,,,UNKNOWN,,"{""man_made"": ""tower"", ""tower:construction"": ""lattice"", ""tower:type"": ""communication""}",MY_N6130994429
way,1122921707,101.01024,4.5899108,communications_tower,,Telekom Malaysia,Stesen Pemancar Bukit Kledang Bawah,UNKNOWN,,"{""man_made"": ""communications_tower"", ""name"": ""Stesen Pemancar Bukit Kledang Bawah"", ""operator"": ""Telekom Malaysia""}",MY_W1122921707
way,1255218612,101.0102959,4.5896778,tower,communication,,,UNKNOWN,,"{""building"": ""tower"", ""man_made"": ""tower"", ""tower:construction"": ""lattice"", ""tower:type"": ""communication""}",MY_W1255218612
way,1255218611,101.010419,4.5900912,tower,communication,,,UNKNOWN,,"{""building"": ""tower"", ""man_made"": ""tower"", ""tower:construction"": ""lattice"", ""tower:type"": ""communication""}",MY_W1255218611
way,1122921706,101.0112403,4.5913881,communications_tower,,,,UNKNOWN,,"{""man_made"": ""communications_tower""}",MY_W1122921706
way,1255218623,101.0133991,4.5945301,tower,communication,,,UNKNOWN,,"{""building"": ""tower"", ""man_made"": ""tower"", ""tower:construction"": ""lattice"", ""tower:type"": ""communication""}",MY_W1255218623
way,1122921708,101.0138127,4.5942967,communications_tower,,Telekom Malaysia,Stesen Pemancar Bukit Kledang Atas,UNKNOWN,,"{""man_made"": ""communications_tower"", ""name"": ""Stesen Pemancar Bukit Kledang Atas"", ""operator"": ""Telekom Malaysia""}",MY_W1122921708
way,1255218617,101.0141513,4.594149,tower,communication,,,UNKNOWN,,"{""building"": ""tower"", ""man_made"": ""tower"", ""tower:construction"": ""lattice"", ""tower:type"": ""communication""}",MY_W1255218617
way,1255218618,101.0147466,4.593569,tower,communication,,,UNKNOWN,,"{""building"": ""tower"", ""man_made"": ""tower"", ""tower:construction"": ""lattice"", ""tower:type"": ""communication""}",MY_W1255218618
way,1255218619,101.0151841,4.5934383,tower,communication,,,UNKNOWN,,"{""building"": ""tower"", ""man_made"": ""tower"", ""tower:construction"": ""lattice"", ""tower:type"": ""communication""}",MY_W1255218619
node,8085760113,101.0162964,4.0278935,mast,communication,,,UNKNOWN,,"{""man_made"": ""mast"", ""tower:construction"": ""freestanding"", ""tower:type"": ""communication""}",MY_N8085760113
node,8095997576,101.0495813,4.5672983,mast,communication,,,UNKNOWN,,"{""man_made"": ""mast"", ""tower:construction"": ""freestanding"", ""tower:type"": ""communication""}",MY_N8095997576
node,8106032860,101.0688034,4.586677,mast,communication,,,UNKNOWN,,"{""man_made"": ""mast"", ""tower:construction"": ""freestanding"", ""tower:type"": ""communication""}",MY_N8106032860
node,7417373280,101.0822573,4.5950146,tower,communication,,,UNKNOWN,,"{""man_made"": ""tower"", ""tower:type"": ""communication""}",MY_N7417373280
node,8263445806,101.0924041,4.5977912,mast,lighting,,,UNKNOWN,,"{""man_made"": ""mast"", ""tower:construction"": ""freestanding"", ""tower:type"": ""lighting""}",MY_N8263445806
node,8263445804,101.0925677,4.5968113,mast,lighting,,,UNKNOWN,,"{""man_made"": ""mast"", ""tower:construction"": ""freestanding"", ""tower:type"": ""lighting""}",MY_N8263445804
node,8263445805,101.0931417,4.5978994,mast,lighting,,,UNKNOWN,,"{""man_made"": ""mast"", ""tower:construction"": ""freestanding"", ""tower:type"": ""lighting""}",MY_N8263445805
node,8263445803,101.0932879,4.5969276,mast,lighting,,,UNKNOWN,,"{""man_made"": ""mast"", ""tower:construction"": ""freestanding"", ""tower:type"": ""lighting""}",MY_N8263445803
node,8099999650,101.1070865,4.7139512,mast,communication,,,UNKNOWN,,"{""man_made"": ""mast"", ""tower:type"": ""communication""}",MY_N8099999650
node,7923607620,101.1177395,4.3535661,tower,communication,,,UNKNOWN,,"{""man_made"": ""tower"", ""tower:type"": ""communication""}",MY_N7923607620
node,11221657074,101.1432645,4.9955247,mast,communication,,,UNKNOWN,yes,"{""communication:mobile_phone"": ""yes"", ""man_made"": ""mast"", ""tower:type"": ""communication""}",MY_N11221657074
node,8066614434,101.1531868,4.492645,tower,communication,,,UNKNOWN,,"{""man_made"": ""tower"", ""tower:type"": ""communication""}",MY_N8066614434
node,8068563589,101.1532616,4.4600404,tower,communication,,,UNKNOWN,,"{""man_made"": ""tower"", ""tower:type"": ""communication""}",MY_N8068563589
node,5380592531,101.1730872,4.0023815,tower,communication,,,UNKNOWN,,"{""man_made"": ""tower"", ""tower:type"": ""communication""}",MY_N5380592531
node,2419619291,101.246832,3.3423045,tower,communication,,,UNKNOWN,,"{""man_made"": ""tower"", ""tower:type"": ""communication""}",MY_N2419619291
node,9938117617,101.2539821,3.01954,mast,communication,,,UNKNOWN,,"{""man_made"": ""mast"", ""tower:type"": ""communication""}",MY_N9938117617
way,1144244595,101.2560915,4.1791724,tower,communication,,,UNKNOWN,,"{""building"": ""yes"", ""communication:radio_broadcast"": ""yes"", ""layer"": ""1"", ""man_made"": ""tower"", ""tower:type"": ""communication""}",MY_W1144244595
node,8221431663,101.2705406,4.1466581,tower,communication,,,UNKNOWN,,"{""man_made"": ""tower"", ""tower:type"": ""communication""}",MY_N8221431663
node,11738300326,101.2847091,3.2997203,communications_tower,,,,UNKNOWN,,"{""man_made"": ""communications_tower""}",MY_N11738300326
way,1259361634,101.3015054,5.1228761,tower,communication,,,UNKNOWN,,"{""building"": ""yes"", ""man_made"": ""tower"", ""tower:construction"": ""lattice"", ""tower:type"": ""communication""}",MY_W1259361634
node,14031280271,101.3102236,4.0037754,tower,communication,,,UNKNOWN,,"{""man_made"": ""tower"", ""tower:construction"": ""lattice"", ""tower:type"": ""communication""}",MY_N14031280271
node,12603668089,101.3357529,2.8708484,tower,communication,,,UNKNOWN,,"{""man_made"": ""tower"", ""tower:type"": ""communication""}",MY_N12603668089
node,5230359448,101.3495099,3.9144902,mast,communication,,,UNKNOWN,,"{""man_made"": ""mast"", ""tower:type"": ""communication""}",MY_N5230359448
node,8513142479,101.3506418,2.9781443,mast,communication,,,UNKNOWN,,"{""man_made"": ""mast"", ""tower:construction"": ""freestanding"", ""tower:type"": ""communication""}",MY_N8513142479
node,13331200729,101.3657673,4.4500823,mast,communication,,,UNKNOWN,yes,"{""communication:microwave"": ""yes"", ""communication:mobile_phone"": ""yes"", ""description"": ""Green colour"", ""man_made"": ""mast"", ""tower:construction"": ""lattice"", ""tower:type"": ""communication""}",MY_N13331200729
node,12988846941,101.3691001,4.4866901,tower,communication,,,UNKNOWN,,"{""man_made"": ""tower"", ""tower:type"": ""communication""}",MY_N12988846941
node,11361040488,101.3822552,4.4794395,mast,communication,,,UNKNOWN,yes,"{""communication:mobile_phone"": ""yes"", ""man_made"": ""mast"", ""tower:construction"": ""lattice"", ""tower:type"": ""communication""}",MY_N11361040488
node,4282405794,101.3826661,4.5173661,mast,communication,,Mount Brinchang TM Communication Mast,UNKNOWN,,"{""addr:city"": ""Cameron Highlands"", ""man_made"": ""mast"", ""name"": ""Mount Brinchang TM Communication Mast"", ""name:ms"": ""Menara Pemancar TM Gunung Brinchang"", ""tower:type"": ""communication""}",MY_N4282405794
node,1989261313,101.3827939,4.518853,mast,communication,,,UNKNOWN,,"{""man_made"": ""mast"", ""tower:type"": ""communication""}",MY_N1989261313
node,4688736584,101.3829283,4.5183454,mast,,,,UNKNOWN,,"{""man_made"": ""mast""}",MY_N4688736584
node,10230275358,101.393906,3.0359802,tower,communication,,,LTE,yes,"{""communication:4g"": ""yes"", ""communication:mobile_phone"": ""yes"", ""man_made"": ""tower"", ""tower:construction"": ""tower"", ""tower:type"": ""communication""}",MY_N10230275358
node,12531429458,101.3956922,2.8984348,tower,communication,,,UNKNOWN,,"{""man_made"": ""tower"", ""tower:type"": ""communication""}",MY_N12531429458
node,8659560397,101.4056566,2.9805671,mast,communication,,,UNKNOWN,,"{""man_made"": ""mast"", ""tower:construction"": ""freestanding"", ""tower:type"": ""communication""}",MY_N8659560397
way,1261862989,101.4077115,5.186471,tower,communication,,,UNKNOWN,,"{""building"": ""yes"", ""man_made"": ""tower"", ""tower:construction"": ""lattice"", ""tower:type"": ""communication""}",MY_W1261862989
node,8148777715,101.4104578,3.0229468,mast,communication,,,UNKNOWN,,"{""man_made"": ""mast"", ""tower:construction"": ""freestanding"", ""tower:type"": ""communication""}",MY_N8148777715
node,10224694924,101.4131226,3.0301894,tower,communication,,,LTE,,"{""communication:4g"": ""yes"", ""communication:gsm"": ""yes"", ""communication:mobile"": ""yes"", ""man_made"": ""tower"", ""mimics"": ""pine"", ""tower:construction"": ""steel"", ""tower:type"": ""communication""}",MY_N10224694924
node,12717364277,101.4132721,3.233874,tower,communication,,,UNKNOWN,,"{""man_made"": ""tower"", ""tower:type"": ""communication""}",MY_N12717364277
way,1258156597,101.4151416,5.5538853,tower,communication,,,UNKNOWN,,"{""building"": ""yes"", ""man_made"": ""tower"", ""tower:construction"": ""lattice"", ""tower:type"": ""communication""}",MY_W1258156597
node,8088772324,101.4170533,3.3188085,mast,communication,,,UNKNOWN,,"{""man_made"": ""mast"", ""tower:construction"": ""freestanding"", ""tower:type"": ""communication""}",MY_N8088772324
node,10230298029,101.4202602,3.0372983,tower,communication,,,LTE,yes,"{""communication:4g"": ""yes"", ""communication:mobile_phone"": ""yes"", ""man_made"": ""tower"", ""tower:construction"": ""lattice_steel"", ""tower:type"": ""communication""}",MY_N10230298029
node,12926409708,101.4223158,4.4499031,tower,communication,,,UNKNOWN,,"{""man_made"": ""tower"", ""tower:type"": ""communication""}",MY_N12926409708
node,8008855555,101.4269891,2.9840394,mast,communication,,,UNKNOWN,,"{""man_made"": ""mast"", ""tower:type"": ""communication""}",MY_N8008855555
way,1552737108,101.4280326,3.2283428,tower,communication,,,UNKNOWN,,"{""building"": ""yes"", ""man_made"": ""tower"", ""tower:type"": ""communication""}",MY_W1552737108
node,12038575594,101.4283783,3.2474462,tower,communication,,,UNKNOWN,,"{""man_made"": ""tower"", ""tower:type"": ""communication""}",MY_N12038575594
node,8490772188,101.4340492,3.0143047,mast,communication,,,UNKNOWN,,"{""man_made"": ""mast"", ""tower:construction"": ""freestanding"", ""tower:type"": ""communication""}",MY_N8490772188
node,8201683420,101.4382629,3.1185347,mast,communication,,,UNKNOWN,,"{""man_made"": ""mast"", ""tower:construction"": ""freestanding"", ""tower:type"": ""communication""}",MY_N8201683420
node,8202178174,101.4408392,3.1300524,tower,communication,,,UNKNOWN,,"{""man_made"": ""tower"", ""tower:construction"": ""lattice"", ""tower:type"": ""communication""}",MY_N8202178174
node,12927458268,101.443497,3.0217755,tower,communication,,,UNKNOWN,,"{""man_made"": ""tower"", ""tower:type"": ""communication""}",MY_N12927458268
node,8009459244,101.4479186,3.009932,mast,communication,,,UNKNOWN,,"{""man_made"": ""mast"", ""tower:type"": ""communication""}",MY_N8009459244
node,8487785684,101.4485183,3.0211964,communications_tower,communication,,,UNKNOWN,,"{""man_made"": ""communications_tower"", ""tower:construction"": ""lattice"", ""tower:type"": ""communication""}",MY_N8487785684
node,8487785683,101.4488617,3.0218741,communications_tower,communication,,,UNKNOWN,,"{""man_made"": ""communications_tower"", ""tower:construction"": ""lattice"", ""tower:type"": ""communication""}",MY_N8487785683
node,8006989819,101.4525221,3.0335252,mast,communication,,,UNKNOWN,,"{""man_made"": ""mast"", ""tower:type"": ""communication""}",MY_N8006989819
node,8125185377,101.4819776,3.0543327,mast,communication,,,UNKNOWN,,"{""man_made"": ""mast"", ""tower:construction"": ""freestanding"", ""tower:type"": ""communication""}",MY_N8125185377
node,8044656639,101.4824179,2.8942315,tower,communication,,,UNKNOWN,,"{""man_made"": ""tower"", ""tower:type"": ""communication""}",MY_N8044656639
node,8148264450,101.4851573,3.0729033,mast,communication,,,UNKNOWN,,"{""man_made"": ""mast"", ""tower:construction"": ""freestanding"", ""tower:type"": ""communication""}",MY_N8148264450
node,10317040484,101.4888856,3.0528235,communications_tower,communication,,,UNKNOWN,,"{""man_made"": ""communications_tower"", ""tower:type"": ""communication""}",MY_N10317040484
node,8044687304,101.48895,2.8873091,tower,communication,,,UNKNOWN,,"{""man_made"": ""tower"", ""tower:type"": ""communication""}",MY_N8044687304
node,8044671936,101.4915731,2.885664,mast,communication,,,UNKNOWN,,"{""man_made"": ""mast"", ""tower:type"": ""communication""}",MY_N8044671936
node,8044156760,101.4919195,2.9325889,tower,communication,,,UNKNOWN,,"{""man_made"": ""tower"", ""tower:type"": ""communication""}",MY_N8044156760
node,10923563956,101.4927949,3.2281344,tower,communication,,,UNKNOWN,,"{""man_made"": ""tower"", ""tower:type"": ""communication""}",MY_N10923563956
node,8143719855,101.4937015,3.1359177,tower,communication,,,UNKNOWN,,"{""man_made"": ""tower"", ""tower:construction"": ""lattice"", ""tower:type"": ""communication""}",MY_N8143719855
node,5599579030,101.4989947,3.0127015,mast,communication,,,UNKNOWN,,"{""man_made"": ""mast"", ""tower:construction"": ""lattice"", ""tower:type"": ""communication""}",MY_N5599579030
node,8281177692,101.4993864,3.0122556,mast,communication,,,UNKNOWN,,"{""man_made"": ""mast"", ""tower:construction"": ""freestanding"", ""tower:type"": ""communication""}",MY_N8281177692
node,10672756622,101.5046999,2.9808658,tower,communication,,,UNKNOWN,,"{""man_made"": ""tower"", ""tower:type"": ""communication""}",MY_N10672756622
node,8044980541,101.5084349,2.9118907,mast,communication,,,UNKNOWN,,"{""man_made"": ""mast"", ""tower:type"": ""communication""}",MY_N8044980541
node,403749609,101.512226,3.0779359,mast,,,TM,UNKNOWN,,"{""man_made"": ""mast"", ""name"": ""TM""}",MY_N403749609
node,5453636981,101.5127003,3.0155261,mast,communication,,,UNKNOWN,yes,"{""communication:mobile_phone"": ""yes"", ""man_made"": ""mast"", ""tower:construction"": ""mast"", ""tower:type"": ""communication""}",MY_N5453636981
node,4069889954,101.5146636,2.9127073,tower,communication,,,UNKNOWN,,"{""man_made"": ""tower"", ""tower:type"": ""communication""}",MY_N4069889954
node,4749127191,101.5179796,3.0252931,mast,communication,,,UNKNOWN,,"{""man_made"": ""mast"", ""tower:construction"": ""mast"", ""tower:type"": ""communication""}",MY_N4749127191
node,8044342361,101.5189136,2.9942926,mast,communication,,,UNKNOWN,,"{""man_made"": ""mast"", ""tower:type"": ""communication""}",MY_N8044342361
node,12042056319,101.5191062,3.6621806,mast,communication,,,UNKNOWN,,"{""man_made"": ""mast"", ""tower:type"": ""communication""}",MY_N12042056319
way,972995057,101.5197361,3.6840553,tower,communication,,,UNKNOWN,,"{""building"": ""yes"", ""man_made"": ""tower"", ""tower:type"": ""communication""}",MY_W972995057
node,5788369100,101.5202567,3.3755904,tower,communication,,,UNKNOWN,,"{""man_made"": ""tower"", ""tower:type"": ""communication""}",MY_N5788369100
node,5788369099,101.5206939,3.3744498,tower,communication,,,UNKNOWN,,"{""man_made"": ""tower"", ""tower:type"": ""communication""}",MY_N5788369099
node,8089011204,101.5207985,3.6820216,tower,communication,,,UNKNOWN,,"{""man_made"": ""tower"", ""tower:construction"": ""lattice"", ""tower:type"": ""communication""}",MY_N8089011204
way,1230312032,101.5225305,3.0930128,tower,communication,,,UNKNOWN,,"{""man_made"": ""tower"", ""tower:construction"": ""lattice"", ""tower:type"": ""communication""}",MY_W1230312032
node,4124017619,101.5237033,3.0285874,mast,,,,UNKNOWN,,"{""advertising"": ""billboard"", ""man_made"": ""mast""}",MY_N4124017619
node,4225703452,101.5240938,3.0271881,mast,,,,UNKNOWN,,"{""advertising"": ""billboard"", ""man_made"": ""mast""}",MY_N4225703452
node,4124017453,101.5282178,3.0277028,mast,,,,UNKNOWN,,"{""advertising"": ""billboard"", ""man_made"": ""mast""}",MY_N4124017453
node,4124017454,101.5288728,3.0294731,mast,,,,UNKNOWN,,"{""advertising"": ""billboard"", ""man_made"": ""mast""}",MY_N4124017454
node,4124069725,101.5302446,3.0267335,mast,,,,UNKNOWN,,"{""advertising"": ""billboard"", ""man_made"": ""mast""}",MY_N4124069725
node,4124069726,101.5318482,3.0236466,mast,,,,UNKNOWN,,"{""advertising"": ""billboard"", ""man_made"": ""mast""}",MY_N4124069726
way,1364627838,101.5320779,3.4975494,tower,communication,,,UNKNOWN,,"{""man_made"": ""tower"", ""tower:construction"": ""lattice"", ""tower:type"": ""communication""}",MY_W1364627838
node,8385914978,101.532643,3.0524048,tower,communication,,,UNKNOWN,,"{""man_made"": ""tower"", ""tower:type"": ""communication""}",MY_N8385914978
node,4124069727,101.5330568,3.0180117,mast,,,,UNKNOWN,,"{""advertising"": ""billboard"", ""man_made"": ""mast""}",MY_N4124069727
node,4124069728,101.5357823,3.0143691,mast,,,,UNKNOWN,,"{""advertising"": ""billboard"", ""man_made"": ""mast""}",MY_N4124069728
node,8141381598,101.536016,3.1809599,mast,communication,,,UNKNOWN,,"{""man_made"": ""mast"", ""tower:construction"": ""freestanding"", ""tower:type"": ""communication""}",MY_N8141381598
node,4124069729,101.5368766,3.0141608,mast,,,,UNKNOWN,,"{""advertising"": ""billboard"", ""man_made"": ""mast""}",MY_N4124069729
node,11358783333,101.5373316,3.0203822,tower,communication,,,UNKNOWN,,"{""man_made"": ""tower"", ""tower:type"": ""communication""}",MY_N11358783333
node,4124069730,101.5379754,3.0186893,mast,,,,UNKNOWN,,"{""advertising"": ""billboard"", ""man_made"": ""mast""}",MY_N4124069730
node,11975720519,101.5428187,3.1812346,mast,lighting,,,UNKNOWN,,"{""man_made"": ""mast"", ""tower:type"": ""lighting""}",MY_N11975720519
way,1258179518,101.5432011,5.6052323,tower,communication,,,UNKNOWN,,"{""building"": ""yes"", ""man_made"": ""tower"", ""tower:construction"": ""lattice"", ""tower:type"": ""communication""}",MY_W1258179518
way,1286305455,101.5440788,3.2552759,tower,communication,,,UNKNOWN,,"{""man_made"": ""tower"", ""tower:construction"": ""lattice"", ""tower:type"": ""communication""}",MY_W1286305455
way,1286305456,101.5442321,3.254675,tower,communication,,,UNKNOWN,,"{""man_made"": ""tower"", ""tower:construction"": ""lattice"", ""tower:type"": ""communication""}",MY_W1286305456
node,8141531800,101.5442839,3.179511,mast,communication,,,UNKNOWN,,"{""man_made"": ""mast"", ""tower:construction"": ""freestanding"", ""tower:type"": ""communication""}",MY_N8141531800
way,1286305457,101.5450385,3.2538942,tower,communication,,,UNKNOWN,,"{""man_made"": ""tower"", ""tower:construction"": ""lattice"", ""tower:type"": ""communication""}",MY_W1286305457
node,5462691797,101.546995,3.2545961,mast,,,,UNKNOWN,,"{""man_made"": ""mast"", ""tower:construction"": ""lattice""}",MY_N5462691797
node,412048097,101.5547983,3.0504149,mast,,,,UNKNOWN,,"{""man_made"": ""mast""}",MY_N412048097
node,412048098,101.5577263,3.0467956,mast,,,,UNKNOWN,,"{""man_made"": ""mast""}",MY_N412048098
node,13886055362,101.5593291,2.6624201,mast,communication,,,UNKNOWN,,"{""man_made"": ""mast"", ""tower:type"": ""communication""}",MY_N13886055362
node,8082097597,101.5596987,3.3989981,mast,communication,,,UNKNOWN,,"{""man_made"": ""mast"", ""tower:type"": ""communication""}",MY_N8082097597
node,11853239841,101.5601282,3.0756348,mast,communication,,,UNKNOWN,,"{""communication:television"": ""yes"", ""man_made"": ""mast"", ""tower:type"": ""communication""}",MY_N11853239841
node,11403863828,101.5614581,3.0168439,tower,communication,,,UNKNOWN,,"{""man_made"": ""tower"", ""tower:type"": ""communication""}",MY_N11403863828
node,8119252103,101.5663438,2.9799845,mast,communication,,,UNKNOWN,,"{""man_made"": ""mast"", ""tower:construction"": ""freestanding"", ""tower:type"": ""communication""}",MY_N8119252103
node,8004289377,101.5750685,3.3174348,tower,communication,,,LTE,,"{""communication:3G"": ""yes"", ""communication:4G"": ""yes"", ""communication:lte"": ""yes"", ""man_made"": ""tower"", ""tower:construction"": ""freestanding"", ""tower:type"": ""communication""}",MY_N8004289377
node,9498642399,101.5780582,3.3146521,mast,communication,,,LTE,,"{""communication:3G"": ""yes"", ""communication:4G"": ""yes"", ""communication:lte"": ""yes"", ""man_made"": ""mast"", ""mimics"": ""flagpole"", ""tower:construction"": ""freestanding"", ""tower:type"": ""communication""}",MY_N9498642399
node,12133717335,101.5821508,3.2057819,tower,communication,,,UNKNOWN,,"{""man_made"": ""tower"", ""tower:type"": ""communication""}",MY_N12133717335
node,8114405464,101.5844024,3.3086194,mast,communication,,,LTE,,"{""communication:3G"": ""yes"", ""communication:4G"": ""yes"", ""communication:lte"": ""yes"", ""man_made"": ""mast"", ""tower:construction"": ""freestanding"", ""tower:type"": ""communication""}",MY_N8114405464
node,8081694353,101.5848136,3.4155369,mast,communication,,,UNKNOWN,,"{""man_made"": ""mast"", ""tower:type"": ""communication""}",MY_N8081694353
node,12366513311,101.5856225,3.1142316,tower,communication,,,UNKNOWN,,"{""man_made"": ""tower"", ""tower:type"": ""communication""}",MY_N12366513311
node,12366513312,101.5897492,3.1125047,tower,communication,,,UNKNOWN,,"{""man_made"": ""tower"", ""tower:type"": ""communication""}",MY_N12366513312
node,1982558019,101.5926442,3.0763002,communications_tower,,,,UNKNOWN,,"{""man_made"": ""communications_tower""}",MY_N1982558019
node,13763999844,101.5977962,3.1201172,mast,communication,,,UNKNOWN,yes,"{""communication:mobile_phone"": ""yes"", ""man_made"": ""mast"", ""tower:construction"": ""lattice"", ""tower:type"": ""communication""}",MY_N13763999844
node,13103629668,101.6069296,3.0585177,mast,lighting,,,UNKNOWN,,"{""man_made"": ""mast"", ""tower:construction"": ""freestanding"", ""tower:type"": ""lighting""}",MY_N13103629668
node,13103629669,101.6080897,3.0594806,mast,lighting,,,UNKNOWN,,"{""man_made"": ""mast"", ""tower:construction"": ""freestanding"", ""tower:type"": ""lighting""}",MY_N13103629669
node,13103629667,101.6083887,3.0579231,mast,lighting,,,UNKNOWN,,"{""man_made"": ""mast"", ""tower:construction"": ""freestanding"", ""tower:type"": ""lighting""}",MY_N13103629667
node,13103629670,101.6092256,3.0590728,mast,lighting,,,UNKNOWN,,"{""man_made"": ""mast"", ""tower:construction"": ""freestanding"", ""tower:type"": ""lighting""}",MY_N13103629670
node,8254911755,101.6093892,3.2037728,tower,communication,,,UNKNOWN,,"{""man_made"": ""tower"", ""tower:construction"": ""lattice"", ""tower:type"": ""communication""}",MY_N8254911755
node,13103629671,101.6098961,3.0583068,mast,lighting,,,UNKNOWN,,"{""man_made"": ""mast"", ""tower:construction"": ""freestanding"", ""tower:type"": ""lighting""}",MY_N13103629671
node,5597298234,101.612009,3.1774955,mast,,,,UNKNOWN,,"{""layer"": ""1"", ""man_made"": ""mast""}",MY_N5597298234
way,1262375280,101.6125045,3.1785165,tower,communication,,,UNKNOWN,,"{""access"": ""private"", ""ele"": ""377.6"", ""man_made"": ""tower"", ""material"": ""steel"", ""tower:construction"": ""lattice"", ""tower:type"": ""communication""}",MY_W1262375280
node,8004208520,101.6139071,3.2959146,tower,communication,,,UNKNOWN,,"{""man_made"": ""tower"", ""tower:type"": ""communication""}",MY_N8004208520
node,12384569108,101.6190585,3.1721182,communications_tower,communication,,,UNKNOWN,,"{""man_made"": ""communications_tower"", ""tower:type"": ""communication""}",MY_N12384569108
node,8255238093,101.6193429,3.2039442,mast,communication,,,UNKNOWN,,"{""man_made"": ""mast"", ""tower:construction"": ""freestanding"", ""tower:type"": ""communication""}",MY_N8255238093
node,8120556662,101.619363,3.2100487,antenna,,,,UNKNOWN,yes,"{""communication:mobile_phone"": ""yes"", ""man_made"": ""antenna""}",MY_N8120556662
node,8255238086,101.6225991,3.2063946,mast,communication,,,UNKNOWN,,"{""man_made"": ""mast"", ""tower:construction"": ""freestanding"", ""tower:type"": ""communication""}",MY_N8255238086
node,8255238092,101.6229263,3.2051279,tower,communication,,,UNKNOWN,,"{""man_made"": ""tower"", ""tower:construction"": ""lattice"", ""tower:type"": ""communication""}",MY_N8255238092
node,7841645805,101.6338766,3.2883735,tower,communication,,,UNKNOWN,yes,"{""communication:amateur_radio"": ""no"", ""communication:bos"": ""no"", ""communication:gsm-r"": ""no"", ""communication:microwave"": ""no"", ""communication:mobile_phone"": ""yes"", ""communication:radio"": ""no"", ""communication:satellite"": ""no"", ""communication:television"": ""no"", ""height"": ""30"", ""man_made"": ""tower"", ""source"": ""bing"", ""tower:type"": ""communication""}",MY_N7841645805
node,8081515935,101.6340923,3.4439647,tower,communication,,,UNKNOWN,,"{""man_made"": ""tower"", ""tower:construction"": ""lattice"", ""tower:type"": ""communication""}",MY_N8081515935
node,8224457107,101.6375913,2.8598919,tower,communication,,,UNKNOWN,,"{""man_made"": ""tower"", ""tower:construction"": ""lattice"", ""tower:type"": ""communication""}",MY_N8224457107
way,1259473617,101.6468264,5.1007448,tower,communication,,,UNKNOWN,,"{""building"": ""yes"", ""man_made"": ""tower"", ""tower:construction"": ""lattice"", ""tower:type"": ""communication""}",MY_W1259473617
node,6093033474,101.6478148,3.9827251,mast,,,,UNKNOWN,,"{""man_made"": ""mast"", ""tower:construction"": ""lattice_steel""}",MY_N6093033474
node,11548619078,101.6506067,3.1089118,tower,communication,,,UNKNOWN,,"{""man_made"": ""tower"", ""tower:construction"": ""lattice"", ""tower:type"": ""communication""}",MY_N11548619078
node,8146281229,101.6506791,3.2053475,mast,communication,,,UNKNOWN,,"{""man_made"": ""mast"", ""tower:construction"": ""freestanding"", ""tower:type"": ""communication""}",MY_N8146281229
node,11529006459,101.6559981,2.9787425,mast,communication,,,UNKNOWN,yes,"{""communication:mobile_phone"": ""yes"", ""man_made"": ""mast"", ""tower:type"": ""communication""}",MY_N11529006459
node,8047942568,101.6576021,3.0579681,mast,communication,,,UNKNOWN,,"{""man_made"": ""mast"", ""tower:type"": ""communication""}",MY_N8047942568
way,138669843,101.6587914,3.0916683,tower,communication,,,UNKNOWN,,"{""layer"": ""1"", ""man_made"": ""tower"", ""tower:construction"": ""lattice"", ""tower:type"": ""communication""}",MY_W138669843
way,1264710479,101.6592284,3.0917393,tower,communication,,,UNKNOWN,,"{""man_made"": ""tower"", ""tower:construction"": ""lattice"", ""tower:type"": ""communication""}",MY_W1264710479
node,11264702921,101.6654381,3.1815198,tower,communication,,,UNKNOWN,yes,"{""communication:mobile_phone"": ""yes"", ""man_made"": ""tower"", ""tower:type"": ""communication""}",MY_N11264702921
node,11346244297,101.6664661,2.9477993,tower,communication,,,UNKNOWN,,"{""man_made"": ""tower"", ""tower:type"": ""communication""}",MY_N11346244297
node,13584271255,101.6694204,3.1627527,mast,communication,,,UNKNOWN,yes,"{""communication:mobile_phone"": ""yes"", ""man_made"": ""mast"", ""tower:type"": ""communication""}",MY_N13584271255
node,12247796176,101.6717257,3.0169565,tower,communication,,,UNKNOWN,,"{""man_made"": ""tower"", ""tower:type"": ""communication""}",MY_N12247796176
node,8048433914,101.6720978,3.0484537,tower,communication,,,UNKNOWN,,"{""man_made"": ""tower"", ""tower:type"": ""communication""}",MY_N8048433914
node,12194813653,101.6741428,2.9459188,mast,communication,,,UNKNOWN,,"{""man_made"": ""mast"", ""tower:construction"": ""freestanding"", ""tower:type"": ""communication""}",MY_N12194813653
node,7842060099,101.6746835,3.3894708,tower,communication,,,UNKNOWN,,"{""height"": ""30"", ""man_made"": ""tower"", ""source"": ""bing aerial tracing"", ""tower:type"": ""communication""}",MY_N7842060099
node,9471829676,101.6747639,3.1985374,mast,communication,,,NR,,"{""communication:3G"": ""yes"", ""communication:4G"": ""yes"", ""communication:5G"": ""yes"", ""communication:lte"": ""yes"", ""man_made"": ""mast"", ""mimics"": ""flagpole"", ""tower:construction"": ""freestanding"", ""tower:type"": ""communication""}",MY_N9471829676
node,9466091146,101.6763666,3.1971969,mast,communication,,,NR,,"{""communication:3G"": ""yes"", ""communication:4G"": ""yes"", ""communication:5G"": ""yes"", ""communication:lte"": ""yes"", ""man_made"": ""mast"", ""mimics"": ""flagpole"", ""tower:construction"": ""freestanding"", ""tower:type"": ""communication""}",MY_N9466091146
node,11607769670,101.6778703,3.1638688,mast,communication,,IBS TM Kenny Rise,UNKNOWN,yes,"{""communication:mobile_phone"": ""yes"", ""man_made"": ""mast"", ""name"": ""IBS TM Kenny Rise"", ""tower:type"": ""communication""}",MY_N11607769670
node,9469280562,101.6785754,3.1979203,mast,communication,,,NR,,"{""communication:3G"": ""yes"", ""communication:4G"": ""yes"", ""communication:5G"": ""yes"", ""communication:lte"": ""yes"", ""man_made"": ""mast"", ""mimics"": ""flagpole"", ""tower:construction"": ""freestanding"", ""tower:type"": ""communication""}",MY_N9469280562
node,9469288221,101.679271,3.1958702,mast,communication,,,NR,,"{""communication:3G"": ""yes"", ""communication:4G"": ""yes"", ""communication:5G"": ""yes"", ""communication:lte"": ""yes"", ""man_made"": ""mast"", ""mimics"": ""flagpole"", ""tower:construction"": ""freestanding"", ""tower:type"": ""communication""}",MY_N9469288221
node,10578741616,101.6795256,2.9536631,tower,communication,,,UNKNOWN,,"{""man_made"": ""tower"", ""tower:type"": ""communication""}",MY_N10578741616
node,9469288220,101.6796087,3.1973448,mast,communication,,,NR,,"{""communication:3G"": ""yes"", ""communication:4G"": ""yes"", ""communication:5G"": ""yes"", ""communication:lte"": ""yes"", ""man_made"": ""mast"", ""mimics"": ""flagpole"", ""tower:construction"": ""freestanding"", ""tower:type"": ""communication""}",MY_N9469288220
node,11559092888,101.6798113,3.1000052,mast,communication,,,UNKNOWN,yes,"{""communication:mobile_phone"": ""yes"", ""man_made"": ""mast"", ""tower:type"": ""communication""}",MY_N11559092888
node,12533942882,101.6811801,3.1397701,mast,communication,,,UNKNOWN,yes,"{""communication:mobile_phone"": ""yes"", ""man_made"": ""mast"", ""tower:type"": ""communication""}",MY_N12533942882
node,12941843009,101.6893705,3.183618,mast,communication,,,UNKNOWN,yes,"{""communication:mobile_phone"": ""yes"", ""man_made"": ""mast"", ""tower:construction"": ""lattice"", ""tower:type"": ""communication""}",MY_N12941843009
node,12266031222,101.6896279,3.1378569,mast,communication,,,UNKNOWN,yes,"{""communication:mobile_phone"": ""yes"", ""man_made"": ""mast"", ""tower:type"": ""communication""}",MY_N12266031222
node,4436507977,101.6919064,2.8588486,tower,communication,,,UNKNOWN,,"{""man_made"": ""tower"", ""tower:type"": ""communication""}",MY_N4436507977
way,1285114522,101.6965237,3.3007378,tower,communication,,,UNKNOWN,,"{""man_made"": ""tower"", ""tower:construction"": ""lattice"", ""tower:type"": ""communication""}",MY_W1285114522
node,9029115227,101.6977693,2.7644064,mast,communication,,,UNKNOWN,,"{""man_made"": ""mast"", ""tower:construction"": ""freestanding"", ""tower:type"": ""communication""}",MY_N9029115227
node,8542747596,101.7000138,3.1386829,mast,lighting,,,UNKNOWN,,"{""direction"": ""60"", ""man_made"": ""mast"", ""tower:construction"": ""mast"", ""tower:type"": ""lighting""}",MY_N8542747596
way,728820001,101.7001158,3.0516891,tower,communication,,,UNKNOWN,,"{""man_made"": ""tower"", ""tower:construction"": ""dish"", ""tower:type"": ""communication""}",MY_W728820001
way,728820002,101.7001245,3.0514191,tower,communication,,,UNKNOWN,,"{""man_made"": ""tower"", ""tower:construction"": ""dish"", ""tower:type"": ""communication""}",MY_W728820002
way,728820006,101.700167,3.0510744,tower,communication,,,UNKNOWN,,"{""man_made"": ""tower"", ""tower:construction"": ""dish"", ""tower:type"": ""communication""}",MY_W728820006
node,8542747597,101.7006428,3.1402563,mast,lighting,,,UNKNOWN,,"{""direction"": ""165"", ""man_made"": ""mast"", ""tower:construction"": ""mast"", ""tower:type"": ""lighting""}",MY_N8542747597
node,8542747595,101.7009634,3.138332,mast,lighting,,,UNKNOWN,,"{""direction"": ""345"", ""man_made"": ""mast"", ""tower:construction"": ""mast"", ""tower:type"": ""lighting""}",MY_N8542747595
node,11607773741,101.7015033,3.1283312,mast,communication,,,UNKNOWN,yes,"{""communication:mobile_phone"": ""yes"", ""man_made"": ""mast"", ""tower:type"": ""communication""}",MY_N11607773741
node,8542747598,101.7015749,3.13988,mast,lighting,,,UNKNOWN,,"{""direction"": ""240"", ""man_made"": ""mast"", ""tower:construction"": ""mast"", ""tower:type"": ""lighting""}",MY_N8542747598
node,11226315843,101.7024015,3.2587052,tower,communication,,,UNKNOWN,,"{""man_made"": ""tower"", ""tower:type"": ""communication""}",MY_N11226315843
node,9504789637,101.7045469,3.1226269,mast,communication,,,UNKNOWN,yes,"{""communication:mobile_phone"": ""yes"", ""man_made"": ""mast"", ""tower:type"": ""communication""}",MY_N9504789637
node,11768370522,101.7085513,3.1626233,tower,communication,,,UNKNOWN,,"{""man_made"": ""tower"", ""tower:type"": ""communication""}",MY_N11768370522
node,8058373534,101.7106342,3.0608971,mast,communication,,,LTE,yes,"{""communication:lte"": ""yes"", ""communication:mobile_phone"": ""yes"", ""man_made"": ""mast"", ""tower:construction"": ""monopole"", ""tower:type"": ""communication""}",MY_N8058373534
node,8058373535,101.7111028,3.0593198,mast,communication,,,UNKNOWN,yes,"{""communication:mobile_phone"": ""yes"", ""man_made"": ""mast"", ""tower:construction"": ""monopole"", ""tower:type"": ""communication""}",MY_N8058373535
node,8058373539,101.7118031,3.057261,mast,communication,,,UNKNOWN,yes,"{""communication:mobile_phone"": ""yes"", ""man_made"": ""mast"", ""tower:construction"": ""monopole"", ""tower:type"": ""communication""}",MY_N8058373539
node,9602824113,101.7149958,3.017409,communications_tower,communication,,,UNKNOWN,,"{""man_made"": ""communications_tower"", ""tower:type"": ""communication""}",MY_N9602824113
node,12167585701,101.7171979,3.1753255,mast,lighting,,,UNKNOWN,,"{""direction"": ""45"", ""man_made"": ""mast"", ""tower:construction"": ""lattice"", ""tower:type"": ""lighting""}",MY_N12167585701
node,3765022576,101.7172468,2.9870839,communications_tower,,,,UNKNOWN,,"{""man_made"": ""communications_tower""}",MY_N3765022576
node,12167585702,101.7177328,3.1764508,mast,lighting,,,UNKNOWN,,"{""direction"": ""135"", ""man_made"": ""mast"", ""tower:construction"": ""lattice"", ""tower:type"": ""lighting""}",MY_N12167585702
node,3901579495,101.7178023,3.0185824,tower,communication,,,UNKNOWN,,"{""man_made"": ""tower"", ""tower:type"": ""communication""}",MY_N3901579495
node,12167559700,101.7183523,3.1747697,mast,lighting,,,UNKNOWN,,"{""direction"": ""325"", ""man_made"": ""mast"", ""tower:construction"": ""lattice"", ""tower:type"": ""lighting""}",MY_N12167559700
node,12167559699,101.7188626,3.1759059,mast,lighting,,,UNKNOWN,,"{""direction"": ""245"", ""man_made"": ""mast"", ""tower:construction"": ""lattice"", ""tower:type"": ""lighting""}",MY_N12167559699
node,12182196429,101.7262611,3.1226939,tower,communication,,,UNKNOWN,,"{""man_made"": ""tower"", ""tower:type"": ""communication""}",MY_N12182196429
node,3902995339,101.7262835,3.0029443,tower,communication,,,UNKNOWN,,"{""man_made"": ""tower"", ""tower:type"": ""communication""}",MY_N3902995339
node,7808912865,101.7266084,2.8566411,tower,communication,,,UNKNOWN,,"{""man_made"": ""tower"", ""tower:type"": ""communication""}",MY_N7808912865
node,7808912864,101.7276183,2.8565647,tower,communication,,,UNKNOWN,,"{""man_made"": ""tower"", ""source"": ""bing aerial tracing"", ""tower:type"": ""communication""}",MY_N7808912864
node,7806418386,101.7292906,3.0702008,tower,communication,,,UNKNOWN,,"{""height"": ""15"", ""man_made"": ""tower"", ""tower:construction"": ""lattice_steel"", ""tower:type"": ""communication""}",MY_N7806418386
way,1117797547,101.7295667,3.0703135,tower,communication,,,UNKNOWN,,"{""height"": ""30"", ""layer"": ""1"", ""man_made"": ""tower"", ""tower:construction"": ""lattice_steel"", ""tower:type"": ""communication""}",MY_W1117797547
way,1117797548,101.7306118,3.0709471,tower,communication,,,UNKNOWN,,"{""height"": ""20"", ""man_made"": ""tower"", ""source"": ""survey"", ""tower:construction"": ""lattice_steel"", ""tower:type"": ""communication""}",MY_W1117797548
way,545000403,101.7326689,3.5812473,tower,communication,,Radio Telecommunications Mast,UNKNOWN,,"{""man_made"": ""tower"", ""name"": ""Radio Telecommunications Mast"", ""tower:type"": ""communication""}",MY_W545000403
node,7838524135,101.734136,3.3087108,tower,communication,,,UNKNOWN,,"{""height"": ""30"", ""man_made"": ""tower"", ""note"": ""height is estimated"", ""source"": ""bing aerial tracing"", ""tower:type"": ""communication""}",MY_N7838524135
node,13247860091,101.7346363,5.6967823,communications_tower,communication,,,UNKNOWN,,"{""man_made"": ""communications_tower"", ""material"": ""metal"", ""tower:construction"": ""lattice"", ""tower:type"": ""communication""}",MY_N13247860091
node,12264929850,101.7360183,3.0525691,tower,communication,,,NR,yes,"{""communication:4g"": ""yes"", ""communication:5g"": ""yes"", ""communication:gsm"": ""yes"", ""communication:mobile_phone"": ""yes"", ""height"": ""30"", ""man_made"": ""tower"", ""mimics"": ""tree"", ""tower:construction"": ""monopole"", ""tower:type"": ""communication""}",MY_N12264929850
way,972394406,101.737054,3.2488579,tower,communication,,,UNKNOWN,,"{""building"": ""yes"", ""man_made"": ""tower"", ""tower:type"": ""communication""}",MY_W972394406
node,12068508652,101.7423998,2.8535833,tower,communication,,,UNKNOWN,,"{""man_made"": ""tower"", ""tower:type"": ""communication""}",MY_N12068508652
node,12068508739,101.7438867,2.8565325,tower,communication,,,UNKNOWN,,"{""man_made"": ""tower"", ""tower:type"": ""communication""}",MY_N12068508739
way,1545410223,101.7492611,3.7150864,tower,communication,,,GSM,yes,"{""communication:gsm"": ""yes"", ""communication:gsm-r"": ""yes"", ""communication:mobile"": ""yes"", ""communication:mobile_phone"": ""yes"", ""communication:radio"": ""yes"", ""man_made"": ""tower"", ""tower:construction"": ""lattice"", ""tower:type"": ""communication""}",MY_W1545410223
node,6174781121,101.7509578,3.1898642,mast,communication,,,UNKNOWN,,"{""ele"": ""341.7"", ""man_made"": ""mast"", ""material"": ""steel"", ""tower:construction"": ""lattice"", ""tower:type"": ""communication""}",MY_N6174781121
node,8157413021,101.7510688,3.1903358,mast,communication,,,UNKNOWN,,"{""access"": ""private"", ""man_made"": ""mast"", ""material"": ""steel"", ""tower:construction"": ""freestanding"", ""tower:type"": ""communication""}",MY_N8157413021
way,1545410209,101.7519179,3.7171862,tower,communication,,,UNKNOWN,,"{""man_made"": ""tower"", ""tower:construction"": ""lattice"", ""tower:type"": ""communication""}",MY_W1545410209
way,1545410197,101.7521245,3.7178117,tower,communication,,,UNKNOWN,,"{""building"": ""yes"", ""layer"": ""1"", ""man_made"": ""tower"", ""tower:construction"": ""lattice"", ""tower:type"": ""communication""}",MY_W1545410197
way,1545410199,101.7522389,3.7180882,tower,communication,,,UNKNOWN,,"{""building"": ""yes"", ""man_made"": ""tower"", ""tower:construction"": ""lattice"", ""tower:type"": ""communication""}",MY_W1545410199
way,1259673925,101.753844,5.0273644,tower,communication,,,UNKNOWN,,"{""building"": ""yes"", ""man_made"": ""tower"", ""tower:construction"": ""lattice"", ""tower:type"": ""communication""}",MY_W1259673925
node,9759198822,101.7556482,2.6853921,tower,communication,,,UNKNOWN,,"{""man_made"": ""tower"", ""tower:type"": ""communication""}",MY_N9759198822
node,7838524117,101.7593622,3.3310777,tower,communication,,,UNKNOWN,,"{""height"": ""15"", ""man_made"": ""tower"", ""source"": ""bing aerial tracing"", ""tower:type"": ""communication""}",MY_N7838524117
node,13439298450,101.7685052,3.1131601,mast,communication,,,UNKNOWN,yes,"{""communication:mobile_phone"": ""yes"", ""man_made"": ""mast"", ""tower:type"": ""communication""}",MY_N13439298450
node,12152835803,101.768578,2.9566706,mast,communication,,,UNKNOWN,,"{""man_made"": ""mast"", ""tower:construction"": ""lattice"", ""tower:type"": ""communication""}",MY_N12152835803
node,3902995338,101.7693507,2.8834128,tower,communication,,,UNKNOWN,,"{""man_made"": ""tower"", ""tower:type"": ""communication""}",MY_N3902995338
node,12152835735,101.7709453,2.9583469,mast,communication,,,UNKNOWN,,"{""man_made"": ""mast"", ""tower:construction"": ""lattice"", ""tower:type"": ""communication""}",MY_N12152835735
node,12145341915,101.7785728,2.9447739,mast,communication,,,UNKNOWN,,"{""man_made"": ""mast"", ""tower:construction"": ""freestanding"", ""tower:type"": ""communication""}",MY_N12145341915
node,12141160951,101.7786377,2.9535013,mast,communication,,,UNKNOWN,,"{""man_made"": ""mast"", ""tower:construction"": ""freestanding"", ""tower:type"": ""communication""}",MY_N12141160951
node,12241218628,101.7793104,3.0049176,mast,communication,,,UNKNOWN,,"{""man_made"": ""mast"", ""tower:type"": ""communication""}",MY_N12241218628
node,12111896153,101.7796474,2.957265,tower,communication,,,UNKNOWN,,"{""man_made"": ""tower"", ""mimics"": ""flagpole"", ""tower:construction"": ""freestanding"", ""tower:type"": ""communication""}",MY_N12111896153
node,12114343550,101.7797181,2.9581416,mast,communication,,,UNKNOWN,,"{""man_made"": ""mast"", ""tower:construction"": ""freestanding"", ""tower:type"": ""communication""}",MY_N12114343550
node,12111896121,101.7799789,2.9653325,tower,communication,,,UNKNOWN,,"{""man_made"": ""tower"", ""mimics"": ""flagpole"", ""tower:construction"": ""freestanding"", ""tower:type"": ""communication""}",MY_N12111896121
node,12147506121,101.7802078,2.9504864,mast,communication,,,UNKNOWN,,"{""man_made"": ""mast"", ""tower:construction"": ""freestanding"", ""tower:type"": ""communication""}",MY_N12147506121
node,12145341985,101.780848,2.9466768,mast,communication,,,UNKNOWN,,"{""man_made"": ""mast"", ""tower:construction"": ""freestanding"", ""tower:type"": ""communication""}",MY_N12145341985
node,12143414619,101.781114,2.9647656,mast,communication,,,LTE,,"{""communication:lte"": ""yes"", ""man_made"": ""mast"", ""tower:type"": ""communication""}",MY_N12143414619
node,12137013089,101.7819527,3.0092048,mast,communication,,,UNKNOWN,,"{""communication:radio"": ""yes"", ""man_made"": ""mast"", ""tower:type"": ""communication""}",MY_N12137013089
node,12137013090,101.7822129,3.0097028,mast,communication,,,UNKNOWN,,"{""communication:radio"": ""yes"", ""man_made"": ""mast"", ""tower:type"": ""communication""}",MY_N12137013090
node,12110057369,101.7823906,2.9615166,tower,communication,,,UNKNOWN,,"{""man_made"": ""tower"", ""mimics"": ""flagpole"", ""tower:construction"": ""freestanding"", ""tower:type"": ""communication""}",MY_N12110057369
node,12137013091,101.7823982,3.0131663,mast,communication,,,UNKNOWN,,"{""communication:radio"": ""yes"", ""man_made"": ""mast"", ""tower:type"": ""communication""}",MY_N12137013091
node,12241218640,101.7824749,3.0052982,mast,communication,,,UNKNOWN,,"{""man_made"": ""mast"", ""tower:construction"": ""freestanding"", ""tower:type"": ""communication""}",MY_N12241218640
node,12137013092,101.7826846,3.013816,mast,communication,,,UNKNOWN,,"{""communication:radio"": ""yes"", ""man_made"": ""mast"", ""tower:type"": ""communication""}",MY_N12137013092
node,12137013099,101.7830911,3.0087497,mast,communication,,,UNKNOWN,,"{""communication:radio"": ""yes"", ""man_made"": ""mast"", ""tower:type"": ""communication""}",MY_N12137013099
node,12137013093,101.7833073,3.0138813,mast,communication,,,UNKNOWN,,"{""communication:radio"": ""yes"", ""man_made"": ""mast"", ""tower:type"": ""communication""}",MY_N12137013093
node,13015545329,101.7833154,3.0112857,mast,communication,,,UNKNOWN,,"{""communication:radio"": ""yes"", ""man_made"": ""mast"", ""tower:type"": ""communication""}",MY_N13015545329
node,12137013100,101.7833269,3.0090393,mast,communication,,,UNKNOWN,,"{""communication:radio"": ""yes"", ""man_made"": ""mast"", ""tower:type"": ""communication""}",MY_N12137013100
node,13015606466,101.7835842,3.0087311,mast,communication,,,UNKNOWN,,"{""communication:radio"": ""yes"", ""man_made"": ""mast"", ""tower:type"": ""communication""}",MY_N13015606466
node,12137013095,101.7836622,3.0145094,mast,communication,,,UNKNOWN,,"{""communication:radio"": ""yes"", ""man_made"": ""mast"", ""tower:type"": ""communication""}",MY_N12137013095
node,12137024408,101.7836684,3.0106948,mast,communication,,,UNKNOWN,,"{""communication:radio"": ""yes"", ""man_made"": ""mast"", ""tower:type"": ""communication""}",MY_N12137024408
node,13015545330,101.7838919,3.0116312,mast,communication,,,UNKNOWN,,"{""communication:radio"": ""yes"", ""man_made"": ""mast"", ""tower:type"": ""communication""}",MY_N13015545330
node,13015606467,101.783934,3.0083066,mast,communication,,,UNKNOWN,,"{""communication:radio"": ""yes"", ""man_made"": ""mast"", ""tower:type"": ""communication""}",MY_N13015606467
node,12137024401,101.7840041,3.0126199,mast,communication,,,UNKNOWN,,"{""communication:radio"": ""yes"", ""man_made"": ""mast"", ""tower:type"": ""communication""}",MY_N12137024401
node,12137024407,101.7840223,3.009069,mast,communication,,,UNKNOWN,,"{""communication:radio"": ""yes"", ""man_made"": ""mast"", ""tower:type"": ""communication""}",MY_N12137024407
way,545795634,101.7842092,3.4342874,tower,communication,,,UNKNOWN,,"{""access"": ""private"", ""man_made"": ""tower"", ""tower:type"": ""communication""}",MY_W545795634
node,12137013094,101.7842226,3.0149539,mast,communication,,,UNKNOWN,,"{""communication:radio"": ""yes"", ""man_made"": ""mast"", ""tower:type"": ""communication""}",MY_N12137013094
node,12137024409,101.7842417,3.0110529,mast,communication,,,UNKNOWN,,"{""communication:radio"": ""yes"", ""man_made"": ""mast"", ""tower:type"": ""communication""}",MY_N12137024409
node,13015606465,101.7842801,3.0093472,mast,communication,,,UNKNOWN,,"{""communication:radio"": ""yes"", ""man_made"": ""mast"", ""tower:type"": ""communication""}",MY_N13015606465
node,12137013096,101.7843627,3.0140088,mast,communication,,,UNKNOWN,,"{""communication:radio"": ""yes"", ""man_made"": ""mast"", ""tower:type"": ""communication""}",MY_N12137013096
node,13015606468,101.7843742,3.0086259,mast,communication,,,UNKNOWN,,"{""communication:radio"": ""yes"", ""man_made"": ""mast"", ""tower:type"": ""communication""}",MY_N13015606468
node,12137024402,101.7844194,3.0124125,mast,communication,,,UNKNOWN,,"{""communication:radio"": ""yes"", ""man_made"": ""mast"", ""tower:type"": ""communication""}",MY_N12137024402
node,7838524104,101.7844342,3.3499404,tower,communication,,,UNKNOWN,,"{""height"": ""15"", ""man_made"": ""tower"", ""source"": ""bing aerial tracing"", ""tower:type"": ""communication""}",MY_N7838524104
node,12137024406,101.7845792,3.0098065,mast,communication,,,UNKNOWN,,"{""man_made"": ""mast"", ""tower:type"": ""communication""}",MY_N12137024406
node,13015606469,101.7847729,3.0090429,mast,communication,,,UNKNOWN,,"{""communication:radio"": ""yes"", ""man_made"": ""mast"", ""tower:type"": ""communication""}",MY_N13015606469
node,12137013097,101.7848359,3.0145436,mast,communication,,,UNKNOWN,,"{""communication:radio"": ""yes"", ""man_made"": ""mast"", ""tower:type"": ""communication""}",MY_N12137013097
node,12137024403,101.7848891,3.0116662,mast,communication,,,UNKNOWN,,"{""communication:radio"": ""yes"", ""man_made"": ""mast"", ""tower:type"": ""communication""}",MY_N12137024403
node,13015545328,101.7849553,3.0111258,mast,communication,,,UNKNOWN,,"{""communication:radio"": ""yes"", ""man_made"": ""mast"", ""tower:type"": ""communication""}",MY_N13015545328
node,13015606470,101.7850362,3.0095388,mast,communication,,,UNKNOWN,,"{""communication:radio"": ""yes"", ""man_made"": ""mast"", ""tower:type"": ""communication""}",MY_N13015606470
node,12137013080,101.7850961,3.0060185,mast,communication,,,UNKNOWN,,"{""communication:radio"": ""yes"", ""man_made"": ""mast"", ""tower:type"": ""communication""}",MY_N12137013080
node,12137013081,101.7851273,3.006631,mast,communication,,,UNKNOWN,,"{""communication:radio"": ""yes"", ""man_made"": ""mast"", ""tower:type"": ""communication""}",MY_N12137013081
node,12137013082,101.7851491,3.0072621,mast,communication,,,UNKNOWN,,"{""communication:radio"": ""yes"", ""man_made"": ""mast"", ""tower:type"": ""communication""}",MY_N12137013082
node,12137013083,101.7851771,3.0078684,mast,communication,,,UNKNOWN,,"{""communication:radio"": ""yes"", ""man_made"": ""mast"", ""tower:type"": ""communication""}",MY_N12137013083
node,12137013098,101.7852251,3.0147612,mast,communication,,,UNKNOWN,,"{""communication:radio"": ""yes"", ""man_made"": ""mast"", ""tower:type"": ""communication""}",MY_N12137013098
node,12137013084,101.7852954,3.0085306,mast,communication,,,UNKNOWN,,"{""communication:radio"": ""yes"", ""man_made"": ""mast"", ""tower:type"": ""communication""}",MY_N12137013084
node,12137024404,101.7854247,3.0117369,mast,communication,,,UNKNOWN,,"{""communication:radio"": ""yes"", ""man_made"": ""mast"", ""tower:type"": ""communication""}",MY_N12137024404
node,12137013088,101.7854653,3.010144,mast,communication,,,UNKNOWN,,"{""communication:radio"": ""yes"", ""man_made"": ""mast"", ""tower:type"": ""communication""}",MY_N12137013088
node,12137024405,101.7855073,3.0111856,mast,communication,,,UNKNOWN,,"{""communication:radio"": ""yes"", ""man_made"": ""mast"", ""tower:type"": ""communication""}",MY_N12137024405
node,12137013087,101.7855249,3.0097001,mast,communication,,,UNKNOWN,,"{""communication:radio"": ""yes"", ""man_made"": ""mast"", ""tower:type"": ""communication""}",MY_N12137013087
node,12137013085,101.7856939,3.0089068,mast,communication,,,UNKNOWN,,"{""communication:radio"": ""yes"", ""man_made"": ""mast"", ""tower:type"": ""communication""}",MY_N12137013085
node,13015545327,101.7857482,3.015264,mast,communication,,,UNKNOWN,,"{""communication:radio"": ""yes"", ""man_made"": ""mast"", ""tower:type"": ""communication""}",MY_N13015545327
node,12137013086,101.7860955,3.0092892,mast,communication,,,UNKNOWN,,"{""communication:radio"": ""yes"", ""man_made"": ""mast"", ""tower:type"": ""communication""}",MY_N12137013086
node,7838524095,101.7862916,3.3577256,tower,communication,,,UNKNOWN,,"{""man_made"": ""tower"", ""source"": ""bing aerial tracing"", ""tower:type"": ""communication""}",MY_N7838524095
node,8214146544,101.786938,2.7194947,tower,communication,,,UNKNOWN,,"{""man_made"": ""tower"", ""tower:construction"": ""lattice"", ""tower:type"": ""communication""}",MY_N8214146544
node,10943434976,101.7884132,2.9952885,communications_tower,communication,,,UNKNOWN,,"{""man_made"": ""communications_tower"", ""tower:type"": ""communication""}",MY_N10943434976
way,545795646,101.7885456,3.4276786,tower,communication,Telekom Malaysia,,UNKNOWN,,"{""access"": ""private"", ""building"": ""yes"", ""man_made"": ""tower"", ""operator"": ""Telekom Malaysia"", ""tower:type"": ""communication""}",MY_W545795646
way,694482621,101.7887424,3.4279784,tower,communication,Telekom Malaysia,,UNKNOWN,,"{""access"": ""private"", ""building"": ""yes"", ""man_made"": ""tower"", ""operator"": ""Telekom Malaysia"", ""tower:type"": ""communication""}",MY_W694482621
node,3902995337,101.7889498,2.8650639,tower,communication,,,UNKNOWN,,"{""man_made"": ""tower"", ""tower:type"": ""communication""}",MY_N3902995337
way,694495534,101.7890019,3.4283965,tower,communication,Telekom Malaysia,,UNKNOWN,,"{""access"": ""private"", ""building"": ""yes"", ""layer"": ""1"", ""man_made"": ""tower"", ""operator"": ""Telekom Malaysia"", ""tower:type"": ""communication""}",MY_W694495534
node,12169092717,101.7900455,2.9814806,mast,communication,,,UNKNOWN,,"{""man_made"": ""mast"", ""tower:construction"": ""freestanding"", ""tower:type"": ""communication""}",MY_N12169092717
node,10991780746,101.8138969,3.0560108,communications_tower,communication,,,UNKNOWN,,"{""man_made"": ""communications_tower"", ""tower:type"": ""communication""}",MY_N10991780746
node,13474572720,101.8169117,2.9148047,mast,communication,,,UNKNOWN,yes,"{""communication:mobile_phone"": ""yes"", ""man_made"": ""mast"", ""material"": ""metal"", ""tower:construction"": ""freestanding"", ""tower:type"": ""communication""}",MY_N13474572720
node,9944968255,101.8179589,3.3538587,tower,communication,,,UNKNOWN,,"{""communication:radio"": ""yes"", ""man_made"": ""tower"", ""tower:type"": ""communication""}",MY_N9944968255
node,1945539635,101.8234458,3.3951552,tower,communication,,,UNKNOWN,,"{""man_made"": ""tower"", ""tower:type"": ""communication""}",MY_N1945539635
node,12030488094,101.8254355,2.8906073,tower,communication,,,UNKNOWN,,"{""man_made"": ""tower"", ""tower:type"": ""communication""}",MY_N12030488094
node,8063350945,101.8348158,2.6996554,tower,communication,,,UNKNOWN,,"{""man_made"": ""tower"", ""tower:type"": ""communication""}",MY_N8063350945
node,13845846105,101.8388119,3.394645,tower,communication,,,UNKNOWN,,"{""man_made"": ""tower"", ""tower:type"": ""communication""}",MY_N13845846105
node,13845846092,101.8428594,3.3887505,tower,communication,,,UNKNOWN,,"{""man_made"": ""tower"", ""tower:type"": ""communication""}",MY_N13845846092
node,4200388722,101.8567242,2.8444311,tower,communication,,,UNKNOWN,,"{""man_made"": ""tower"", ""tower:type"": ""communication""}",MY_N4200388722
way,1366117482,101.8567788,3.3348904,tower,communication,,,UNKNOWN,,"{""man_made"": ""tower"", ""tower:construction"": ""lattice"", ""tower:type"": ""communication""}",MY_W1366117482
node,6142258135,101.8628592,5.7434028,tower,communication,,,UNKNOWN,,"{""man_made"": ""tower"", ""tower:construction"": ""lattice"", ""tower:type"": ""communication""}",MY_N6142258135
node,2425808221,101.8887794,5.8202187,tower,communication,,,UNKNOWN,,"{""man_made"": ""tower"", ""tower:type"": ""communication""}",MY_N2425808221
node,8084941767,101.890946,3.5737303,tower,communication,,,UNKNOWN,,"{""man_made"": ""tower"", ""tower:construction"": ""lattice"", ""tower:type"": ""communication""}",MY_N8084941767
way,1288067099,101.8994611,3.100753,tower,communication,,,UNKNOWN,,"{""building"": ""yes"", ""man_made"": ""tower"", ""tower:construction"": ""lattice"", ""tower:type"": ""communication""}",MY_W1288067099
node,11257618116,101.8995995,3.5326965,tower,communication,,,UNKNOWN,,"{""man_made"": ""tower"", ""tower:construction"": ""freestanding"", ""tower:type"": ""communication""}",MY_N11257618116
node,11985118591,101.9034652,2.8131318,tower,communication,,,UNKNOWN,,"{""man_made"": ""tower"", ""tower:type"": ""communication""}",MY_N11985118591
node,7848117182,101.9086553,5.4450595,tower,communication,,,UNKNOWN,,"{""man_made"": ""tower"", ""source"": ""bing aerial tracing"", ""tower:type"": ""communication""}",MY_N7848117182
node,14060840318,101.9100508,2.5770638,tower,communication,,,UNKNOWN,,"{""man_made"": ""tower"", ""tower:type"": ""communication""}",MY_N14060840318
node,11189951508,101.9226336,2.7786229,tower,communication,,,UNKNOWN,,"{""man_made"": ""tower"", ""tower:construction"": ""lattice"", ""tower:type"": ""communication""}",MY_N11189951508
node,11189951504,101.9228824,2.7827743,tower,communication,,,UNKNOWN,,"{""man_made"": ""tower"", ""tower:construction"": ""lattice"", ""tower:type"": ""communication""}",MY_N11189951504
node,9126977972,101.9431391,2.7453539,communications_tower,communication,,,UNKNOWN,,"{""man_made"": ""communications_tower"", ""tower:construction"": ""lattice"", ""tower:type"": ""communication""}",MY_N9126977972
node,9126977973,101.9433135,2.7450056,communications_tower,communication,,,UNKNOWN,,"{""man_made"": ""communications_tower"", ""tower:construction"": ""lattice"", ""tower:type"": ""communication""}",MY_N9126977973
node,8735935858,101.9433671,3.8116888,communications_tower,communication,,,UNKNOWN,,"{""man_made"": ""communications_tower"", ""tower:construction"": ""lattice"", ""tower:type"": ""communication""}",MY_N8735935858
node,8434323581,101.9581997,4.8728922,tower,communication,,,UNKNOWN,,"{""man_made"": ""tower"", ""tower:construction"": ""lattice"", ""tower:type"": ""communication""}",MY_N8434323581
node,8434323582,101.9585055,4.8726357,communications_tower,communication,,,UNKNOWN,,"{""man_made"": ""communications_tower"", ""tower:construction"": ""lattice"", ""tower:type"": ""communication""}",MY_N8434323582
node,3901579555,101.9774743,3.4726038,tower,communication,,,UNKNOWN,,"{""man_made"": ""tower"", ""tower:type"": ""communication""}",MY_N3901579555
way,1367367946,101.9803974,3.1161464,tower,communication,,,UNKNOWN,,"{""man_made"": ""tower"", ""tower:construction"": ""lattice"", ""tower:type"": ""communication""}",MY_W1367367946
node,5510158257,101.9828201,4.525199,tower,communication,,,UNKNOWN,,"{""man_made"": ""tower"", ""tower:type"": ""communication""}",MY_N5510158257
node,8261057768,101.9864006,2.7237368,mast,communication,,,UNKNOWN,,"{""man_made"": ""mast"", ""tower:type"": ""communication""}",MY_N8261057768
node,5510158263,101.9881137,4.5455919,tower,communication,,,UNKNOWN,,"{""man_made"": ""tower"", ""tower:type"": ""communication""}",MY_N5510158263
node,5510158299,101.9958541,4.6172322,tower,communication,,,UNKNOWN,,"{""man_made"": ""tower"", ""tower:type"": ""communication""}",MY_N5510158299
node,5510158305,101.9970148,4.6541355,tower,communication,,,UNKNOWN,,"{""man_made"": ""tower"", ""tower:type"": ""communication""}",MY_N5510158305
node,3901579514,101.9988157,3.4450014,tower,communication,,,UNKNOWN,,"{""man_made"": ""tower"", ""tower:type"": ""communication""}",MY_N3901579514
node,8259081451,101.9993929,2.7845892,mast,communication,,,UNKNOWN,,"{""man_made"": ""mast"", ""tower:construction"": ""lattice"", ""tower:type"": ""communication""}",MY_N8259081451
node,5510158307,102.0105994,4.692216,tower,communication,,,UNKNOWN,,"{""man_made"": ""tower"", ""tower:type"": ""communication""}",MY_N5510158307
node,9006098842,102.0134667,2.4804372,communications_tower,communication,,,UNKNOWN,,"{""man_made"": ""communications_tower"", ""tower:construction"": ""lattice"", ""tower:type"": ""communication""}",MY_N9006098842
way,1368598193,102.0186947,3.1495206,tower,communication,,,UNKNOWN,,"{""man_made"": ""tower"", ""tower:construction"": ""lattice"", ""tower:type"": ""communication""}",MY_W1368598193
node,8032528770,102.0293762,2.6388333,tower,communication,,,UNKNOWN,,"{""man_made"": ""tower"", ""tower:type"": ""communication""}",MY_N8032528770
node,5742976628,102.0414806,3.082494,communications_tower,,,,UNKNOWN,,"{""man_made"": ""communications_tower""}",MY_N5742976628
way,1368699691,102.0417357,3.0823885,tower,communication,,,UNKNOWN,,"{""man_made"": ""tower"", ""tower:construction"": ""lattice"", ""tower:type"": ""communication""}",MY_W1368699691
way,1368623543,102.0541587,3.0941233,tower,communication,,,UNKNOWN,,"{""man_made"": ""tower"", ""tower:construction"": ""lattice"", ""tower:type"": ""communication""}",MY_W1368623543
node,9621355555,102.0638971,4.018178,tower,communication,,,UNKNOWN,,"{""man_made"": ""tower"", ""tower:type"": ""communication""}",MY_N9621355555
node,11241526897,102.0660862,2.8424309,tower,communication,,,UNKNOWN,,"{""man_made"": ""tower"", ""source"": ""bing"", ""tower:type"": ""communication""}",MY_N11241526897
node,3273231502,102.0684485,2.8401342,tower,communication,,,UNKNOWN,,"{""man_made"": ""tower"", ""source"": ""bing"", ""tower:type"": ""communication""}",MY_N3273231502
node,11241526902,102.0685083,2.8406963,tower,communication,,,UNKNOWN,,"{""man_made"": ""tower"", ""source"": ""bing"", ""tower:type"": ""communication""}",MY_N11241526902
node,3273231509,102.0687982,2.8410357,tower,communication,,,UNKNOWN,,"{""man_made"": ""tower"", ""source"": ""bing"", ""tower:type"": ""communication""}",MY_N3273231509
node,8752918921,102.0701692,3.4763957,communications_tower,communication,,,UNKNOWN,,"{""man_made"": ""communications_tower"", ""material"": ""metal"", ""tower:construction"": ""lattice"", ""tower:type"": ""communication""}",MY_N8752918921
way,1372701089,102.075091,2.9991953,tower,communication,,,UNKNOWN,,"{""man_made"": ""tower"", ""tower:construction"": ""lattice"", ""tower:type"": ""communication""}",MY_W1372701089
node,4663189043,102.0795322,3.0039068,mast,,,,UNKNOWN,,"{""man_made"": ""mast""}",MY_N4663189043
way,1381588641,102.0805655,2.9202534,tower,communication,,,UNKNOWN,,"{""man_made"": ""tower"", ""tower:construction"": ""lattice"", ""tower:type"": ""communication""}",MY_W1381588641
node,10230277433,102.0875326,2.3004561,tower,communication,,,LTE,yes,"{""communication:4g"": ""yes"", ""communication:mobile_phone"": ""yes"", ""man_made"": ""tower"", ""tower:construction"": ""lattice_steel"", ""tower:type"": ""communication""}",MY_N10230277433
node,13713417878,102.0962892,6.1726117,mast,communication,,,UNKNOWN,,"{""man_made"": ""mast"", ""material"": ""steel"", ""tower:construction"": ""freestanding"", ""tower:type"": ""communication""}",MY_N13713417878
node,8459640140,102.1018384,2.3624477,mast,communication,,,UNKNOWN,yes,"{""communication:mobile_phone"": ""yes"", ""man_made"": ""mast"", ""tower:type"": ""communication""}",MY_N8459640140
node,9038308805,102.1062767,6.2237856,tower,communication,,,UNKNOWN,,"{""access"": ""private"", ""aeroway:light"": ""obstacle"", ""height"": ""54.86"", ""man_made"": ""tower"", ""material"": ""steel"", ""source"": ""CAAM eAIP 20210812"", ""tower:construction"": ""lattice"", ""tower:type"": ""communication""}",MY_N9038308805
node,13686660305,102.1070825,6.0985934,tower,communication,,,UNKNOWN,,"{""man_made"": ""tower"", ""material"": ""steel"", ""tower:construction"": ""lattice"", ""tower:type"": ""communication""}",MY_N13686660305
way,1533443392,102.1116751,2.7429376,communications_tower,,,,UNKNOWN,,"{""barrier"": ""fence"", ""man_made"": ""communications_tower""}",MY_W1533443392
node,13712401727,102.1148045,6.1845982,tower,communication,,,UNKNOWN,,"{""man_made"": ""tower"", ""material"": ""steel"", ""tower:construction"": ""lattice"", ""tower:type"": ""communication""}",MY_N13712401727
node,8025981358,102.1225182,2.5700432,tower,communication,,,UNKNOWN,,"{""man_made"": ""tower"", ""tower:type"": ""communication""}",MY_N8025981358
node,8025859449,102.1352046,2.5438688,mast,communication,,,UNKNOWN,,"{""man_made"": ""mast"", ""tower:type"": ""communication""}",MY_N8025859449
node,13663195383,102.1379419,6.0378544,mast,lighting,,,UNKNOWN,,"{""man_made"": ""mast"", ""tower:type"": ""lighting""}",MY_N13663195383
node,13663195381,102.1382296,6.0384245,mast,lighting,,,UNKNOWN,,"{""man_made"": ""mast"", ""tower:type"": ""lighting""}",MY_N13663195381
node,13663195382,102.1385213,6.0375723,mast,lighting,,,UNKNOWN,,"{""man_made"": ""mast"", ""tower:type"": ""lighting""}",MY_N13663195382
node,13663195380,102.1388049,6.0381578,mast,lighting,,,UNKNOWN,,"{""man_made"": ""mast"", ""tower:type"": ""lighting""}",MY_N13663195380
node,4193669752,102.1425314,2.8376094,tower,communication,,,UNKNOWN,,"{""man_made"": ""tower"", ""tower:type"": ""communication""}",MY_N4193669752
way,1383475622,102.1433258,2.82303,tower,communication,,,UNKNOWN,,"{""man_made"": ""tower"", ""tower:construction"": ""lattice"", ""tower:type"": ""communication""}",MY_W1383475622
way,1491528657,102.1472093,6.0494193,communications_tower,communication,,,UNKNOWN,,"{""man_made"": ""communications_tower"", ""material"": ""steel"", ""tower:construction"": ""lattice"", ""tower:type"": ""communication""}",MY_W1491528657
node,8778604184,102.1539366,5.8020298,tower,communication,,,UNKNOWN,,"{""man_made"": ""tower"", ""tower:type"": ""communication""}",MY_N8778604184
node,8348937880,102.155495,3.5189226,communications_tower,communication,,,UNKNOWN,,"{""man_made"": ""communications_tower"", ""tower:construction"": ""lattice"", ""tower:type"": ""communication""}",MY_N8348937880
node,8277786902,102.15579,2.789047,tower,communication,,,UNKNOWN,,"{""man_made"": ""tower"", ""tower:construction"": ""lattice"", ""tower:type"": ""communication""}",MY_N8277786902
node,13686353602,102.158998,6.1108076,tower,communication,,,UNKNOWN,,"{""man_made"": ""tower"", ""material"": ""steel"", ""tower:construction"": ""lattice"", ""tower:type"": ""communication""}",MY_N13686353602
node,13678931196,102.1599555,6.0760992,mast,communication,,,UNKNOWN,,"{""man_made"": ""mast"", ""material"": ""steel"", ""tower:construction"": ""freestanding"", ""tower:type"": ""communication""}",MY_N13678931196
node,8780937436,102.1606421,2.463295,tower,communication,,,UNKNOWN,,"{""man_made"": ""tower"", ""tower:type"": ""communication""}",MY_N8780937436
node,8780937437,102.1608755,2.4632414,tower,communication,,,UNKNOWN,,"{""man_made"": ""tower"", ""tower:type"": ""communication""}",MY_N8780937437
node,8780937438,102.1612644,2.4631182,communications_tower,communication,,,UNKNOWN,,"{""man_made"": ""communications_tower"", ""tower:type"": ""communication""}",MY_N8780937438
node,8025609742,102.1620703,2.5143433,mast,communication,,,UNKNOWN,,"{""man_made"": ""mast"", ""tower:type"": ""communication""}",MY_N8025609742
node,13805621364,102.1630085,4.1686142,tower,communication,,,UNKNOWN,,"{""man_made"": ""tower"", ""tower:type"": ""communication""}",MY_N13805621364
node,8785448481,102.1753219,3.5072154,communications_tower,communication,,,UNKNOWN,,"{""man_made"": ""communications_tower"", ""tower:construction"": ""lattice"", ""tower:type"": ""communication""}",MY_N8785448481
way,823099395,102.1754758,5.8927879,tower,communication,,,UNKNOWN,yes,"{""building"": ""yes"", ""communication:mobile_phone"": ""yes"", ""man_made"": ""tower"", ""tower:construction"": ""lattice"", ""tower:type"": ""communication""}",MY_W823099395
way,823097930,102.1755775,5.8933221,tower,communication,,,UNKNOWN,yes,"{""building"": ""yes"", ""communication:mobile_phone"": ""yes"", ""man_made"": ""tower"", ""tower:construction"": ""lattice"", ""tower:type"": ""communication""}",MY_W823097930
node,13678930905,102.1892104,6.0832097,mast,communication,,,UNKNOWN,,"{""man_made"": ""mast"", ""material"": ""steel"", ""tower:construction"": ""freestanding"", ""tower:type"": ""communication""}",MY_N13678930905
way,1456021260,102.1917375,6.1671926,tower,communication,,,UNKNOWN,,"{""building"": ""yes"", ""man_made"": ""tower"", ""tower:construction"": ""lattice"", ""tower:type"": ""communication""}",MY_W1456021260
node,13686353632,102.1918738,6.1023619,mast,communication,,,UNKNOWN,,"{""man_made"": ""mast"", ""material"": ""steel"", ""tower:construction"": ""freestanding"", ""tower:type"": ""communication""}",MY_N13686353632
way,1492305145,102.1935689,6.0782089,communications_tower,communication,,,UNKNOWN,,"{""man_made"": ""communications_tower"", ""material"": ""steel"", ""tower:construction"": ""lattice"", ""tower:type"": ""communication""}",MY_W1492305145
node,3902995326,102.1962234,2.4421983,tower,communication,,,UNKNOWN,,"{""man_made"": ""tower"", ""tower:type"": ""communication""}",MY_N3902995326
node,3902995325,102.2010363,2.4378872,tower,communication,,,UNKNOWN,,"{""man_made"": ""tower"", ""tower:type"": ""communication""}",MY_N3902995325
node,8789765101,102.2069718,2.7284827,communications_tower,communication,,,UNKNOWN,,"{""man_made"": ""communications_tower"", ""tower:construction"": ""lattice"", ""tower:type"": ""communication""}",MY_N8789765101
way,818384093,102.2074157,6.1751838,tower,communication,,,UNKNOWN,yes,"{""building"": ""yes"", ""communication:mobile_phone"": ""yes"", ""height"": ""50"", ""man_made"": ""tower"", ""tower:construction"": ""metal"", ""tower:type"": ""communication""}",MY_W818384093
node,13685405063,102.208124,6.0940688,mast,communication,,,UNKNOWN,,"{""man_made"": ""mast"", ""tower:construction"": ""freestanding"", ""tower:type"": ""communication""}",MY_N13685405063
node,3902995324,102.2162259,2.4202146,tower,communication,,,UNKNOWN,,"{""man_made"": ""tower"", ""tower:type"": ""communication""}",MY_N3902995324
node,4958058752,102.2176615,2.2252589,mast,communication,,,UNKNOWN,yes,"{""communication:mobile_phone"": ""yes"", ""man_made"": ""mast"", ""tower:type"": ""communication""}",MY_N4958058752
node,12546408507,102.2191319,6.1450017,tower,communication,,,UNKNOWN,,"{""man_made"": ""tower"", ""tower:type"": ""communication""}",MY_N12546408507
node,12546408513,102.2191384,6.1447278,tower,communication,,,UNKNOWN,,"{""man_made"": ""tower"", ""tower:type"": ""communication""}",MY_N12546408513
way,810687871,102.2194581,6.1678487,tower,communication,,,UNKNOWN,yes,"{""building"": ""yes"", ""communication:mobile_phone"": ""yes"", ""height"": ""80"", ""man_made"": ""tower"", ""tower:type"": ""communication""}",MY_W810687871
node,13459535295,102.2201461,5.7758643,tower,communication,,,UNKNOWN,,"{""man_made"": ""tower"", ""tower:type"": ""communication""}",MY_N13459535295
node,11972377225,102.2207205,2.3960456,mast,lighting,,,UNKNOWN,,"{""man_made"": ""mast"", ""tower:type"": ""lighting""}",MY_N11972377225
node,4963875869,102.2212032,2.2046536,mast,communication,,,UNKNOWN,yes,"{""communication:mobile_phone"": ""yes"", ""man_made"": ""mast"", ""tower:type"": ""communication""}",MY_N4963875869
way,1312628412,102.2214485,6.1929173,tower,communication,,,UNKNOWN,,"{""building"": ""yes"", ""communication:internet"": ""yes"", ""communication:mobile"": ""yes"", ""man_made"": ""tower"", ""tower:construction"": ""lattice"", ""tower:type"": ""communication""}",MY_W1312628412
node,8791272543,102.222172,3.0824944,communications_tower,communication,,,UNKNOWN,,"{""man_made"": ""communications_tower"", ""tower:type"": ""communication""}",MY_N8791272543
node,4970042970,102.2241064,2.2372975,mast,communication,,,UNKNOWN,yes,"{""communication:mobile_phone"": ""yes"", ""man_made"": ""mast"", ""tower:type"": ""communication""}",MY_N4970042970
way,822583264,102.2256564,6.1571549,tower,communication,,,UNKNOWN,yes,"{""communication:mobile_phone"": ""yes"", ""man_made"": ""tower"", ""tower:type"": ""communication""}",MY_W822583264
way,822583298,102.2271557,6.1584945,tower,communication,,,UNKNOWN,,"{""height"": ""0"", ""man_made"": ""tower"", ""tower:construction"": ""tower"", ""tower:type"": ""communication""}",MY_W822583298
way,818064274,102.2279743,6.1457951,tower,communication,,,UNKNOWN,yes,"{""building"": ""yes"", ""building:structure"": ""steel_frame"", ""communication:mobile_phone"": ""yes"", ""height"": ""50"", ""man_made"": ""tower"", ""tower:type"": ""communication""}",MY_W818064274
node,6555076109,102.2284758,2.2109123,tower,communication,,,UNKNOWN,,"{""man_made"": ""tower"", ""tower:type"": ""communication""}",MY_N6555076109
node,4970042971,102.2290275,2.2530514,mast,communication,,,UNKNOWN,yes,"{""communication:mobile_phone"": ""yes"", ""man_made"": ""mast"", ""tower:type"": ""communication""}",MY_N4970042971
node,9324749766,102.2291325,6.113531,tower,communication,,,UNKNOWN,,"{""man_made"": ""tower"", ""tower:type"": ""communication""}",MY_N9324749766
way,1492798729,102.2294182,6.0803849,communications_tower,communication,,,UNKNOWN,,"{""man_made"": ""communications_tower"", ""material"": ""steel"", ""tower:construction"": ""lattice"", ""tower:type"": ""communication""}",MY_W1492798729
way,1311799403,102.2308312,6.1744125,tower,communication,,,UNKNOWN,,"{""building"": ""yes"", ""man_made"": ""tower"", ""tower:type"": ""communication""}",MY_W1311799403
way,1386907231,102.231525,3.8121878,tower,communication,,,UNKNOWN,,"{""man_made"": ""tower"", ""tower:construction"": ""lattice"", ""tower:type"": ""communication""}",MY_W1386907231
node,5012069413,102.2319071,2.2576023,mast,communication,,,UNKNOWN,yes,"{""communication:mobile_phone"": ""yes"", ""man_made"": ""mast"", ""tower:type"": ""communication""}",MY_N5012069413
node,5723067598,102.2346931,2.2764296,mast,communication,,,UNKNOWN,yes,"{""communication:mobile_phone"": ""yes"", ""man_made"": ""mast"", ""tower:type"": ""communication""}",MY_N5723067598
node,3813367954,102.2362701,6.0856106,tower,communication,,Menara Komunikasi RTM Wakaf Che Yeh,UNKNOWN,,"{""man_made"": ""tower"", ""name"": ""Menara Komunikasi RTM Wakaf Che Yeh"", ""tower:type"": ""communication""}",MY_N3813367954
node,1870943138,102.2402559,6.1276433,tower,communication,,,UNKNOWN,,"{""access"": ""private"", ""aeroway:light"": ""obstacle"", ""ele"": ""126.8"", ""man_made"": ""tower"", ""material"": ""steel"", ""tower:construction"": ""lattice"", ""tower:type"": ""communication""}",MY_N1870943138
node,4970042972,102.2413536,2.1988836,mast,communication,,,UNKNOWN,yes,"{""communication:mobile_phone"": ""yes"", ""man_made"": ""mast"", ""tower:type"": ""communication""}",MY_N4970042972
node,4999309149,102.2430114,2.2656262,mast,communication,,,UNKNOWN,yes,"{""communication:mobile_phone"": ""yes"", ""man_made"": ""mast"", ""tower:type"": ""communication""}",MY_N4999309149
node,1869579109,102.2433544,6.1095082,tower,communication,,,UNKNOWN,,"{""man_made"": ""tower"", ""tower:type"": ""communication""}",MY_N1869579109
node,8794834933,102.2435921,2.7438965,tower,communication,,,UNKNOWN,,"{""man_made"": ""tower"", ""tower:construction"": ""lattice"", ""tower:type"": ""communication""}",MY_N8794834933
node,8794834932,102.2436672,2.7443465,tower,communication,,,UNKNOWN,,"{""man_made"": ""tower"", ""tower:construction"": ""lattice"", ""tower:type"": ""communication""}",MY_N8794834932
node,8794834931,102.2442412,2.7446252,tower,communication,,,UNKNOWN,,"{""man_made"": ""tower"", ""tower:construction"": ""lattice"", ""tower:type"": ""communication""}",MY_N8794834931
node,4970042973,102.2453539,2.1932634,mast,communication,,,UNKNOWN,yes,"{""communication:mobile_phone"": ""yes"", ""man_made"": ""mast"", ""tower:type"": ""communication""}",MY_N4970042973
node,11972345281,102.2462389,2.3636043,mast,lighting,,,UNKNOWN,,"{""man_made"": ""mast"", ""tower:type"": ""lighting""}",MY_N11972345281
node,13679676092,102.2463287,6.0782416,mast,communication,,,UNKNOWN,,"{""man_made"": ""mast"", ""material"": ""steel"", ""tower:construction"": ""freestanding"", ""tower:type"": ""communication""}",MY_N13679676092
node,3902995323,102.2500109,2.3606057,tower,communication,,,UNKNOWN,,"{""man_made"": ""tower"", ""tower:type"": ""communication""}",MY_N3902995323
node,13700552576,102.2501937,2.1934554,tower,communication,,,UNKNOWN,,"{""man_made"": ""tower"", ""tower:type"": ""communication""}",MY_N13700552576
node,9099933246,102.25034,2.3298373,tower,communication,,,UNKNOWN,,"{""man_made"": ""tower"", ""tower:type"": ""communication""}",MY_N9099933246
way,1529662867,102.2537846,2.555214,tower,communication,,,UNKNOWN,,"{""man_made"": ""tower"", ""tower:construction"": ""lattice"", ""tower:type"": ""communication""}",MY_W1529662867
node,13953354888,102.2572241,2.1919846,mast,communication,,,UNKNOWN,,"{""man_made"": ""mast"", ""tower:construction"": ""freestanding"", ""tower:type"": ""communication""}",MY_N13953354888
node,13701267976,102.2577301,6.1411195,mast,communication,,,UNKNOWN,,"{""man_made"": ""mast"", ""material"": ""steel"", ""tower:construction"": ""freestanding"", ""tower:type"": ""communication""}",MY_N13701267976
node,13919815292,102.258565,2.1930121,mast,communication,,,UNKNOWN,,"{""man_made"": ""mast"", ""tower:construction"": ""freestanding"", ""tower:type"": ""communication""}",MY_N13919815292
node,13659918586,102.2609997,6.0422775,mast,communication,,,UNKNOWN,,"{""man_made"": ""mast"", ""tower:type"": ""communication""}",MY_N13659918586
node,13116648924,102.261292,2.1888219,mast,communication,,,UNKNOWN,,"{""height"": ""30"", ""man_made"": ""mast"", ""tower:construction"": ""freestanding"", ""tower:type"": ""communication""}",MY_N13116648924
node,13977483959,102.263451,2.193727,mast,communication,,,UNKNOWN,,"{""man_made"": ""mast"", ""tower:construction"": ""freestanding"", ""tower:type"": ""communication""}",MY_N13977483959
node,14017332911,102.2637598,2.1982743,mast,communication,,,UNKNOWN,,"{""man_made"": ""mast"", ""tower:construction"": ""freestanding"", ""tower:type"": ""communication""}",MY_N14017332911
node,13057626241,102.2683489,2.1823015,mast,communication,,,UNKNOWN,,"{""height"": ""30"", ""man_made"": ""mast"", ""tower:construction"": ""freestanding"", ""tower:type"": ""communication""}",MY_N13057626241
node,9038308804,102.2723576,6.1035156,tower,communication,,,UNKNOWN,,"{""access"": ""private"", ""aeroway:light"": ""obstacle"", ""height"": ""60.96"", ""man_made"": ""tower"", ""material"": ""steel"", ""source"": ""CAAM eAIP 20210812"", ""tower:construction"": ""lattice"", ""tower:type"": ""communication""}",MY_N9038308804
node,3902995322,102.275311,2.3339164,tower,communication,,,UNKNOWN,,"{""man_made"": ""tower"", ""tower:type"": ""communication""}",MY_N3902995322
node,3902995321,102.2754446,2.3335827,tower,communication,,,UNKNOWN,,"{""man_made"": ""tower"", ""tower:type"": ""communication""}",MY_N3902995321
node,9038308801,102.2767657,6.1926766,tower,communication,,,UNKNOWN,,"{""access"": ""private"", ""aeroway:light"": ""obstacle"", ""height"": ""40.84"", ""man_made"": ""tower"", ""material"": ""steel"", ""source"": ""CAAM eAIP 20210812"", ""tower:construction"": ""lattice"", ""tower:type"": ""communication""}",MY_N9038308801
way,1318445327,102.2788623,5.7059408,tower,communication,,,UNKNOWN,,"{""man_made"": ""tower"", ""tower:construction"": ""lattice"", ""tower:type"": ""communication""}",MY_W1318445327
way,1318445329,102.2820996,5.7061868,tower,communication,,,UNKNOWN,,"{""man_made"": ""tower"", ""tower:construction"": ""lattice"", ""tower:type"": ""communication""}",MY_W1318445329
way,1318445322,102.2825221,5.7060594,tower,communication,,,UNKNOWN,,"{""man_made"": ""tower"", ""tower:construction"": ""lattice"", ""tower:type"": ""communication""}",MY_W1318445322
way,1318445328,102.2828225,5.70582,tower,communication,,,UNKNOWN,,"{""man_made"": ""tower"", ""tower:construction"": ""lattice"", ""tower:type"": ""communication""}",MY_W1318445328
node,4951837872,102.2833679,2.2439557,mast,,,,UNKNOWN,,"{""man_made"": ""mast""}",MY_N4951837872
node,11142031514,102.283659,2.2442216,tower,communication,,,UNKNOWN,,"{""man_made"": ""tower"", ""tower:construction"": ""lattice"", ""tower:type"": ""communication""}",MY_N11142031514
node,13710652786,102.285332,6.1820255,mast,communication,,,UNKNOWN,,"{""man_made"": ""mast"", ""material"": ""steel"", ""tower:construction"": ""freestanding"", ""tower:type"": ""communication""}",MY_N13710652786
node,13682521098,102.2865142,6.0679857,mast,communication,,,UNKNOWN,,"{""man_made"": ""mast"", ""material"": ""steel"", ""tower:construction"": ""freestanding"", ""tower:type"": ""communication""}",MY_N13682521098
node,6251035648,102.2898482,6.0035848,tower,communication,,,UNKNOWN,yes,"{""communication:mobile_phone"": ""yes"", ""man_made"": ""tower"", ""tower:construction"": ""lattice"", ""tower:type"": ""communication""}",MY_N6251035648
node,8920295576,102.2928603,5.9637529,tower,communication,,,UNKNOWN,,"{""man_made"": ""tower"", ""source"": ""https://kartaview.org/details/3723937/959/track-info"", ""tower:type"": ""communication""}",MY_N8920295576
node,9038308802,102.2941384,6.1185464,tower,communication,,,UNKNOWN,,"{""access"": ""private"", ""aeroway:light"": ""obstacle"", ""height"": ""65.84"", ""man_made"": ""tower"", ""material"": ""steel"", ""source"": ""CAAM eAIP 20210812"", ""tower:construction"": ""lattice"", ""tower:type"": ""communication""}",MY_N9038308802
node,8962634816,102.2946448,6.0225351,tower,communication,,Stesen Pemancar TV3,UNKNOWN,,"{""access"": ""private"", ""addr:postcode"": ""16400"", ""aeroway:light"": ""obstacle"", ""communication:television"": ""yes"", ""ele"": ""129.24"", ""man_made"": ""tower"", ""material"": ""steel"", ""name"": ""Stesen Pemancar TV3"", ""source"": ""https://openstreetcam.org/details/3752841/222"", ""tower:construction"": ""lattice"", ""tower:type"": ""communication""}",MY_N8962634816
node,13682521114,102.2981375,6.0739788,mast,communication,,,UNKNOWN,,"{""man_made"": ""mast"", ""material"": ""steel"", ""tower:construction"": ""freestanding"", ""tower:type"": ""communication""}",MY_N13682521114
node,13682149677,102.3027711,6.0858215,tower,communication,,,UNKNOWN,,"{""man_made"": ""tower"", ""material"": ""steel"", ""tower:construction"": ""lattice"", ""tower:type"": ""communication""}",MY_N13682149677
node,6721910508,102.309297,2.3123864,mast,communication,,,UNKNOWN,yes,"{""communication:mobile_phone"": ""yes"", ""man_made"": ""mast"", ""tower:type"": ""communication""}",MY_N6721910508
node,6721910509,102.3106458,2.3126984,mast,communication,,,UNKNOWN,yes,"{""communication:mobile_phone"": ""yes"", ""man_made"": ""mast"", ""tower:type"": ""communication""}",MY_N6721910509
node,8923088437,102.3141235,5.9237707,antenna,,,,UNKNOWN,yes,"{""communication:mobile_phone"": ""yes"", ""man_made"": ""antenna"", ""source"": ""https://kartaview.org/details/3723937/1235/track-info""}",MY_N8923088437
node,14089499502,102.3156935,2.3090572,communications_tower,,,,UNKNOWN,,"{""man_made"": ""communications_tower""}",MY_N14089499502
node,8330712478,102.319264,3.5271977,communications_tower,communication,,,UNKNOWN,,"{""man_made"": ""communications_tower"", ""tower:construction"": ""lattice"", ""tower:type"": ""communication""}",MY_N8330712478
node,9810551836,102.3202888,4.0414614,tower,communication,,,UNKNOWN,,"{""man_made"": ""tower"", ""tower:type"": ""communication""}",MY_N9810551836
node,8813291617,102.3208142,6.1227382,mast,communication,,Pencawang,UNKNOWN,,"{""man_made"": ""mast"", ""name"": ""Pencawang"", ""tower:type"": ""communication""}",MY_N8813291617
node,5821570253,102.3224759,2.3810007,mast,communication,,,UNKNOWN,yes,"{""communication:mobile_phone"": ""yes"", ""man_made"": ""mast"", ""tower:type"": ""communication""}",MY_N5821570253
node,5825177638,102.3239814,2.3799909,mast,communication,,,UNKNOWN,yes,"{""communication:mobile_phone"": ""yes"", ""man_made"": ""mast"", ""tower:type"": ""communication""}",MY_N5825177638
node,13710662203,102.3262887,6.1751956,mast,communication,,,UNKNOWN,,"{""man_made"": ""mast"", ""material"": ""steel"", ""tower:construction"": ""freestanding"", ""tower:type"": ""communication""}",MY_N13710662203
node,13672724268,102.3285867,6.06627,mast,communication,,,UNKNOWN,,"{""man_made"": ""mast"", ""tower:construction"": ""freestanding"", ""tower:type"": ""communication""}",MY_N13672724268
node,8813215619,102.3298451,6.1391384,mast,communication,,Pencawang,UNKNOWN,,"{""man_made"": ""mast"", ""name"": ""Pencawang"", ""tower:type"": ""communication""}",MY_N8813215619
node,8812260333,102.3333008,5.9047793,communications_tower,communication,,,UNKNOWN,,"{""aeroway:light"": ""obstacle"", ""height"": ""76.2"", ""man_made"": ""communications_tower"", ""source"": ""CAAM eAIP 20210812"", ""tower:construction"": ""lattice"", ""tower:type"": ""communication""}",MY_N8812260333
node,6119769616,102.3372062,2.2166295,mast,communication,,,UNKNOWN,yes,"{""communication:mobile_phone"": ""yes"", ""man_made"": ""mast"", ""tower:type"": ""communication""}",MY_N6119769616
node,8330792847,102.3392022,3.5081229,communications_tower,communication,,,UNKNOWN,,"{""man_made"": ""communications_tower"", ""tower:construction"": ""lattice"", ""tower:type"": ""communication""}",MY_N8330792847
node,13684596777,102.3403971,6.1116097,mast,communication,,,UNKNOWN,,"{""man_made"": ""mast"", ""material"": ""steel"", ""tower:construction"": ""freestanding"", ""tower:type"": ""communication""}",MY_N13684596777
node,9810551665,102.3468315,4.129615,tower,communication,,,UNKNOWN,,"{""man_made"": ""tower"", ""tower:type"": ""communication""}",MY_N9810551665
node,13690665303,102.3509571,3.930209,tower,communication,,,UNKNOWN,,"{""man_made"": ""tower"", ""tower:type"": ""communication""}",MY_N13690665303
node,5991228999,102.351307,2.1960143,tower,communication,,,UNKNOWN,,"{""man_made"": ""tower"", ""tower:type"": ""communication""}",MY_N5991228999
node,13691070933,102.3513628,3.9291109,tower,communication,,,UNKNOWN,,"{""man_made"": ""tower"", ""tower:type"": ""communication""}",MY_N13691070933
node,3901607133,102.3685479,3.7082483,tower,communication,,,UNKNOWN,,"{""man_made"": ""tower"", ""tower:type"": ""communication""}",MY_N3901607133
node,8948810495,102.3700985,2.326583,communications_tower,communication,,,UNKNOWN,,"{""man_made"": ""communications_tower"", ""tower:construction"": ""lattice"", ""tower:type"": ""communication""}",MY_N8948810495
node,8948862269,102.3709863,2.3273629,mast,communication,,,UNKNOWN,,"{""man_made"": ""mast"", ""mapillary"": ""537394607434932"", ""tower:construction"": ""freestanding"", ""tower:type"": ""communication""}",MY_N8948862269
node,9038308803,102.3738037,6.0132321,tower,communication,,,UNKNOWN,,"{""access"": ""private"", ""aeroway:light"": ""obstacle"", ""height"": ""65.84"", ""man_made"": ""tower"", ""material"": ""steel"", ""source"": ""CAAM eAIP 20210812"", ""tower:construction"": ""lattice"", ""tower:type"": ""communication""}",MY_N9038308803
way,968313453,102.3744967,3.4730679,tower,communication,,,UNKNOWN,,"{""building"": ""yes"", ""man_made"": ""tower"", ""tower:type"": ""communication""}",MY_W968313453
way,968313454,102.3746579,3.4724425,tower,communication,,,UNKNOWN,,"{""building"": ""yes"", ""man_made"": ""tower"", ""tower:type"": ""communication""}",MY_W968313454
way,968313455,102.3748624,3.472214,tower,communication,,,UNKNOWN,,"{""building"": ""yes"", ""man_made"": ""tower"", ""tower:type"": ""communication""}",MY_W968313455
node,3901607132,102.3748882,3.6809853,tower,communication,,,UNKNOWN,,"{""man_made"": ""tower"", ""tower:type"": ""communication""}",MY_N3901607132
node,8971151860,102.3796462,6.0930421,mast,communication,,,UNKNOWN,,"{""man_made"": ""mast"", ""tower:type"": ""communication""}",MY_N8971151860
node,3901150079,102.3859743,4.2251523,tower,communication,,,UNKNOWN,,"{""man_made"": ""tower"", ""tower:type"": ""communication""}",MY_N3901150079
node,8971256083,102.3862293,6.0755511,antenna,,,,UNKNOWN,yes,"{""communication:mobile_phone"": ""yes"", ""man_made"": ""antenna""}",MY_N8971256083
node,3901607131,102.3893023,3.5580742,tower,communication,,,UNKNOWN,,"{""man_made"": ""tower"", ""tower:type"": ""communication""}",MY_N3901607131
node,8946302294,102.3959403,2.316202,mast,communication,,,UNKNOWN,,"{""man_made"": ""mast"", ""tower:construction"": ""freestanding"", ""tower:type"": ""communication""}",MY_N8946302294
node,3901607088,102.3959908,3.5293904,tower,communication,,,UNKNOWN,,"{""man_made"": ""tower"", ""tower:type"": ""communication""}",MY_N3901607088
node,3901387616,102.3964834,4.350647,tower,communication,,,UNKNOWN,,"{""man_made"": ""tower"", ""tower:type"": ""communication""}",MY_N3901387616
node,3901607068,102.3974706,3.5108301,tower,communication,,,UNKNOWN,,"{""man_made"": ""tower"", ""tower:type"": ""communication""}",MY_N3901607068
node,13858903199,102.3989456,2.812027,mast,communication,,,UNKNOWN,,"{""communication:television"": ""yes"", ""man_made"": ""mast"", ""tower:type"": ""communication""}",MY_N13858903199
node,13858903200,102.403795,2.8117677,mast,communication,,,UNKNOWN,,"{""communication:television"": ""yes"", ""man_made"": ""mast"", ""tower:type"": ""communication""}",MY_N13858903200
node,8015247585,102.4043834,6.0241058,mast,communication,,Menara Pencawang,UNKNOWN,,"{""man_made"": ""mast"", ""name"": ""Menara Pencawang"", ""tower:type"": ""communication""}",MY_N8015247585
node,3902995319,102.4067116,2.1833235,tower,communication,,,UNKNOWN,,"{""man_made"": ""tower"", ""tower:type"": ""communication""}",MY_N3902995319
way,1435379188,102.4310979,2.1677668,tower,communication,,,UNKNOWN,,"{""building"": ""yes"", ""man_made"": ""tower"", ""tower:type"": ""communication""}",MY_W1435379188
node,8327095826,102.4388114,3.5136459,communications_tower,communication,,,UNKNOWN,,"{""man_made"": ""communications_tower"", ""tower:construction"": ""lattice"", ""tower:type"": ""communication""}",MY_N8327095826
node,6833359897,102.4399532,2.1497025,mast,communication,,,UNKNOWN,yes,"{""communication:mobile_phone"": ""yes"", ""man_made"": ""mast"", ""tower:type"": ""communication""}",MY_N6833359897
node,3902995320,102.4421189,2.2154869,tower,communication,,,UNKNOWN,,"{""man_made"": ""tower"", ""tower:type"": ""communication""}",MY_N3902995320
way,1318195110,102.4523178,5.5852587,tower,communication,,,UNKNOWN,,"{""man_made"": ""tower"", ""tower:construction"": ""lattice"", ""tower:type"": ""communication""}",MY_W1318195110
node,8988150886,102.4826807,5.8015601,mast,lighting,,,UNKNOWN,,"{""man_made"": ""mast"", ""tower:type"": ""lighting""}",MY_N8988150886
node,8988150887,102.4831915,5.8020765,mast,lighting,,,UNKNOWN,,"{""man_made"": ""mast"", ""tower:type"": ""lighting""}",MY_N8988150887
node,8988150888,102.4837146,5.8025765,mast,lighting,,,UNKNOWN,,"{""man_made"": ""mast"", ""tower:type"": ""lighting""}",MY_N8988150888
node,8988150889,102.4842357,5.8030703,mast,lighting,,,UNKNOWN,,"{""man_made"": ""mast"", ""tower:type"": ""lighting""}",MY_N8988150889
node,8988150890,102.4847527,5.8035806,mast,lighting,,,UNKNOWN,,"{""man_made"": ""mast"", ""tower:type"": ""lighting""}",MY_N8988150890
node,8988150892,102.485869,5.8046625,mast,lighting,,,UNKNOWN,,"{""man_made"": ""mast"", ""tower:type"": ""lighting""}",MY_N8988150892
node,8988150891,102.4863695,5.8041379,mast,lighting,,,UNKNOWN,,"{""man_made"": ""mast"", ""tower:type"": ""lighting""}",MY_N8988150891
node,11148230157,102.4882203,5.7596883,tower,communication,,,UNKNOWN,,"{""man_made"": ""tower"", ""tower:type"": ""communication""}",MY_N11148230157
node,8955815813,102.4913317,5.8629103,tower,communication,,,UNKNOWN,,"{""man_made"": ""tower"", ""tower:type"": ""communication""}",MY_N8955815813
node,9040016333,102.5352395,2.2409224,tower,communication,,,UNKNOWN,,"{""access"": ""private"", ""aeroway:light"": ""obstacle"", ""man_made"": ""tower"", ""material"": ""steel"", ""tower:type"": ""communication""}",MY_N9040016333
node,9040016332,102.5352797,2.2413432,tower,communication,,,UNKNOWN,,"{""access"": ""private"", ""aeroway:light"": ""obstacle"", ""man_made"": ""tower"", ""material"": ""steel"", ""tower:type"": ""communication""}",MY_N9040016332
node,11099179697,102.5360709,5.8393898,communications_tower,communication,,,UNKNOWN,yes,"{""communication:mobile_phone"": ""yes"", ""man_made"": ""communications_tower"", ""tower:type"": ""communication""}",MY_N11099179697
node,8883327417,102.5506031,5.6838924,communications_tower,communication,,,UNKNOWN,,"{""man_made"": ""communications_tower"", ""tower:construction"": ""lattice"", ""tower:type"": ""communication""}",MY_N8883327417
node,8370639164,102.564352,2.0452972,tower,communication,,,UNKNOWN,,"{""man_made"": ""tower"", ""tower:type"": ""communication""}",MY_N8370639164
node,13495665455,102.584525,5.6428774,communications_tower,communication,,,UNKNOWN,,"{""man_made"": ""communications_tower"", ""material"": ""metal"", ""tower:construction"": ""lattice"", ""tower:type"": ""communication""}",MY_N13495665455
node,6034372552,102.5924559,2.0709478,mast,communication,,,UNKNOWN,,"{""man_made"": ""mast"", ""tower:construction"": ""lattice_steel"", ""tower:type"": ""communication""}",MY_N6034372552
node,13495459821,102.6006867,5.6713999,communications_tower,communication,,,UNKNOWN,,"{""man_made"": ""communications_tower"", ""material"": ""metal"", ""tower:construction"": ""lattice"", ""tower:type"": ""communication""}",MY_N13495459821
node,8482428335,102.6039655,2.0056211,tower,communication,,,UNKNOWN,,"{""man_made"": ""tower"", ""tower:type"": ""communication""}",MY_N8482428335
node,9040016327,102.6067793,2.3702435,tower,communication,,,UNKNOWN,,"{""man_made"": ""tower"", ""tower:construction"": ""lattice"", ""tower:type"": ""communication""}",MY_N9040016327
node,9040016329,102.6070341,2.3702033,tower,communication,,,UNKNOWN,,"{""access"": ""private"", ""aeroway:light"": ""obstacle"", ""height"": ""119.18"", ""man_made"": ""tower"", ""material"": ""steel"", ""source"": ""CAAM eAIP 20210812"", ""tower:construction"": ""lattice"", ""tower:type"": ""communication""}",MY_N9040016329
node,9040016328,102.6071736,2.3693779,tower,communication,,,UNKNOWN,,"{""man_made"": ""tower"", ""tower:construction"": ""lattice"", ""tower:type"": ""communication""}",MY_N9040016328
node,9040016326,102.6074311,2.371479,tower,communication,,,UNKNOWN,,"{""man_made"": ""tower"", ""tower:type"": ""communication""}",MY_N9040016326
way,526039065,102.6092866,2.5822859,mast,,,TM,UNKNOWN,,"{""area"": ""yes"", ""man_made"": ""mast"", ""name"": ""TM""}",MY_W526039065
node,13564516539,102.6235136,5.1627896,communications_tower,communication,,,UNKNOWN,,"{""man_made"": ""communications_tower"", ""material"": ""steel"", ""tower:construction"": ""lattice"", ""tower:type"": ""communication""}",MY_N13564516539
node,8899877343,102.6454702,2.4615827,communications_tower,communication,,,UNKNOWN,,"{""man_made"": ""communications_tower"", ""tower:construction"": ""lattice"", ""tower:type"": ""communication""}",MY_N8899877343
node,8899964140,102.6481765,5.6305335,communications_tower,communication,,,UNKNOWN,,"{""man_made"": ""communications_tower"", ""tower:construction"": ""lattice"", ""tower:type"": ""communication""}",MY_N8899964140
node,8899964135,102.6505798,5.6285636,communications_tower,communication,,,UNKNOWN,,"{""man_made"": ""communications_tower"", ""tower:construction"": ""lattice"", ""tower:type"": ""communication""}",MY_N8899964135
node,8899990561,102.6506951,5.6308084,tower,communication,,,UNKNOWN,,"{""man_made"": ""tower"", ""tower:construction"": ""lattice"", ""tower:type"": ""communication""}",MY_N8899990561
node,8899964134,102.6508373,5.6291081,tower,communication,,,UNKNOWN,,"{""man_made"": ""tower"", ""tower:construction"": ""lattice"", ""tower:type"": ""communication""}",MY_N8899964134
node,11190210332,102.6542665,2.2122074,tower,communication,,,UNKNOWN,,"{""man_made"": ""tower"", ""tower:type"": ""communication""}",MY_N11190210332
node,11190210319,102.6558932,2.2122873,tower,communication,,,UNKNOWN,,"{""man_made"": ""tower"", ""tower:type"": ""communication""}",MY_N11190210319
node,8904189343,102.6680034,1.9754631,communications_tower,communication,,,UNKNOWN,,"{""man_made"": ""communications_tower"", ""tower:construction"": ""lattice"", ""tower:type"": ""communication""}",MY_N8904189343
node,13502641928,102.681566,5.6224256,communications_tower,communication,,,UNKNOWN,,"{""man_made"": ""communications_tower"", ""material"": ""metal"", ""tower:construction"": ""lattice"", ""tower:type"": ""communication""}",MY_N13502641928
node,8456957357,102.7180945,1.9149951,tower,communication,,,UNKNOWN,,"{""man_made"": ""tower"", ""tower:type"": ""communication""}",MY_N8456957357
node,13251167214,102.7195205,5.927353,mast,monitoring,,,UNKNOWN,,"{""description"": ""Big mast with weather sensors?"", ""man_made"": ""mast"", ""tower:type"": ""monitoring""}",MY_N13251167214
way,1262090419,102.7196708,5.9241136,tower,communication,,,UNKNOWN,,"{""man_made"": ""tower"", ""tower:construction"": ""lattice"", ""tower:type"": ""communication""}",MY_W1262090419
node,4027233384,102.7302575,5.9004827,tower,communication,,,UNKNOWN,,"{""man_made"": ""tower"", ""tower:type"": ""communication""}",MY_N4027233384
node,3989115263,102.7414127,5.9014083,tower,communication,,,UNKNOWN,,"{""man_made"": ""tower"", ""tower:type"": ""communication""}",MY_N3989115263
node,8927264925,102.7423623,3.5015986,communications_tower,communication,,,UNKNOWN,,"{""man_made"": ""communications_tower"", ""tower:construction"": ""lattice"", ""tower:type"": ""communication""}",MY_N8927264925
node,8022325824,102.7657706,2.5559468,tower,communication,,,UNKNOWN,,"{""man_made"": ""tower"", ""tower:type"": ""communication""}",MY_N8022325824
node,13507319534,102.7715917,5.5593972,mast,,,,UNKNOWN,,"{""man_made"": ""mast""}",MY_N13507319534
node,13564968138,102.775155,5.202117,communications_tower,communication,,,UNKNOWN,,"{""man_made"": ""communications_tower"", ""material"": ""steel"", ""tower:construction"": ""lattice"", ""tower:type"": ""communication""}",MY_N13564968138
node,610175376,102.7776622,2.1388617,tower,communication,,,UNKNOWN,,"{""man_made"": ""tower"", ""tower:type"": ""communication""}",MY_N610175376
node,12383562688,102.7844257,2.5462256,tower,communication,,,UNKNOWN,,"{""man_made"": ""tower"", ""tower:type"": ""communication""}",MY_N12383562688
node,12383562687,102.7875617,2.5555157,tower,communication,,,UNKNOWN,,"{""man_made"": ""tower"", ""tower:type"": ""communication""}",MY_N12383562687
node,8930207046,102.7902374,5.6272561,mast,communication,,,UNKNOWN,,"{""man_made"": ""mast"", ""tower:type"": ""communication""}",MY_N8930207046
node,13564515921,102.7938607,5.1818586,communications_tower,communication,,,UNKNOWN,,"{""man_made"": ""communications_tower"", ""material"": ""steel"", ""tower:construction"": ""lattice"", ""tower:type"": ""communication""}",MY_N13564515921
node,8930320928,102.7943426,2.8040999,communications_tower,communication,,,UNKNOWN,,"{""man_made"": ""communications_tower"", ""tower:construction"": ""lattice"", ""tower:type"": ""communication""}",MY_N8930320928
node,13186063976,102.8013783,5.0881398,mast,communication,,,UNKNOWN,,"{""man_made"": ""mast"", ""tower:construction"": ""lattice"", ""tower:type"": ""communication""}",MY_N13186063976
node,8935231315,102.8113487,5.1411795,communications_tower,communication,,,UNKNOWN,,"{""man_made"": ""communications_tower"", ""tower:construction"": ""lattice"", ""tower:type"": ""communication""}",MY_N8935231315
node,8935231314,102.8117162,5.1412116,communications_tower,communication,,,UNKNOWN,,"{""man_made"": ""communications_tower"", ""tower:construction"": ""lattice"", ""tower:type"": ""communication""}",MY_N8935231314
node,13544527378,102.8548327,5.4096222,communications_tower,communication,,,UNKNOWN,,"{""man_made"": ""communications_tower"", ""material"": ""steel"", ""tower:construction"": ""lattice"", ""tower:type"": ""communication""}",MY_N13544527378
node,9040099170,102.8619271,2.4934765,communications_tower,communication,,,UNKNOWN,,"{""access"": ""private"", ""aeroway:light"": ""obstacle"", ""ele"": ""81.08"", ""ele:ft"": ""266"", ""man_made"": ""communications_tower"", ""material"": ""steel"", ""source"": ""CAAM eAIP 20210812"", ""tower:construction"": ""lattice"", ""tower:type"": ""communication""}",MY_N9040099170
way,1264795110,102.889236,1.7909437,tower,communication,,,UNKNOWN,,"{""building"": ""yes"", ""man_made"": ""tower"", ""tower:type"": ""communication""}",MY_W1264795110
node,8971623432,102.8949881,5.7921323,communications_tower,communication,,,UNKNOWN,,"{""man_made"": ""communications_tower"", ""tower:construction"": ""lattice"", ""tower:type"": ""communication""}",MY_N8971623432
node,3902995318,102.8982498,2.0747406,tower,communication,,,UNKNOWN,,"{""man_made"": ""tower"", ""tower:type"": ""communication""}",MY_N3902995318
way,1265004387,102.9400687,1.8138865,tower,communication,,,UNKNOWN,,"{""building"": ""yes"", ""man_made"": ""tower"", ""tower:construction"": ""lattice"", ""tower:type"": ""communication""}",MY_W1265004387
node,8647935020,102.9466313,1.8805948,mast,communication,,,UNKNOWN,,"{""man_made"": ""mast"", ""tower:construction"": ""freestanding"", ""tower:type"": ""communication""}",MY_N8647935020
node,8646761662,102.9485303,1.9071034,tower,communication,,,UNKNOWN,,"{""man_made"": ""tower"", ""tower:construction"": ""lattice"", ""tower:type"": ""communication""}",MY_N8646761662
node,8646761663,102.9489219,1.9065512,tower,communication,,,UNKNOWN,,"{""man_made"": ""tower"", ""tower:construction"": ""lattice"", ""tower:type"": ""communication""}",MY_N8646761663
node,8645028382,102.9552747,1.9255855,mast,communication,,,UNKNOWN,,"{""man_made"": ""mast"", ""mapillary"": ""297217858580508"", ""tower:construction"": ""freestanding"", ""tower:type"": ""communication""}",MY_N8645028382
node,8979761302,102.9557803,3.1716575,communications_tower,communication,,,UNKNOWN,,"{""man_made"": ""communications_tower"", ""tower:construction"": ""lattice_steel"", ""tower:type"": ""communication""}",MY_N8979761302
node,9040090261,102.9568867,1.8180555,communications_tower,communication,,,UNKNOWN,,"{""access"": ""private"", ""aeroway:light"": ""obstacle"", ""man_made"": ""communications_tower"", ""material"": ""steel"", ""source"": ""CAAM eAIP 20210812"", ""tower:construction"": ""lattice"", ""tower:type"": ""communication""}",MY_N9040090261
node,3720847447,102.9585298,2.4658459,mast,communication,,TM,UNKNOWN,yes,"{""communication:mobile_phone"": ""yes"", ""man_made"": ""mast"", ""name"": ""TM"", ""tower:type"": ""communication""}",MY_N3720847447
node,13013877873,102.9646048,4.5517172,communications_tower,communication,,,UNKNOWN,,"{""man_made"": ""communications_tower"", ""tower:construction"": ""lattice"", ""tower:type"": ""communication""}",MY_N13013877873
node,9040032180,102.9675069,1.9493779,tower,communication,,,UNKNOWN,,"{""access"": ""private"", ""aeroway:light"": ""obstacle"", ""man_made"": ""tower"", ""material"": ""steel"", ""source"": ""CAAM eAIP 20210812"", ""tower:construction"": ""lattice"", ""tower:type"": ""communication""}",MY_N9040032180
node,9040032179,102.9677966,1.9490642,tower,communication,,,UNKNOWN,,"{""access"": ""private"", ""aeroway:light"": ""obstacle"", ""man_made"": ""tower"", ""material"": ""steel"", ""source"": ""CAAM eAIP 20210812"", ""tower:construction"": ""lattice"", ""tower:type"": ""communication""}",MY_N9040032179
node,13456366477,102.9813793,4.5585192,communications_tower,communication,,,UNKNOWN,,"{""man_made"": ""communications_tower"", ""material"": ""steel"", ""tower:construction"": ""lattice"", ""tower:type"": ""communication""}",MY_N13456366477
node,8982897335,102.981492,4.9825498,communications_tower,communication,,,UNKNOWN,,"{""man_made"": ""communications_tower"", ""tower:construction"": ""lattice"", ""tower:type"": ""communication""}",MY_N8982897335
node,3902995316,102.9823427,2.0648063,tower,communication,,,UNKNOWN,,"{""man_made"": ""tower"", ""tower:type"": ""communication""}",MY_N3902995316
node,13526011249,102.9949459,4.9018403,communications_tower,communication,,,UNKNOWN,,"{""man_made"": ""communications_tower"", ""material"": ""metal"", ""tower:construction"": ""lattice"", ""tower:type"": ""communication""}",MY_N13526011249
node,8987661324,103.0100831,3.4800739,tower,communication,,,UNKNOWN,,"{""man_made"": ""tower"", ""tower:construction"": ""lattice"", ""tower:type"": ""communication""}",MY_N8987661324
node,13517883535,103.0113597,5.112393,mast,communication,,,UNKNOWN,,"{""man_made"": ""mast"", ""tower:type"": ""communication""}",MY_N13517883535
node,3902995314,103.015054,2.02597,tower,communication,,,UNKNOWN,,"{""man_made"": ""tower"", ""tower:type"": ""communication""}",MY_N3902995314
node,3902995315,103.0154596,2.034285,tower,communication,,,UNKNOWN,,"{""man_made"": ""tower"", ""tower:type"": ""communication""}",MY_N3902995315
node,13331200714,103.0164339,5.0700769,mast,communication,,,UNKNOWN,yes,"{""communication:microwave"": ""yes"", ""communication:mobile_phone"": ""yes"", ""man_made"": ""mast"", ""tower:construction"": ""lattice"", ""tower:type"": ""communication""}",MY_N13331200714
node,8785281387,103.0313408,1.7369859,tower,communication,,,UNKNOWN,yes,"{""communication:mobile_phone"": ""yes"", ""man_made"": ""tower"", ""mapillary"": ""839445730034128"", ""material"": ""steel"", ""tower:type"": ""communication""}",MY_N8785281387
node,13331200716,103.0354353,5.0730585,mast,communication,,,UNKNOWN,,"{""communication:microwave"": ""yes"", ""man_made"": ""mast"", ""tower:construction"": ""lattice"", ""tower:type"": ""communication""}",MY_N13331200716
node,13526994647,103.0404603,4.9636259,communications_tower,communication,,,UNKNOWN,,"{""man_made"": ""communications_tower"", ""material"": ""metal"", ""tower:construction"": ""lattice"", ""tower:type"": ""communication""}",MY_N13526994647
node,10701796645,103.0406314,2.2437093,tower,communication,,,UNKNOWN,,"{""man_made"": ""tower"", ""tower:type"": ""communication""}",MY_N10701796645
node,8992708257,103.0419503,5.3417069,communications_tower,communication,,,UNKNOWN,,"{""man_made"": ""communications_tower"", ""tower:construction"": ""lattice"", ""tower:type"": ""communication""}",MY_N8992708257
node,12062187762,103.0439299,4.680182,tower,communication,,,UNKNOWN,,"{""man_made"": ""tower"", ""tower:type"": ""communication""}",MY_N12062187762
node,3902995313,103.0462236,1.9985676,tower,communication,,,UNKNOWN,,"{""man_made"": ""tower"", ""tower:type"": ""communication""}",MY_N3902995313
node,3902995312,103.0516271,1.9929325,tower,communication,,,UNKNOWN,,"{""man_made"": ""tower"", ""tower:type"": ""communication""}",MY_N3902995312
way,1497883954,103.0548048,3.9284093,communications_tower,,,,UNKNOWN,,"{""man_made"": ""communications_tower""}",MY_W1497883954
node,9040072040,103.0690795,2.0371912,communications_tower,communication,,,UNKNOWN,,"{""access"": ""private"", ""aeroway:light"": ""obstacle"", ""ele"": ""106.6"", ""ele:ft"": ""350"", ""man_made"": ""communications_tower"", ""material"": ""steel"", ""source"": ""CAAM eAIP 20210812"", ""tower:construction"": ""lattice"", ""tower:type"": ""communication""}",MY_N9040072040
node,13331200717,103.0796019,5.0840954,mast,communication,,,UNKNOWN,yes,"{""communication:microwave"": ""yes"", ""communication:mobile_phone"": ""yes"", ""man_made"": ""mast"", ""tower:construction"": ""lattice"", ""tower:type"": ""communication""}",MY_N13331200717
node,13331200718,103.0858286,5.1145278,mast,communication,,,UNKNOWN,,"{""man_made"": ""mast"", ""tower:construction"": ""lattice"", ""tower:type"": ""communication""}",MY_N13331200718
node,8998441828,103.0894241,3.0710284,communications_tower,communication,,,UNKNOWN,,"{""man_made"": ""communications_tower"", ""tower:construction"": ""lattice"", ""tower:type"": ""communication""}",MY_N8998441828
node,8998441829,103.0899096,3.0707552,communications_tower,communication,,,UNKNOWN,,"{""man_made"": ""communications_tower"", ""tower:construction"": ""lattice"", ""tower:type"": ""communication""}",MY_N8998441829
node,3902995311,103.1002557,1.9860542,tower,communication,,,UNKNOWN,,"{""man_made"": ""tower"", ""tower:type"": ""communication""}",MY_N3902995311
way,843347331,103.1014438,1.8522964,tower,communication,,,UNKNOWN,,"{""building"": ""yes"", ""man_made"": ""tower"", ""tower:type"": ""communication""}",MY_W843347331
way,1304274095,103.1063194,4.9985574,tower,communication,,,UNKNOWN,,"{""man_made"": ""tower"", ""tower:construction"": ""lattice"", ""tower:type"": ""communication""}",MY_W1304274095
node,3902995310,103.1087142,1.9767125,tower,communication,,,UNKNOWN,,"{""man_made"": ""tower"", ""tower:type"": ""communication""}",MY_N3902995310
node,9003249367,103.1137302,3.4316541,communications_tower,communication,,,UNKNOWN,,"{""man_made"": ""communications_tower"", ""tower:construction"": ""lattice"", ""tower:type"": ""communication""}",MY_N9003249367
node,9003249366,103.113859,3.4313944,communications_tower,communication,,,UNKNOWN,,"{""man_made"": ""communications_tower"", ""tower:construction"": ""lattice"", ""tower:type"": ""communication""}",MY_N9003249366
node,9003249365,103.1140065,3.4306073,communications_tower,communication,,,UNKNOWN,,"{""man_made"": ""communications_tower"", ""tower:construction"": ""lattice"", ""tower:type"": ""communication""}",MY_N9003249365
node,8762031836,103.1265083,1.725207,tower,communication,,,UNKNOWN,yes,"{""communication:mobile_phone"": ""yes"", ""man_made"": ""tower"", ""tower:type"": ""communication""}",MY_N8762031836
node,3902995309,103.1335297,1.9535878,tower,communication,,,UNKNOWN,,"{""man_made"": ""tower"", ""tower:type"": ""communication""}",MY_N3902995309
node,9004704904,103.1341316,5.3063655,communications_tower,communication,,,UNKNOWN,,"{""man_made"": ""communications_tower"", ""tower:construction"": ""lattice"", ""tower:type"": ""communication""}",MY_N9004704904
node,9004704891,103.1342399,5.3048091,tower,communication,,,UNKNOWN,,"{""man_made"": ""tower"", ""tower:construction"": ""lattice"", ""tower:type"": ""communication""}",MY_N9004704891
node,5991600704,103.1344711,5.3067281,communications_tower,communication,,,UNKNOWN,,"{""man_made"": ""communications_tower"", ""tower:construction"": ""lattice"", ""tower:type"": ""communication""}",MY_N5991600704
way,1270085205,103.1387965,3.7407066,tower,communication,,,UNKNOWN,,"{""aeroway:light"": ""obstacle"", ""man_made"": ""tower"", ""tower:construction"": ""lattice"", ""tower:type"": ""communication""}",MY_W1270085205
way,1270085203,103.1390593,3.740549,tower,communication,,,UNKNOWN,,"{""man_made"": ""tower"", ""tower:construction"": ""lattice"", ""tower:type"": ""communication""}",MY_W1270085203
way,1270085213,103.1390849,3.73727,tower,communication,,,UNKNOWN,,"{""aeroway:light"": ""obstacle"", ""man_made"": ""tower"", ""tower:construction"": ""lattice"", ""tower:type"": ""communication""}",MY_W1270085213
way,1270085208,103.1393212,3.7403308,tower,communication,,,UNKNOWN,,"{""aeroway:light"": ""obstacle"", ""man_made"": ""tower"", ""tower:construction"": ""lattice"", ""tower:type"": ""communication""}",MY_W1270085208
node,3902995303,103.1911828,1.9229506,tower,communication,,,UNKNOWN,,"{""man_made"": ""tower"", ""tower:type"": ""communication""}",MY_N3902995303
way,1098994137,103.2043172,3.7528128,tower,communication,,,UNKNOWN,,"{""building"": ""yes"", ""man_made"": ""tower"", ""tower:type"": ""communication""}",MY_W1098994137
node,8805785687,103.2056442,1.6556876,mast,communication,,,UNKNOWN,yes,"{""communication:mobile_phone"": ""yes"", ""man_made"": ""mast"", ""mapillary"": ""247460553837391"", ""tower:type"": ""communication""}",MY_N8805785687
node,3902995302,103.222099,1.8971578,tower,communication,,,UNKNOWN,,"{""man_made"": ""tower"", ""tower:type"": ""communication""}",MY_N3902995302
node,8806058356,103.2552302,1.6483923,mast,communication,,,UNKNOWN,yes,"{""communication:mobile_phone"": ""yes"", ""man_made"": ""mast"", ""mapillary"": ""739080860121505"", ""tower:type"": ""communication""}",MY_N8806058356
node,9040016373,103.2566024,1.9899716,communications_tower,communication,,,UNKNOWN,,"{""access"": ""private"", ""aeroway:light"": ""obstacle"", ""height"": ""120.7"", ""man_made"": ""communications_tower"", ""material"": ""steel"", ""source"": ""CAAM eAIP 20210812"", ""tower:construction"": ""lattice"", ""tower:type"": ""communication""}",MY_N9040016373
node,3902995301,103.2569293,1.8774251,tower,communication,,,UNKNOWN,,"{""man_made"": ""tower"", ""tower:type"": ""communication""}",MY_N3902995301
node,9066954157,103.2588324,2.8747113,communications_tower,communication,,,UNKNOWN,,"{""man_made"": ""communications_tower"", ""tower:construction"": ""lattice"", ""tower:type"": ""communication""}",MY_N9066954157
node,13481076521,103.2764117,3.826852,tower,communication,,,UNKNOWN,,"{""man_made"": ""tower"", ""tower:type"": ""communication""}",MY_N13481076521
node,13406960825,103.2785861,3.8719973,tower,communication,,,NR,,"{""communication:5g"": ""yes"", ""man_made"": ""tower"", ""tower:construction"": ""freestanding"", ""tower:type"": ""communication""}",MY_N13406960825
node,9084071195,103.2788604,3.5534465,mast,communication,,,UNKNOWN,,"{""man_made"": ""mast"", ""tower:type"": ""communication""}",MY_N9084071195
node,13651261629,103.2881711,3.8202293,tower,communication,,,UNKNOWN,,"{""man_made"": ""tower"", ""tower:construction"": ""lattice"", ""tower:type"": ""communication""}",MY_N13651261629
node,13522010386,103.2885235,3.8393484,mast,communication,,,UNKNOWN,yes,"{""communication:mobile_phone"": ""yes"", ""man_made"": ""mast"", ""tower:construction"": ""freestanding"", ""tower:type"": ""communication""}",MY_N13522010386
node,3902995275,103.3123733,1.8009853,tower,communication,,,UNKNOWN,,"{""man_made"": ""tower"", ""tower:type"": ""communication""}",MY_N3902995275
node,13415562182,103.3130743,3.8540917,mast,lighting,,,UNKNOWN,,"{""man_made"": ""mast"", ""tower:construction"": ""freestanding"", ""tower:type"": ""lighting""}",MY_N13415562182
node,13415595016,103.3130799,3.8526911,mast,lighting,,,UNKNOWN,,"{""man_made"": ""mast"", ""tower:construction"": ""freestanding"", ""tower:type"": ""lighting""}",MY_N13415595016
node,13415562181,103.3140494,3.8539979,mast,lighting,,,UNKNOWN,,"{""man_made"": ""mast"", ""tower:construction"": ""freestanding"", ""tower:type"": ""lighting""}",MY_N13415562181
node,13415562180,103.314054,3.8527664,mast,lighting,,,UNKNOWN,,"{""man_made"": ""mast"", ""tower:construction"": ""freestanding"", ""tower:type"": ""lighting""}",MY_N13415562180
node,5365310004,103.3184606,3.7976001,tower,communication,,,UNKNOWN,,"{""man_made"": ""tower"", ""tower:construction"": ""lattice"", ""tower:type"": ""communication""}",MY_N5365310004
node,8176878231,103.3228487,4.7800614,tower,communication,,,UNKNOWN,,"{""man_made"": ""tower"", ""tower:construction"": ""lattice"", ""tower:type"": ""communication""}",MY_N8176878231
node,6643210358,103.3333092,3.8133165,mast,,,,UNKNOWN,,"{""advertising"": ""bilboard"", ""man_made"": ""mast"", ""tower:construction"": ""tubular""}",MY_N6643210358
node,11151660426,103.3474825,2.6191628,tower,communication,,,UNKNOWN,,"{""man_made"": ""tower"", ""tower:construction"": ""lattice"", ""tower:type"": ""communication""}",MY_N11151660426
way,1201224318,103.3573468,2.0274592,tower,communication,,,UNKNOWN,,"{""man_made"": ""tower"", ""tower:construction"": ""lattice"", ""tower:type"": ""communication""}",MY_W1201224318
way,1267147816,103.3611246,3.831754,tower,communication,,,UNKNOWN,,"{""man_made"": ""tower"", ""tower:construction"": ""lattice"", ""tower:type"": ""communication""}",MY_W1267147816
way,1267147818,103.3612508,3.8312012,tower,communication,,,UNKNOWN,,"{""man_made"": ""tower"", ""tower:construction"": ""lattice"", ""tower:type"": ""communication""}",MY_W1267147818
way,1267147817,103.3612715,3.8315534,tower,communication,,,UNKNOWN,,"{""man_made"": ""tower"", ""tower:construction"": ""lattice"", ""tower:type"": ""communication""}",MY_W1267147817
way,1267147815,103.3617921,3.8307758,tower,communication,,,UNKNOWN,,"{""man_made"": ""tower"", ""tower:construction"": ""lattice"", ""tower:type"": ""communication""}",MY_W1267147815
way,1267147829,103.3619902,3.829779,tower,communication,,,UNKNOWN,,"{""man_made"": ""tower"", ""tower:construction"": ""lattice"", ""tower:type"": ""communication""}",MY_W1267147829
way,1267147827,103.3619946,3.8303754,tower,communication,,,UNKNOWN,,"{""layer"": ""1"", ""man_made"": ""tower"", ""tower:construction"": ""lattice"", ""tower:type"": ""communication""}",MY_W1267147827
way,1267147830,103.362426,3.8303168,tower,communication,,,UNKNOWN,,"{""man_made"": ""tower"", ""tower:construction"": ""lattice"", ""tower:type"": ""communication""}",MY_W1267147830
way,1267147836,103.3638203,3.8317722,tower,communication,,,UNKNOWN,,"{""man_made"": ""tower"", ""tower:construction"": ""lattice"", ""tower:type"": ""communication""}",MY_W1267147836
node,11139114232,103.3645463,2.0370571,tower,communication,,,UNKNOWN,,"{""man_made"": ""tower"", ""tower:construction"": ""lattice"", ""tower:type"": ""communication""}",MY_N11139114232
node,11139114233,103.3646777,2.037679,tower,communication,,,UNKNOWN,,"{""man_made"": ""tower"", ""tower:construction"": ""lattice"", ""tower:type"": ""communication""}",MY_N11139114233
way,1267147841,103.3648102,3.8312649,tower,communication,,,UNKNOWN,,"{""man_made"": ""tower"", ""tower:construction"": ""lattice"", ""tower:type"": ""communication""}",MY_W1267147841
node,13617864927,103.3682295,3.9410447,tower,communication,,,UNKNOWN,,"{""man_made"": ""tower"", ""tower:type"": ""communication""}",MY_N13617864927
way,1267064693,103.3685148,3.8110754,tower,communication,,,UNKNOWN,,"{""man_made"": ""tower"", ""tower:construction"": ""lattice"", ""tower:type"": ""communication""}",MY_W1267064693
node,13430456062,103.3821032,4.1061117,tower,communication,,,UNKNOWN,,"{""man_made"": ""tower"", ""tower:construction"": ""lattice"", ""tower:type"": ""communication""}",MY_N13430456062
node,3902995238,103.3863032,1.7517606,tower,communication,,,UNKNOWN,,"{""man_made"": ""tower"", ""tower:type"": ""communication""}",MY_N3902995238
node,8614668705,103.3920161,4.6970123,communications_tower,communication,,,UNKNOWN,,"{""man_made"": ""communications_tower"", ""tower:construction"": ""lattice"", ""tower:type"": ""communication""}",MY_N8614668705
way,1304210537,103.3970667,4.7030795,tower,communication,,,UNKNOWN,,"{""man_made"": ""tower"", ""tower:type"": ""communication""}",MY_W1304210537
way,1304210538,103.3975118,4.7027591,tower,communication,,,UNKNOWN,,"{""man_made"": ""tower"", ""tower:type"": ""communication""}",MY_W1304210538
way,1304210539,103.3998079,4.702216,tower,communication,,,UNKNOWN,,"{""man_made"": ""tower"", ""tower:type"": ""communication""}",MY_W1304210539
way,1304210547,103.4011517,4.7022882,tower,communication,,,UNKNOWN,,"{""man_made"": ""tower"", ""tower:type"": ""communication""}",MY_W1304210547
way,1304210549,103.4026988,4.7003007,tower,communication,,,UNKNOWN,,"{""man_made"": ""tower"", ""tower:type"": ""communication""}",MY_W1304210549
way,1304967763,103.4038154,4.2187911,tower,communication,,,UNKNOWN,,"{""man_made"": ""tower"", ""tower:type"": ""communication""}",MY_W1304967763
node,8191059241,103.4075904,1.4813155,mast,communication,,,UNKNOWN,,"{""man_made"": ""mast"", ""tower:construction"": ""freestanding"", ""tower:type"": ""communication""}",MY_N8191059241
node,13103284367,103.4139432,2.5151843,communications_tower,,,,UNKNOWN,,"{""disused"": ""yes"", ""man_made"": ""communications_tower""}",MY_N13103284367
node,8439185733,103.4212348,3.3813927,communications_tower,communication,,,UNKNOWN,,"{""man_made"": ""communications_tower"", ""tower:construction"": ""lattice"", ""tower:type"": ""communication""}",MY_N8439185733
node,13165619831,103.4213584,1.6989666,mast,communication,,,UNKNOWN,,"{""colour"": ""red/white"", ""man_made"": ""mast"", ""tower:construction"": ""lattice"", ""tower:type"": ""communication""}",MY_N13165619831
node,7848117003,103.4313467,4.2103716,tower,communication,,,UNKNOWN,,"{""man_made"": ""tower"", ""source"": ""bing aerial tracing"", ""tower:type"": ""communication""}",MY_N7848117003
node,8422298542,103.436467,3.0888018,tower,communication,,,UNKNOWN,,"{""man_made"": ""tower"", ""tower:construction"": ""lattice"", ""tower:type"": ""communication""}",MY_N8422298542
node,2894780935,103.4367308,3.2355039,tower,communication,,,UNKNOWN,,"{""man_made"": ""tower"", ""tower:type"": ""communication""}",MY_N2894780935
node,8617095383,103.4428373,4.5936057,communications_tower,communication,,,UNKNOWN,,"{""man_made"": ""communications_tower"", ""tower:construction"": ""lattice"", ""tower:type"": ""communication""}",MY_N8617095383
node,8637257819,103.4491928,4.4423513,tower,communication,,,UNKNOWN,,"{""man_made"": ""tower"", ""tower:construction"": ""lattice"", ""tower:type"": ""communication""}",MY_N8637257819
node,8418750930,103.4510395,1.7170112,communications_tower,communication,,,UNKNOWN,,"{""man_made"": ""communications_tower"", ""tower:construction"": ""lattice"", ""tower:type"": ""communication""}",MY_N8418750930
node,8637709581,103.4517315,4.3877017,tower,communication,,,UNKNOWN,,"{""man_made"": ""tower"", ""tower:construction"": ""lattice"", ""tower:type"": ""communication""}",MY_N8637709581
node,8621891632,103.4521446,4.5786521,tower,communication,,,UNKNOWN,,"{""man_made"": ""tower"", ""tower:construction"": ""lattice"", ""tower:type"": ""communication""}",MY_N8621891632
way,1303810175,103.4562265,4.2414556,tower,communication,,,UNKNOWN,,"{""man_made"": ""tower"", ""tower:construction"": ""lattice"", ""tower:type"": ""communication""}",MY_W1303810175
way,1303810174,103.4562671,4.2411967,tower,communication,,,UNKNOWN,,"{""man_made"": ""tower"", ""tower:construction"": ""lattice"", ""tower:type"": ""communication""}",MY_W1303810174
way,1303814691,103.4647939,4.3172975,tower,communication,,,UNKNOWN,,"{""man_made"": ""tower"", ""tower:type"": ""communication""}",MY_W1303814691
way,1303814692,103.4652265,4.3168916,tower,communication,,,UNKNOWN,,"{""man_made"": ""tower"", ""tower:type"": ""communication""}",MY_W1303814692
way,1303814690,103.4665746,4.3175726,tower,communication,,,UNKNOWN,,"{""man_made"": ""tower"", ""tower:type"": ""communication""}",MY_W1303814690
way,1303814689,103.4667412,4.3177455,tower,communication,,,UNKNOWN,,"{""man_made"": ""tower"", ""tower:type"": ""communication""}",MY_W1303814689
node,6700401660,103.4896103,1.6985874,tower,communication,,,UNKNOWN,,"{""man_made"": ""tower"", ""tower:construction"": ""lattice_steel"", ""tower:type"": ""communication""}",MY_N6700401660
node,3902995237,103.5033926,1.6608071,tower,communication,,,UNKNOWN,,"{""man_made"": ""tower"", ""tower:type"": ""communication""}",MY_N3902995237
node,3902995230,103.5190602,1.6519956,tower,communication,,,UNKNOWN,,"{""man_made"": ""tower"", ""tower:type"": ""communication""}",MY_N3902995230
node,3902995227,103.5196476,1.6519011,tower,communication,,,UNKNOWN,,"{""man_made"": ""tower"", ""tower:type"": ""communication""}",MY_N3902995227
way,229952243,103.5471281,1.6001426,tower,communication,,,UNKNOWN,,"{""man_made"": ""tower"", ""tower:type"": ""communication""}",MY_W229952243
node,9038753536,103.5527046,1.6698785,communications_tower,communication,,,UNKNOWN,,"{""access"": ""private"", ""aeroway:light"": ""obstacle"", ""ele"": ""80.61"", ""man_made"": ""communications_tower"", ""material"": ""steel"", ""tower:construction"": ""lattice"", ""tower:type"": ""communication""}",MY_N9038753536
node,4553240899,103.5536218,1.3768311,mast,,,,UNKNOWN,,"{""man_made"": ""mast""}",MY_N4553240899
node,4553240947,103.5543907,1.3723461,mast,,,,UNKNOWN,,"{""man_made"": ""mast""}",MY_N4553240947
node,4540536734,103.5592916,1.3814116,mast,,,,UNKNOWN,,"{""man_made"": ""mast""}",MY_N4540536734
node,4540518868,103.5718841,1.3859124,mast,,,,UNKNOWN,,"{""man_made"": ""mast""}",MY_N4540518868
node,9040373402,103.5722405,1.6806376,communications_tower,communication,,,UNKNOWN,,"{""access"": ""private"", ""aeroway:light"": ""obstacle"", ""ele"": ""152.4"", ""ele:ft"": ""550"", ""man_made"": ""communications_tower"", ""material"": ""steel"", ""note"": ""elevation at top of tower."", ""source"": ""CAAM eAIP 20210812"", ""tower:construction"": ""lattice"", ""tower:type"": ""communication""}",MY_N9040373402
node,9040090263,103.5726321,1.6269702,mast,communication,,,UNKNOWN,,"{""access"": ""private"", ""aeroway:light"": ""obstacle"", ""man_made"": ""mast"", ""source"": ""CAAM eAIP 20210812"", ""tower:construction"": ""freestanding"", ""tower:type"": ""communication""}",MY_N9040090263
node,11158439300,103.5761565,1.6190743,tower,communication,,,UNKNOWN,,"{""man_made"": ""tower"", ""tower:construction"": ""lattice"", ""tower:type"": ""communication""}",MY_N11158439300
node,8194411065,103.5780475,1.5377618,mast,communication,,,UNKNOWN,,"{""man_made"": ""mast"", ""tower:construction"": ""freestanding"", ""tower:type"": ""communication""}",MY_N8194411065
node,8194411066,103.5786644,1.5377565,mast,communication,,,UNKNOWN,,"{""man_made"": ""mast"", ""tower:construction"": ""freestanding"", ""tower:type"": ""communication""}",MY_N8194411066
node,8194478063,103.5839698,1.5497872,tower,communication,,,UNKNOWN,,"{""man_made"": ""tower"", ""tower:construction"": ""lattice"", ""tower:type"": ""communication""}",MY_N8194478063
node,4540518856,103.5845653,1.3949569,mast,,,,UNKNOWN,,"{""man_made"": ""mast""}",MY_N4540518856
node,8194554171,103.5859224,1.5389013,mast,communication,,,UNKNOWN,,"{""man_made"": ""mast"", ""tower:construction"": ""freestanding"", ""tower:type"": ""communication""}",MY_N8194554171
node,8194311012,103.5862094,1.5665474,mast,communication,,,UNKNOWN,,"{""man_made"": ""mast"", ""tower:construction"": ""freestanding"", ""tower:type"": ""communication""}",MY_N8194311012
node,8194411113,103.5877973,1.5410651,mast,communication,,,UNKNOWN,,"{""man_made"": ""mast"", ""tower:construction"": ""freestanding"", ""tower:type"": ""communication""}",MY_N8194411113
node,8296464154,103.5890713,1.4591571,mast,communication,,,UNKNOWN,,"{""man_made"": ""mast"", ""tower:construction"": ""freestanding"", ""tower:type"": ""communication""}",MY_N8296464154
node,4540518855,103.5890899,1.3912877,mast,,,,UNKNOWN,,"{""man_made"": ""mast""}",MY_N4540518855
node,8296464134,103.5893208,1.4663323,mast,communication,,,UNKNOWN,,"{""man_made"": ""mast"", ""tower:construction"": ""freestanding"", ""tower:type"": ""communication""}",MY_N8296464134
node,8242471252,103.5905465,1.6489165,mast,communication,,,UNKNOWN,,"{""man_made"": ""mast"", ""tower:construction"": ""freestanding"", ""tower:type"": ""communication""}",MY_N8242471252
node,8242031174,103.5924375,1.6602508,mast,communication,,,UNKNOWN,,"{""man_made"": ""mast"", ""tower:construction"": ""freestanding"", ""tower:type"": ""communication""}",MY_N8242031174
node,8194880382,103.5928237,1.558729,tower,communication,,,UNKNOWN,,"{""man_made"": ""tower"", ""tower:construction"": ""lattice"", ""tower:type"": ""communication""}",MY_N8194880382
node,8194310997,103.5943633,1.5679041,tower,communication,,,UNKNOWN,,"{""man_made"": ""tower"", ""tower:construction"": ""lattice"", ""tower:type"": ""communication""}",MY_N8194310997
node,5046482112,103.5974462,1.492749,mast,,,,UNKNOWN,,"{""man_made"": ""mast""}",MY_N5046482112
node,9040477852,103.6013974,1.6663744,mast,communication,,,UNKNOWN,,"{""access"": ""private"", ""aeroway:light"": ""obstacle"", ""ele"": ""86.86"", ""ele:ft"": ""285"", ""man_made"": ""mast"", ""note"": ""elevation at top of tower."", ""source"": ""CAAM eAIP 20210812"", ""tower:type"": ""communication""}",MY_N9040477852
node,8242137991,103.6064306,1.6440034,mast,communication,,,UNKNOWN,,"{""man_made"": ""mast"", ""tower:construction"": ""freestanding"", ""tower:type"": ""communication""}",MY_N8242137991
node,3902995226,103.6101796,1.4533307,tower,communication,,,UNKNOWN,,"{""man_made"": ""tower"", ""tower:type"": ""communication""}",MY_N3902995226
node,8248283073,103.6102192,1.6290454,mast,communication,,,UNKNOWN,,"{""man_made"": ""mast"", ""tower:construction"": ""freestanding"", ""tower:type"": ""communication""}",MY_N8248283073
node,5249581791,103.6122201,1.3618865,mast,,,,UNKNOWN,,"{""man_made"": ""mast""}",MY_N5249581791
node,7010113806,103.613602,1.6589239,tower,communication,,,UNKNOWN,,"{""aeroway:light"": ""obstacle"", ""ele"": ""131"", ""man_made"": ""tower"", ""tower:construction"": ""lattice"", ""tower:type"": ""communication""}",MY_N7010113806
node,9038753537,103.6137329,1.6591623,tower,communication,,,UNKNOWN,,"{""aeroway:light"": ""obstacle"", ""man_made"": ""tower"", ""tower:construction"": ""lattice"", ""tower:type"": ""communication""}",MY_N9038753537
node,10290743704,103.6141916,1.6060962,communications_tower,communication,,,UNKNOWN,,"{""man_made"": ""communications_tower"", ""tower:type"": ""communication""}",MY_N10290743704
node,13142317645,103.6158183,2.6684175,tower,communication,,,UNKNOWN,,"{""man_made"": ""tower"", ""tower:type"": ""communication""}",MY_N13142317645
node,8850585799,103.6218372,2.6489683,mast,communication,,,UNKNOWN,,"{""man_made"": ""mast"", ""mapillary"": ""398126661460785"", ""tower:construction"": ""guyed_lattice"", ""tower:type"": ""communication""}",MY_N8850585799
node,8297204273,103.6231877,1.5018154,mast,communication,,,UNKNOWN,,"{""man_made"": ""mast"", ""tower:construction"": ""freestanding"", ""tower:type"": ""communication""}",MY_N8297204273
node,8297308060,103.6237818,1.5022444,mast,communication,,,UNKNOWN,,"{""man_made"": ""mast"", ""tower:construction"": ""freestanding"", ""tower:type"": ""communication""}",MY_N8297308060
node,8297308061,103.6240366,1.5024764,communications_tower,communication,,,UNKNOWN,,"{""man_made"": ""communications_tower"", ""tower:construction"": ""lattice"", ""tower:type"": ""communication""}",MY_N8297308061
node,9040373401,103.6240903,1.5379428,tower,communication,,,UNKNOWN,,"{""access"": ""private"", ""aeroway:light"": ""obstacle"", ""ele"": ""82.58"", ""ele:ft"": ""271"", ""man_made"": ""tower"", ""material"": ""steel"", ""source"": ""CAAM eAIP 20210812"", ""tower:construction"": ""lattice"", ""tower:type"": ""communication""}",MY_N9040373401
node,8300544984,103.6378191,1.5121317,mast,communication,,,UNKNOWN,,"{""man_made"": ""mast"", ""tower:construction"": ""freestanding"", ""tower:type"": ""communication""}",MY_N8300544984
node,8300543972,103.6501667,1.5156897,mast,communication,,,UNKNOWN,,"{""man_made"": ""mast"", ""tower:construction"": ""freestanding"", ""tower:type"": ""communication""}",MY_N8300543972
node,8254539319,103.6569084,1.6104745,tower,communication,,,UNKNOWN,,"{""man_made"": ""tower"", ""tower:construction"": ""lattice"", ""tower:type"": ""communication""}",MY_N8254539319
node,9038719772,103.6642818,1.6432701,mast,lighting,,,UNKNOWN,,"{""height"": ""36.58"", ""man_made"": ""mast"", ""tower:construction"": ""freestanding"", ""tower:type"": ""lighting""}",MY_N9038719772
node,9038719774,103.6647364,1.6417445,mast,lighting,,,UNKNOWN,,"{""height"": ""36.58"", ""man_made"": ""mast"", ""tower:construction"": ""freestanding"", ""tower:type"": ""lighting""}",MY_N9038719774
node,9038719773,103.6647371,1.6420328,mast,lighting,,,UNKNOWN,,"{""height"": ""36.58"", ""man_made"": ""mast"", ""tower:construction"": ""freestanding"", ""tower:type"": ""lighting""}",MY_N9038719773
node,9038719827,103.6653013,1.6405688,mast,lighting,,,UNKNOWN,,"{""height"": ""36.58"", ""man_made"": ""mast"", ""tower:construction"": ""freestanding"", ""tower:type"": ""lighting""}",MY_N9038719827
node,9038719771,103.6656752,1.6401841,mast,lighting,,,UNKNOWN,,"{""man_made"": ""mast"", ""tower:construction"": ""freestanding"", ""tower:type"": ""lighting""}",MY_N9038719771
node,11388841309,103.6660546,1.6392041,mast,lighting,,,UNKNOWN,,"{""man_made"": ""mast"", ""tower:construction"": ""freestanding"", ""tower:type"": ""lighting""}",MY_N11388841309
node,11388880572,103.6662638,1.6380864,mast,lighting,,,UNKNOWN,,"{""man_made"": ""mast"", ""tower:construction"": ""freestanding"", ""tower:type"": ""lighting""}",MY_N11388880572
node,8254392355,103.666614,1.6107333,mast,communication,,,UNKNOWN,,"{""man_made"": ""mast"", ""tower:construction"": ""freestanding"", ""tower:type"": ""communication""}",MY_N8254392355
node,10948802708,103.6668932,1.6374518,mast,lighting,,,UNKNOWN,,"{""man_made"": ""mast"", ""tower:construction"": ""freestanding"", ""tower:type"": ""lighting""}",MY_N10948802708
node,11388862435,103.6675487,1.6344214,mast,lighting,,,UNKNOWN,,"{""man_made"": ""mast"", ""tower:construction"": ""freestanding"", ""tower:type"": ""lighting""}",MY_N11388862435
node,11388862434,103.6677822,1.6337726,mast,lighting,,,UNKNOWN,,"{""man_made"": ""mast"", ""tower:construction"": ""freestanding"", ""tower:type"": ""lighting""}",MY_N11388862434
node,11360752509,103.6709121,1.4948546,tower,communication,,,NR,yes,"{""communication:4g"": ""yes"", ""communication:4g+"": ""yes"", ""communication:5g"": ""yes"", ""communication:gsm"": ""yes"", ""communication:lte"": ""yes"", ""communication:mobile_phone"": ""yes"", ""man_made"": ""tower"", ""tower:construction"": ""tower"", ""tower:type"": ""communication""}",MY_N11360752509
node,13325808685,103.6766831,1.5418602,tower,communication,,,UNKNOWN,,"{""man_made"": ""tower"", ""tower:construction"": ""lattice"", ""tower:type"": ""communication""}",MY_N13325808685
node,11360752510,103.6769296,1.4948844,tower,communication,,,LTE,yes,"{""communication:4g"": ""yes"", ""communication:4g+"": ""yes"", ""communication:lte"": ""yes"", ""communication:mobile_phone"": ""yes"", ""man_made"": ""tower"", ""tower:construction"": ""monopole"", ""tower:type"": ""communication""}",MY_N11360752510
node,9040072038,103.7029083,1.5369762,communications_tower,communication,,,UNKNOWN,,"{""access"": ""private"", ""aeroway:light"": ""obstacle"", ""ele"": ""76.2"", ""ele:ft"": ""250"", ""man_made"": ""communications_tower"", ""material"": ""steel"", ""source"": ""CAAM eAIP 20210812"", ""tower:construction"": ""lattice"", ""tower:type"": ""communication""}",MY_N9040072038
node,9040477851,103.7035105,1.5478138,mast,communication,,,UNKNOWN,,"{""aeroway:light"": ""obstacle"", ""ele"": ""86.86"", ""ele:ft"": ""285"", ""man_made"": ""mast"", ""note"": ""elevation at top of tower."", ""source"": ""CAAM eAIP 20210812"", ""tower:type"": ""communication""}",MY_N9040477851
node,9040477850,103.7040228,1.5378476,communications_tower,communication,,,UNKNOWN,,"{""access"": ""private"", ""aeroway:light"": ""obstacle"", ""man_made"": ""communications_tower"", ""material"": ""steel"", ""source"": ""CAAM eAIP 20210812"", ""tower:construction"": ""lattice"", ""tower:type"": ""communication""}",MY_N9040477850
node,9040016330,103.7283222,1.5073147,tower,communication,,,UNKNOWN,,"{""access"": ""private"", ""aeroway:light"": ""obstacle"", ""height"": ""36.6"", ""man_made"": ""tower"", ""material"": ""steel"", ""source"": ""CAAM eAIP 20210812"", ""tower:construction"": ""lattice"", ""tower:type"": ""communication""}",MY_N9040016330
node,10948101724,103.7492616,1.5788316,tower,communication,,,UNKNOWN,,"{""man_made"": ""tower"", ""tower:type"": ""communication""}",MY_N10948101724
node,8302956903,103.7508099,1.4982185,mast,lighting,,,UNKNOWN,,"{""man_made"": ""mast"", ""tower:construction"": ""freestanding"", ""tower:type"": ""lighting""}",MY_N8302956903
node,8302956904,103.7509011,1.4967035,mast,lighting,,,UNKNOWN,,"{""man_made"": ""mast"", ""tower:construction"": ""freestanding"", ""tower:type"": ""lighting""}",MY_N8302956904
node,10948101740,103.7520538,1.5893058,tower,communication,,,UNKNOWN,,"{""man_made"": ""tower"", ""tower:type"": ""communication""}",MY_N10948101740
node,8302956902,103.7521496,1.4981689,mast,lighting,,,UNKNOWN,,"{""man_made"": ""mast"", ""tower:construction"": ""freestanding"", ""tower:type"": ""lighting""}",MY_N8302956902
node,8302956901,103.7521765,1.4968349,mast,lighting,,,UNKNOWN,,"{""man_made"": ""mast"", ""tower:construction"": ""freestanding"", ""tower:type"": ""lighting""}",MY_N8302956901
node,8302956900,103.7522851,1.4965547,mast,lighting,,,UNKNOWN,,"{""man_made"": ""mast"", ""tower:construction"": ""freestanding"", ""tower:type"": ""lighting""}",MY_N8302956900
node,10948101726,103.7557291,1.6004114,tower,communication,,,UNKNOWN,,"{""man_made"": ""tower"", ""tower:type"": ""communication""}",MY_N10948101726
node,10948101725,103.7636669,1.5879361,tower,communication,,,UNKNOWN,,"{""man_made"": ""tower"", ""tower:type"": ""communication""}",MY_N10948101725
node,9040016331,103.7865154,1.5400034,tower,communication,,,UNKNOWN,,"{""access"": ""private"", ""aeroway:light"": ""obstacle"", ""height"": ""36.6"", ""man_made"": ""tower"", ""material"": ""steel"", ""source"": ""CAAM eAIP 20210812"", ""tower:construction"": ""lattice"", ""tower:type"": ""communication""}",MY_N9040016331
way,1388820991,103.80241,2.5766168,tower,communication,,,UNKNOWN,,"{""man_made"": ""tower"", ""tower:construction"": ""lattice"", ""tower:type"": ""communication""}",MY_W1388820991
node,9040431790,103.8152137,1.7710648,communications_tower,communication,,,UNKNOWN,,"{""access"": ""private"", ""aeroway:light"": ""obstacle"", ""ele"": ""375.2"", ""ele:ft"": ""1231"", ""man_made"": ""communications_tower"", ""material"": ""steel"", ""note"": ""elevation at top of tower."", ""source"": ""CAAM eAIP 20210812"", ""tower:construction"": ""lattice"", ""tower:type"": ""communication""}",MY_N9040431790
node,8387910052,103.8171557,2.4663955,tower,communication,,,UNKNOWN,,"{""man_made"": ""tower"", ""tower:construction"": ""lattice"", ""tower:type"": ""communication""}",MY_N8387910052
way,1315843998,103.8237152,1.6106312,tower,communication,,,UNKNOWN,,"{""building"": ""yes"", ""man_made"": ""tower"", ""tower:type"": ""communication""}",MY_W1315843998
node,8182722420,103.826935,2.520431,tower,communication,,,UNKNOWN,,"{""man_made"": ""tower"", ""tower:construction"": ""lattice"", ""tower:type"": ""communication""}",MY_N8182722420
node,8387123936,103.8360311,1.8266845,tower,communication,,,UNKNOWN,,"{""man_made"": ""tower"", ""tower:construction"": ""lattice"", ""tower:type"": ""communication""}",MY_N8387123936
node,11167076406,103.8462613,1.8082042,tower,communication,,,UNKNOWN,,"{""man_made"": ""tower"", ""tower:construction"": ""lattice"", ""tower:type"": ""communication""}",MY_N11167076406
node,8381293209,103.851791,1.6629104,mast,communication,,,UNKNOWN,,"{""man_made"": ""mast"", ""tower:construction"": ""freestanding"", ""tower:type"": ""communication""}",MY_N8381293209
node,8381065572,103.9152628,1.5483111,communications_tower,communication,,,UNKNOWN,,"{""man_made"": ""communications_tower"", ""tower:construction"": ""lattice"", ""tower:type"": ""communication""}",MY_N8381065572
node,9841737653,103.9231619,1.5159096,tower,communication,,,UNKNOWN,,"{""man_made"": ""tower"", ""tower:type"": ""communication""}",MY_N9841737653
node,9040072039,103.938024,1.4489465,communications_tower,communication,,,UNKNOWN,,"{""access"": ""private"", ""aeroway:light"": ""obstacle"", ""ele"": ""112.78"", ""ele:ft"": ""370"", ""man_made"": ""communications_tower"", ""material"": ""steel"", ""source"": ""CAAM eAIP 20210812"", ""tower:construction"": ""lattice"", ""tower:type"": ""communication""}",MY_N9040072039
node,8377840940,103.9510488,1.8502524,communications_tower,communication,,,UNKNOWN,,"{""man_made"": ""communications_tower"", ""tower:construction"": ""lattice"", ""tower:type"": ""communication""}",MY_N8377840940
node,13722751040,103.9811003,2.4297256,communications_tower,communication,,,UNKNOWN,,"{""man_made"": ""communications_tower"", ""tower:type"": ""communication""}",MY_N13722751040
node,11147435458,104.0708873,1.4555292,tower,communication,,,UNKNOWN,,"{""man_made"": ""tower"", ""tower:construction"": ""lattice"", ""tower:type"": ""communication""}",MY_N11147435458
way,1387401029,104.1004315,1.3771165,tower,communication,,,UNKNOWN,,"{""building"": ""yes"", ""man_made"": ""tower"", ""tower:type"": ""communication""}",MY_W1387401029
way,446330609,104.2011729,2.7940392,tower,communication,,,UNKNOWN,,"{""man_made"": ""tower"", ""tower:type"": ""communication""}",MY_W446330609
node,12889290985,104.2715205,1.5281241,mast,communication,,,UNKNOWN,,"{""man_made"": ""mast"", ""tower:construction"": ""freestanding"", ""tower:type"": ""communication""}",MY_N12889290985
node,12889290986,104.2717499,1.5280409,communications_tower,communication,,,UNKNOWN,,"{""man_made"": ""communications_tower"", ""tower:construction"": ""lattice"", ""tower:type"": ""communication""}",MY_N12889290986
node,12889290231,104.284654,1.5166523,mast,lighting,,,UNKNOWN,,"{""man_made"": ""mast"", ""material"": ""metal"", ""tower:construction"": ""freestanding"", ""tower:type"": ""lighting""}",MY_N12889290231
way,1450150668,110.1936101,1.5862689,communications_tower,communication,Telekom Malaysia,,UNKNOWN,yes,"{""building"": ""yes"", ""communication:mobile_phone"": ""yes"", ""man_made"": ""communications_tower"", ""operator"": ""Telekom Malaysia"", ""tower:type"": ""communication""}",MY_W1450150668
node,13889784607,110.3220014,1.4398446,mast,communication,,,UNKNOWN,,"{""man_made"": ""mast"", ""tower:type"": ""communication""}",MY_N13889784607
node,3623334350,110.3375312,1.5309838,communications_tower,,,,UNKNOWN,,"{""man_made"": ""communications_tower"", ""source"": ""Bing""}",MY_N3623334350
node,3623367413,110.339987,1.5221237,communications_tower,,,,UNKNOWN,,"{""man_made"": ""communications_tower"", ""source"": ""Bing""}",MY_N3623367413
node,12773184677,110.3414364,1.6248158,mast,communication,,,UNKNOWN,,"{""man_made"": ""mast"", ""tower:type"": ""communication""}",MY_N12773184677
node,3573581293,110.359805,1.5197334,communications_tower,,,,UNKNOWN,,"{""man_made"": ""communications_tower""}",MY_N3573581293
node,2782631993,110.3808063,1.5197394,communications_tower,,,,UNKNOWN,,"{""man_made"": ""communications_tower""}",MY_N2782631993
node,13889774655,110.4059914,1.3573551,mast,communication,,,UNKNOWN,,"{""man_made"": ""mast"", ""material"": ""steel"", ""tower:construction"": ""freestanding"", ""tower:type"": ""communication""}",MY_N13889774655
node,13889776578,110.4167336,1.2694473,tower,communication,,,UNKNOWN,,"{""man_made"": ""tower"", ""material"": ""steel"", ""tower:construction"": ""lattice"", ""tower:type"": ""communication""}",MY_N13889776578
node,13891743611,110.4373384,1.3443151,tower,communication,,,UNKNOWN,,"{""man_made"": ""tower"", ""material"": ""steel"", ""tower:construction"": ""lattice"", ""tower:type"": ""communication""}",MY_N13891743611
node,6745537235,110.6218308,1.1533086,tower,communication,,,UNKNOWN,,"{""man_made"": ""tower"", ""tower:construction"": ""lattice_steel"", ""tower:type"": ""communication""}",MY_N6745537235
node,6745537234,110.6218459,1.1523971,tower,communication,,,UNKNOWN,,"{""man_made"": ""tower"", ""tower:construction"": ""lattice_steel"", ""tower:type"": ""communication""}",MY_N6745537234
node,6745537233,110.6219939,1.1520508,tower,communication,,,UNKNOWN,,"{""man_made"": ""tower"", ""tower:construction"": ""lattice_steel"", ""tower:type"": ""communication""}",MY_N6745537233
node,6759131549,110.9335986,1.514715,tower,communication,,,UNKNOWN,,"{""man_made"": ""tower"", ""tower:construction"": ""lattice_steel"", ""tower:type"": ""communication""}",MY_N6759131549
node,12548986934,111.0002715,1.5309519,mast,communication,,,UNKNOWN,,"{""man_made"": ""mast"", ""tower:type"": ""communication""}",MY_N12548986934
node,6451638812,111.3305529,2.1522666,tower,communication,,,UNKNOWN,,"{""man_made"": ""tower"", ""tower:construction"": ""lattice_steel"", ""tower:type"": ""communication""}",MY_N6451638812
node,10802588447,111.3704325,2.4888448,mast,,,,UNKNOWN,,"{""man_made"": ""mast""}",MY_N10802588447
node,10802588425,111.3749561,2.5328583,mast,,,,UNKNOWN,,"{""man_made"": ""mast""}",MY_N10802588425
node,10801806749,111.3969062,2.417984,mast,,,,UNKNOWN,,"{""man_made"": ""mast""}",MY_N10801806749
node,5067194637,111.4044531,1.2629513,tower,communication,,,UNKNOWN,,"{""man_made"": ""tower"", ""tower:type"": ""communication""}",MY_N5067194637
node,11526632808,111.4294982,1.9404999,tower,communication,,TM Bukit Kayu Malam,UNKNOWN,yes,"{""communication:mobile_phone"": ""yes"", ""man_made"": ""tower"", ""name"": ""TM Bukit Kayu Malam"", ""tower:construction"": ""lattice"", ""tower:type"": ""communication""}",MY_N11526632808
node,6457937009,111.4320763,2.5112264,tower,communication,,,UNKNOWN,,"{""man_made"": ""tower"", ""tower:construction"": ""lattice_steel"", ""tower:type"": ""communication""}",MY_N6457937009
node,10746755999,111.4340319,1.9704863,mast,communication,,,UNKNOWN,,"{""communication:television"": ""yes"", ""man_made"": ""mast"", ""tower:type"": ""communication""}",MY_N10746755999
node,10746755997,111.4341438,1.9715791,mast,communication,,,UNKNOWN,,"{""communication:television"": ""yes"", ""man_made"": ""mast"", ""tower:type"": ""communication""}",MY_N10746755997
node,10746755998,111.4361575,1.9710489,mast,communication,,,UNKNOWN,,"{""communication:television"": ""yes"", ""man_made"": ""mast"", ""tower:type"": ""communication""}",MY_N10746755998
way,1425495547,111.4623347,1.2326335,tower,communication,,,UNKNOWN,yes,"{""building"": ""yes"", ""communication:mobile_phone"": ""yes"", ""communication:radio"": ""yes"", ""communication:television"": ""yes"", ""man_made"": ""tower"", ""tower:type"": ""communication""}",MY_W1425495547
node,10780423481,111.4990916,1.6290076,mast,,,,UNKNOWN,,"{""man_made"": ""mast""}",MY_N10780423481
node,5257595022,111.5199367,2.131413,mast,communication,,Communication Tower,UNKNOWN,,"{""man_made"": ""mast"", ""name"": ""Communication Tower"", ""name:en"": ""Communication Tower"", ""tower:construction"": ""steel"", ""tower:type"": ""communication""}",MY_N5257595022
node,10771843285,111.5542928,1.0267176,mast,communication,,,UNKNOWN,,"{""communication:television"": ""yes"", ""man_made"": ""mast"", ""tower:type"": ""communication""}",MY_N10771843285
node,11962284837,111.6326507,2.166531,mast,communication,,,UNKNOWN,,"{""man_made"": ""mast"", ""tower:type"": ""communication""}",MY_N11962284837
node,10780417393,111.648681,1.1541936,tower,communication,,,UNKNOWN,,"{""man_made"": ""tower"", ""material"": ""steel"", ""tower:construction"": ""lattice"", ""tower:type"": ""communication""}",MY_N10780417393
node,9696620835,111.6561519,1.2219468,tower,communication,,,UNKNOWN,,"{""man_made"": ""tower"", ""tower:type"": ""communication""}",MY_N9696620835
node,5063253063,111.6779123,1.1290095,tower,communication,,,UNKNOWN,,"{""man_made"": ""tower"", ""tower:type"": ""communication""}",MY_N5063253063
node,6628565568,111.8478177,2.2691593,tower,communication,,,UNKNOWN,,"{""man_made"": ""tower"", ""tower:construction"": ""lattice_steel"", ""tower:type"": ""communication""}",MY_N6628565568
node,9810094393,111.9015007,2.0625819,tower,communication,,,UNKNOWN,,"{""man_made"": ""tower"", ""tower:type"": ""communication""}",MY_N9810094393
node,14017237793,112.7151749,2.0132098,tower,communication,,,UNKNOWN,yes,"{""communication:mobile_phone"": ""yes"", ""man_made"": ""tower"", ""tower:construction"": ""lattice"", ""tower:type"": ""communication""}",MY_N14017237793
node,3765699308,113.0806067,3.2175726,communications_tower,,,,UNKNOWN,,"{""man_made"": ""communications_tower""}",MY_N3765699308
node,3765699325,113.0808642,3.217278,communications_tower,,,,UNKNOWN,,"{""man_made"": ""communications_tower""}",MY_N3765699325
node,3765699324,113.0811646,3.2181671,communications_tower,,,,UNKNOWN,,"{""man_made"": ""communications_tower""}",MY_N3765699324
node,3765691973,113.0823502,3.2183679,communications_tower,,,,UNKNOWN,,"{""man_made"": ""communications_tower""}",MY_N3765691973
node,3765686551,113.0861777,3.2199319,communications_tower,,,,UNKNOWN,,"{""man_made"": ""communications_tower""}",MY_N3765686551
node,12265504950,113.4353616,3.3699375,mast,communication,,,UNKNOWN,yes,"{""communication:mobile_phone"": ""yes"", ""man_made"": ""mast"", ""tower:type"": ""communication""}",MY_N12265504950
node,12265504949,113.4359258,3.3695948,mast,communication,,,UNKNOWN,yes,"{""communication:mobile_phone"": ""yes"", ""man_made"": ""mast"", ""tower:type"": ""communication""}",MY_N12265504949
node,13104827528,113.5112131,2.6639979,tower,communication,,Tungun Talipon,LTE,yes,"{""communication:4g"": ""yes"", ""communication:mobile"": ""yes"", ""communication:mobile_phone"": ""yes"", ""height"": ""30"", ""man_made"": ""tower"", ""mimics"": ""flagpole"", ""name"": ""Tungun Talipon"", ""tower:construction"": ""steel"", ""tower:type"": ""communication""}",MY_N13104827528
node,12266043339,113.5577804,3.4499893,mast,communication,,,UNKNOWN,yes,"{""communication:mobile_phone"": ""yes"", ""man_made"": ""mast"", ""tower:type"": ""communication""}",MY_N12266043339
node,4971032710,113.7476067,2.7257854,tower,communication,,,UNKNOWN,,"{""man_made"": ""tower"", ""source"": ""DigitalGlobe standard"", ""tower:type"": ""communication""}",MY_N4971032710
node,12270851329,113.793027,4.0640694,mast,communication,,,UNKNOWN,,"{""communication:television"": ""yes"", ""man_made"": ""mast"", ""tower:type"": ""communication""}",MY_N12270851329
node,11482095447,113.8413294,4.0603736,mast,communication,,,UNKNOWN,yes,"{""communication:mobile_phone"": ""yes"", ""man_made"": ""mast"", ""tower:type"": ""communication""}",MY_N11482095447
node,11484371222,113.8485145,4.0625887,mast,communication,,,UNKNOWN,yes,"{""communication:mobile_phone"": ""yes"", ""man_made"": ""mast"", ""tower:type"": ""communication""}",MY_N11484371222
node,12124802651,113.8843277,3.8695236,mast,communication,,,UNKNOWN,yes,"{""communication:mobile_phone"": ""yes"", ""man_made"": ""mast"", ""tower:type"": ""communication""}",MY_N12124802651
node,11482649670,113.9238949,4.244054,mast,communication,,,UNKNOWN,,"{""communication:television"": ""yes"", ""man_made"": ""mast"", ""tower:type"": ""communication""}",MY_N11482649670
node,12419607083,113.9240811,4.2452329,mast,communication,,,UNKNOWN,yes,"{""communication:mobile_phone"": ""yes"", ""man_made"": ""mast"", ""tower:type"": ""communication""}",MY_N12419607083
node,12120294219,113.9356416,4.2609182,mast,communication,,,UNKNOWN,,"{""communication:radio"": ""yes"", ""man_made"": ""mast"", ""tower:type"": ""communication""}",MY_N12120294219
node,12116945444,113.9586528,4.3013622,mast,communication,,,UNKNOWN,yes,"{""communication:mobile_phone"": ""yes"", ""man_made"": ""mast"", ""tower:type"": ""communication""}",MY_N12116945444
node,11730767539,113.9654239,4.3085974,mast,communication,,,UNKNOWN,yes,"{""communication:mobile_phone"": ""yes"", ""man_made"": ""mast"", ""tower:type"": ""communication""}",MY_N11730767539
node,12260551262,113.9659704,4.0947331,mast,communication,,,UNKNOWN,yes,"{""communication:mobile_phone"": ""yes"", ""man_made"": ""mast"", ""tower:type"": ""communication""}",MY_N12260551262
node,11463362309,113.9669279,4.3192878,tower,communication,,,UNKNOWN,,"{""man_made"": ""tower"", ""tower:type"": ""communication""}",MY_N11463362309
node,11496601911,113.9726797,4.3624345,mast,communication,,,UNKNOWN,yes,"{""communication:mobile_phone"": ""yes"", ""man_made"": ""mast"", ""tower:type"": ""communication""}",MY_N11496601911
node,11496601910,113.9727112,4.3619872,mast,communication,,,UNKNOWN,yes,"{""communication:mobile_phone"": ""yes"", ""man_made"": ""mast"", ""tower:type"": ""communication""}",MY_N11496601910
node,11727753196,113.972722,4.3237263,mast,communication,,,UNKNOWN,yes,"{""communication:mobile_phone"": ""yes"", ""man_made"": ""mast"", ""tower:type"": ""communication""}",MY_N11727753196
node,12084295135,113.9729175,4.3726288,mast,communication,,,UNKNOWN,yes,"{""communication:mobile_phone"": ""yes"", ""man_made"": ""mast"", ""tower:type"": ""communication""}",MY_N12084295135
node,12407437060,113.9739523,4.3446442,mast,communication,,,UNKNOWN,yes,"{""communication:mobile_phone"": ""yes"", ""man_made"": ""mast"", ""tower:type"": ""communication""}",MY_N12407437060
node,11794540712,113.974329,4.3174933,mast,communication,,,UNKNOWN,yes,"{""communication:mobile_phone"": ""yes"", ""man_made"": ""mast"", ""tower:type"": ""communication""}",MY_N11794540712
node,12058759613,113.9743319,4.3883591,mast,communication,,,UNKNOWN,yes,"{""communication:mobile_phone"": ""yes"", ""man_made"": ""mast"", ""tower:type"": ""communication""}",MY_N12058759613
node,11496879857,113.975761,4.3643009,mast,communication,,,UNKNOWN,yes,"{""communication:mobile_phone"": ""yes"", ""man_made"": ""mast"", ""tower:type"": ""communication""}",MY_N11496879857
node,12110472263,113.977493,4.3984058,mast,,,,UNKNOWN,,"{""man_made"": ""mast"", ""tower:construction"": ""metal""}",MY_N12110472263
node,12238462274,113.9794338,4.33518,mast,communication,,,UNKNOWN,yes,"{""communication:mobile_phone"": ""yes"", ""man_made"": ""mast"", ""tower:type"": ""communication""}",MY_N12238462274
node,12063268241,113.9798875,4.3480886,mast,communication,,,UNKNOWN,yes,"{""communication:mobile_phone"": ""yes"", ""man_made"": ""mast"", ""tower:type"": ""communication""}",MY_N12063268241
node,11795630828,113.9806056,4.3678684,mast,communication,,,UNKNOWN,,"{""communication:television"": ""yes"", ""man_made"": ""mast"", ""tower:type"": ""communication""}",MY_N11795630828
node,11487000566,113.9809671,4.3783346,mast,communication,,,UNKNOWN,yes,"{""communication:mobile_phone"": ""yes"", ""man_made"": ""mast"", ""tower:type"": ""communication""}",MY_N11487000566
node,12273248580,113.9824349,4.3486718,mast,communication,,,UNKNOWN,yes,"{""communication:mobile_phone"": ""yes"", ""man_made"": ""mast"", ""tower:type"": ""communication""}",MY_N12273248580
node,11496907513,113.9826861,4.1255055,mast,communication,,,UNKNOWN,yes,"{""communication:mobile_phone"": ""yes"", ""man_made"": ""mast"", ""tower:type"": ""communication""}",MY_N11496907513
node,11584058118,113.9829595,4.3738691,mast,communication,,,UNKNOWN,yes,"{""communication:mobile_phone"": ""yes"", ""man_made"": ""mast"", ""tower:type"": ""communication""}",MY_N11584058118
node,12205012364,113.9832681,4.3230831,mast,lighting,,,UNKNOWN,,"{""man_made"": ""mast"", ""tower:type"": ""lighting""}",MY_N12205012364
node,12408552579,113.9834656,4.3281521,mast,communication,,,UNKNOWN,yes,"{""communication:mobile_phone"": ""yes"", ""man_made"": ""mast"", ""tower:type"": ""communication""}",MY_N12408552579
node,12177011821,113.9836072,4.3238229,mast,lighting,,,UNKNOWN,,"{""man_made"": ""mast"", ""tower:type"": ""lighting""}",MY_N12177011821
node,12177011820,113.98376,4.3241712,mast,lighting,,,UNKNOWN,,"{""man_made"": ""mast"", ""tower:type"": ""lighting""}",MY_N12177011820
node,12177011819,113.984064,4.3245991,mast,lighting,,,UNKNOWN,,"{""man_made"": ""mast"", ""tower:type"": ""lighting""}",MY_N12177011819
node,11875484220,113.9841106,4.5732675,mast,communication,,MYY 5G DNB (DQMIR0772),NR,,"{""communication:5g"": ""yes"", ""man_made"": ""mast"", ""name"": ""MYY 5G DNB (DQMIR0772)"", ""tower:type"": ""communication""}",MY_N11875484220
way,1235093106,113.9841253,4.3266536,tower,communication,,Menara Kawalan Trafik Udara,UNKNOWN,,"{""building"": ""yes"", ""building:levels"": ""5"", ""communication:air_traffic_radar"": ""yes"", ""man_made"": ""tower"", ""name"": ""Menara Kawalan Trafik Udara"", ""tower:construction"": ""concrete"", ""tower:type"": ""communication""}",MY_W1235093106
node,12177011818,113.9842106,4.324918,mast,lighting,,,UNKNOWN,,"{""man_made"": ""mast"", ""tower:type"": ""lighting""}",MY_N12177011818
node,12408785870,113.98479,4.341766,mast,communication,,,UNKNOWN,yes,"{""communication:mobile_phone"": ""yes"", ""man_made"": ""mast"", ""tower:type"": ""communication""}",MY_N12408785870
node,12121993477,113.9855285,4.3309554,mast,communication,,,UNKNOWN,yes,"{""communication:mobile_phone"": ""yes"", ""man_made"": ""mast"", ""tower:type"": ""communication""}",MY_N12121993477
node,12231992517,113.9860284,4.3016354,mast,communication,,,UNKNOWN,yes,"{""communication:mobile_phone"": ""yes"", ""man_made"": ""mast"", ""tower:type"": ""communication""}",MY_N12231992517
node,11502197115,113.9868605,4.3992464,mast,communication,,,UNKNOWN,yes,"{""communication:mobile_phone"": ""yes"", ""man_made"": ""mast"", ""tower:type"": ""communication""}",MY_N11502197115
node,11774742821,113.9871581,4.3824867,mast,communication,,,UNKNOWN,yes,"{""communication:mobile_phone"": ""yes"", ""man_made"": ""mast"", ""tower:type"": ""communication""}",MY_N11774742821
node,11774742770,113.9879418,4.3826325,mast,communication,,,UNKNOWN,,"{""communication:radio"": ""yes"", ""man_made"": ""mast"", ""tower:type"": ""communication""}",MY_N11774742770
node,12141554109,113.988112,4.3889176,mast,lighting,,,UNKNOWN,,"{""man_made"": ""mast"", ""tower:type"": ""lighting""}",MY_N12141554109
node,12222591751,113.9881578,4.3332582,mast,lighting,,,UNKNOWN,,"{""man_made"": ""mast"", ""tower:type"": ""lighting""}",MY_N12222591751
node,11802478955,113.9884963,4.3547046,mast,communication,,,UNKNOWN,yes,"{""communication:mobile_phone"": ""yes"", ""man_made"": ""mast"", ""tower:type"": ""communication""}",MY_N11802478955
node,12222591771,113.9887491,4.3345359,mast,lighting,,,UNKNOWN,,"{""man_made"": ""mast"", ""tower:type"": ""lighting""}",MY_N12222591771
node,12284563602,113.9891459,4.3895382,mast,lighting,,,UNKNOWN,,"{""man_made"": ""mast"", ""tower:type"": ""lighting""}",MY_N12284563602
node,11653038151,113.9893697,4.3999655,mast,communication,,,UNKNOWN,yes,"{""communication:mobile_phone"": ""yes"", ""man_made"": ""mast"", ""tower:type"": ""communication""}",MY_N11653038151
node,12222591752,113.9894534,4.3361922,mast,lighting,,,UNKNOWN,,"{""man_made"": ""mast"", ""tower:type"": ""lighting""}",MY_N12222591752
node,11465075859,113.9897022,4.3223039,mast,monitoring,,,UNKNOWN,,"{""man_made"": ""mast"", ""tower:type"": ""monitoring""}",MY_N11465075859
node,12222591753,113.9899372,4.3372386,mast,lighting,,,UNKNOWN,,"{""man_made"": ""mast"", ""tower:type"": ""lighting""}",MY_N12222591753
node,12112838716,113.9900021,4.3603929,mast,communication,,,UNKNOWN,yes,"{""communication:mobile_phone"": ""yes"", ""man_made"": ""mast"", ""tower:type"": ""communication""}",MY_N12112838716
node,12243059849,113.9902481,4.523302,mast,communication,,,UNKNOWN,yes,"{""communication:mobile_phone"": ""yes"", ""man_made"": ""mast"", ""tower:type"": ""communication""}",MY_N12243059849
node,11528285260,113.9911028,4.3486017,mast,communication,,,UNKNOWN,yes,"{""communication:mobile_phone"": ""yes"", ""man_made"": ""mast"", ""tower:type"": ""communication""}",MY_N11528285260
node,11536997187,113.9912062,4.3046637,mast,communication,,,UNKNOWN,yes,"{""communication:mobile_phone"": ""yes"", ""man_made"": ""mast"", ""tower:type"": ""communication""}",MY_N11536997187
node,12105659133,113.9914314,4.3757588,mast,communication,,,UNKNOWN,yes,"{""communication:mobile_phone"": ""yes"", ""man_made"": ""mast"", ""tower:type"": ""communication""}",MY_N12105659133
node,12433988983,113.9916201,4.3983889,mast,lighting,,,UNKNOWN,,"{""man_made"": ""mast"", ""tower:type"": ""lighting""}",MY_N12433988983
node,12284680509,113.9920731,4.3036217,mast,lighting,,,UNKNOWN,,"{""man_made"": ""mast"", ""tower:type"": ""lighting""}",MY_N12284680509
node,12284680513,113.9921845,4.3038641,mast,lighting,,,UNKNOWN,,"{""man_made"": ""mast"", ""tower:type"": ""lighting""}",MY_N12284680513
node,12513784874,113.9923887,4.3428212,mast,communication,,,UNKNOWN,yes,"{""communication:mobile_phone"": ""yes"", ""man_made"": ""mast"", ""tower:type"": ""communication""}",MY_N12513784874
node,11524986796,113.9929122,4.3177837,mast,communication,,,UNKNOWN,yes,"{""communication:mobile_phone"": ""yes"", ""man_made"": ""mast"", ""tower:type"": ""communication""}",MY_N11524986796
node,12103811729,113.9933183,4.3034129,mast,communication,,,UNKNOWN,yes,"{""communication:mobile_phone"": ""yes"", ""man_made"": ""mast"", ""tower:type"": ""communication""}",MY_N12103811729
node,12102882755,113.9937337,4.2965617,mast,communication,,,UNKNOWN,yes,"{""communication:mobile_phone"": ""yes"", ""man_made"": ""mast"", ""tower:type"": ""communication""}",MY_N12102882755
node,12001114536,113.9944022,4.3856666,mast,communication,,,UNKNOWN,,"{""communication:television"": ""yes"", ""man_made"": ""mast"", ""tower:type"": ""communication""}",MY_N12001114536
node,12001114555,113.9945017,4.3864669,mast,observation,,,UNKNOWN,,"{""man_made"": ""mast"", ""tower:type"": ""observation""}",MY_N12001114555
node,12273280525,113.9949588,4.3520406,mast,communication,,,UNKNOWN,yes,"{""communication:mobile_phone"": ""yes"", ""man_made"": ""mast"", ""tower:type"": ""communication""}",MY_N12273280525
node,12090303865,113.9951198,4.4002467,mast,communication,,,UNKNOWN,yes,"{""communication:mobile_phone"": ""yes"", ""man_made"": ""mast"", ""tower:type"": ""communication""}",MY_N12090303865
node,11875484221,113.9955801,4.571927,mast,communication,,MYY 5G DNB (DQMIR0726),NR,,"{""communication:5g"": ""yes"", ""man_made"": ""mast"", ""name"": ""MYY 5G DNB (DQMIR0726)"", ""tower:type"": ""communication""}",MY_N11875484221
node,12275922702,113.995933,4.4055863,mast,communication,,,UNKNOWN,yes,"{""communication:mobile_phone"": ""yes"", ""man_made"": ""mast"", ""tower:type"": ""communication""}",MY_N12275922702
node,11494365614,113.9966757,4.3459945,mast,communication,,,UNKNOWN,yes,"{""communication:mobile_phone"": ""yes"", ""man_made"": ""mast"", ""tower:type"": ""communication""}",MY_N11494365614
node,11530928262,113.9976889,4.3282389,mast,communication,,,UNKNOWN,yes,"{""communication:mobile_phone"": ""yes"", ""man_made"": ""mast"", ""tower:type"": ""communication""}",MY_N11530928262
node,11513739731,113.9980186,4.4163228,mast,communication,,,UNKNOWN,yes,"{""communication:mobile_phone"": ""yes"", ""man_made"": ""mast"", ""tower:type"": ""communication""}",MY_N11513739731
node,11536997297,113.99861,4.3197693,mast,communication,,,UNKNOWN,yes,"{""communication:mobile_phone"": ""yes"", ""man_made"": ""mast"", ""tower:type"": ""communication""}",MY_N11536997297
node,12146143720,113.9987733,4.4090744,mast,communication,,,UNKNOWN,yes,"{""communication:mobile_phone"": ""yes"", ""man_made"": ""mast"", ""tower:type"": ""communication""}",MY_N12146143720
node,11747587796,113.9997821,4.4030563,mast,communication,,,UNKNOWN,yes,"{""communication:mobile_phone"": ""yes"", ""man_made"": ""mast"", ""tower:type"": ""communication""}",MY_N11747587796
node,11478359637,114.0004077,4.493632,mast,communication,,,UNKNOWN,yes,"{""communication:mobile_phone"": ""yes"", ""man_made"": ""mast"", ""tower:type"": ""communication""}",MY_N11478359637
node,11500414303,114.0004661,4.4083148,mast,communication,,,UNKNOWN,yes,"{""communication:mobile_phone"": ""yes"", ""man_made"": ""mast"", ""tower:type"": ""communication""}",MY_N11500414303
node,11806114326,114.0012255,4.4106551,mast,communication,,,UNKNOWN,yes,"{""communication:mobile_phone"": ""yes"", ""man_made"": ""mast"", ""tower:type"": ""communication""}",MY_N11806114326
node,11770524376,114.0012823,4.4052733,mast,communication,,,UNKNOWN,yes,"{""communication:mobile_phone"": ""yes"", ""man_made"": ""mast"", ""tower:type"": ""communication""}",MY_N11770524376
node,12117702098,114.0015778,4.4618829,mast,communication,,,UNKNOWN,yes,"{""communication:mobile_phone"": ""yes"", ""man_made"": ""mast"", ""tower:type"": ""communication""}",MY_N12117702098
node,12097503031,114.0017302,4.422365,mast,communication,,,UNKNOWN,yes,"{""communication:mobile_phone"": ""yes"", ""man_made"": ""mast"", ""tower:type"": ""communication""}",MY_N12097503031
node,11755867459,114.002277,4.3729448,mast,communication,,,UNKNOWN,yes,"{""communication:mobile_phone"": ""yes"", ""man_made"": ""mast"", ""tower:type"": ""communication""}",MY_N11755867459
node,12106117448,114.0041285,4.4191986,mast,communication,,,UNKNOWN,yes,"{""communication:mobile_phone"": ""yes"", ""man_made"": ""mast"", ""tower:type"": ""communication""}",MY_N12106117448
node,12312150904,114.0043664,4.4655702,mast,communication,,,UNKNOWN,,"{""communication:radio"": ""yes"", ""man_made"": ""mast"", ""tower:type"": ""communication""}",MY_N12312150904
node,12304257938,114.0051284,4.4330443,mast,communication,,,UNKNOWN,yes,"{""communication:mobile_phone"": ""yes"", ""man_made"": ""mast"", ""tower:type"": ""communication""}",MY_N12304257938
node,11475792788,114.0052521,4.4267392,mast,communication,,,UNKNOWN,yes,"{""communication:mobile_phone"": ""yes"", ""man_made"": ""mast"", ""tower:type"": ""communication""}",MY_N11475792788
node,12309364294,114.0056497,4.4703322,mast,lighting,,,UNKNOWN,,"{""man_made"": ""mast"", ""tower:type"": ""lighting""}",MY_N12309364294
node,12040151716,114.005684,4.4149461,mast,communication,,,UNKNOWN,yes,"{""communication:mobile_phone"": ""yes"", ""man_made"": ""mast"", ""tower:type"": ""communication""}",MY_N12040151716
node,11479281286,114.0058144,4.3494414,mast,communication,,,UNKNOWN,yes,"{""communication:mobile_phone"": ""yes"", ""man_made"": ""mast"", ""tower:type"": ""communication""}",MY_N11479281286
node,12309364295,114.0060543,4.4707962,mast,lighting,,,UNKNOWN,,"{""man_made"": ""mast"", ""tower:type"": ""lighting""}",MY_N12309364295
node,12309364296,114.0062307,4.4698296,mast,lighting,,,UNKNOWN,,"{""man_made"": ""mast"", ""tower:type"": ""lighting""}",MY_N12309364296
node,11815789148,114.0063589,4.4281066,mast,communication,,,UNKNOWN,yes,"{""communication:mobile_phone"": ""yes"", ""man_made"": ""mast"", ""tower:type"": ""communication""}",MY_N11815789148
node,12309364297,114.0066241,4.4703115,mast,lighting,,,UNKNOWN,,"{""man_made"": ""mast"", ""tower:type"": ""lighting""}",MY_N12309364297
node,12135759497,114.0067353,4.5510242,mast,communication,,,UNKNOWN,yes,"{""communication:mobile_phone"": ""yes"", ""man_made"": ""mast"", ""tower:type"": ""communication""}",MY_N12135759497
node,11808712034,114.007542,4.4212001,mast,communication,,,UNKNOWN,yes,"{""communication:mobile_phone"": ""yes"", ""man_made"": ""mast"", ""tower:type"": ""communication""}",MY_N11808712034
node,12160448277,114.0075466,4.4485481,mast,communication,,,UNKNOWN,yes,"{""communication:mobile_phone"": ""yes"", ""man_made"": ""mast"", ""tower:type"": ""communication""}",MY_N12160448277
node,12411576424,114.0082968,4.4322553,mast,communication,,,UNKNOWN,yes,"{""communication:mobile_phone"": ""yes"", ""man_made"": ""mast"", ""tower:type"": ""communication""}",MY_N12411576424
node,12093626517,114.0083253,4.4915528,mast,communication,,,UNKNOWN,yes,"{""communication:mobile_phone"": ""yes"", ""man_made"": ""mast"", ""tower:type"": ""communication""}",MY_N12093626517
node,12250265699,114.0086003,4.4673304,mast,communication,,,UNKNOWN,yes,"{""communication:mobile_phone"": ""yes"", ""man_made"": ""mast"", ""tower:type"": ""communication""}",MY_N12250265699
node,11479281285,114.0091589,4.3517485,mast,communication,,,UNKNOWN,,"{""communication:television"": ""yes"", ""man_made"": ""mast"", ""tower:type"": ""communication""}",MY_N11479281285
node,12316486573,114.0096411,4.4357208,mast,communication,,,UNKNOWN,yes,"{""communication:mobile_phone"": ""yes"", ""man_made"": ""mast"", ""tower:type"": ""communication""}",MY_N12316486573
node,11610007739,114.0096496,4.4225432,mast,communication,,,UNKNOWN,yes,"{""communication:mobile_phone"": ""yes"", ""man_made"": ""mast"", ""tower:type"": ""communication""}",MY_N11610007739
node,12240441026,114.0100111,4.3605954,mast,communication,,,UNKNOWN,yes,"{""communication:mobile_phone"": ""yes"", ""man_made"": ""mast"", ""tower:type"": ""communication""}",MY_N12240441026
node,11556619144,114.0100595,4.5054105,mast,communication,,,UNKNOWN,,"{""communication:television"": ""yes"", ""man_made"": ""mast"", ""tower:type"": ""communication""}",MY_N11556619144
node,12420165772,114.0108116,4.4221608,mast,communication,,,UNKNOWN,yes,"{""communication:mobile_phone"": ""yes"", ""man_made"": ""mast"", ""tower:type"": ""communication""}",MY_N12420165772
node,11584348427,114.011059,4.4420862,mast,communication,,,UNKNOWN,yes,"{""communication:mobile_phone"": ""yes"", ""man_made"": ""mast"", ""tower:type"": ""communication""}",MY_N11584348427
node,11990327538,114.0133641,4.4897328,mast,communication,,,UNKNOWN,yes,"{""communication:mobile_phone"": ""yes"", ""man_made"": ""mast"", ""tower:type"": ""communication""}",MY_N11990327538
node,11470209272,114.0134158,4.4848111,mast,communication,,,UNKNOWN,yes,"{""communication:mobile_phone"": ""yes"", ""man_made"": ""mast"", ""tower:type"": ""communication""}",MY_N11470209272
node,12050962639,114.0139141,4.4253474,mast,communication,,,UNKNOWN,yes,"{""communication:mobile_phone"": ""yes"", ""man_made"": ""mast"", ""tower:type"": ""communication""}",MY_N12050962639
node,12035797862,114.014962,4.4155275,mast,lighting,,,UNKNOWN,,"{""man_made"": ""mast"", ""tower:type"": ""lighting""}",MY_N12035797862
node,12145362317,114.0154978,4.4359184,mast,lighting,,,UNKNOWN,,"{""man_made"": ""mast"", ""tower:type"": ""lighting""}",MY_N12145362317
node,12118515279,114.0158007,4.4959009,mast,communication,,,UNKNOWN,yes,"{""communication:mobile_phone"": ""yes"", ""man_made"": ""mast"", ""tower:type"": ""communication""}",MY_N12118515279
node,12227780480,114.0158803,4.4160833,mast,lighting,,,UNKNOWN,,"{""man_made"": ""mast"", ""tower:type"": ""lighting""}",MY_N12227780480
node,12035797853,114.0161143,4.4168845,mast,lighting,,,UNKNOWN,,"{""man_made"": ""mast"", ""tower:type"": ""lighting""}",MY_N12035797853
node,6354464187,114.0166645,4.4813238,tower,communication,,,UNKNOWN,,"{""man_made"": ""tower"", ""tower:type"": ""communication""}",MY_N6354464187
node,12035797852,114.0168012,4.417369,mast,lighting,,,UNKNOWN,,"{""man_made"": ""mast"", ""tower:type"": ""lighting""}",MY_N12035797852
node,12035797854,114.0169415,4.4181408,mast,lighting,,,UNKNOWN,,"{""man_made"": ""mast"", ""tower:type"": ""lighting""}",MY_N12035797854
node,11581896101,114.0171893,4.4149448,mast,communication,,,UNKNOWN,yes,"{""communication:mobile_phone"": ""yes"", ""man_made"": ""mast"", ""tower:type"": ""communication""}",MY_N11581896101
node,12035797857,114.017284,4.4203784,mast,lighting,,,UNKNOWN,,"{""man_made"": ""mast"", ""tower:type"": ""lighting""}",MY_N12035797857
node,12035797856,114.0173634,4.4193876,mast,lighting,,,UNKNOWN,,"{""man_made"": ""mast"", ""tower:type"": ""lighting""}",MY_N12035797856
node,12035797855,114.0177542,4.4184989,mast,lighting,,,UNKNOWN,,"{""man_made"": ""mast"", ""tower:type"": ""lighting""}",MY_N12035797855
node,12128924931,114.0178818,4.3035847,mast,communication,,,UNKNOWN,,"{""communication:television"": ""yes"", ""man_made"": ""mast"", ""tower:type"": ""communication""}",MY_N12128924931
node,11472433066,114.0187247,4.51504,mast,communication,,,UNKNOWN,yes,"{""communication:mobile_phone"": ""yes"", ""man_made"": ""mast"", ""tower:type"": ""communication""}",MY_N11472433066
node,11608082001,114.0189806,4.4198786,mast,communication,,,UNKNOWN,yes,"{""communication:mobile_phone"": ""yes"", ""man_made"": ""mast"", ""tower:type"": ""communication""}",MY_N11608082001
node,11476096501,114.019136,4.4302978,mast,communication,,,UNKNOWN,yes,"{""communication:mobile_phone"": ""yes"", ""man_made"": ""mast"", ""tower:type"": ""communication""}",MY_N11476096501
node,11659562128,114.0195026,4.4382979,tower,communication,,,UNKNOWN,,"{""man_made"": ""tower"", ""tower:type"": ""communication""}",MY_N11659562128
node,11659562129,114.0196393,4.4374155,tower,communication,,,UNKNOWN,,"{""man_made"": ""tower"", ""tower:type"": ""communication""}",MY_N11659562129
node,11659562130,114.0199304,4.4371827,tower,communication,,,UNKNOWN,,"{""man_made"": ""tower"", ""tower:type"": ""communication""}",MY_N11659562130
node,11659562131,114.0202238,4.4369618,tower,communication,,,UNKNOWN,,"{""man_made"": ""tower"", ""tower:type"": ""communication""}",MY_N11659562131
node,11659562132,114.0204575,4.4367655,tower,communication,,,UNKNOWN,,"{""man_made"": ""tower"", ""tower:type"": ""communication""}",MY_N11659562132
node,11659562133,114.021051,4.4389791,tower,communication,,,UNKNOWN,,"{""man_made"": ""tower"", ""tower:type"": ""communication""}",MY_N11659562133
node,11659562141,114.0212837,4.4382456,tower,communication,,,UNKNOWN,,"{""man_made"": ""tower"", ""tower:type"": ""communication""}",MY_N11659562141
node,11659562142,114.0215496,4.4381135,tower,communication,,,UNKNOWN,,"{""man_made"": ""tower"", ""tower:type"": ""communication""}",MY_N11659562142
node,11875484227,114.0226034,4.499806,mast,communication,,MYY 5G DNB (DQMIR0662),NR,,"{""communication:5g"": ""yes"", ""man_made"": ""mast"", ""name"": ""MYY 5G DNB (DQMIR0662)"", ""tower:type"": ""communication""}",MY_N11875484227
node,12138116212,114.0227995,4.5073686,mast,communication,,,UNKNOWN,yes,"{""communication:mobile_phone"": ""yes"", ""man_made"": ""mast"", ""tower:type"": ""communication""}",MY_N12138116212
node,11493783227,114.024125,4.30327,mast,communication,,,UNKNOWN,yes,"{""communication:mobile_phone"": ""yes"", ""man_made"": ""mast"", ""tower:type"": ""communication""}",MY_N11493783227
node,11875484226,114.028309,4.4937175,mast,communication,,MYY 5G DNB (DQMIR0750),NR,,"{""communication:5g"": ""yes"", ""man_made"": ""mast"", ""name"": ""MYY 5G DNB (DQMIR0750)"", ""tower:type"": ""communication""}",MY_N11875484226
node,12109825595,114.0283681,4.4799173,mast,communication,,,UNKNOWN,yes,"{""communication:mobile_phone"": ""yes"", ""man_made"": ""mast"", ""tower:type"": ""communication""}",MY_N12109825595
node,12334436706,114.0286132,4.5011493,mast,communication,,,UNKNOWN,yes,"{""communication:mobile_phone"": ""yes"", ""man_made"": ""mast"", ""tower:type"": ""communication""}",MY_N12334436706
node,11875484222,114.0290905,4.5607225,mast,communication,,MYY 5G DNB (DQMIR0719),NR,,"{""communication:5g"": ""yes"", ""man_made"": ""mast"", ""name"": ""MYY 5G DNB (DQMIR0719)"", ""tower:type"": ""communication""}",MY_N11875484222
node,12270341400,114.0291826,4.4626973,mast,communication,,,UNKNOWN,yes,"{""communication:mobile_phone"": ""yes"", ""man_made"": ""mast"", ""tower:type"": ""communication""}",MY_N12270341400
node,12132195205,114.0334242,4.4568652,mast,communication,,,UNKNOWN,yes,"{""communication:mobile_phone"": ""yes"", ""man_made"": ""mast"", ""tower:type"": ""communication""}",MY_N12132195205
node,12278677313,114.0344669,4.3175003,mast,communication,,,UNKNOWN,yes,"{""communication:mobile_phone"": ""yes"", ""man_made"": ""mast"", ""tower:type"": ""communication""}",MY_N12278677313
node,11991939583,114.0359058,4.5009869,mast,communication,,,UNKNOWN,yes,"{""communication:mobile_phone"": ""yes"", ""man_made"": ""mast"", ""tower:type"": ""communication""}",MY_N11991939583
node,12258694524,114.0364562,4.4747763,mast,communication,,,UNKNOWN,yes,"{""communication:mobile_phone"": ""yes"", ""man_made"": ""mast"", ""tower:type"": ""communication""}",MY_N12258694524
node,12227903176,114.0366369,4.470016,mast,communication,,,UNKNOWN,yes,"{""communication:mobile_phone"": ""yes"", ""man_made"": ""mast"", ""tower:type"": ""communication""}",MY_N12227903176
node,12258461026,114.0373516,4.4647148,mast,communication,,,UNKNOWN,yes,"{""communication:mobile_phone"": ""yes"", ""man_made"": ""mast"", ""tower:type"": ""communication""}",MY_N12258461026
node,11463098096,114.038668,4.4512795,tower,communication,,,UNKNOWN,,"{""man_made"": ""tower"", ""tower:type"": ""communication""}",MY_N11463098096
node,11609644622,114.038765,4.4434854,mast,communication,,,UNKNOWN,yes,"{""communication:mobile_phone"": ""yes"", ""man_made"": ""mast"", ""tower:type"": ""communication""}",MY_N11609644622
node,11875484225,114.0388866,4.4952623,mast,communication,,MYY 5G DNB (DQMIR0709),NR,,"{""communication:5g"": ""yes"", ""man_made"": ""mast"", ""name"": ""MYY 5G DNB (DQMIR0709)"", ""tower:type"": ""communication""}",MY_N11875484225
node,12258444889,114.0392387,4.4644412,mast,communication,,,UNKNOWN,yes,"{""communication:mobile_phone"": ""yes"", ""man_made"": ""mast"", ""tower:type"": ""communication""}",MY_N12258444889
node,11787027806,114.0394298,4.4824153,mast,communication,,,UNKNOWN,yes,"{""communication:mobile_phone"": ""yes"", ""man_made"": ""mast"", ""tower:type"": ""communication""}",MY_N11787027806
node,11463098097,114.0406173,4.4568293,tower,communication,,,UNKNOWN,,"{""man_made"": ""tower"", ""tower:type"": ""communication""}",MY_N11463098097
node,11637810092,114.0425654,4.4748662,mast,communication,,,UNKNOWN,yes,"{""communication:mobile_phone"": ""yes"", ""man_made"": ""mast"", ""tower:type"": ""communication""}",MY_N11637810092
node,11515263684,114.0432985,4.4723806,mast,communication,,,UNKNOWN,yes,"{""communication:mobile_phone"": ""yes"", ""man_made"": ""mast"", ""tower:type"": ""communication""}",MY_N11515263684
node,11515263700,114.0439391,4.4569909,mast,communication,,,UNKNOWN,yes,"{""communication:mobile_phone"": ""yes"", ""man_made"": ""mast"", ""tower:type"": ""communication""}",MY_N11515263700
node,11637810090,114.045437,4.4766689,mast,communication,,,UNKNOWN,yes,"{""communication:mobile_phone"": ""yes"", ""man_made"": ""mast"", ""tower:type"": ""communication""}",MY_N11637810090
node,12270101746,114.0463921,4.2138306,mast,communication,,,UNKNOWN,,"{""communication:television"": ""yes"", ""man_made"": ""mast"", ""tower:type"": ""communication""}",MY_N12270101746
node,12118428198,114.0465831,4.4663769,mast,communication,,,UNKNOWN,yes,"{""communication:mobile_phone"": ""yes"", ""man_made"": ""mast"", ""tower:type"": ""communication""}",MY_N12118428198
node,12097355159,114.0467839,4.4682819,mast,communication,,,UNKNOWN,yes,"{""communication:mobile_phone"": ""yes"", ""man_made"": ""mast"", ""tower:type"": ""communication""}",MY_N12097355159
node,12000683989,114.0471397,4.4378669,mast,communication,,,UNKNOWN,yes,"{""communication:mobile_phone"": ""yes"", ""man_made"": ""mast"", ""tower:type"": ""communication""}",MY_N12000683989
node,12270101729,114.0474044,4.2140495,mast,communication,,,UNKNOWN,,"{""communication:television"": ""yes"", ""man_made"": ""mast"", ""tower:type"": ""communication""}",MY_N12270101729
node,11998923957,114.0479641,4.4271037,mast,communication,,,UNKNOWN,yes,"{""communication:mobile_phone"": ""yes"", ""man_made"": ""mast"", ""tower:type"": ""communication""}",MY_N11998923957
node,12118412113,114.0493394,4.4541654,mast,communication,,,UNKNOWN,yes,"{""communication:mobile_phone"": ""yes"", ""man_made"": ""mast"", ""tower:type"": ""communication""}",MY_N12118412113
node,12131514589,114.0493617,4.4461796,mast,lighting,,,UNKNOWN,,"{""man_made"": ""mast"", ""tower:type"": ""lighting""}",MY_N12131514589
node,12131514594,114.0493715,4.4456105,mast,lighting,,,UNKNOWN,,"{""man_made"": ""mast"", ""tower:type"": ""lighting""}",MY_N12131514594
node,12131514586,114.0495505,4.447134,mast,lighting,,,UNKNOWN,,"{""man_made"": ""mast"", ""tower:type"": ""lighting""}",MY_N12131514586
node,12131514588,114.0499113,4.4460928,mast,lighting,,,UNKNOWN,,"{""man_made"": ""mast"", ""tower:type"": ""lighting""}",MY_N12131514588
node,12131514585,114.0501532,4.4476375,mast,lighting,,,UNKNOWN,,"{""man_made"": ""mast"", ""tower:type"": ""lighting""}",MY_N12131514585
node,12131514587,114.0502546,4.446791,mast,lighting,,,UNKNOWN,,"{""man_made"": ""mast"", ""tower:type"": ""lighting""}",MY_N12131514587
node,11875484223,114.0550853,4.5582643,mast,communication,,MYY 5G DNB (P1116),NR,,"{""communication:5g"": ""yes"", ""man_made"": ""mast"", ""name"": ""MYY 5G DNB (P1116)"", ""tower:type"": ""communication""}",MY_N11875484223
node,11875484224,114.0741508,4.5564285,mast,communication,,MYY 5G DNB (DQMIR0676),NR,,"{""communication:5g"": ""yes"", ""man_made"": ""mast"", ""name"": ""MYY 5G DNB (DQMIR0676)"", ""tower:type"": ""communication""}",MY_N11875484224
node,12135375724,114.0744328,4.5841393,mast,lighting,,,UNKNOWN,,"{""man_made"": ""mast"", ""tower:type"": ""lighting""}",MY_N12135375724
node,12135375710,114.0746095,4.5824468,mast,lighting,,,UNKNOWN,,"{""man_made"": ""mast"", ""tower:type"": ""lighting""}",MY_N12135375710
node,12135373696,114.0756895,4.5843416,mast,lighting,,,UNKNOWN,,"{""man_made"": ""mast"", ""tower:type"": ""lighting""}",MY_N12135373696
node,12135375711,114.0757075,4.5828503,mast,lighting,,,UNKNOWN,,"{""man_made"": ""mast"", ""tower:type"": ""lighting""}",MY_N12135375711
node,13335389686,114.5074657,3.1583938,tower,communication,,,UNKNOWN,,"{""man_made"": ""tower"", ""tower:type"": ""communication""}",MY_N13335389686
node,2669688740,114.594021,3.8420225,tower,communication,Celcom,Long Bemang Celcom Tower,UNKNOWN,,"{""man_made"": ""tower"", ""name"": ""Long Bemang Celcom Tower"", ""operator"": ""Celcom"", ""tower:type"": ""communication""}",MY_N2669688740
node,13335390186,114.9262624,2.8572152,tower,communication,,,UNKNOWN,,"{""man_made"": ""tower"", ""tower:type"": ""communication""}",MY_N13335390186
node,11875484219,114.9994393,4.7348138,mast,communication,,LMN 5G DNB (DQLBG0551),NR,,"{""communication:5g"": ""yes"", ""man_made"": ""mast"", ""name"": ""LMN 5G DNB (DQLBG0551)"", ""tower:type"": ""communication""}",MY_N11875484219
node,11875484217,115.0007054,4.7731648,tower,communication,,LMN 5G DNB (P826),NR,,"{""communication:5g"": ""yes"", ""man_made"": ""tower"", ""name"": ""LMN 5G DNB (P826)"", ""tower:construction"": ""guyed_lattice"", ""tower:type"": ""communication""}",MY_N11875484217
node,11806207720,115.0028491,4.8052758,tower,communication,,,UNKNOWN,,"{""man_made"": ""tower"", ""tower:type"": ""communication""}",MY_N11806207720
node,3458624509,115.0087746,4.740994,tower,communication,,Bukit Mas Com Tower No.2,UNKNOWN,,"{""man_made"": ""tower"", ""name"": ""Bukit Mas Com Tower No.2"", ""tower:type"": ""communication""}",MY_N3458624509
node,11875484218,115.0089093,4.7553069,mast,communication,,LMN 5G DNB (DQLBG0538),NR,,"{""communication:5g"": ""yes"", ""man_made"": ""mast"", ""name"": ""LMN 5G DNB (DQLBG0538)"", ""tower:type"": ""communication""}",MY_N11875484218
node,3458624508,115.0102682,4.7437593,tower,communication,,Bukit Mas Com Tower No.1,UNKNOWN,,"{""man_made"": ""tower"", ""name"": ""Bukit Mas Com Tower No.1"", ""tower:type"": ""communication""}",MY_N3458624508
node,4798173661,115.0700936,4.544374,tower,communication,,,UNKNOWN,,"{""man_made"": ""tower"", ""tower:type"": ""communication""}",MY_N4798173661
node,4822914443,115.1642575,5.2616951,tower,communication,,,UNKNOWN,,"{""man_made"": ""tower"", ""tower:type"": ""communication""}",MY_N4822914443
node,7033248825,115.2093483,4.8859239,tower,communication,,,UNKNOWN,,"{""man_made"": ""tower"", ""tower:type"": ""communication""}",MY_N7033248825
node,11521176120,115.2380949,5.2573822,communications_tower,communication,Asian Supply Base,ASB Communications Tower,UNKNOWN,yes,"{""communication:gsm-r"": ""yes"", ""communication:microwave"": ""yes"", ""communication:mobile_phone"": ""yes"", ""communication:radio"": ""yes"", ""man_made"": ""communications_tower"", ""name"": ""ASB Communications Tower"", ""operator"": ""Asian Supply Base"", ""tower:construction"": ""lattice"", ""tower:type"": ""communication""}",MY_N11521176120
node,3269166213,115.8785251,5.1293686,tower,communication,,,UNKNOWN,,"{""man_made"": ""tower"", ""source"": ""bing"", ""tower:type"": ""communication""}",MY_N3269166213
node,10125233295,116.067224,5.9534048,mast,communication,,,UNKNOWN,,"{""man_made"": ""mast"", ""tower:type"": ""communication""}",MY_N10125233295
node,10125233294,116.0675271,5.9534155,mast,communication,,,UNKNOWN,,"{""man_made"": ""mast"", ""tower:type"": ""communication""}",MY_N10125233294
node,10251772774,116.0864836,5.9769392,mast,communication,,,UNKNOWN,,"{""man_made"": ""mast"", ""tower:type"": ""communication""}",MY_N10251772774
node,10137863759,116.1046475,5.95468,tower,communication,,,UNKNOWN,,"{""man_made"": ""tower"", ""tower:type"": ""communication""}",MY_N10137863759
node,10263911645,116.1046918,5.9542612,tower,communication,,,UNKNOWN,,"{""man_made"": ""tower"", ""tower:type"": ""communication""}",MY_N10263911645
node,10264085957,116.1070508,5.9547427,tower,communication,,,UNKNOWN,,"{""man_made"": ""tower"", ""tower:type"": ""communication""}",MY_N10264085957
node,10264190520,116.1129114,5.954528,tower,communication,,,UNKNOWN,,"{""man_made"": ""tower"", ""tower:type"": ""communication""}",MY_N10264190520
node,10179178545,116.1169428,6.0017349,tower,communication,,,UNKNOWN,,"{""man_made"": ""tower"", ""tower:construction"": ""freestanding"", ""tower:type"": ""communication""}",MY_N10179178545
node,12462362562,116.1217036,6.0687708,mast,lighting,,,UNKNOWN,,"{""man_made"": ""mast"", ""tower:type"": ""lighting""}",MY_N12462362562
node,12462421365,116.1219144,6.0670439,mast,lighting,,,UNKNOWN,,"{""man_made"": ""mast"", ""tower:type"": ""lighting""}",MY_N12462421365
node,12462360044,116.1220885,6.0663475,mast,lighting,,,UNKNOWN,,"{""man_made"": ""mast"", ""tower:type"": ""lighting""}",MY_N12462360044
node,12462366356,116.1225968,6.0679841,mast,lighting,,,UNKNOWN,,"{""man_made"": ""mast"", ""tower:type"": ""lighting""}",MY_N12462366356
node,12462397948,116.1227864,6.0692542,mast,lighting,,,UNKNOWN,,"{""man_made"": ""mast"", ""tower:type"": ""lighting""}",MY_N12462397948
node,12462360043,116.1228103,6.0663636,mast,lighting,,,UNKNOWN,,"{""man_made"": ""mast"", ""tower:type"": ""lighting""}",MY_N12462360043
node,12462360045,116.1230036,6.0656816,mast,lighting,,,UNKNOWN,,"{""man_made"": ""mast"", ""tower:type"": ""lighting""}",MY_N12462360045
node,12462362561,116.1230742,6.0705978,mast,lighting,,,UNKNOWN,,"{""man_made"": ""mast"", ""tower:type"": ""lighting""}",MY_N12462362561
node,12462366355,116.1232976,6.067465,mast,lighting,,,UNKNOWN,,"{""man_made"": ""mast"", ""tower:type"": ""lighting""}",MY_N12462366355
node,12462397947,116.1235193,6.0687216,mast,lighting,,,UNKNOWN,,"{""man_made"": ""mast"", ""tower:type"": ""lighting""}",MY_N12462397947
node,12462445716,116.1237502,6.0656688,mast,lighting,,,UNKNOWN,,"{""man_made"": ""mast"", ""tower:type"": ""lighting""}",MY_N12462445716
node,12462366354,116.1240107,6.0669388,mast,lighting,,,UNKNOWN,,"{""man_made"": ""mast"", ""tower:type"": ""lighting""}",MY_N12462366354
node,12462397946,116.1242383,6.0681893,mast,lighting,,,UNKNOWN,,"{""man_made"": ""mast"", ""tower:type"": ""lighting""}",MY_N12462397946
node,12462445717,116.1243832,6.0652034,mast,lighting,,,UNKNOWN,,"{""man_made"": ""mast"", ""tower:type"": ""lighting""}",MY_N12462445717
node,12462362564,116.1243951,6.0674995,mast,lighting,,,UNKNOWN,,"{""man_made"": ""mast"", ""tower:type"": ""lighting""}",MY_N12462362564
node,12462388214,116.12495,6.0684875,mast,lighting,,,UNKNOWN,,"{""man_made"": ""mast"", ""tower:type"": ""lighting""}",MY_N12462388214
node,12462362563,116.1249813,6.0692189,mast,lighting,,,UNKNOWN,,"{""man_made"": ""mast"", ""tower:type"": ""lighting""}",MY_N12462362563
node,13759043085,116.2131791,6.0442099,communications_tower,communication,,,UNKNOWN,,"{""access"": ""private"", ""communication:radio"": ""yes"", ""communication:television"": ""yes"", ""man_made"": ""communications_tower"", ""material"": ""steel"", ""tower:construction"": ""lattice"", ""tower:type"": ""communication""}",MY_N13759043085
way,1496819391,116.3295047,5.7010837,tower,communication,,Communication Tower,UNKNOWN,yes,"{""building"": ""yes"", ""communication:mobile_phone"": ""yes"", ""man_made"": ""tower"", ""name"": ""Communication Tower"", ""tower:type"": ""communication""}",MY_W1496819391
way,1183622030,116.3505406,5.6552332,tower,communication,,,UNKNOWN,,"{""building"": ""yes"", ""man_made"": ""tower"", ""tower:type"": ""communication""}",MY_W1183622030
node,5202494203,116.3825687,6.3058522,tower,communication,,,UNKNOWN,,"{""man_made"": ""tower"", ""tower:construction"": ""lattice"", ""tower:type"": ""communication""}",MY_N5202494203
node,13719964947,116.4208153,6.3593607,tower,communication,,,UNKNOWN,,"{""man_made"": ""tower"", ""tower:type"": ""communication""}",MY_N13719964947
node,13719053843,116.4325394,6.3551578,tower,communication,,,UNKNOWN,,"{""man_made"": ""tower"", ""tower:type"": ""communication""}",MY_N13719053843
node,5115603531,116.446022,6.2291445,mast,communication,,Menara Telekomunikasi Taginambur,UNKNOWN,yes,"{""communication:mobile_phone"": ""yes"", ""height"": ""72"", ""man_made"": ""mast"", ""name"": ""Menara Telekomunikasi Taginambur"", ""tower:construction"": ""lattice"", ""tower:type"": ""communication""}",MY_N5115603531
node,5159160718,116.4488817,6.1424953,tower,communication,,Menara Telekomunikasi Lingkubang,UNKNOWN,yes,"{""communication:mobile_phone"": ""yes"", ""man_made"": ""tower"", ""name"": ""Menara Telekomunikasi Lingkubang"", ""tower:construction"": ""lattice"", ""tower:type"": ""communication""}",MY_N5159160718
node,5188734187,116.4524872,5.0638378,mast,,,,UNKNOWN,,"{""man_made"": ""mast"", ""tower:construction"": ""traliccio""}",MY_N5188734187
node,1662637919,116.49327,5.8883975,tower,communication,,,UNKNOWN,,"{""man_made"": ""tower"", ""tower:type"": ""communication""}",MY_N1662637919
node,1662564012,116.5494701,6.0404691,tower,communication,,Kamborongoh Telekom Station,UNKNOWN,,"{""man_made"": ""tower"", ""name"": ""Kamborongoh Telekom Station"", ""tower:type"": ""communication""}",MY_N1662564012
node,9935128396,116.6649544,5.9505122,mast,communication,,,UNKNOWN,,"{""man_made"": ""mast"", ""tower:construction"": ""lattice"", ""tower:type"": ""communication""}",MY_N9935128396
node,1648142937,116.837438,6.8919583,tower,communication,,,UNKNOWN,,"{""man_made"": ""tower"", ""tower:type"": ""communication""}",MY_N1648142937
node,1648142940,116.8378178,6.8921946,tower,communication,,,UNKNOWN,,"{""man_made"": ""tower"", ""tower:type"": ""communication""}",MY_N1648142940
node,1648142939,116.8384445,6.892184,tower,communication,,,UNKNOWN,,"{""man_made"": ""tower"", ""tower:type"": ""communication""}",MY_N1648142939
node,13531662855,117.3080152,7.2086443,communications_tower,communication,,,UNKNOWN,,"{""man_made"": ""communications_tower"", ""tower:type"": ""communication""}",MY_N13531662855
node,4824910112,117.3951651,6.0099021,tower,communication,,,UNKNOWN,,"{""man_made"": ""tower"", ""tower:type"": ""communication""}",MY_N4824910112
node,13809732758,117.8306946,4.4253475,communications_tower,communication,,,UNKNOWN,,"{""man_made"": ""communications_tower"", ""material"": ""steel"", ""tower:construction"": ""lattice"", ""tower:type"": ""communication""}",MY_N13809732758
node,4405530070,117.8441578,4.980252,tower,communication,,measuring tower,UNKNOWN,,"{""man_made"": ""tower"", ""name"": ""measuring tower"", ""tower:type"": ""communication""}",MY_N4405530070
node,6727065189,117.9751223,4.3335022,tower,communication,,,UNKNOWN,,"{""communication:microwave"": ""yes"", ""man_made"": ""tower"", ""tower:construction"": ""lattice_steel"", ""tower:type"": ""communication""}",MY_N6727065189
node,13809732305,117.9878439,4.2932271,tower,communication,,,UNKNOWN,,"{""man_made"": ""tower"", ""material"": ""steel"", ""tower:construction"": ""lattice"", ""tower:type"": ""communication""}",MY_N13809732305
node,13771359079,117.9923218,5.7441971,communications_tower,communication,,,UNKNOWN,,"{""man_made"": ""communications_tower"", ""material"": ""steel"", ""tower:construction"": ""lattice"", ""tower:type"": ""communication""}",MY_N13771359079
node,9983597281,118.0321183,5.7934668,mast,communication,,,UNKNOWN,,"{""man_made"": ""mast"", ""tower:type"": ""communication""}",MY_N9983597281
node,9983597288,118.0376403,5.799688,mast,communication,,,UNKNOWN,,"{""man_made"": ""mast"", ""tower:type"": ""communication""}",MY_N9983597288
node,9919057003,118.0937511,5.8418632,mast,communication,,,UNKNOWN,,"{""man_made"": ""mast"", ""tower:construction"": ""lattice"", ""tower:type"": ""communication""}",MY_N9919057003
node,1988043288,118.0949045,5.8437158,mast,communication,,CelcomDigi Communications,UNKNOWN,,"{""man_made"": ""mast"", ""name"": ""CelcomDigi Communications"", ""name:en"": ""CelcomDigi Communications"", ""tower:construction"": ""lattice"", ""tower:type"": ""communication""}",MY_N1988043288
node,9919057004,118.0953128,5.8437345,mast,communication,,,UNKNOWN,,"{""man_made"": ""mast"", ""tower:construction"": ""lattice"", ""tower:type"": ""communication""}",MY_N9919057004
node,9919057005,118.095425,5.8427733,mast,communication,,,UNKNOWN,,"{""man_made"": ""mast"", ""tower:construction"": ""lattice"", ""tower:type"": ""communication""}",MY_N9919057005
node,1988043289,118.0957026,5.8439733,mast,communication,,Maxis Communications,UNKNOWN,,"{""man_made"": ""mast"", ""name"": ""Maxis Communications"", ""name:en"": ""Maxis Communications"", ""tower:construction"": ""lattice"", ""tower:type"": ""communication""}",MY_N1988043289
node,9968171086,118.1197511,5.848764,mast,communication,,,UNKNOWN,,"{""man_made"": ""mast"", ""tower:type"": ""communication""}",MY_N9968171086
node,13807032941,118.1724402,4.5533589,communications_tower,communication,,,UNKNOWN,,"{""man_made"": ""communications_tower"", ""material"": ""steel"", ""tower:construction"": ""lattice"", ""tower:type"": ""communication""}",MY_N13807032941
node,7852427612,118.2118995,4.6732662,tower,communication,,,UNKNOWN,yes,"{""access"": ""private"", ""communication:mobile_phone"": ""yes"", ""height"": ""30"", ""man_made"": ""tower"", ""source"": ""bing aerial tracing"", ""tower:type"": ""communication""}",MY_N7852427612
node,1663990392,118.2171688,4.9825048,tower,communication,,,UNKNOWN,,"{""man_made"": ""tower"", ""tower:type"": ""communication""}",MY_N1663990392
node,7853152961,118.247695,4.6852986,tower,communication,Telekom Malaysia Berhad,,UNKNOWN,yes,"{""access"": ""private"", ""communication:mobile_phone"": ""yes"", ""height"": ""15"", ""man_made"": ""tower"", ""material"": ""metal"", ""operator"": ""Telekom Malaysia Berhad"", ""source"": ""bing aerial tracing"", ""tower:construction"": ""freestanding"", ""tower:type"": ""communication""}",MY_N7853152961
node,11950354037,118.6104959,4.4772918,mast,communication,,,UNKNOWN,,"{""man_made"": ""mast"", ""tower:type"": ""communication""}",MY_N11950354037
node,8267445980,118.6513944,4.4190148,tower,communication,,,UNKNOWN,,"{""man_made"": ""tower"", ""tower:type"": ""communication""}",MY_N8267445980
node,1662840937,118.8586077,4.3094439,tower,communication,,,UNKNOWN,,"{""man_made"": ""tower"", ""tower:type"": ""communication""}",MY_N1662840937
