tower_id,lon,lat,radio,dist_water_m,hand_m,slope_deg,tri,flash_density,dist_power_m,age_years,exposed_pop,elevation_m,state,osm_type,osm_id,operator,tower_source,terrain_source,hand_source,water_power_source
MY_W1315123577,99.6608637,6.3851752,UNKNOWN,831.8291782668415,442.472290039,17.474663085753097,37.211545041743165,,11824.698905590749,,,673.4717407226562,Kedah,way,1315123577,,OpenStreetMap contributors / ODbL,Copernicus DEM GLO-30 via Microsoft Planetary Computer,ASF Global 30m HAND v1,OpenStreetMap contributors / ODbL
MY_N9455370923,99.6672307,6.3674444,UNKNOWN,136.1013953431774,14.027239799,6.897374167473881,13.508441431723872,,10242.161163334787,,,23.449615478515625,Kedah,node,9455370923,,OpenStreetMap contributors / ODbL,Copernicus DEM GLO-30 via Microsoft Planetary Computer,ASF Global 30m HAND v1,OpenStreetMap contributors / ODbL
MY_N13326193730,99.6822886,6.4224379,UNKNOWN,1255.1263126651982,2.004180908,21.710633598475646,28.17025360649434,,9228.996279606828,,,55.87847137451172,Kedah,node,13326193730,,OpenStreetMap contributors / ODbL,Copernicus DEM GLO-30 via Microsoft Planetary Computer,ASF Global 30m HAND v1,OpenStreetMap contributors / ODbL
MY_W1321815854,99.7074683,6.4353327,UNKNOWN,61.63857905632664,12.783839226,13.900543174501207,18.518682678239717,,6639.8886822379245,,,7.68358039855957,Kedah,way,1321815854,,OpenStreetMap contributors / ODbL,Copernicus DEM GLO-30 via Microsoft Planetary Computer,ASF Global 30m HAND v1,OpenStreetMap contributors / ODbL
MY_N10722696333,99.8072481,6.3262179,UNKNOWN,301.11966817300817,17.459985733,20.518963440449415,28.356543646949426,,340.3040175282025,,,27.969430923461914,Kedah,node,10722696333,,OpenStreetMap contributors / ODbL,Copernicus DEM GLO-30 via Microsoft Planetary Computer,ASF Global 30m HAND v1,OpenStreetMap contributors / ODbL
MY_W1316153148,99.8192258,6.3694711,UNKNOWN,1221.4547079019821,126.231567383,10.469803496732773,17.2236765953797,,2518.889250799519,,,858.9180908203125,Kedah,way,1316153148,,OpenStreetMap contributors / ODbL,Copernicus DEM GLO-30 via Microsoft Planetary Computer,ASF Global 30m HAND v1,OpenStreetMap contributors / ODbL
MY_W1316153129,99.819723,6.3701395,UNKNOWN,1177.5951837101095,115.305664062,5.634934632005895,9.361919205340488,,2608.8257255898093,,,852.6722412109375,Kedah,way,1316153129,,OpenStreetMap contributors / ODbL,Copernicus DEM GLO-30 via Microsoft Planetary Computer,ASF Global 30m HAND v1,OpenStreetMap contributors / ODbL
MY_W1316153146,99.8200401,6.369916,UNKNOWN,1215.6585314803206,291.407592773,12.288900960432006,22.372356731005564,,2619.2280773225852,,,852.1860961914062,Kedah,way,1316153146,,OpenStreetMap contributors / ODbL,Copernicus DEM GLO-30 via Microsoft Planetary Computer,ASF Global 30m HAND v1,OpenStreetMap contributors / ODbL
MY_W1317650252,100.1936499,6.3989518,UNKNOWN,417.51088455944995,55.176986694,4.050672856852964,14.865838883784,,708.7428988930108,,,56.43954849243164,Perlis,way,1317650252,,OpenStreetMap contributors / ODbL,Copernicus DEM GLO-30 via Microsoft Planetary Computer,ASF Global 30m HAND v1,OpenStreetMap contributors / ODbL
MY_N4541585270,100.242238,6.2410984,UNKNOWN,30.76545441504659,2.238081217,0.956615045185981,3.9562901439675833,,603.0511651993131,,,4.642915725708008,Kedah,node,4541585270,,OpenStreetMap contributors / ODbL,Copernicus DEM GLO-30 via Microsoft Planetary Computer,ASF Global 30m HAND v1,OpenStreetMap contributors / ODbL
MY_N10736133691,100.2510837,5.350266,UNKNOWN,1526.175787833703,126.359207153,24.613817142195327,35.37291830685974,,1978.6641568871514,,,289.3660888671875,Penang,node,10736133691,,OpenStreetMap contributors / ODbL,Copernicus DEM GLO-30 via Microsoft Planetary Computer,ASF Global 30m HAND v1,OpenStreetMap contributors / ODbL
MY_N11691138451,100.2690535,6.4315494,UNKNOWN,368.8759503669179,0.538916707,0.7836851277162419,2.0179032728803485,,133.45923366594403,,,8.55135726928711,Perlis,node,11691138451,,OpenStreetMap contributors / ODbL,Copernicus DEM GLO-30 via Microsoft Planetary Computer,ASF Global 30m HAND v1,OpenStreetMap contributors / ODbL
MY_N11302586992,100.2771529,5.2884843,NR,102.78360129131639,0.214015543,0.2739025360344611,0.8702456270836713,,547.3498623527355,,,3.3678128719329834,Penang,node,11302586992,,OpenStreetMap contributors / ODbL,Copernicus DEM GLO-30 via Microsoft Planetary Computer,ASF Global 30m HAND v1,OpenStreetMap contributors / ODbL
MY_N13961444689,100.2797255,5.2882036,NR,199.56402079136132,0.530267954,0.5083508392607717,3.9749842585660624,,266.4608120413235,,,3.4526498317718506,Penang,node,13961444689,,OpenStreetMap contributors / ODbL,Copernicus DEM GLO-30 via Microsoft Planetary Computer,ASF Global 30m HAND v1,OpenStreetMap contributors / ODbL
MY_N6828231262,100.2827619,5.38849,UNKNOWN,596.9825053602264,3.333400965,4.9471999677875695,5.5525996681248015,,184.92786369927575,,,21.272459030151367,Penang,node,6828231262,,OpenStreetMap contributors / ODbL,Copernicus DEM GLO-30 via Microsoft Planetary Computer,ASF Global 30m HAND v1,OpenStreetMap contributors / ODbL
MY_N11302586991,100.2865999,5.2856044,NR,165.93865873835475,0.023898581,2.4337146464582533,3.402505832740913,,122.23208022461417,,,3.5062029361724854,Penang,node,11302586991,,OpenStreetMap contributors / ODbL,Copernicus DEM GLO-30 via Microsoft Planetary Computer,ASF Global 30m HAND v1,OpenStreetMap contributors / ODbL
MY_N13961263910,100.2889345,5.2988098,NR,251.66622430098445,1.039990425,0.5601663501923418,1.4111288126859083,,664.6580508029057,,,4.257209300994873,Penang,node,13961263910,,OpenStreetMap contributors / ODbL,Copernicus DEM GLO-30 via Microsoft Planetary Computer,ASF Global 30m HAND v1,OpenStreetMap contributors / ODbL
MY_N13979312124,100.2949193,6.1332343,UNKNOWN,268.81479406810644,1.509771109,1.3505240528712554,2.0941540702895503,,3258.7217551724666,,,3.670234203338623,Kedah,node,13979312124,,OpenStreetMap contributors / ODbL,Copernicus DEM GLO-30 via Microsoft Planetary Computer,ASF Global 30m HAND v1,OpenStreetMap contributors / ODbL
MY_N13967382742,100.295712,5.314611,NR,104.47106184928317,4e-05,3.8107341971127884,3.6321131430467437,,131.9597245294108,,,5.775749683380127,Penang,node,13967382742,,OpenStreetMap contributors / ODbL,Copernicus DEM GLO-30 via Microsoft Planetary Computer,ASF Global 30m HAND v1,OpenStreetMap contributors / ODbL
MY_N13967382741,100.2963663,5.3167141,NR,167.7409707051704,1.316552758,2.2377951796389444,4.277295812945972,,30.21813065325115,,,4.084578514099121,Penang,node,13967382741,,OpenStreetMap contributors / ODbL,Copernicus DEM GLO-30 via Microsoft Planetary Computer,ASF Global 30m HAND v1,OpenStreetMap contributors / ODbL
MY_N7016316628,100.3039788,5.3986007,UNKNOWN,245.46171756393866,4.327892303,4.7434555095491,6.760633449644948,,309.2277708595438,,,14.023423194885254,Penang,node,7016316628,,OpenStreetMap contributors / ODbL,Copernicus DEM GLO-30 via Microsoft Planetary Computer,ASF Global 30m HAND v1,OpenStreetMap contributors / ODbL
MY_N7041239295,100.30419,5.4081263,UNKNOWN,217.68847448777544,6.420222282,4.907735031386318,8.76624570969309,,608.3699666218437,,,12.675053596496582,Penang,node,7041239295,,OpenStreetMap contributors / ODbL,Copernicus DEM GLO-30 via Microsoft Planetary Computer,ASF Global 30m HAND v1,OpenStreetMap contributors / ODbL
MY_N1656847453,100.3062247,5.3703645,UNKNOWN,64.9724368190603,6.229716301,8.92151542273407,11.905005539507123,,458.16632399449276,,,20.464149475097656,Penang,node,1656847453,,OpenStreetMap contributors / ODbL,Copernicus DEM GLO-30 via Microsoft Planetary Computer,ASF Global 30m HAND v1,OpenStreetMap contributors / ODbL
MY_N9134432003,100.3063907,5.3395041,UNKNOWN,15.092271607031355,3e-05,1.5496835442223649,4.469138726486047,,296.208857164444,,,1.785679817199707,Penang,node,9134432003,,OpenStreetMap contributors / ODbL,Copernicus DEM GLO-30 via Microsoft Planetary Computer,ASF Global 30m HAND v1,OpenStreetMap contributors / ODbL
MY_N6192657329,100.3138769,6.0938514,UNKNOWN,226.75030709264658,0.03793012,2.0045124997023263,2.4641237055361587,,746.7095498281357,,,4.2926483154296875,Kedah,node,6192657329,,OpenStreetMap contributors / ODbL,Copernicus DEM GLO-30 via Microsoft Planetary Computer,ASF Global 30m HAND v1,OpenStreetMap contributors / ODbL
MY_N9150548693,100.3164323,5.4157087,UNKNOWN,587.486240221582,4.547096252,5.022564437105536,9.026680523644298,,547.1457375275583,,,12.2259521484375,Penang,node,9150548693,,OpenStreetMap contributors / ODbL,Copernicus DEM GLO-30 via Microsoft Planetary Computer,ASF Global 30m HAND v1,OpenStreetMap contributors / ODbL
MY_N9116081582,100.3273805,5.4173713,UNKNOWN,247.647783041287,1.818309546,2.5129552011025007,2.346419914681462,,173.1512259714678,,,6.392598628997803,Penang,node,9116081582,,OpenStreetMap contributors / ODbL,Copernicus DEM GLO-30 via Microsoft Planetary Computer,ASF Global 30m HAND v1,OpenStreetMap contributors / ODbL
MY_N3341958144,100.3358907,6.039444,UNKNOWN,24.172229325156334,1.616189957,1.1220598528194445,3.5974039923238528,,1226.6931030507521,,,3.546288251876831,Kedah,node,3341958144,,OpenStreetMap contributors / ODbL,Copernicus DEM GLO-30 via Microsoft Planetary Computer,ASF Global 30m HAND v1,OpenStreetMap contributors / ODbL
MY_N5242116831,100.3530747,6.1354611,UNKNOWN,297.1741002993555,0.0,0.7101261617094798,0.9958430789810278,,85.63472616717613,,,2.9241292476654053,Kedah,node,5242116831,,OpenStreetMap contributors / ODbL,Copernicus DEM GLO-30 via Microsoft Planetary Computer,ASF Global 30m HAND v1,OpenStreetMap contributors / ODbL
MY_N6154919249,100.3577524,5.8807121,UNKNOWN,34.74037436791321,0.769132078,0.15994029762804296,2.1925955714684537,,7601.860807106262,,,2.923738718032837,Kedah,node,6154919249,,OpenStreetMap contributors / ODbL,Copernicus DEM GLO-30 via Microsoft Planetary Computer,ASF Global 30m HAND v1,OpenStreetMap contributors / ODbL
MY_N3341958135,100.3599198,5.9644787,UNKNOWN,25.554106704591856,2.281955719,2.8693910101518973,3.7081747086302186,,1338.2415410049582,,,3.663020372390747,Kedah,node,3341958135,,OpenStreetMap contributors / ODbL,Copernicus DEM GLO-30 via Microsoft Planetary Computer,ASF Global 30m HAND v1,OpenStreetMap contributors / ODbL
MY_N10591046691,100.3660517,6.120407,UNKNOWN,170.64854929723893,1.697980046,2.9094419444992163,2.894068724916446,,301.0125803477778,,,3.544045925140381,Kedah,node,10591046691,,OpenStreetMap contributors / ODbL,Copernicus DEM GLO-30 via Microsoft Planetary Computer,ASF Global 30m HAND v1,OpenStreetMap contributors / ODbL
MY_N7568527411,100.3662644,5.5870962,UNKNOWN,229.83506975009277,5e-05,1.0552285126663545,1.5971250788668832,,1549.7363388570093,,,2.429779291152954,Kedah,node,7568527411,,OpenStreetMap contributors / ODbL,Copernicus DEM GLO-30 via Microsoft Planetary Computer,ASF Global 30m HAND v1,OpenStreetMap contributors / ODbL
MY_N4859059453,100.369361,5.796498,UNKNOWN,51.93078948727981,1.306009889,1.2170798290056317,1.4490972253625063,,1855.0684413519646,,,2.5994133949279785,Kedah,node,4859059453,,OpenStreetMap contributors / ODbL,Copernicus DEM GLO-30 via Microsoft Planetary Computer,ASF Global 30m HAND v1,OpenStreetMap contributors / ODbL
MY_N8811444133,100.3702918,6.1158701,UNKNOWN,138.6594286452015,2.73725462,0.6476170766755006,3.2022489987727307,,349.5462428749004,,,7.792707443237305,Kedah,node,8811444133,,OpenStreetMap contributors / ODbL,Copernicus DEM GLO-30 via Microsoft Planetary Computer,ASF Global 30m HAND v1,OpenStreetMap contributors / ODbL
MY_N7568524744,100.3731188,5.5892064,UNKNOWN,342.8936016159423,2.497228861,1.337528882304834,1.9363908441300186,,1976.8772329618064,,,4.546361446380615,Kedah,node,7568524744,,OpenStreetMap contributors / ODbL,Copernicus DEM GLO-30 via Microsoft Planetary Computer,ASF Global 30m HAND v1,OpenStreetMap contributors / ODbL
MY_N6157011103,100.376721,5.9031263,UNKNOWN,474.2037295925641,0.777426243,1.4597158348595807,1.821399964036698,,4432.584399396976,,,3.33503794670105,Kedah,node,6157011103,,OpenStreetMap contributors / ODbL,Copernicus DEM GLO-30 via Microsoft Planetary Computer,ASF Global 30m HAND v1,OpenStreetMap contributors / ODbL
MY_N6418052180,100.3786358,5.4317493,UNKNOWN,209.77119615820024,1.118149161,0.32666250534949876,2.513926980722963,,323.0318545524526,,,5.022090435028076,Penang,node,6418052180,,OpenStreetMap contributors / ODbL,Copernicus DEM GLO-30 via Microsoft Planetary Computer,ASF Global 30m HAND v1,OpenStreetMap contributors / ODbL
MY_N9035698652,100.3802682,6.3012822,UNKNOWN,1451.0008133862575,282.75378418,11.19895143144833,25.472408068705914,,2191.464694770414,,,301.62890625,Kedah,node,9035698652,,OpenStreetMap contributors / ODbL,Copernicus DEM GLO-30 via Microsoft Planetary Computer,ASF Global 30m HAND v1,OpenStreetMap contributors / ODbL
MY_N8356509387,100.3861409,5.2589754,UNKNOWN,2775.058949257565,102.351646423,7.794262777904929,26.072125847391003,,5469.150366831209,,,99.59590148925781,,node,8356509387,,OpenStreetMap contributors / ODbL,Copernicus DEM GLO-30 via Microsoft Planetary Computer,ASF Global 30m HAND v1,OpenStreetMap contributors / ODbL
MY_N6406328430,100.3935291,5.415708,UNKNOWN,252.70639770166085,0.075929426,0.6634659352364703,1.446386034039156,,193.38624365754424,,,2.933871030807495,Penang,node,6406328430,,OpenStreetMap contributors / ODbL,Copernicus DEM GLO-30 via Microsoft Planetary Computer,ASF Global 30m HAND v1,OpenStreetMap contributors / ODbL
MY_N4775194882,100.3955559,6.050138,UNKNOWN,32.860614454097586,1.083095789,0.5096582636542374,2.109423769504841,,284.65282094982643,,,4.096960067749023,Kedah,node,4775194882,,OpenStreetMap contributors / ODbL,Copernicus DEM GLO-30 via Microsoft Planetary Computer,ASF Global 30m HAND v1,OpenStreetMap contributors / ODbL
MY_N4775194881,100.3961342,6.0493802,UNKNOWN,22.37396261279859,0.462740153,0.737678755616405,1.351389132689561,,384.08769292141636,,,3.5534183979034424,Kedah,node,4775194881,,OpenStreetMap contributors / ODbL,Copernicus DEM GLO-30 via Microsoft Planetary Computer,ASF Global 30m HAND v1,OpenStreetMap contributors / ODbL
MY_N7574291535,100.3970079,6.2026867,UNKNOWN,263.9557681951079,4.50515461,4.373227009657206,5.478980427801708,,822.2658496214365,,,7.034955978393555,Kedah,node,7574291535,,OpenStreetMap contributors / ODbL,Copernicus DEM GLO-30 via Microsoft Planetary Computer,ASF Global 30m HAND v1,OpenStreetMap contributors / ODbL
MY_N6039478983,100.398345,5.9793907,UNKNOWN,53.88236531002876,0.769300878,1.9308483263219747,2.454808030137164,,689.4100963123655,,,3.1845123767852783,Kedah,node,6039478983,,OpenStreetMap contributors / ODbL,Copernicus DEM GLO-30 via Microsoft Planetary Computer,ASF Global 30m HAND v1,OpenStreetMap contributors / ODbL
MY_N13404129716,100.3989757,5.4309585,UNKNOWN,292.01856370706287,0.00012,1.2603855964028072,2.653586733691806,,335.5858889697163,,,3.8017666339874268,Penang,node,13404129716,,OpenStreetMap contributors / ODbL,Copernicus DEM GLO-30 via Microsoft Planetary Computer,ASF Global 30m HAND v1,OpenStreetMap contributors / ODbL
MY_W1085859464,100.4058966,5.3871712,UNKNOWN,31.046208560373735,2.950215578,1.5202946601050265,2.709943378537627,,404.1870682013273,,,5.3119988441467285,Penang,way,1085859464,,OpenStreetMap contributors / ODbL,Copernicus DEM GLO-30 via Microsoft Planetary Computer,ASF Global 30m HAND v1,OpenStreetMap contributors / ODbL
MY_N3365342814,100.4062845,6.1165098,UNKNOWN,199.34345907937507,0.960478306,0.34458858539321496,1.0297179127919187,,1696.8901222779168,,,2.9070885181427,Kedah,node,3365342814,,OpenStreetMap contributors / ODbL,Copernicus DEM GLO-30 via Microsoft Planetary Computer,ASF Global 30m HAND v1,OpenStreetMap contributors / ODbL
MY_N9037393722,100.4069012,5.3962226,UNKNOWN,27.15603489678668,2.104161024,1.3147994750376972,10.361443544888099,,262.93425927769107,,,9.924551010131836,Penang,node,9037393722,,OpenStreetMap contributors / ODbL,Copernicus DEM GLO-30 via Microsoft Planetary Computer,ASF Global 30m HAND v1,OpenStreetMap contributors / ODbL
MY_N2526527663,100.4091148,6.1445207,UNKNOWN,147.501621578634,0.787196755,0.39746530725006946,0.5611846891781095,,559.2263036059919,,,3.1885948181152344,Kedah,node,2526527663,,OpenStreetMap contributors / ODbL,Copernicus DEM GLO-30 via Microsoft Planetary Computer,ASF Global 30m HAND v1,OpenStreetMap contributors / ODbL
MY_N2526527678,100.4143119,6.1494385,UNKNOWN,36.94763800704565,1.538127422,1.266315450141049,1.84253478330521,,661.250917565677,,,3.5851831436157227,Kedah,node,2526527678,,OpenStreetMap contributors / ODbL,Copernicus DEM GLO-30 via Microsoft Planetary Computer,ASF Global 30m HAND v1,OpenStreetMap contributors / ODbL
MY_W1311505864,100.4155607,5.2692732,UNKNOWN,322.1725993603964,181.852890015,0.6712218598497683,7.952312785241261,,2586.1887515036246,,,185.1903533935547,Penang,way,1311505864,,OpenStreetMap contributors / ODbL,Copernicus DEM GLO-30 via Microsoft Planetary Computer,ASF Global 30m HAND v1,OpenStreetMap contributors / ODbL
MY_N4955138177,100.4197276,5.4588598,UNKNOWN,139.04624565282685,1.551524162,1.7103717449701257,2.4052753759377614,,1224.319718152103,,,4.606431007385254,Penang,node,4955138177,,OpenStreetMap contributors / ODbL,Copernicus DEM GLO-30 via Microsoft Planetary Computer,ASF Global 30m HAND v1,OpenStreetMap contributors / ODbL
MY_N5395408067,100.4207602,6.331022,UNKNOWN,783.3193152493587,4.712132454,1.04465285883645,2.798703179335809,,610.6079716383975,,,22.72722625732422,Kedah,node,5395408067,,OpenStreetMap contributors / ODbL,Copernicus DEM GLO-30 via Microsoft Planetary Computer,ASF Global 30m HAND v1,OpenStreetMap contributors / ODbL
MY_W390112561,100.4210452,6.4368795,UNKNOWN,415.04273161331855,0.0001,0.4747226157568841,0.9486567346458082,,573.70143162065,,,23.083454132080078,Kedah,way,390112561,,OpenStreetMap contributors / ODbL,Copernicus DEM GLO-30 via Microsoft Planetary Computer,ASF Global 30m HAND v1,OpenStreetMap contributors / ODbL
MY_N2888308600,100.425056,6.16856,UNKNOWN,29.611431325900565,1.387300014,0.5692491282396421,1.8946965823740494,,1608.9361072564527,,,5.473340034484863,Kedah,node,2888308600,,OpenStreetMap contributors / ODbL,Copernicus DEM GLO-30 via Microsoft Planetary Computer,ASF Global 30m HAND v1,OpenStreetMap contributors / ODbL
MY_N4195769900,100.4266032,6.204536,UNKNOWN,178.5313620433299,9.113099098,2.254829566522005,4.434396008975356,,2738.4251990985967,,,14.656556129455566,Kedah,node,4195769900,,OpenStreetMap contributors / ODbL,Copernicus DEM GLO-30 via Microsoft Planetary Computer,ASF Global 30m HAND v1,OpenStreetMap contributors / ODbL
MY_N4625586068,100.4287529,5.501852,UNKNOWN,75.49944104252884,1.127499819,2.6972305508265375,4.324030127469841,,463.4019257298571,,,5.894863128662109,Penang,node,4625586068,,OpenStreetMap contributors / ODbL,Copernicus DEM GLO-30 via Microsoft Planetary Computer,ASF Global 30m HAND v1,OpenStreetMap contributors / ODbL
MY_N4625586066,100.429283,5.5034611,UNKNOWN,36.88767294015605,1.599156857,3.855565353613644,4.50390141947716,,641.213356996674,,,8.204146385192871,Penang,node,4625586066,,OpenStreetMap contributors / ODbL,Copernicus DEM GLO-30 via Microsoft Planetary Computer,ASF Global 30m HAND v1,OpenStreetMap contributors / ODbL
MY_W1311793313,100.4336405,5.786498,UNKNOWN,720.0664772595134,318.334411621,14.22661745848875,18.77589372416996,,4043.6783109964917,,,1172.1763916015625,Kedah,way,1311793313,,OpenStreetMap contributors / ODbL,Copernicus DEM GLO-30 via Microsoft Planetary Computer,ASF Global 30m HAND v1,OpenStreetMap contributors / ODbL
MY_N4625627407,100.434431,5.5489887,UNKNOWN,52.3278326279208,1.628924012,1.6843452395945036,3.128124308960381,,696.9071093606589,,,4.953863143920898,Penang,node,4625627407,,OpenStreetMap contributors / ODbL,Copernicus DEM GLO-30 via Microsoft Planetary Computer,ASF Global 30m HAND v1,OpenStreetMap contributors / ODbL
MY_W1311793315,100.4348251,5.787012,UNKNOWN,821.8641328432809,413.390991211,6.259213962813116,32.77114210217749,,3908.6294294227796,,,1201.4039306640625,Kedah,way,1311793315,,OpenStreetMap contributors / ODbL,Copernicus DEM GLO-30 via Microsoft Planetary Computer,ASF Global 30m HAND v1,OpenStreetMap contributors / ODbL
MY_W1311793314,100.434989,5.7873288,UNKNOWN,790.4952430980782,437.416381836,26.6581866516306,40.12536050565485,,3887.939654411106,,,1186.4683837890625,Kedah,way,1311793314,,OpenStreetMap contributors / ODbL,Copernicus DEM GLO-30 via Microsoft Planetary Computer,ASF Global 30m HAND v1,OpenStreetMap contributors / ODbL
MY_N4567112599,100.436565,5.5779467,UNKNOWN,601.256126758607,1.489112377,1.611899117790813,1.806408474054528,,557.8310928975761,,,8.448810577392578,Kedah,node,4567112599,,OpenStreetMap contributors / ODbL,Copernicus DEM GLO-30 via Microsoft Planetary Computer,ASF Global 30m HAND v1,OpenStreetMap contributors / ODbL
MY_N4625637084,100.4367892,5.5781926,UNKNOWN,621.2723933636604,1.489112377,1.4259082757365884,2.7181356651403252,,537.9149919922571,,,8.004185676574707,Kedah,node,4625637084,,OpenStreetMap contributors / ODbL,Copernicus DEM GLO-30 via Microsoft Planetary Computer,ASF Global 30m HAND v1,OpenStreetMap contributors / ODbL
MY_W1311840962,100.4378941,5.7993504,UNKNOWN,676.2231202315436,91.443237305,11.091057946737065,15.391767084400593,,3483.839053689925,,,962.48291015625,Kedah,way,1311840962,,OpenStreetMap contributors / ODbL,Copernicus DEM GLO-30 via Microsoft Planetary Computer,ASF Global 30m HAND v1,OpenStreetMap contributors / ODbL
MY_W1311840972,100.4384674,5.7979671,UNKNOWN,652.0319296982407,126.588867188,5.263277763111254,14.191324149639012,,3426.0291108106553,,,995.1231689453125,Kedah,way,1311840972,,OpenStreetMap contributors / ODbL,Copernicus DEM GLO-30 via Microsoft Planetary Computer,ASF Global 30m HAND v1,OpenStreetMap contributors / ODbL
MY_N3604853933,100.4395167,6.02996,UNKNOWN,20.952643449216527,2.818914413,1.0519097279689646,4.698627642244952,,479.729674019743,,,5.160613536834717,Kedah,node,3604853933,,OpenStreetMap contributors / ODbL,Copernicus DEM GLO-30 via Microsoft Planetary Computer,ASF Global 30m HAND v1,OpenStreetMap contributors / ODbL
MY_N4955138206,100.4402786,5.5043009,UNKNOWN,479.0122834140991,2e-05,0.38741532803092166,1.5366920946485598,,1448.459379843961,,,5.98551082611084,Penang,node,4955138206,,OpenStreetMap contributors / ODbL,Copernicus DEM GLO-30 via Microsoft Planetary Computer,ASF Global 30m HAND v1,OpenStreetMap contributors / ODbL
MY_N4760131971,100.449168,5.9773144,UNKNOWN,61.124611878574015,1.239921331,0.9039211980582755,1.1218148762901985,,1078.1027579512256,,,3.8159658908843994,Kedah,node,4760131971,,OpenStreetMap contributors / ODbL,Copernicus DEM GLO-30 via Microsoft Planetary Computer,ASF Global 30m HAND v1,OpenStreetMap contributors / ODbL
MY_N4573203388,100.4561009,5.4806244,UNKNOWN,59.584860179332495,1.068292022,0.5344790536333915,0.9892386516656139,,229.97367031694975,,,4.153842449188232,Penang,node,4573203388,,OpenStreetMap contributors / ODbL,Copernicus DEM GLO-30 via Microsoft Planetary Computer,ASF Global 30m HAND v1,OpenStreetMap contributors / ODbL
MY_N5952916379,100.4643769,5.3555972,UNKNOWN,229.50451529022845,0.562494338,2.5964831652824123,3.3432050183406354,,665.5521333092578,,,10.379546165466309,Penang,node,5952916379,,OpenStreetMap contributors / ODbL,Copernicus DEM GLO-30 via Microsoft Planetary Computer,ASF Global 30m HAND v1,OpenStreetMap contributors / ODbL
MY_N4612165249,100.4664133,5.6745357,UNKNOWN,588.7157495570955,2.817461014,2.9089836732039074,4.676209074429492,,76.60451424303375,,,5.097143650054932,Kedah,node,4612165249,,OpenStreetMap contributors / ODbL,Copernicus DEM GLO-30 via Microsoft Planetary Computer,ASF Global 30m HAND v1,OpenStreetMap contributors / ODbL
MY_N8825706826,100.4728011,5.1316839,UNKNOWN,511.0501199129595,4e-05,0.14532860840054598,2.2983063164471487,,445.6033515453592,,,2.689488649368286,Penang,node,8825706826,,OpenStreetMap contributors / ODbL,Copernicus DEM GLO-30 via Microsoft Planetary Computer,ASF Global 30m HAND v1,OpenStreetMap contributors / ODbL
MY_W879207161,100.4771415,5.1240179,UNKNOWN,69.67746089689597,0.00015,0.48576428421634193,1.087138259279886,,201.47798144536648,,,3.444662094116211,Perak,way,879207161,,OpenStreetMap contributors / ODbL,Copernicus DEM GLO-30 via Microsoft Planetary Computer,ASF Global 30m HAND v1,OpenStreetMap contributors / ODbL
MY_N5646827136,100.4809651,5.7997589,UNKNOWN,392.83257461027665,5.126308441,0.9162034186537918,2.215091553538601,,1247.5673149445302,,,39.291908264160156,Kedah,node,5646827136,,OpenStreetMap contributors / ODbL,Copernicus DEM GLO-30 via Microsoft Planetary Computer,ASF Global 30m HAND v1,OpenStreetMap contributors / ODbL
MY_N4560309077,100.4828514,5.3666053,UNKNOWN,1346.4410011720324,383.494476318,9.390470058981524,13.285197010751684,,1442.961621911414,,,537.4378051757812,Penang,node,4560309077,,OpenStreetMap contributors / ODbL,Copernicus DEM GLO-30 via Microsoft Planetary Computer,ASF Global 30m HAND v1,OpenStreetMap contributors / ODbL
MY_N4758418627,100.4832673,6.0239427,UNKNOWN,99.43818869192678,0.868642569,2.286245425268244,2.828115462003327,,3131.267016354412,,,3.7840206623077393,Kedah,node,4758418627,,OpenStreetMap contributors / ODbL,Copernicus DEM GLO-30 via Microsoft Planetary Computer,ASF Global 30m HAND v1,OpenStreetMap contributors / ODbL
MY_N5931380383,100.4835268,5.3668847,UNKNOWN,1320.5399047025103,317.4453125,2.882542930563014,10.463238212062858,,1504.8174196463349,,,547.6813354492188,Penang,node,5931380383,,OpenStreetMap contributors / ODbL,Copernicus DEM GLO-30 via Microsoft Planetary Computer,ASF Global 30m HAND v1,OpenStreetMap contributors / ODbL
MY_N4560309078,100.483715,5.3670406,UNKNOWN,1320.8860152660477,317.4453125,5.015569475826011,11.304507637043027,,1529.9317682705364,,,546.157958984375,Penang,node,4560309078,,OpenStreetMap contributors / ODbL,Copernicus DEM GLO-30 via Microsoft Planetary Computer,ASF Global 30m HAND v1,OpenStreetMap contributors / ODbL
MY_N5931380384,100.4840973,5.3672374,UNKNOWN,1312.5749794403998,245.042877197,7.524506092477349,15.29331480526269,,1569.621430519717,,,542.8251953125,Penang,node,5931380384,,OpenStreetMap contributors / ODbL,Copernicus DEM GLO-30 via Microsoft Planetary Computer,ASF Global 30m HAND v1,OpenStreetMap contributors / ODbL
MY_N14135289964,100.4861744,5.6408089,UNKNOWN,230.34488968695385,2.248249769,2.029454328784843,2.876820604296368,,185.1473714417483,,,5.685727119445801,Kedah,node,14135289964,,OpenStreetMap contributors / ODbL,Copernicus DEM GLO-30 via Microsoft Planetary Computer,ASF Global 30m HAND v1,OpenStreetMap contributors / ODbL
MY_N12434275222,100.4939649,5.1323951,UNKNOWN,206.04648002746694,3.943715811,2.2998003296330545,2.157797412499067,,675.8591801675205,,,4.475461483001709,Kedah,node,12434275222,,OpenStreetMap contributors / ODbL,Copernicus DEM GLO-30 via Microsoft Planetary Computer,ASF Global 30m HAND v1,OpenStreetMap contributors / ODbL
MY_N12434275187,100.4956257,5.1304313,UNKNOWN,185.12283412145038,3.381172657,1.5136689676684383,2.9782195191555436,,781.013803915955,,,3.661771774291992,Kedah,node,12434275187,,OpenStreetMap contributors / ODbL,Copernicus DEM GLO-30 via Microsoft Planetary Computer,ASF Global 30m HAND v1,OpenStreetMap contributors / ODbL
MY_N4952889109,100.4980668,5.7939763,UNKNOWN,315.98447888391956,15.313547134,6.043424365648897,8.794163444658286,,1036.5548184781712,,,48.950496673583984,Kedah,node,4952889109,,OpenStreetMap contributors / ODbL,Copernicus DEM GLO-30 via Microsoft Planetary Computer,ASF Global 30m HAND v1,OpenStreetMap contributors / ODbL
MY_N7049747274,100.5141963,6.1168889,UNKNOWN,136.18751964388454,3.222155809,3.9866512317414435,4.534678027504808,,3212.937986285904,,,11.123992919921875,Kedah,node,7049747274,,OpenStreetMap contributors / ODbL,Copernicus DEM GLO-30 via Microsoft Planetary Computer,ASF Global 30m HAND v1,OpenStreetMap contributors / ODbL
MY_N4218038791,100.5222728,5.6986676,UNKNOWN,633.6565149716424,7.484502316,2.2302566491503497,2.995122470401693,,126.65441019613301,,,16.239025115966797,Kedah,node,4218038791,Maxis,OpenStreetMap contributors / ODbL,Copernicus DEM GLO-30 via Microsoft Planetary Computer,ASF Global 30m HAND v1,OpenStreetMap contributors / ODbL
MY_N7003374699,100.5268628,5.3776318,UNKNOWN,366.6197059125628,4.450043678,0.5759556069904791,4.678205949530018,,884.3642084518327,,,34.65167236328125,Kedah,node,7003374699,,OpenStreetMap contributors / ODbL,Copernicus DEM GLO-30 via Microsoft Planetary Computer,ASF Global 30m HAND v1,OpenStreetMap contributors / ODbL
MY_N12397225227,100.5292552,5.3723377,UNKNOWN,40.26009427989014,0.045685031,4.946773967446147,7.289290362249339,,1157.1688669205332,,,36.27823257446289,Kedah,node,12397225227,,OpenStreetMap contributors / ODbL,Copernicus DEM GLO-30 via Microsoft Planetary Computer,ASF Global 30m HAND v1,OpenStreetMap contributors / ODbL
MY_N12397225226,100.5296414,5.3808803,NR,515.468333752105,0.0,1.2752234772002884,2.0529066238451885,,455.46900268206616,,,29.950912475585938,Kedah,node,12397225226,,OpenStreetMap contributors / ODbL,Copernicus DEM GLO-30 via Microsoft Planetary Computer,ASF Global 30m HAND v1,OpenStreetMap contributors / ODbL
MY_N12397225225,100.5327049,5.3897182,LTE,928.4179309175416,0.38263905,1.2517885775289805,5.954752698239733,,152.85937748145753,,,25.885807037353516,Kedah,node,12397225225,,OpenStreetMap contributors / ODbL,Copernicus DEM GLO-30 via Microsoft Planetary Computer,ASF Global 30m HAND v1,OpenStreetMap contributors / ODbL
MY_N12397225228,100.5365635,5.3763431,UNKNOWN,144.18222152294686,13.006772995,3.6241663231380805,5.8334296044758975,,307.3056299883867,,,44.60488510131836,Kedah,node,12397225228,,OpenStreetMap contributors / ODbL,Copernicus DEM GLO-30 via Microsoft Planetary Computer,ASF Global 30m HAND v1,OpenStreetMap contributors / ODbL
MY_N12397225224,100.5373272,5.3873004,NR,501.51237149994796,1.722358704,1.3693279965149878,2.551257846907617,,439.8297028894411,,,24.16045379638672,Kedah,node,12397225224,,OpenStreetMap contributors / ODbL,Copernicus DEM GLO-30 via Microsoft Planetary Computer,ASF Global 30m HAND v1,OpenStreetMap contributors / ODbL
MY_N12397225229,100.5377216,5.3747606,UNKNOWN,66.92791933201345,9.128450394,2.496157241120027,3.9917826489637953,,190.84274941606193,,,42.68376159667969,Kedah,node,12397225229,,OpenStreetMap contributors / ODbL,Copernicus DEM GLO-30 via Microsoft Planetary Computer,ASF Global 30m HAND v1,OpenStreetMap contributors / ODbL
MY_N12432739231,100.5378378,5.383101,LTE,52.7140440926512,5.390089035,3.740190108808932,5.167157251671096,,16.990157105853086,,,35.31646728515625,Kedah,node,12432739231,,OpenStreetMap contributors / ODbL,Copernicus DEM GLO-30 via Microsoft Planetary Computer,ASF Global 30m HAND v1,OpenStreetMap contributors / ODbL
MY_N12397225230,100.5406127,5.3787834,UNKNOWN,16.73634655804456,2e-05,3.469706786960248,5.799303939630874,,280.7476122186369,,,31.923934936523438,Kedah,node,12397225230,,OpenStreetMap contributors / ODbL,Copernicus DEM GLO-30 via Microsoft Planetary Computer,ASF Global 30m HAND v1,OpenStreetMap contributors / ODbL
MY_N12397225231,100.5406273,5.3778395,UNKNOWN,99.92938299853137,2.384020329,4.030438732904518,4.549272470100802,,268.591201424823,,,33.727996826171875,Kedah,node,12397225231,,OpenStreetMap contributors / ODbL,Copernicus DEM GLO-30 via Microsoft Planetary Computer,ASF Global 30m HAND v1,OpenStreetMap contributors / ODbL
MY_N12397225232,100.5412074,5.3710921,UNKNOWN,57.93588463366721,1.98538208,2.129492067499436,3.1118081851728787,,528.8751690296285,,,41.69532012939453,Kedah,node,12397225232,,OpenStreetMap contributors / ODbL,Copernicus DEM GLO-30 via Microsoft Planetary Computer,ASF Global 30m HAND v1,OpenStreetMap contributors / ODbL
MY_N12432739232,100.5435824,5.3678387,LTE,447.8068787437062,9.02239418,2.199789549738902,4.771609919385698,,968.7354055080733,,,50.21245193481445,Kedah,node,12432739232,,OpenStreetMap contributors / ODbL,Copernicus DEM GLO-30 via Microsoft Planetary Computer,ASF Global 30m HAND v1,OpenStreetMap contributors / ODbL
MY_N12397225233,100.5461357,5.3845451,NR,26.33972579499288,3.454907417,2.124390187021472,4.393525908930421,,533.18693116436,,,24.59848403930664,Kedah,node,12397225233,,OpenStreetMap contributors / ODbL,Copernicus DEM GLO-30 via Microsoft Planetary Computer,ASF Global 30m HAND v1,OpenStreetMap contributors / ODbL
MY_N12432739233,100.5463044,5.369578,NR,411.59401803201297,3.71068573,3.450545118848056,4.984836861975846,,1004.852025811422,,,49.351783752441406,Kedah,node,12432739233,,OpenStreetMap contributors / ODbL,Copernicus DEM GLO-30 via Microsoft Planetary Computer,ASF Global 30m HAND v1,OpenStreetMap contributors / ODbL
MY_N506433555,100.549163,4.2316804,UNKNOWN,262.57439442322266,0.130706951,2.137380432924534,2.9745156579399707,,2466.8842666053783,,,6.542579174041748,Perak,node,506433555,,OpenStreetMap contributors / ODbL,Copernicus DEM GLO-30 via Microsoft Planetary Computer,ASF Global 30m HAND v1,OpenStreetMap contributors / ODbL
MY_N12432739234,100.5504914,5.3722882,LTE,680.6306305289074,9.854079247,7.698175915787677,10.124659421438341,,673.044348192803,,,40.391990661621094,Kedah,node,12432739234,,OpenStreetMap contributors / ODbL,Copernicus DEM GLO-30 via Microsoft Planetary Computer,ASF Global 30m HAND v1,OpenStreetMap contributors / ODbL
MY_N12717488852,100.5552061,5.0009341,UNKNOWN,65.30644941926515,2.13692522,4.130188057703997,4.794048688211738,,234.08928997677566,,,3.8806440830230713,Perak,node,12717488852,,OpenStreetMap contributors / ODbL,Copernicus DEM GLO-30 via Microsoft Planetary Computer,ASF Global 30m HAND v1,OpenStreetMap contributors / ODbL
MY_N6795232571,100.5688654,5.3727789,UNKNOWN,279.5674239612793,7.464590073,2.9538807524589954,3.739238440043238,,507.77529605157173,,,36.177181243896484,Kedah,node,6795232571,,OpenStreetMap contributors / ODbL,Copernicus DEM GLO-30 via Microsoft Planetary Computer,ASF Global 30m HAND v1,OpenStreetMap contributors / ODbL
MY_W1312400607,100.5715815,5.4065907,UNKNOWN,746.9261607058804,94.616333008,6.2225111514212275,10.024712807502508,,1935.0387198368342,,,136.0827178955078,Kedah,way,1312400607,,OpenStreetMap contributors / ODbL,Copernicus DEM GLO-30 via Microsoft Planetary Computer,ASF Global 30m HAND v1,OpenStreetMap contributors / ODbL
MY_W1312400606,100.5716273,5.4062952,UNKNOWN,721.2543372437254,81.893218994,6.21626801476827,10.757979579755263,,1906.0284502510297,,,132.92567443847656,Kedah,way,1312400606,,OpenStreetMap contributors / ODbL,Copernicus DEM GLO-30 via Microsoft Planetary Computer,ASF Global 30m HAND v1,OpenStreetMap contributors / ODbL
MY_W1312400608,100.571717,5.4069415,UNKNOWN,763.3154652640692,96.942169189,7.6732624580648,12.033293493467434,,1976.6177130662595,,,138.3710479736328,Kedah,way,1312400608,,OpenStreetMap contributors / ODbL,Copernicus DEM GLO-30 via Microsoft Planetary Computer,ASF Global 30m HAND v1,OpenStreetMap contributors / ODbL
MY_W1312840745,100.5738307,5.1776945,UNKNOWN,1338.6908103332587,111.012039185,8.175071241835205,12.454932521657222,,753.1442799148859,,,332.5058898925781,Kedah,way,1312840745,,OpenStreetMap contributors / ODbL,Copernicus DEM GLO-30 via Microsoft Planetary Computer,ASF Global 30m HAND v1,OpenStreetMap contributors / ODbL
MY_W1312840761,100.5742731,5.1745864,UNKNOWN,1344.9909380863378,115.86088562,5.175290665404083,15.018109871466889,,638.5963936523347,,,372.61480712890625,Kedah,way,1312840761,,OpenStreetMap contributors / ODbL,Copernicus DEM GLO-30 via Microsoft Planetary Computer,ASF Global 30m HAND v1,OpenStreetMap contributors / ODbL
MY_N5392512623,100.5745279,4.2127759,UNKNOWN,2472.6441945624133,2.356817484,1.4785239680581197,2.301336200100544,,3171.678600719124,,,6.001631259918213,Perak,node,5392512623,,OpenStreetMap contributors / ODbL,Copernicus DEM GLO-30 via Microsoft Planetary Computer,ASF Global 30m HAND v1,OpenStreetMap contributors / ODbL
MY_N11399381206,100.5945352,4.2578429,UNKNOWN,209.66914620698105,64.53061676,1.1102704454577281,7.09292217711157,,3280.60995701736,,,71.00784301757812,Perak,node,11399381206,,OpenStreetMap contributors / ODbL,Copernicus DEM GLO-30 via Microsoft Planetary Computer,ASF Global 30m HAND v1,OpenStreetMap contributors / ODbL
MY_W1274670480,100.6048586,4.1973066,UNKNOWN,691.1823218677854,68.7006073,15.19401723760831,24.827835901072874,,2773.212712676107,,,73.3316421508789,Perak,way,1274670480,,OpenStreetMap contributors / ODbL,Copernicus DEM GLO-30 via Microsoft Planetary Computer,ASF Global 30m HAND v1,OpenStreetMap contributors / ODbL
MY_N12441857996,100.6121276,5.2087852,UNKNOWN,38.59876956957702,0.0001,1.2659088103862302,3.029174618518157,,323.2815182501362,,,13.397012710571289,Kedah,node,12441857996,,OpenStreetMap contributors / ODbL,Copernicus DEM GLO-30 via Microsoft Planetary Computer,ASF Global 30m HAND v1,OpenStreetMap contributors / ODbL
MY_N3720185425,100.6224141,5.8090141,UNKNOWN,137.21735693240612,0.624476433,3.086896431762485,5.483775414053997,,1252.3814200403879,,,29.73041534423828,Kedah,node,3720185425,TM,OpenStreetMap contributors / ODbL,Copernicus DEM GLO-30 via Microsoft Planetary Computer,ASF Global 30m HAND v1,OpenStreetMap contributors / ODbL
MY_N3234716501,100.6482271,5.0424984,UNKNOWN,773.6462911181435,0.129154712,5.728715118122675,6.395289054658772,,58.33658655284978,,,6.521465301513672,Perak,node,3234716501,,OpenStreetMap contributors / ODbL,Copernicus DEM GLO-30 via Microsoft Planetary Computer,ASF Global 30m HAND v1,OpenStreetMap contributors / ODbL
MY_N7567968606,100.6515911,5.6059477,UNKNOWN,499.7426740481732,7e-05,0.693397517878402,2.308765322267353,,1336.5078333417243,,,16.574007034301758,Kedah,node,7567968606,,OpenStreetMap contributors / ODbL,Copernicus DEM GLO-30 via Microsoft Planetary Computer,ASF Global 30m HAND v1,OpenStreetMap contributors / ODbL
MY_W1165977860,100.7236908,4.8663312,UNKNOWN,79.85740727211366,2.342860222,1.340666385530723,3.9484856906703776,,290.2553793346978,,,18.35444450378418,Perak,way,1165977860,,OpenStreetMap contributors / ODbL,Copernicus DEM GLO-30 via Microsoft Planetary Computer,ASF Global 30m HAND v1,OpenStreetMap contributors / ODbL
MY_N8090717866,100.7244828,4.1994122,UNKNOWN,2337.8595954021616,0.0001,0.3313239183991832,1.0088996251457487,,631.3806282506507,,,8.625616073608398,Perak,node,8090717866,,OpenStreetMap contributors / ODbL,Copernicus DEM GLO-30 via Microsoft Planetary Computer,ASF Global 30m HAND v1,OpenStreetMap contributors / ODbL
MY_N8091057340,100.746375,4.2851415,UNKNOWN,1302.0472349880022,2e-05,0.9383362235120546,3.4492525048891753,,422.0704816287916,,,12.905951499938965,Perak,node,8091057340,,OpenStreetMap contributors / ODbL,Copernicus DEM GLO-30 via Microsoft Planetary Computer,ASF Global 30m HAND v1,OpenStreetMap contributors / ODbL
MY_N8091061663,100.7488024,4.2863157,UNKNOWN,1236.340688641145,1.103637218,7.1232952049720994,9.461493961728022,,607.19171470167,,,17.66503143310547,Perak,node,8091061663,,OpenStreetMap contributors / ODbL,Copernicus DEM GLO-30 via Microsoft Planetary Computer,ASF Global 30m HAND v1,OpenStreetMap contributors / ODbL
MY_N7594127522,100.7851745,5.6181506,UNKNOWN,446.6308173247141,17.957136154,24.260307726772886,33.68244708813717,,1529.2712256164905,,,59.855857849121094,Kedah,node,7594127522,,OpenStreetMap contributors / ODbL,Copernicus DEM GLO-30 via Microsoft Planetary Computer,ASF Global 30m HAND v1,OpenStreetMap contributors / ODbL
MY_W1254490022,100.8060575,4.8567188,UNKNOWN,1015.0442066990304,291.590209961,13.062571604147623,20.508153212487237,,3403.609367182972,,,1374.4588623046875,Perak,way,1254490022,,OpenStreetMap contributors / ODbL,Copernicus DEM GLO-30 via Microsoft Planetary Computer,ASF Global 30m HAND v1,OpenStreetMap contributors / ODbL
MY_W1254490023,100.8061542,4.8564551,UNKNOWN,1033.7973493772863,291.626708984,6.546888267027734,13.933614212140885,,3423.601585295732,,,1381.1197509765625,Perak,way,1254490023,,OpenStreetMap contributors / ODbL,Copernicus DEM GLO-30 via Microsoft Planetary Computer,ASF Global 30m HAND v1,OpenStreetMap contributors / ODbL
MY_W1254490021,100.806479,4.8568145,UNKNOWN,1057.2567646007017,250.444824219,2.4192533070697224,17.236994201066516,,3444.2022008819326,,,1384.1861572265625,Perak,way,1254490021,,OpenStreetMap contributors / ODbL,Copernicus DEM GLO-30 via Microsoft Planetary Computer,ASF Global 30m HAND v1,OpenStreetMap contributors / ODbL
MY_N12497506008,100.8300553,5.6340991,UNKNOWN,449.72415778259756,0.00021,4.029751686883681,4.893201275736555,,3560.8205746462822,,,40.14801788330078,Kedah,node,12497506008,,OpenStreetMap contributors / ODbL,Copernicus DEM GLO-30 via Microsoft Planetary Computer,ASF Global 30m HAND v1,OpenStreetMap contributors / ODbL
MY_N12968711538,100.8443073,5.0843396,UNKNOWN,465.3787228165781,11.003650665,11.136922221115292,13.909290447292339,,12074.703566842165,,,60.57024002075195,Perak,node,12968711538,,OpenStreetMap contributors / ODbL,Copernicus DEM GLO-30 via Microsoft Planetary Computer,ASF Global 30m HAND v1,OpenStreetMap contributors / ODbL
MY_N12458638891,100.9166441,5.6695014,UNKNOWN,614.881760997098,12.282593727,8.634809575035113,10.591912867025284,,2407.4725280921766,,,63.569313049316406,Kedah,node,12458638891,,OpenStreetMap contributors / ODbL,Copernicus DEM GLO-30 via Microsoft Planetary Computer,ASF Global 30m HAND v1,OpenStreetMap contributors / ODbL
MY_N4928415626,100.922359,5.6079573,UNKNOWN,4938.9219605162825,278.489318848,1.477567907628218,3.406025753929732,,3913.6674954956216,,,864.1615600585938,Kedah,node,4928415626,,OpenStreetMap contributors / ODbL,Copernicus DEM GLO-30 via Microsoft Planetary Computer,ASF Global 30m HAND v1,OpenStreetMap contributors / ODbL
MY_N11766381937,100.9324436,4.77697,UNKNOWN,831.3797906414317,0.167256132,3.299277702182218,3.664366274181786,,1099.372241148966,,,45.260826110839844,Perak,node,11766381937,,OpenStreetMap contributors / ODbL,Copernicus DEM GLO-30 via Microsoft Planetary Computer,ASF Global 30m HAND v1,OpenStreetMap contributors / ODbL
MY_N1727292934,100.9368327,4.7204055,UNKNOWN,749.7500179125327,55.872161865,2.1339152356723323,3.4506168102699983,,4359.151110116777,,,100.91917419433594,Perak,node,1727292934,,OpenStreetMap contributors / ODbL,Copernicus DEM GLO-30 via Microsoft Planetary Computer,ASF Global 30m HAND v1,OpenStreetMap contributors / ODbL
MY_N3782301332,100.9542024,4.3516204,UNKNOWN,596.7970784519213,3.735648155,6.439241201297656,10.172402084302574,,959.1481960181255,,,26.3897762298584,Perak,node,3782301332,,OpenStreetMap contributors / ODbL,Copernicus DEM GLO-30 via Microsoft Planetary Computer,ASF Global 30m HAND v1,OpenStreetMap contributors / ODbL
MY_N6130994429,100.9764645,5.7146005,UNKNOWN,1159.4402633451264,131.545394897,20.315767198334335,26.954719574448532,,305.8900226687073,,,368.9425354003906,Kedah,node,6130994429,,OpenStreetMap contributors / ODbL,Copernicus DEM GLO-30 via Microsoft Planetary Computer,ASF Global 30m HAND v1,OpenStreetMap contributors / ODbL
MY_W1122921707,101.01024,4.5899108,UNKNOWN,339.8882799984414,152.775390625,6.707425903167419,12.550876465545183,,3387.48608288076,,,722.734130859375,Perak,way,1122921707,Telekom Malaysia,OpenStreetMap contributors / ODbL,Copernicus DEM GLO-30 via Microsoft Planetary Computer,ASF Global 30m HAND v1,OpenStreetMap contributors / ODbL
MY_W1255218612,101.0102959,4.5896778,UNKNOWN,332.179156129257,293.831298828,7.742720128054286,13.84507708924089,,3373.096616322044,,,722.4511108398438,Perak,way,1255218612,,OpenStreetMap contributors / ODbL,Copernicus DEM GLO-30 via Microsoft Planetary Computer,ASF Global 30m HAND v1,OpenStreetMap contributors / ODbL
MY_W1255218611,101.010419,4.5900912,UNKNOWN,321.02808547422404,152.262451172,5.50405587487977,9.281337488569662,,3375.531962335974,,,720.398193359375,Perak,way,1255218611,,OpenStreetMap contributors / ODbL,Copernicus DEM GLO-30 via Microsoft Planetary Computer,ASF Global 30m HAND v1,OpenStreetMap contributors / ODbL
MY_W1122921706,101.0112403,4.5913881,UNKNOWN,218.5169670976393,160.705078125,6.665407348918851,15.605849851507164,,3342.9620669097026,,,730.0045776367188,Perak,way,1122921706,,OpenStreetMap contributors / ODbL,Copernicus DEM GLO-30 via Microsoft Planetary Computer,ASF Global 30m HAND v1,OpenStreetMap contributors / ODbL
MY_W1255218623,101.0133991,4.5945301,UNKNOWN,350.5896367527202,170.354614258,4.279397190253945,12.522987335173248,,3282.9403312364557,,,814.2107543945312,Perak,way,1255218623,,OpenStreetMap contributors / ODbL,Copernicus DEM GLO-30 via Microsoft Planetary Computer,ASF Global 30m HAND v1,OpenStreetMap contributors / ODbL
MY_W1122921708,101.0138127,4.5942967,UNKNOWN,330.9944193275315,166.272033691,3.8147578887647247,9.07480402236022,,3230.28630065482,,,811.8587036132812,Perak,way,1122921708,Telekom Malaysia,OpenStreetMap contributors / ODbL,Copernicus DEM GLO-30 via Microsoft Planetary Computer,ASF Global 30m HAND v1,OpenStreetMap contributors / ODbL
MY_W1255218617,101.0141513,4.594149,UNKNOWN,325.08706358143047,270.425537109,4.093745140062186,10.977659358850234,,3189.585923573124,,,809.4478759765625,Perak,way,1255218617,,OpenStreetMap contributors / ODbL,Copernicus DEM GLO-30 via Microsoft Planetary Computer,ASF Global 30m HAND v1,OpenStreetMap contributors / ODbL
MY_W1255218618,101.0147466,4.593569,UNKNOWN,297.47460927280906,310.559875488,2.298527447587302,9.781365833800113,,3100.3315504039697,,,806.1513061523438,Perak,way,1255218618,,OpenStreetMap contributors / ODbL,Copernicus DEM GLO-30 via Microsoft Planetary Computer,ASF Global 30m HAND v1,OpenStreetMap contributors / ODbL
MY_W1255218619,101.0151841,4.5934383,UNKNOWN,317.1458869301928,361.11706543,6.7909544762677285,17.007832208235627,,3051.024344362881,,,803.6339721679688,Perak,way,1255218619,,OpenStreetMap contributors / ODbL,Copernicus DEM GLO-30 via Microsoft Planetary Computer,ASF Global 30m HAND v1,OpenStreetMap contributors / ODbL
MY_N8085760113,101.0162964,4.0278935,UNKNOWN,373.19843249649807,0.0001,0.7825152410300743,1.5402909394848423,,1406.5151965653497,,,4.273848056793213,Perak,node,8085760113,,OpenStreetMap contributors / ODbL,Copernicus DEM GLO-30 via Microsoft Planetary Computer,ASF Global 30m HAND v1,OpenStreetMap contributors / ODbL
MY_N8095997576,101.0495813,4.5672983,UNKNOWN,216.33170644895958,1.838327408,1.0907948628261617,5.367645652701059,,488.71977248743593,,,41.9677619934082,Perak,node,8095997576,,OpenStreetMap contributors / ODbL,Copernicus DEM GLO-30 via Microsoft Planetary Computer,ASF Global 30m HAND v1,OpenStreetMap contributors / ODbL
MY_N8106032860,101.0688034,4.586677,UNKNOWN,202.8763664041627,1.099463582,1.5631975405707907,2.8004688021490587,,297.60157025733565,,,36.856597900390625,Perak,node,8106032860,,OpenStreetMap contributors / ODbL,Copernicus DEM GLO-30 via Microsoft Planetary Computer,ASF Global 30m HAND v1,OpenStreetMap contributors / ODbL
MY_N7417373280,101.0822573,4.5950146,UNKNOWN,205.1793900114328,8.270256042,2.862900174997272,5.666612698560401,,373.09750153174514,,,46.47011947631836,Perak,node,7417373280,,OpenStreetMap contributors / ODbL,Copernicus DEM GLO-30 via Microsoft Planetary Computer,ASF Global 30m HAND v1,OpenStreetMap contributors / ODbL
MY_N8263445806,101.0924041,4.5977912,UNKNOWN,743.1670064892774,1.172013283,2.722669407190065,4.0401451187702175,,417.99894172215795,,,47.13579559326172,Perak,node,8263445806,,OpenStreetMap contributors / ODbL,Copernicus DEM GLO-30 via Microsoft Planetary Computer,ASF Global 30m HAND v1,OpenStreetMap contributors / ODbL
MY_N8263445804,101.0925677,4.5968113,UNKNOWN,813.154502892723,1.171973228,2.990045015411412,3.235414559473684,,508.03999744298324,,,47.681026458740234,Perak,node,8263445804,,OpenStreetMap contributors / ODbL,Copernicus DEM GLO-30 via Microsoft Planetary Computer,ASF Global 30m HAND v1,OpenStreetMap contributors / ODbL
MY_N8263445805,101.0931417,4.5978994,UNKNOWN,715.4209771390958,2.107689857,1.046127149358156,5.156343124365285,,475.6701814523133,,,49.98878860473633,Perak,node,8263445805,,OpenStreetMap contributors / ODbL,Copernicus DEM GLO-30 via Microsoft Planetary Computer,ASF Global 30m HAND v1,OpenStreetMap contributors / ODbL
MY_N8263445803,101.0932879,4.5969276,UNKNOWN,820.0703041669422,5.950875759,3.5550464295848774,6.5719215889402465,,554.7639938529546,,,50.914241790771484,Perak,node,8263445803,,OpenStreetMap contributors / ODbL,Copernicus DEM GLO-30 via Microsoft Planetary Computer,ASF Global 30m HAND v1,OpenStreetMap contributors / ODbL
MY_N8099999650,101.1070865,4.7139512,UNKNOWN,163.0649879065002,4.30287075,1.1723026488834725,1.9379632500809816,,266.79571637455336,,,72.98772430419922,Perak,node,8099999650,,OpenStreetMap contributors / ODbL,Copernicus DEM GLO-30 via Microsoft Planetary Computer,ASF Global 30m HAND v1,OpenStreetMap contributors / ODbL
MY_N7923607620,101.1177395,4.3535661,UNKNOWN,174.70091536968621,2.697845459,2.4434786035309575,3.1917701751542906,,232.94911841096692,,,25.272937774658203,Perak,node,7923607620,,OpenStreetMap contributors / ODbL,Copernicus DEM GLO-30 via Microsoft Planetary Computer,ASF Global 30m HAND v1,OpenStreetMap contributors / ODbL
MY_N11221657074,101.1432645,4.9955247,UNKNOWN,279.73856988555605,24.886665344,8.72640377568952,12.09805906371878,,555.1194879804636,,,106.38487243652344,Perak,node,11221657074,,OpenStreetMap contributors / ODbL,Copernicus DEM GLO-30 via Microsoft Planetary Computer,ASF Global 30m HAND v1,OpenStreetMap contributors / ODbL
MY_N8066614434,101.1531868,4.492645,UNKNOWN,36.89933897470909,0.115864724,1.3710549612024274,1.4180063142932868,,179.64369843817676,,,62.22993469238281,Perak,node,8066614434,,OpenStreetMap contributors / ODbL,Copernicus DEM GLO-30 via Microsoft Planetary Computer,ASF Global 30m HAND v1,OpenStreetMap contributors / ODbL
MY_N8068563589,101.1532616,4.4600404,UNKNOWN,276.35621298069117,3.817047119,3.8096844374627556,5.825403816170515,,2989.070914345018,,,60.49558639526367,Perak,node,8068563589,,OpenStreetMap contributors / ODbL,Copernicus DEM GLO-30 via Microsoft Planetary Computer,ASF Global 30m HAND v1,OpenStreetMap contributors / ODbL
MY_N5380592531,101.1730872,4.0023815,UNKNOWN,911.8302965900357,0.00013,0.6806070048071212,1.2370323911317942,,2514.6959058541515,,,12.63923454284668,Perak,node,5380592531,,OpenStreetMap contributors / ODbL,Copernicus DEM GLO-30 via Microsoft Planetary Computer,ASF Global 30m HAND v1,OpenStreetMap contributors / ODbL
MY_N2419619291,101.246832,3.3423045,UNKNOWN,620.039581449399,41.274040222,6.602683188321975,10.182636846738614,,252.60017433337143,,,46.88044738769531,Selangor,node,2419619291,,OpenStreetMap contributors / ODbL,Copernicus DEM GLO-30 via Microsoft Planetary Computer,ASF Global 30m HAND v1,OpenStreetMap contributors / ODbL
MY_N9938117617,101.2539821,3.01954,UNKNOWN,136.1541357158848,1.174493313,0.9100061623292132,2.1617799552985835,,11635.086869888119,,,2.5958316326141357,Selangor,node,9938117617,,OpenStreetMap contributors / ODbL,Copernicus DEM GLO-30 via Microsoft Planetary Computer,ASF Global 30m HAND v1,OpenStreetMap contributors / ODbL
MY_W1144244595,101.2560915,4.1791724,UNKNOWN,1904.9270101327113,134.259353638,10.80606942566359,22.728968554272203,,2911.8580371822295,,,201.0103759765625,Perak,way,1144244595,,OpenStreetMap contributors / ODbL,Copernicus DEM GLO-30 via Microsoft Planetary Computer,ASF Global 30m HAND v1,OpenStreetMap contributors / ODbL
MY_N8221431663,101.2705406,4.1466581,UNKNOWN,554.7546054717814,5.862638474,1.0976111970074298,3.3764313029917354,,716.6764467786984,,,55.582176208496094,Perak,node,8221431663,,OpenStreetMap contributors / ODbL,Copernicus DEM GLO-30 via Microsoft Planetary Computer,ASF Global 30m HAND v1,OpenStreetMap contributors / ODbL
MY_N11738300326,101.2847091,3.2997203,UNKNOWN,249.6908112256998,4e-05,1.4011374464549664,2.6298921213724435,,2536.591139348308,,,3.96620774269104,Selangor,node,11738300326,,OpenStreetMap contributors / ODbL,Copernicus DEM GLO-30 via Microsoft Planetary Computer,ASF Global 30m HAND v1,OpenStreetMap contributors / ODbL
MY_W1259361634,101.3015054,5.1228761,UNKNOWN,105.10894188047048,10.180480957,3.162159589706568,6.813192019618059,,3798.851516689394,,,718.6131591796875,Perak,way,1259361634,,OpenStreetMap contributors / ODbL,Copernicus DEM GLO-30 via Microsoft Planetary Computer,ASF Global 30m HAND v1,OpenStreetMap contributors / ODbL
MY_N14031280271,101.3102236,4.0037754,UNKNOWN,316.59441318297536,4.144477844,2.23317448875499,5.522292894431264,,932.6263809968684,,,55.295875549316406,Perak,node,14031280271,,OpenStreetMap contributors / ODbL,Copernicus DEM GLO-30 via Microsoft Planetary Computer,ASF Global 30m HAND v1,OpenStreetMap contributors / ODbL
MY_N12603668089,101.3357529,2.8708484,UNKNOWN,1380.4269156373948,0.00015,0.6729091628612864,1.082354327326378,,5078.414474107761,,,3.338499069213867,Selangor,node,12603668089,,OpenStreetMap contributors / ODbL,Copernicus DEM GLO-30 via Microsoft Planetary Computer,ASF Global 30m HAND v1,OpenStreetMap contributors / ODbL
MY_N5230359448,101.3495099,3.9144902,UNKNOWN,383.412694503731,20.465312958,10.55855112397522,12.515126895690926,,950.8189894683438,,,81.60247039794922,Perak,node,5230359448,,OpenStreetMap contributors / ODbL,Copernicus DEM GLO-30 via Microsoft Planetary Computer,ASF Global 30m HAND v1,OpenStreetMap contributors / ODbL
MY_N8513142479,101.3506418,2.9781443,UNKNOWN,206.87089976566025,0.224908635,3.0483986464869193,4.4322210075778985,,49.4738117817153,,,5.441746234893799,Selangor,node,8513142479,,OpenStreetMap contributors / ODbL,Copernicus DEM GLO-30 via Microsoft Planetary Computer,ASF Global 30m HAND v1,OpenStreetMap contributors / ODbL
MY_N13331200729,101.3657673,4.4500823,UNKNOWN,299.5442974648155,63.795780182,21.559715298385182,34.88179900329936,,353.43761720548594,,,1252.541259765625,Pahang,node,13331200729,,OpenStreetMap contributors / ODbL,Copernicus DEM GLO-30 via Microsoft Planetary Computer,ASF Global 30m HAND v1,OpenStreetMap contributors / ODbL
MY_N12988846941,101.3691001,4.4866901,UNKNOWN,208.73453145158882,62.197631836,20.349507512767218,30.87071861667628,,219.975075495378,,,1548.292236328125,Pahang,node,12988846941,,OpenStreetMap contributors / ODbL,Copernicus DEM GLO-30 via Microsoft Planetary Computer,ASF Global 30m HAND v1,OpenStreetMap contributors / ODbL
MY_N11361040488,101.3822552,4.4794395,UNKNOWN,17.459566548680012,8e-05,8.244396699773954,11.120111982197463,,814.3695085660914,,,1447.869873046875,Pahang,node,11361040488,,OpenStreetMap contributors / ODbL,Copernicus DEM GLO-30 via Microsoft Planetary Computer,ASF Global 30m HAND v1,OpenStreetMap contributors / ODbL
MY_N4282405794,101.3826661,4.5173661,UNKNOWN,242.38217088890462,244.547607422,6.762851532597886,21.478243023484136,,3557.5094358641327,,,2022.5487060546875,Pahang,node,4282405794,,OpenStreetMap contributors / ODbL,Copernicus DEM GLO-30 via Microsoft Planetary Computer,ASF Global 30m HAND v1,OpenStreetMap contributors / ODbL
MY_N1989261313,101.3827939,4.518853,UNKNOWN,169.9525586897398,228.447021484,10.916215200532266,18.766972624838335,,3719.7838394694263,,,2006.55078125,Pahang,node,1989261313,,OpenStreetMap contributors / ODbL,Copernicus DEM GLO-30 via Microsoft Planetary Computer,ASF Global 30m HAND v1,OpenStreetMap contributors / ODbL
MY_N4688736584,101.3829283,4.5183454,UNKNOWN,163.69384374546914,147.442993164,9.902063211347247,18.897186893543807,,3669.6300429994158,,,2014.3262939453125,Pahang,node,4688736584,,OpenStreetMap contributors / ODbL,Copernicus DEM GLO-30 via Microsoft Planetary Computer,ASF Global 30m HAND v1,OpenStreetMap contributors / ODbL
MY_N10230275358,101.393906,3.0359802,LTE,292.28923041874157,3.907999277,5.061649100063641,6.030075953130853,,745.1399983092034,,,6.7987775802612305,Selangor,node,10230275358,,OpenStreetMap contributors / ODbL,Copernicus DEM GLO-30 via Microsoft Planetary Computer,ASF Global 30m HAND v1,OpenStreetMap contributors / ODbL
MY_N12531429458,101.3956922,2.8984348,UNKNOWN,26.540426867765806,0.206357032,0.9176018537834065,1.0866250992570397,,8147.51969817074,,,5.565417766571045,Selangor,node,12531429458,,OpenStreetMap contributors / ODbL,Copernicus DEM GLO-30 via Microsoft Planetary Computer,ASF Global 30m HAND v1,OpenStreetMap contributors / ODbL
MY_N8659560397,101.4056566,2.9805671,UNKNOWN,482.33384389124933,8e-05,1.85120922292478,3.4611818350762977,,87.9015568700198,,,3.6171176433563232,Selangor,node,8659560397,,OpenStreetMap contributors / ODbL,Copernicus DEM GLO-30 via Microsoft Planetary Computer,ASF Global 30m HAND v1,OpenStreetMap contributors / ODbL
MY_W1261862989,101.4077115,5.186471,UNKNOWN,100.91052458671534,18.544586182,9.450328812336886,12.349896596705417,,1987.1135390536183,,,389.83770751953125,Perak,way,1261862989,,OpenStreetMap contributors / ODbL,Copernicus DEM GLO-30 via Microsoft Planetary Computer,ASF Global 30m HAND v1,OpenStreetMap contributors / ODbL
MY_N8148777715,101.4104578,3.0229468,UNKNOWN,184.2815239567026,0.475424498,1.409251105091572,1.5354992258625035,,953.1544452311351,,,4.224310398101807,Selangor,node,8148777715,,OpenStreetMap contributors / ODbL,Copernicus DEM GLO-30 via Microsoft Planetary Computer,ASF Global 30m HAND v1,OpenStreetMap contributors / ODbL
MY_N10224694924,101.4131226,3.0301894,LTE,431.90917421623425,0.044550501,1.1089415103416467,1.470558418583382,,1176.5330207900245,,,3.440413475036621,Selangor,node,10224694924,,OpenStreetMap contributors / ODbL,Copernicus DEM GLO-30 via Microsoft Planetary Computer,ASF Global 30m HAND v1,OpenStreetMap contributors / ODbL
MY_N12717364277,101.4132721,3.233874,UNKNOWN,109.9596027023964,0.0,0.2538348665166961,0.36242686205536745,,9.361353654317588,,,20.986635208129883,Selangor,node,12717364277,,OpenStreetMap contributors / ODbL,Copernicus DEM GLO-30 via Microsoft Planetary Computer,ASF Global 30m HAND v1,OpenStreetMap contributors / ODbL
MY_W1258156597,101.4151416,5.5538853,UNKNOWN,285.1636861954989,65.618652344,2.5923633124121612,24.44897656515817,,1582.0909606979465,,,363.1536560058594,Perak,way,1258156597,,OpenStreetMap contributors / ODbL,Copernicus DEM GLO-30 via Microsoft Planetary Computer,ASF Global 30m HAND v1,OpenStreetMap contributors / ODbL
MY_N8088772324,101.4170533,3.3188085,UNKNOWN,520.5272069645055,6e-05,1.2500259371864566,3.1380919215386083,,845.581435138136,,,7.414966583251953,Selangor,node,8088772324,,OpenStreetMap contributors / ODbL,Copernicus DEM GLO-30 via Microsoft Planetary Computer,ASF Global 30m HAND v1,OpenStreetMap contributors / ODbL
MY_N10230298029,101.4202602,3.0372983,LTE,891.7573038001524,2.906209946,1.6552522039073447,2.927969378631951,,1776.60390264606,,,6.508324146270752,Selangor,node,10230298029,,OpenStreetMap contributors / ODbL,Copernicus DEM GLO-30 via Microsoft Planetary Computer,ASF Global 30m HAND v1,OpenStreetMap contributors / ODbL
MY_N12926409708,101.4223158,4.4499031,UNKNOWN,209.3301830315803,107.28792572,11.949094663067516,24.13781359143869,,3738.2600701263796,,,1464.760498046875,Pahang,node,12926409708,,OpenStreetMap contributors / ODbL,Copernicus DEM GLO-30 via Microsoft Planetary Computer,ASF Global 30m HAND v1,OpenStreetMap contributors / ODbL
MY_N8008855555,101.4269891,2.9840394,UNKNOWN,63.14695615339458,8e-05,0.9260951223514928,4.798900959083896,,609.8373508014994,,,4.632761478424072,Selangor,node,8008855555,,OpenStreetMap contributors / ODbL,Copernicus DEM GLO-30 via Microsoft Planetary Computer,ASF Global 30m HAND v1,OpenStreetMap contributors / ODbL
MY_W1552737108,101.4280326,3.2283428,UNKNOWN,494.9647800952854,11.544694901,1.848348906265214,2.7624626383941697,,78.57421864538527,,,37.34664535522461,Selangor,way,1552737108,,OpenStreetMap contributors / ODbL,Copernicus DEM GLO-30 via Microsoft Planetary Computer,ASF Global 30m HAND v1,OpenStreetMap contributors / ODbL
MY_N12038575594,101.4283783,3.2474462,UNKNOWN,277.51715173134505,19.447948456,5.600483959306332,8.752431073158574,,73.10388534045924,,,54.99422836303711,Selangor,node,12038575594,,OpenStreetMap contributors / ODbL,Copernicus DEM GLO-30 via Microsoft Planetary Computer,ASF Global 30m HAND v1,OpenStreetMap contributors / ODbL
MY_N8490772188,101.4340492,3.0143047,UNKNOWN,257.0810386276862,1.157037973,1.982181842709625,2.7702123262878335,,544.660303659465,,,6.643939971923828,Selangor,node,8490772188,,OpenStreetMap contributors / ODbL,Copernicus DEM GLO-30 via Microsoft Planetary Computer,ASF Global 30m HAND v1,OpenStreetMap contributors / ODbL
MY_N8201683420,101.4382629,3.1185347,UNKNOWN,707.6087141117656,8e-05,0.7655988760038575,1.9373271945005797,,942.5918400704697,,,5.597893714904785,Selangor,node,8201683420,,OpenStreetMap contributors / ODbL,Copernicus DEM GLO-30 via Microsoft Planetary Computer,ASF Global 30m HAND v1,OpenStreetMap contributors / ODbL
MY_N8202178174,101.4408392,3.1300524,UNKNOWN,730.0492543045203,2.672940493,5.500065290228811,4.842291144100505,,1032.2942572597692,,,9.675529479980469,Selangor,node,8202178174,,OpenStreetMap contributors / ODbL,Copernicus DEM GLO-30 via Microsoft Planetary Computer,ASF Global 30m HAND v1,OpenStreetMap contributors / ODbL
MY_N12927458268,101.443497,3.0217755,UNKNOWN,609.2133936920739,13.697746277,11.994367028363854,15.208604013802185,,295.06197989760807,,,15.47033977508545,Selangor,node,12927458268,,OpenStreetMap contributors / ODbL,Copernicus DEM GLO-30 via Microsoft Planetary Computer,ASF Global 30m HAND v1,OpenStreetMap contributors / ODbL
MY_N8009459244,101.4479186,3.009932,UNKNOWN,192.0131458106878,7e-05,1.8071265123137714,3.074787465662026,,1089.7806335128944,,,6.771857738494873,Selangor,node,8009459244,,OpenStreetMap contributors / ODbL,Copernicus DEM GLO-30 via Microsoft Planetary Computer,ASF Global 30m HAND v1,OpenStreetMap contributors / ODbL
MY_N8487785684,101.4485183,3.0211964,UNKNOWN,205.7468678754967,51.015678406,4.50104142245656,6.194689228170882,,403.06835811883565,,,61.73907470703125,Selangor,node,8487785684,,OpenStreetMap contributors / ODbL,Copernicus DEM GLO-30 via Microsoft Planetary Computer,ASF Global 30m HAND v1,OpenStreetMap contributors / ODbL
MY_N8487785683,101.4488617,3.0218741,UNKNOWN,247.6289955457987,52.92376709,0.8679189575732551,3.7700691337068113,,366.05105484155155,,,60.90257263183594,Selangor,node,8487785683,,OpenStreetMap contributors / ODbL,Copernicus DEM GLO-30 via Microsoft Planetary Computer,ASF Global 30m HAND v1,OpenStreetMap contributors / ODbL
MY_N8006989819,101.4525221,3.0335252,UNKNOWN,577.2350723883727,3e-05,0.7917693048754523,1.4509443487723928,,1331.35712977678,,,4.509003639221191,Selangor,node,8006989819,,OpenStreetMap contributors / ODbL,Copernicus DEM GLO-30 via Microsoft Planetary Computer,ASF Global 30m HAND v1,OpenStreetMap contributors / ODbL
MY_N8125185377,101.4819776,3.0543327,UNKNOWN,462.9210002015078,6e-05,0.9309606961868054,2.1711682656298232,,1373.4344658689515,,,4.533160209655762,Selangor,node,8125185377,,OpenStreetMap contributors / ODbL,Copernicus DEM GLO-30 via Microsoft Planetary Computer,ASF Global 30m HAND v1,OpenStreetMap contributors / ODbL
MY_N8044656639,101.4824179,2.8942315,UNKNOWN,265.99203254769924,7.567120552,0.5337265458659511,4.960591378669472,,2907.205079814605,,,12.319117546081543,Selangor,node,8044656639,,OpenStreetMap contributors / ODbL,Copernicus DEM GLO-30 via Microsoft Planetary Computer,ASF Global 30m HAND v1,OpenStreetMap contributors / ODbL
MY_N8148264450,101.4851573,3.0729033,UNKNOWN,231.44742573124023,0.0,1.8228621605042903,2.7708636980103476,,284.25534354218195,,,9.873700141906738,Selangor,node,8148264450,,OpenStreetMap contributors / ODbL,Copernicus DEM GLO-30 via Microsoft Planetary Computer,ASF Global 30m HAND v1,OpenStreetMap contributors / ODbL
MY_N10317040484,101.4888856,3.0528235,UNKNOWN,742.8458995355059,0.089042053,0.4332308385339257,1.1565980425588342,,804.81624939417,,,5.70855712890625,Selangor,node,10317040484,,OpenStreetMap contributors / ODbL,Copernicus DEM GLO-30 via Microsoft Planetary Computer,ASF Global 30m HAND v1,OpenStreetMap contributors / ODbL
MY_N8044687304,101.48895,2.8873091,UNKNOWN,29.98561656984942,8.542370796,2.9103727248888296,3.650042404255614,,1853.2453464012208,,,6.427405834197998,Selangor,node,8044687304,,OpenStreetMap contributors / ODbL,Copernicus DEM GLO-30 via Microsoft Planetary Computer,ASF Global 30m HAND v1,OpenStreetMap contributors / ODbL
MY_N8044671936,101.4915731,2.885664,UNKNOWN,248.55699025165785,1.143325448,0.15499815726060295,0.9443020997233393,,1517.110523165155,,,6.0879597663879395,Selangor,node,8044671936,,OpenStreetMap contributors / ODbL,Copernicus DEM GLO-30 via Microsoft Planetary Computer,ASF Global 30m HAND v1,OpenStreetMap contributors / ODbL
MY_N8044156760,101.4919195,2.9325889,UNKNOWN,1650.97904978106,4e-05,0.36859396630437846,1.2660848630484265,,1979.6537896991672,,,5.459840297698975,Selangor,node,8044156760,,OpenStreetMap contributors / ODbL,Copernicus DEM GLO-30 via Microsoft Planetary Computer,ASF Global 30m HAND v1,OpenStreetMap contributors / ODbL
MY_N10923563956,101.4927949,3.2281344,UNKNOWN,235.31518150026534,2.903993368,4.336976790451382,6.058864449200543,,719.8561003862039,,,22.626815795898438,Selangor,node,10923563956,,OpenStreetMap contributors / ODbL,Copernicus DEM GLO-30 via Microsoft Planetary Computer,ASF Global 30m HAND v1,OpenStreetMap contributors / ODbL
MY_N8143719855,101.4937015,3.1359177,UNKNOWN,464.41197921212716,38.742355347,6.369494937126294,10.748019648824545,,215.90188824801518,,,101.62818908691406,Selangor,node,8143719855,,OpenStreetMap contributors / ODbL,Copernicus DEM GLO-30 via Microsoft Planetary Computer,ASF Global 30m HAND v1,OpenStreetMap contributors / ODbL
MY_N5599579030,101.4989947,3.0127015,UNKNOWN,159.26103460856098,3.096879482,5.0730152411630485,7.839357476871597,,99.16724360550637,,,11.368972778320312,Selangor,node,5599579030,,OpenStreetMap contributors / ODbL,Copernicus DEM GLO-30 via Microsoft Planetary Computer,ASF Global 30m HAND v1,OpenStreetMap contributors / ODbL
MY_N8281177692,101.4993864,3.0122556,UNKNOWN,93.49721348541199,4.640235424,4.062402765432655,5.977374906189144,,50.669874129949775,,,12.13327407836914,Selangor,node,8281177692,,OpenStreetMap contributors / ODbL,Copernicus DEM GLO-30 via Microsoft Planetary Computer,ASF Global 30m HAND v1,OpenStreetMap contributors / ODbL
MY_N10672756622,101.5046999,2.9808658,UNKNOWN,112.07214382477956,2.819864988,0.6586686522610296,1.5631317546360817,,1244.4278035197297,,,8.874015808105469,Selangor,node,10672756622,,OpenStreetMap contributors / ODbL,Copernicus DEM GLO-30 via Microsoft Planetary Computer,ASF Global 30m HAND v1,OpenStreetMap contributors / ODbL
MY_N8044980541,101.5084349,2.9118907,UNKNOWN,208.68528483131243,0.0,0.9976572870790068,3.992890370816135,,3096.139341013418,,,5.599735260009766,Selangor,node,8044980541,,OpenStreetMap contributors / ODbL,Copernicus DEM GLO-30 via Microsoft Planetary Computer,ASF Global 30m HAND v1,OpenStreetMap contributors / ODbL
MY_N403749609,101.512226,3.0779359,UNKNOWN,308.607343260403,0.0001,5.782514338420057,8.009108419003187,,529.9036848429259,,,15.608429908752441,Selangor,node,403749609,,OpenStreetMap contributors / ODbL,Copernicus DEM GLO-30 via Microsoft Planetary Computer,ASF Global 30m HAND v1,OpenStreetMap contributors / ODbL
MY_N5453636981,101.5127003,3.0155261,UNKNOWN,93.30193567335841,2.968666315,2.5863504908566126,3.3081458582531984,,129.06526269147477,,,8.637452125549316,Selangor,node,5453636981,,OpenStreetMap contributors / ODbL,Copernicus DEM GLO-30 via Microsoft Planetary Computer,ASF Global 30m HAND v1,OpenStreetMap contributors / ODbL
MY_N4069889954,101.5146636,2.9127073,UNKNOWN,188.32526758907557,2e-05,0.7042352226916672,1.4742917804627511,,2496.167762578582,,,6.711368083953857,Selangor,node,4069889954,,OpenStreetMap contributors / ODbL,Copernicus DEM GLO-30 via Microsoft Planetary Computer,ASF Global 30m HAND v1,OpenStreetMap contributors / ODbL
MY_N4749127191,101.5179796,3.0252931,UNKNOWN,66.86750603185547,0.025925254,0.3924360648513509,1.0553631224349085,,138.2204510509436,,,8.690398216247559,Selangor,node,4749127191,,OpenStreetMap contributors / ODbL,Copernicus DEM GLO-30 via Microsoft Planetary Computer,ASF Global 30m HAND v1,OpenStreetMap contributors / ODbL
MY_N8044342361,101.5189136,2.9942926,UNKNOWN,38.2164537557172,1.87402463,2.6328563192067973,3.2953117707177695,,277.7637469622041,,,10.839887619018555,Selangor,node,8044342361,,OpenStreetMap contributors / ODbL,Copernicus DEM GLO-30 via Microsoft Planetary Computer,ASF Global 30m HAND v1,OpenStreetMap contributors / ODbL
MY_N12042056319,101.5191062,3.6621806,UNKNOWN,595.9682397815665,0.0,2.983087775501526,6.4355619770219805,,252.14795108715643,,,65.78546142578125,Selangor,node,12042056319,,OpenStreetMap contributors / ODbL,Copernicus DEM GLO-30 via Microsoft Planetary Computer,ASF Global 30m HAND v1,OpenStreetMap contributors / ODbL
MY_W972995057,101.5197361,3.6840553,UNKNOWN,439.57923051236395,6e-05,1.1060632818472038,3.288831446484317,,54.779825641848426,,,43.26356887817383,Perak,way,972995057,,OpenStreetMap contributors / ODbL,Copernicus DEM GLO-30 via Microsoft Planetary Computer,ASF Global 30m HAND v1,OpenStreetMap contributors / ODbL
MY_N5788369100,101.5202567,3.3755904,UNKNOWN,621.7938712211277,36.832290649,6.00998295711769,10.493878370804158,,707.1064907321701,,,87.88525390625,Selangor,node,5788369100,,OpenStreetMap contributors / ODbL,Copernicus DEM GLO-30 via Microsoft Planetary Computer,ASF Global 30m HAND v1,OpenStreetMap contributors / ODbL
MY_N5788369099,101.5206939,3.3744498,UNKNOWN,551.2988611574369,32.993347168,3.122470548678998,7.887943322841556,,841.803322606991,,,89.02997589111328,Selangor,node,5788369099,,OpenStreetMap contributors / ODbL,Copernicus DEM GLO-30 via Microsoft Planetary Computer,ASF Global 30m HAND v1,OpenStreetMap contributors / ODbL
MY_N8089011204,101.5207985,3.6820216,UNKNOWN,253.22716142610233,0.051505115,0.7894499385919245,1.5975654086909488,,41.4203580334458,,,43.6085090637207,Perak,node,8089011204,,OpenStreetMap contributors / ODbL,Copernicus DEM GLO-30 via Microsoft Planetary Computer,ASF Global 30m HAND v1,OpenStreetMap contributors / ODbL
MY_W1230312032,101.5225305,3.0930128,UNKNOWN,502.7273426243825,57.925605774,6.146535480034942,8.034156662983161,,170.9973037265622,,,89.72624969482422,Selangor,way,1230312032,,OpenStreetMap contributors / ODbL,Copernicus DEM GLO-30 via Microsoft Planetary Computer,ASF Global 30m HAND v1,OpenStreetMap contributors / ODbL
MY_N4124017619,101.5237033,3.0285874,UNKNOWN,148.0549574640047,6.019697189,0.8598103036729386,4.7574535206162825,,406.06576402413936,,,8.894282341003418,Selangor,node,4124017619,,OpenStreetMap contributors / ODbL,Copernicus DEM GLO-30 via Microsoft Planetary Computer,ASF Global 30m HAND v1,OpenStreetMap contributors / ODbL
MY_N4225703452,101.5240938,3.0271881,UNKNOWN,88.77437860140428,1.30382967,3.257255132343368,4.342609306751768,,410.9655673499232,,,6.887237071990967,Selangor,node,4225703452,,OpenStreetMap contributors / ODbL,Copernicus DEM GLO-30 via Microsoft Planetary Computer,ASF Global 30m HAND v1,OpenStreetMap contributors / ODbL
MY_N4124017453,101.5282178,3.0277028,UNKNOWN,195.05922305143432,1.502190709,1.8375187684219472,3.128616213153998,,259.4320188696745,,,7.718654155731201,Selangor,node,4124017453,,OpenStreetMap contributors / ODbL,Copernicus DEM GLO-30 via Microsoft Planetary Computer,ASF Global 30m HAND v1,OpenStreetMap contributors / ODbL
MY_N4124017454,101.5288728,3.0294731,UNKNOWN,0.0,2e-05,1.5197223176904842,2.0508946193835937,,52.49904793064779,,,4.969029426574707,Selangor,node,4124017454,,OpenStreetMap contributors / ODbL,Copernicus DEM GLO-30 via Microsoft Planetary Computer,ASF Global 30m HAND v1,OpenStreetMap contributors / ODbL
MY_N4124069725,101.5302446,3.0267335,UNKNOWN,300.6875663019066,4.866402149,3.273321494903242,4.524595267445305,,377.47068536495726,,,8.209298133850098,Selangor,node,4124069725,,OpenStreetMap contributors / ODbL,Copernicus DEM GLO-30 via Microsoft Planetary Computer,ASF Global 30m HAND v1,OpenStreetMap contributors / ODbL
MY_N4124069726,101.5318482,3.0236466,UNKNOWN,163.48837480033498,6.166341305,2.544751132678703,4.619961708610132,,434.3082456273141,,,9.068480491638184,Selangor,node,4124069726,,OpenStreetMap contributors / ODbL,Copernicus DEM GLO-30 via Microsoft Planetary Computer,ASF Global 30m HAND v1,OpenStreetMap contributors / ODbL
MY_W1364627838,101.5320779,3.4975494,UNKNOWN,385.62917881989335,42.797389984,6.217156418838738,15.266874763538112,,267.75662498552236,,,64.84364318847656,Selangor,way,1364627838,,OpenStreetMap contributors / ODbL,Copernicus DEM GLO-30 via Microsoft Planetary Computer,ASF Global 30m HAND v1,OpenStreetMap contributors / ODbL
MY_N8385914978,101.532643,3.0524048,UNKNOWN,119.3142944037551,2.286068439,1.4336137928591257,2.9810084040280076,,606.176002683201,,,7.758712291717529,Selangor,node,8385914978,,OpenStreetMap contributors / ODbL,Copernicus DEM GLO-30 via Microsoft Planetary Computer,ASF Global 30m HAND v1,OpenStreetMap contributors / ODbL
MY_N4124069727,101.5330568,3.0180117,UNKNOWN,95.89160917735106,9.659962654,6.267314888047844,9.73103819833488,,514.6064810471585,,,10.08538818359375,Selangor,node,4124069727,,OpenStreetMap contributors / ODbL,Copernicus DEM GLO-30 via Microsoft Planetary Computer,ASF Global 30m HAND v1,OpenStreetMap contributors / ODbL
MY_N4124069728,101.5357823,3.0143691,UNKNOWN,98.25306348805388,6.405762196,3.6312339861887883,9.182994453389796,,396.7894252615218,,,12.606270790100098,Selangor,node,4124069728,,OpenStreetMap contributors / ODbL,Copernicus DEM GLO-30 via Microsoft Planetary Computer,ASF Global 30m HAND v1,OpenStreetMap contributors / ODbL
MY_N8141381598,101.536016,3.1809599,UNKNOWN,415.00478697485687,4.580516815,3.876381123624711,6.773723858055155,,184.50355946258358,,,37.22611618041992,Selangor,node,8141381598,,OpenStreetMap contributors / ODbL,Copernicus DEM GLO-30 via Microsoft Planetary Computer,ASF Global 30m HAND v1,OpenStreetMap contributors / ODbL
MY_N4124069729,101.5368766,3.0141608,UNKNOWN,3.4311987561995574,6.311694145,4.0942680279004815,7.340209558416746,,358.7348862079121,,,12.725834846496582,Selangor,node,4124069729,,OpenStreetMap contributors / ODbL,Copernicus DEM GLO-30 via Microsoft Planetary Computer,ASF Global 30m HAND v1,OpenStreetMap contributors / ODbL
MY_N11358783333,101.5373316,3.0203822,UNKNOWN,406.3379859874929,4.919228554,4.08045669569358,6.241127851252695,,815.8557635569607,,,10.283549308776855,Selangor,node,11358783333,,OpenStreetMap contributors / ODbL,Copernicus DEM GLO-30 via Microsoft Planetary Computer,ASF Global 30m HAND v1,OpenStreetMap contributors / ODbL
MY_N4124069730,101.5379754,3.0186893,UNKNOWN,400.69465496397146,9.578784943,8.652437204386864,10.879647969355263,,855.7002335937156,,,12.832481384277344,Selangor,node,4124069730,,OpenStreetMap contributors / ODbL,Copernicus DEM GLO-30 via Microsoft Planetary Computer,ASF Global 30m HAND v1,OpenStreetMap contributors / ODbL
MY_N11975720519,101.5428187,3.1812346,UNKNOWN,200.74288430630114,0.0,2.1444034772172755,2.4369075935450835,,134.55394365294302,,,26.569875717163086,Selangor,node,11975720519,,OpenStreetMap contributors / ODbL,Copernicus DEM GLO-30 via Microsoft Planetary Computer,ASF Global 30m HAND v1,OpenStreetMap contributors / ODbL
MY_W1258179518,101.5432011,5.6052323,UNKNOWN,5660.656741404114,171.206787109,15.862333218579295,19.70589051513099,,1089.583499354599,,,1095.8447265625,Perak,way,1258179518,,OpenStreetMap contributors / ODbL,Copernicus DEM GLO-30 via Microsoft Planetary Computer,ASF Global 30m HAND v1,OpenStreetMap contributors / ODbL
MY_W1286305455,101.5440788,3.2552759,UNKNOWN,471.1543546472604,96.412826538,10.04891665122067,15.06268660631758,,1220.8783456748504,,,154.01351928710938,Selangor,way,1286305455,,OpenStreetMap contributors / ODbL,Copernicus DEM GLO-30 via Microsoft Planetary Computer,ASF Global 30m HAND v1,OpenStreetMap contributors / ODbL
MY_W1286305456,101.5442321,3.254675,UNKNOWN,473.020557659786,111.359710693,9.426144302203742,19.36321447329346,,1223.9968868468354,,,159.54769897460938,Selangor,way,1286305456,,OpenStreetMap contributors / ODbL,Copernicus DEM GLO-30 via Microsoft Planetary Computer,ASF Global 30m HAND v1,OpenStreetMap contributors / ODbL
MY_N8141531800,101.5442839,3.179511,UNKNOWN,265.42120615083144,0.396411091,0.6655674242077546,1.3586267364368083,,170.74224481225932,,,28.018156051635742,Selangor,node,8141531800,,OpenStreetMap contributors / ODbL,Copernicus DEM GLO-30 via Microsoft Planetary Computer,ASF Global 30m HAND v1,OpenStreetMap contributors / ODbL
MY_W1286305457,101.5450385,3.2538942,UNKNOWN,403.4612547258737,115.338058472,1.357085918701512,7.611516900541351,,1299.5824949532494,,,163.5281982421875,Selangor,way,1286305457,,OpenStreetMap contributors / ODbL,Copernicus DEM GLO-30 via Microsoft Planetary Computer,ASF Global 30m HAND v1,OpenStreetMap contributors / ODbL
MY_N5462691797,101.546995,3.2545961,UNKNOWN,181.3374107331369,46.636348724,15.755092322868634,24.52879242228136,,1525.2229389667834,,,97.69674682617188,Selangor,node,5462691797,,OpenStreetMap contributors / ODbL,Copernicus DEM GLO-30 via Microsoft Planetary Computer,ASF Global 30m HAND v1,OpenStreetMap contributors / ODbL
MY_N412048097,101.5547983,3.0504149,UNKNOWN,35.51039712333224,4e-05,0.22698655900012824,1.6289896096198468,,402.9010937252121,,,7.639991283416748,Selangor,node,412048097,,OpenStreetMap contributors / ODbL,Copernicus DEM GLO-30 via Microsoft Planetary Computer,ASF Global 30m HAND v1,OpenStreetMap contributors / ODbL
MY_N412048098,101.5577263,3.0467956,UNKNOWN,168.77155503868627,0.670837998,0.16217647232464133,1.1538193120883575,,469.1705159458216,,,8.99587631225586,Selangor,node,412048098,,OpenStreetMap contributors / ODbL,Copernicus DEM GLO-30 via Microsoft Planetary Computer,ASF Global 30m HAND v1,OpenStreetMap contributors / ODbL
MY_N13886055362,101.5593291,2.6624201,UNKNOWN,251.451353826498,2e-05,0.8516058087029645,1.9472032022232972,,308.94538160302477,,,4.941712856292725,Selangor,node,13886055362,,OpenStreetMap contributors / ODbL,Copernicus DEM GLO-30 via Microsoft Planetary Computer,ASF Global 30m HAND v1,OpenStreetMap contributors / ODbL
MY_N8082097597,101.5596987,3.3989981,UNKNOWN,185.0113432981477,3.743229628,1.53419243267615,3.212897761556742,,903.7187979697569,,,40.650718688964844,Selangor,node,8082097597,,OpenStreetMap contributors / ODbL,Copernicus DEM GLO-30 via Microsoft Planetary Computer,ASF Global 30m HAND v1,OpenStreetMap contributors / ODbL
MY_N11853239841,101.5601282,3.0756348,UNKNOWN,27.99478433165726,0.00012,0.5143924102164468,1.7810290373951971,,164.06692955753323,,,9.606948852539062,Selangor,node,11853239841,,OpenStreetMap contributors / ODbL,Copernicus DEM GLO-30 via Microsoft Planetary Computer,ASF Global 30m HAND v1,OpenStreetMap contributors / ODbL
MY_N11403863828,101.5614581,3.0168439,UNKNOWN,33.45385483750439,4.231728554,6.099664883621041,6.744930004018652,,135.50918815412925,,,11.00082778930664,Selangor,node,11403863828,,OpenStreetMap contributors / ODbL,Copernicus DEM GLO-30 via Microsoft Planetary Computer,ASF Global 30m HAND v1,OpenStreetMap contributors / ODbL
MY_N8119252103,101.5663438,2.9799845,UNKNOWN,21.38859559092028,5e-05,1.141024365991446,2.325767954210654,,259.085531584084,,,7.816720962524414,Selangor,node,8119252103,,OpenStreetMap contributors / ODbL,Copernicus DEM GLO-30 via Microsoft Planetary Computer,ASF Global 30m HAND v1,OpenStreetMap contributors / ODbL
MY_N8004289377,101.5750685,3.3174348,LTE,148.54677187751153,1.731489301,5.638469948708486,9.503149185332466,,978.9184322081668,,,34.37502670288086,Selangor,node,8004289377,,OpenStreetMap contributors / ODbL,Copernicus DEM GLO-30 via Microsoft Planetary Computer,ASF Global 30m HAND v1,OpenStreetMap contributors / ODbL
MY_N9498642399,101.5780582,3.3146521,LTE,111.45377597576324,3.212132454,1.5722128875653787,6.131335426784679,,576.2180319550007,,,36.71175765991211,Selangor,node,9498642399,,OpenStreetMap contributors / ODbL,Copernicus DEM GLO-30 via Microsoft Planetary Computer,ASF Global 30m HAND v1,OpenStreetMap contributors / ODbL
MY_N12133717335,101.5821508,3.2057819,UNKNOWN,109.06526620379321,6.848938942,7.132232382164536,9.205903737780133,,923.2402839882717,,,40.530433654785156,Selangor,node,12133717335,,OpenStreetMap contributors / ODbL,Copernicus DEM GLO-30 via Microsoft Planetary Computer,ASF Global 30m HAND v1,OpenStreetMap contributors / ODbL
MY_N8114405464,101.5844024,3.3086194,LTE,188.0293236030542,1.30990994,1.061164171493134,1.0696293457189336,,437.7992935180238,,,36.09590148925781,Selangor,node,8114405464,,OpenStreetMap contributors / ODbL,Copernicus DEM GLO-30 via Microsoft Planetary Computer,ASF Global 30m HAND v1,OpenStreetMap contributors / ODbL
MY_N8081694353,101.5848136,3.4155369,UNKNOWN,541.5684358140894,0.0,0.5247093182806571,1.749795159780537,,806.2785355057646,,,62.24065399169922,Selangor,node,8081694353,,OpenStreetMap contributors / ODbL,Copernicus DEM GLO-30 via Microsoft Planetary Computer,ASF Global 30m HAND v1,OpenStreetMap contributors / ODbL
MY_N12366513311,101.5856225,3.1142316,UNKNOWN,11.558611950176626,0.580756187,0.28372892437872205,1.3983263070765943,,976.1713623155517,,,22.230880737304688,Selangor,node,12366513311,,OpenStreetMap contributors / ODbL,Copernicus DEM GLO-30 via Microsoft Planetary Computer,ASF Global 30m HAND v1,OpenStreetMap contributors / ODbL
MY_N12366513312,101.5897492,3.1125047,UNKNOWN,115.71585014227925,3.138822556,1.2298179932167983,3.7178615008425706,,483.88079389993317,,,22.289714813232422,Selangor,node,12366513312,,OpenStreetMap contributors / ODbL,Copernicus DEM GLO-30 via Microsoft Planetary Computer,ASF Global 30m HAND v1,OpenStreetMap contributors / ODbL
MY_N1982558019,101.5926442,3.0763002,UNKNOWN,338.96423403441634,17.705360413,4.978213866778439,5.669647412863406,,559.0039598985903,,,38.4268913269043,Selangor,node,1982558019,,OpenStreetMap contributors / ODbL,Copernicus DEM GLO-30 via Microsoft Planetary Computer,ASF Global 30m HAND v1,OpenStreetMap contributors / ODbL
MY_N13763999844,101.5977962,3.1201172,UNKNOWN,80.63648171440677,8.250923157,2.986455173925311,3.1576044127673795,,54.91072635533257,,,36.343788146972656,Selangor,node,13763999844,,OpenStreetMap contributors / ODbL,Copernicus DEM GLO-30 via Microsoft Planetary Computer,ASF Global 30m HAND v1,OpenStreetMap contributors / ODbL
MY_N13103629668,101.6069296,3.0585177,UNKNOWN,33.97974833449796,2.284468651,2.552277850312565,2.710372565442953,,730.2342600609356,,,15.461801528930664,Selangor,node,13103629668,,OpenStreetMap contributors / ODbL,Copernicus DEM GLO-30 via Microsoft Planetary Computer,ASF Global 30m HAND v1,OpenStreetMap contributors / ODbL
MY_N13103629669,101.6080897,3.0594806,UNKNOWN,160.7861777752173,1.682709694,4.26139701946574,5.546797314854656,,897.0355934791364,,,18.61497688293457,Selangor,node,13103629669,,OpenStreetMap contributors / ODbL,Copernicus DEM GLO-30 via Microsoft Planetary Computer,ASF Global 30m HAND v1,OpenStreetMap contributors / ODbL
MY_N13103629667,101.6083887,3.0579231,UNKNOWN,32.94892001290533,0.81793797,0.7159946633793338,3.3054115440801075,,837.7611156702487,,,14.368644714355469,Selangor,node,13103629667,,OpenStreetMap contributors / ODbL,Copernicus DEM GLO-30 via Microsoft Planetary Computer,ASF Global 30m HAND v1,OpenStreetMap contributors / ODbL
MY_N13103629670,101.6092256,3.0590728,UNKNOWN,43.138815912719174,4.218675613,1.7857434079730283,2.0374620926991915,,978.8425210110103,,,16.626245498657227,Selangor,node,13103629670,,OpenStreetMap contributors / ODbL,Copernicus DEM GLO-30 via Microsoft Planetary Computer,ASF Global 30m HAND v1,OpenStreetMap contributors / ODbL
MY_N8254911755,101.6093892,3.2037728,UNKNOWN,571.2215237350027,2.911300659,4.436586059091806,6.788490722877149,,239.88446431076437,,,74.2959213256836,Selangor,node,8254911755,,OpenStreetMap contributors / ODbL,Copernicus DEM GLO-30 via Microsoft Planetary Computer,ASF Global 30m HAND v1,OpenStreetMap contributors / ODbL
MY_N13103629671,101.6098961,3.0583068,UNKNOWN,101.93620773559316,2.45766449,0.40336845839998375,0.9836381527073352,,1007.9548217603254,,,16.029075622558594,Selangor,node,13103629671,,OpenStreetMap contributors / ODbL,Copernicus DEM GLO-30 via Microsoft Planetary Computer,ASF Global 30m HAND v1,OpenStreetMap contributors / ODbL
MY_N5597298234,101.612009,3.1774955,UNKNOWN,284.94617812051865,212.596603394,6.503182186854673,10.458410530705622,,911.0196386918074,,,332.7917175292969,Selangor,node,5597298234,,OpenStreetMap contributors / ODbL,Copernicus DEM GLO-30 via Microsoft Planetary Computer,ASF Global 30m HAND v1,OpenStreetMap contributors / ODbL
MY_W1262375280,101.6125045,3.1785165,UNKNOWN,244.38720931442344,182.207244873,14.029189462980797,18.83579001837193,,821.9270051193482,,,313.6660461425781,Selangor,way,1262375280,,OpenStreetMap contributors / ODbL,Copernicus DEM GLO-30 via Microsoft Planetary Computer,ASF Global 30m HAND v1,OpenStreetMap contributors / ODbL
MY_N8004208520,101.6139071,3.2959146,UNKNOWN,40.2113059530514,1.604982257,4.25431348897532,6.708737867793191,,554.2845755109364,,,67.13921356201172,Selangor,node,8004208520,,OpenStreetMap contributors / ODbL,Copernicus DEM GLO-30 via Microsoft Planetary Computer,ASF Global 30m HAND v1,OpenStreetMap contributors / ODbL
MY_N12384569108,101.6190585,3.1721182,UNKNOWN,542.2796821884781,22.877920151,8.643611175850118,20.351218935560052,,144.30811260075566,,,86.6634521484375,Kuala Lumpur,node,12384569108,,OpenStreetMap contributors / ODbL,Copernicus DEM GLO-30 via Microsoft Planetary Computer,ASF Global 30m HAND v1,OpenStreetMap contributors / ODbL
MY_N8255238093,101.6193429,3.2039442,UNKNOWN,609.0179366849342,8.389030457,4.032124565649911,7.1594640593849626,,148.79114857119023,,,82.42863464355469,Selangor,node,8255238093,,OpenStreetMap contributors / ODbL,Copernicus DEM GLO-30 via Microsoft Planetary Computer,ASF Global 30m HAND v1,OpenStreetMap contributors / ODbL
MY_N8120556662,101.619363,3.2100487,UNKNOWN,349.1514531247046,25.414293289,3.779910126474555,5.833087635645682,,281.69232676386395,,,106.02536010742188,Selangor,node,8120556662,,OpenStreetMap contributors / ODbL,Copernicus DEM GLO-30 via Microsoft Planetary Computer,ASF Global 30m HAND v1,OpenStreetMap contributors / ODbL
MY_N8255238086,101.6225991,3.2063946,UNKNOWN,524.8503685445467,23.196418762,1.4078878202008545,2.6600297815279426,,10.105527324693854,,,87.51569366455078,Selangor,node,8255238086,,OpenStreetMap contributors / ODbL,Copernicus DEM GLO-30 via Microsoft Planetary Computer,ASF Global 30m HAND v1,OpenStreetMap contributors / ODbL
MY_N8255238092,101.6229263,3.2051279,UNKNOWN,541.2379112979356,37.09879303,11.039617920793464,17.194671392541927,,80.23291339430654,,,103.47987365722656,Selangor,node,8255238092,,OpenStreetMap contributors / ODbL,Copernicus DEM GLO-30 via Microsoft Planetary Computer,ASF Global 30m HAND v1,OpenStreetMap contributors / ODbL
MY_N7841645805,101.6338766,3.2883735,UNKNOWN,119.66033576191634,16.47977066,5.495076022674025,11.096275026839876,,350.97535808183557,,,101.50613403320312,Selangor,node,7841645805,,OpenStreetMap contributors / ODbL,Copernicus DEM GLO-30 via Microsoft Planetary Computer,ASF Global 30m HAND v1,OpenStreetMap contributors / ODbL
MY_N8081515935,101.6340923,3.4439647,UNKNOWN,335.9373620454235,0.46617797,3.979730788208824,5.867099124174691,,648.9162001974821,,,45.11294174194336,Selangor,node,8081515935,,OpenStreetMap contributors / ODbL,Copernicus DEM GLO-30 via Microsoft Planetary Computer,ASF Global 30m HAND v1,OpenStreetMap contributors / ODbL
MY_N8224457107,101.6375913,2.8598919,UNKNOWN,365.03961742302863,6.421192169,1.1333053279350602,3.5108277579163354,,499.7820327140221,,,15.506468772888184,Selangor,node,8224457107,,OpenStreetMap contributors / ODbL,Copernicus DEM GLO-30 via Microsoft Planetary Computer,ASF Global 30m HAND v1,OpenStreetMap contributors / ODbL
MY_W1259473617,101.6468264,5.1007448,UNKNOWN,2215.4919121279513,150.624969482,4.128344670430349,9.73161792228806,,20000.0,,,551.9675903320312,Kelantan,way,1259473617,,OpenStreetMap contributors / ODbL,Copernicus DEM GLO-30 via Microsoft Planetary Computer,ASF Global 30m HAND v1,OpenStreetMap contributors / ODbL
MY_N6093033474,101.6478148,3.9827251,UNKNOWN,68.84144252116565,13.624147415,8.432349140933507,16.594336125575197,,15774.101684099347,,,207.53045654296875,Pahang,node,6093033474,,OpenStreetMap contributors / ODbL,Copernicus DEM GLO-30 via Microsoft Planetary Computer,ASF Global 30m HAND v1,OpenStreetMap contributors / ODbL
MY_N11548619078,101.6506067,3.1089118,UNKNOWN,330.97575989387497,4.358333588,2.7541821881259954,5.741530158063362,,374.4905146648376,,,42.600486755371094,Selangor,node,11548619078,,OpenStreetMap contributors / ODbL,Copernicus DEM GLO-30 via Microsoft Planetary Computer,ASF Global 30m HAND v1,OpenStreetMap contributors / ODbL
MY_N8146281229,101.6506791,3.2053475,UNKNOWN,272.9301257789747,3.810688972,1.7421385295394538,6.005129725892597,,365.3104138520272,,,51.43518829345703,Kuala Lumpur,node,8146281229,,OpenStreetMap contributors / ODbL,Copernicus DEM GLO-30 via Microsoft Planetary Computer,ASF Global 30m HAND v1,OpenStreetMap contributors / ODbL
MY_N11529006459,101.6559981,2.9787425,UNKNOWN,445.0998829590082,13.603672028,2.0112119680555156,2.2347838415622348,,608.3410337289973,,,48.413490295410156,Selangor,node,11529006459,,OpenStreetMap contributors / ODbL,Copernicus DEM GLO-30 via Microsoft Planetary Computer,ASF Global 30m HAND v1,OpenStreetMap contributors / ODbL
MY_N8047942568,101.6576021,3.0579681,UNKNOWN,384.36602484687216,0.0,1.5168763033934218,3.3106532423424753,,205.46085337503183,,,34.09674072265625,Selangor,node,8047942568,,OpenStreetMap contributors / ODbL,Copernicus DEM GLO-30 via Microsoft Planetary Computer,ASF Global 30m HAND v1,OpenStreetMap contributors / ODbL
MY_W138669843,101.6587914,3.0916683,UNKNOWN,107.59527444257793,114.306541443,6.0826888928237395,12.71922713285862,,596.813283510239,,,149.2095947265625,Selangor,way,138669843,,OpenStreetMap contributors / ODbL,Copernicus DEM GLO-30 via Microsoft Planetary Computer,ASF Global 30m HAND v1,OpenStreetMap contributors / ODbL
MY_W1264710479,101.6592284,3.0917393,UNKNOWN,124.2679024324794,90.60949707,12.320287649571286,19.066194368891136,,616.1682594208967,,,150.01588439941406,Selangor,way,1264710479,,OpenStreetMap contributors / ODbL,Copernicus DEM GLO-30 via Microsoft Planetary Computer,ASF Global 30m HAND v1,OpenStreetMap contributors / ODbL
MY_N11264702921,101.6654381,3.1815198,UNKNOWN,242.42393002004223,20.956127167,5.395087431413638,10.183452639758544,,136.6256495596378,,,71.58799743652344,Kuala Lumpur,node,11264702921,,OpenStreetMap contributors / ODbL,Copernicus DEM GLO-30 via Microsoft Planetary Computer,ASF Global 30m HAND v1,OpenStreetMap contributors / ODbL
MY_N11346244297,101.6664661,2.9477993,UNKNOWN,299.7616374229255,48.454792023,10.632255335176097,19.702391137106346,,299.97863239915927,,,74.84893798828125,Selangor,node,11346244297,,OpenStreetMap contributors / ODbL,Copernicus DEM GLO-30 via Microsoft Planetary Computer,ASF Global 30m HAND v1,OpenStreetMap contributors / ODbL
MY_N13584271255,101.6694204,3.1627527,UNKNOWN,527.1307794568037,0.0,3.3444658601594104,11.23367123274195,,480.8244576752547,,,70.42617797851562,Kuala Lumpur,node,13584271255,,OpenStreetMap contributors / ODbL,Copernicus DEM GLO-30 via Microsoft Planetary Computer,ASF Global 30m HAND v1,OpenStreetMap contributors / ODbL
MY_N12247796176,101.6717257,3.0169565,UNKNOWN,585.0976853604468,46.069625854,13.494938206347976,16.453374391949644,,263.64102799371926,,,103.71534729003906,Selangor,node,12247796176,,OpenStreetMap contributors / ODbL,Copernicus DEM GLO-30 via Microsoft Planetary Computer,ASF Global 30m HAND v1,OpenStreetMap contributors / ODbL
MY_N8048433914,101.6720978,3.0484537,UNKNOWN,454.08667996811977,18.102273941,2.2569225755844533,4.186100793845218,,193.22266878468022,,,63.4453010559082,Kuala Lumpur,node,8048433914,,OpenStreetMap contributors / ODbL,Copernicus DEM GLO-30 via Microsoft Planetary Computer,ASF Global 30m HAND v1,OpenStreetMap contributors / ODbL
MY_N12194813653,101.6741428,2.9459188,UNKNOWN,228.47133809189583,1.31625247,5.011538630256546,7.81289079078458,,620.5899139236017,,,27.720924377441406,Putrajaya,node,12194813653,,OpenStreetMap contributors / ODbL,Copernicus DEM GLO-30 via Microsoft Planetary Computer,ASF Global 30m HAND v1,OpenStreetMap contributors / ODbL
MY_N7842060099,101.6746835,3.3894708,UNKNOWN,224.75300404149831,35.724685669,7.2364264757479475,9.254903533471488,,6473.167655557359,,,134.7581329345703,Selangor,node,7842060099,,OpenStreetMap contributors / ODbL,Copernicus DEM GLO-30 via Microsoft Planetary Computer,ASF Global 30m HAND v1,OpenStreetMap contributors / ODbL
MY_N9471829676,101.6747639,3.1985374,NR,28.27681466899722,8e-05,0.9885230165263361,2.1111427059068264,,261.6064121767254,,,42.01504135131836,Kuala Lumpur,node,9471829676,,OpenStreetMap contributors / ODbL,Copernicus DEM GLO-30 via Microsoft Planetary Computer,ASF Global 30m HAND v1,OpenStreetMap contributors / ODbL
MY_N9466091146,101.6763666,3.1971969,NR,69.71628486575577,0.121881537,4.156672112447918,8.872054013748274,,157.14436405452713,,,41.28286361694336,Kuala Lumpur,node,9466091146,,OpenStreetMap contributors / ODbL,Copernicus DEM GLO-30 via Microsoft Planetary Computer,ASF Global 30m HAND v1,OpenStreetMap contributors / ODbL
MY_N11607769670,101.6778703,3.1638688,UNKNOWN,489.39845783115703,65.857131958,17.502731529402414,25.986290780941825,,629.0795279837984,,,130.8248748779297,Kuala Lumpur,node,11607769670,,OpenStreetMap contributors / ODbL,Copernicus DEM GLO-30 via Microsoft Planetary Computer,ASF Global 30m HAND v1,OpenStreetMap contributors / ODbL
MY_N9469280562,101.6785754,3.1979203,NR,59.331902798143105,5.779170513,3.502715064298815,6.178512797380319,,163.2235390209951,,,46.184268951416016,Kuala Lumpur,node,9469280562,,OpenStreetMap contributors / ODbL,Copernicus DEM GLO-30 via Microsoft Planetary Computer,ASF Global 30m HAND v1,OpenStreetMap contributors / ODbL
MY_N9469288221,101.679271,3.1958702,NR,90.65432759599368,8.53396225,6.566847593950254,9.981616542958548,,363.19175935949505,,,46.449161529541016,Kuala Lumpur,node,9469288221,,OpenStreetMap contributors / ODbL,Copernicus DEM GLO-30 via Microsoft Planetary Computer,ASF Global 30m HAND v1,OpenStreetMap contributors / ODbL
MY_N10578741616,101.6795256,2.9536631,UNKNOWN,606.7480828799215,69.247741699,6.93164070790733,10.494895665143192,,681.3174055705163,,,109.39257049560547,Putrajaya,node,10578741616,,OpenStreetMap contributors / ODbL,Copernicus DEM GLO-30 via Microsoft Planetary Computer,ASF Global 30m HAND v1,OpenStreetMap contributors / ODbL
MY_N9469288220,101.6796087,3.1973448,NR,134.32396849375164,7.751193047,2.556653444402582,5.85903021240077,,293.37589257880484,,,47.51426315307617,Kuala Lumpur,node,9469288220,,OpenStreetMap contributors / ODbL,Copernicus DEM GLO-30 via Microsoft Planetary Computer,ASF Global 30m HAND v1,OpenStreetMap contributors / ODbL
MY_N11559092888,101.6798113,3.1000052,UNKNOWN,6.967159820082869,13.116415024,6.633938577732081,8.597940702456505,,365.34532745742337,,,53.48894119262695,Kuala Lumpur,node,11559092888,,OpenStreetMap contributors / ODbL,Copernicus DEM GLO-30 via Microsoft Planetary Computer,ASF Global 30m HAND v1,OpenStreetMap contributors / ODbL
MY_N12533942882,101.6811801,3.1397701,UNKNOWN,42.112137583304325,9.752939224,5.46997696511294,9.095609826406625,,191.40782491956674,,,46.93764114379883,Kuala Lumpur,node,12533942882,,OpenStreetMap contributors / ODbL,Copernicus DEM GLO-30 via Microsoft Planetary Computer,ASF Global 30m HAND v1,OpenStreetMap contributors / ODbL
MY_N12941843009,101.6893705,3.183618,UNKNOWN,83.01417410671081,2e-05,1.2462148759448481,1.6503992571010722,,471.57426507112547,,,39.51362228393555,Kuala Lumpur,node,12941843009,,OpenStreetMap contributors / ODbL,Copernicus DEM GLO-30 via Microsoft Planetary Computer,ASF Global 30m HAND v1,OpenStreetMap contributors / ODbL
MY_N12266031222,101.6896279,3.1378569,UNKNOWN,198.14350596353827,7.212480545,4.605423155174991,6.607446202678854,,196.34077429025228,,,46.0455207824707,Kuala Lumpur,node,12266031222,,OpenStreetMap contributors / ODbL,Copernicus DEM GLO-30 via Microsoft Planetary Computer,ASF Global 30m HAND v1,OpenStreetMap contributors / ODbL
MY_N4436507977,101.6919064,2.8588486,UNKNOWN,25.948771839222232,0.134803548,0.7327834170611456,1.7637757539689702,,1296.6648001960652,,,8.36733627319336,Selangor,node,4436507977,,OpenStreetMap contributors / ODbL,Copernicus DEM GLO-30 via Microsoft Planetary Computer,ASF Global 30m HAND v1,OpenStreetMap contributors / ODbL
MY_W1285114522,101.6965237,3.3007378,UNKNOWN,75.78602986862282,21.668428421,23.093730515901274,31.898976989829308,,3526.5763708182476,,,153.02589416503906,Selangor,way,1285114522,,OpenStreetMap contributors / ODbL,Copernicus DEM GLO-30 via Microsoft Planetary Computer,ASF Global 30m HAND v1,OpenStreetMap contributors / ODbL
MY_N9029115227,101.6977693,2.7644064,UNKNOWN,134.09562761809215,17.661977768,2.557220291910953,3.7661277747748207,,2274.2130586171675,,,29.235816955566406,Selangor,node,9029115227,,OpenStreetMap contributors / ODbL,Copernicus DEM GLO-30 via Microsoft Planetary Computer,ASF Global 30m HAND v1,OpenStreetMap contributors / ODbL
MY_N8542747596,101.7000138,3.1386829,UNKNOWN,143.61395815470348,8.622214317,4.876801844519943,5.917965287261739,,96.16936999886784,,,49.83367156982422,Kuala Lumpur,node,8542747596,,OpenStreetMap contributors / ODbL,Copernicus DEM GLO-30 via Microsoft Planetary Computer,ASF Global 30m HAND v1,OpenStreetMap contributors / ODbL
MY_W728820001,101.7001158,3.0516891,UNKNOWN,211.57535167875196,2.792644501,2.8799039131146444,3.396848115305119,,468.9514094417564,,,43.54585266113281,Kuala Lumpur,way,728820001,,OpenStreetMap contributors / ODbL,Copernicus DEM GLO-30 via Microsoft Planetary Computer,ASF Global 30m HAND v1,OpenStreetMap contributors / ODbL
MY_W728820002,101.7001245,3.0514191,UNKNOWN,186.87857211268494,3.792068481,2.2037756819164307,3.6962145734055776,,470.35750732679384,,,44.79239273071289,Kuala Lumpur,way,728820002,,OpenStreetMap contributors / ODbL,Copernicus DEM GLO-30 via Microsoft Planetary Computer,ASF Global 30m HAND v1,OpenStreetMap contributors / ODbL
MY_W728820006,101.700167,3.0510744,UNKNOWN,160.3747695939799,2.730359077,1.1727890427466465,1.8567724400243069,,478.3454005128825,,,44.5270881652832,Kuala Lumpur,way,728820006,,OpenStreetMap contributors / ODbL,Copernicus DEM GLO-30 via Microsoft Planetary Computer,ASF Global 30m HAND v1,OpenStreetMap contributors / ODbL
MY_N8542747597,101.7006428,3.1402563,UNKNOWN,45.47194964595343,8.822310448,9.243383717523686,13.783302388821289,,160.16782954341247,,,49.84086608886719,Kuala Lumpur,node,8542747597,,OpenStreetMap contributors / ODbL,Copernicus DEM GLO-30 via Microsoft Planetary Computer,ASF Global 30m HAND v1,OpenStreetMap contributors / ODbL
MY_N8542747595,101.7009634,3.138332,UNKNOWN,203.6438298308251,6.140982628,3.1877522253120607,7.741853664764951,,26.255306818292425,,,51.6773567199707,Kuala Lumpur,node,8542747595,,OpenStreetMap contributors / ODbL,Copernicus DEM GLO-30 via Microsoft Planetary Computer,ASF Global 30m HAND v1,OpenStreetMap contributors / ODbL
MY_N11607773741,101.7015033,3.1283312,UNKNOWN,648.3002871061091,8.68565464,4.687992925043925,6.415174296372452,,937.968085848872,,,52.15980911254883,Kuala Lumpur,node,11607773741,,OpenStreetMap contributors / ODbL,Copernicus DEM GLO-30 via Microsoft Planetary Computer,ASF Global 30m HAND v1,OpenStreetMap contributors / ODbL
MY_N8542747598,101.7015749,3.13988,UNKNOWN,153.55337610382446,16.625888824,13.107303453744885,17.204471236343565,,197.23152552969634,,,52.430179595947266,Kuala Lumpur,node,8542747598,,OpenStreetMap contributors / ODbL,Copernicus DEM GLO-30 via Microsoft Planetary Computer,ASF Global 30m HAND v1,OpenStreetMap contributors / ODbL
MY_N11226315843,101.7024015,3.2587052,UNKNOWN,122.77951245105098,2.141656876,0.1747035461771297,5.828166399643239,,170.0832353805554,,,126.1085433959961,Selangor,node,11226315843,,OpenStreetMap contributors / ODbL,Copernicus DEM GLO-30 via Microsoft Planetary Computer,ASF Global 30m HAND v1,OpenStreetMap contributors / ODbL
MY_N9504789637,101.7045469,3.1226269,UNKNOWN,88.00368152987468,2e-05,3.308270473371128,5.471848010426434,,1060.324126970517,,,35.66377258300781,Kuala Lumpur,node,9504789637,,OpenStreetMap contributors / ODbL,Copernicus DEM GLO-30 via Microsoft Planetary Computer,ASF Global 30m HAND v1,OpenStreetMap contributors / ODbL
MY_N11768370522,101.7085513,3.1626233,UNKNOWN,144.8056046314297,0.00012,0.8017063175266795,2.173297643372312,,278.54159908326307,,,34.61729431152344,Kuala Lumpur,node,11768370522,,OpenStreetMap contributors / ODbL,Copernicus DEM GLO-30 via Microsoft Planetary Computer,ASF Global 30m HAND v1,OpenStreetMap contributors / ODbL
MY_N8058373534,101.7106342,3.0608971,LTE,160.8101139347818,0.103357255,2.465227313768679,5.657110170919014,,141.66111339235127,,,39.28248977661133,Kuala Lumpur,node,8058373534,,OpenStreetMap contributors / ODbL,Copernicus DEM GLO-30 via Microsoft Planetary Computer,ASF Global 30m HAND v1,OpenStreetMap contributors / ODbL
MY_N8058373535,101.7111028,3.0593198,UNKNOWN,87.17562434269514,8e-05,1.9207561076666515,2.4863898803134603,,123.35977104267789,,,39.007755279541016,Kuala Lumpur,node,8058373535,,OpenStreetMap contributors / ODbL,Copernicus DEM GLO-30 via Microsoft Planetary Computer,ASF Global 30m HAND v1,OpenStreetMap contributors / ODbL
MY_N8058373539,101.7118031,3.057261,UNKNOWN,13.773237710393566,3e-05,1.7942429924580057,2.639144310470275,,104.36561607747535,,,37.63615036010742,Kuala Lumpur,node,8058373539,,OpenStreetMap contributors / ODbL,Copernicus DEM GLO-30 via Microsoft Planetary Computer,ASF Global 30m HAND v1,OpenStreetMap contributors / ODbL
MY_N9602824113,101.7149958,3.017409,UNKNOWN,358.69732652783364,1.703426242,2.627679385211684,3.8406012322442593,,24.67384517861776,,,44.05291748046875,Selangor,node,9602824113,,OpenStreetMap contributors / ODbL,Copernicus DEM GLO-30 via Microsoft Planetary Computer,ASF Global 30m HAND v1,OpenStreetMap contributors / ODbL
MY_N12167585701,101.7171979,3.1753255,UNKNOWN,242.0387528532493,2.699519157,3.1951464283558693,4.081937073480413,,331.1383963117656,,,43.385780334472656,Kuala Lumpur,node,12167585701,,OpenStreetMap contributors / ODbL,Copernicus DEM GLO-30 via Microsoft Planetary Computer,ASF Global 30m HAND v1,OpenStreetMap contributors / ODbL
MY_N3765022576,101.7172468,2.9870839,UNKNOWN,243.2316570391097,17.076620102,2.2928138465925136,3.441536606844976,,1430.3123296900494,,,55.2376708984375,Selangor,node,3765022576,,OpenStreetMap contributors / ODbL,Copernicus DEM GLO-30 via Microsoft Planetary Computer,ASF Global 30m HAND v1,OpenStreetMap contributors / ODbL
MY_N12167585702,101.7177328,3.1764508,UNKNOWN,237.93523247103604,1.786300063,4.202306544907091,5.390237866490337,,324.65485684580716,,,44.05625534057617,Kuala Lumpur,node,12167585702,,OpenStreetMap contributors / ODbL,Copernicus DEM GLO-30 via Microsoft Planetary Computer,ASF Global 30m HAND v1,OpenStreetMap contributors / ODbL
MY_N3901579495,101.7178023,3.0185824,UNKNOWN,287.79007554634205,6.480796814,2.8924457938196384,7.681225809293799,,89.66340396375534,,,47.74269485473633,Selangor,node,3901579495,,OpenStreetMap contributors / ODbL,Copernicus DEM GLO-30 via Microsoft Planetary Computer,ASF Global 30m HAND v1,OpenStreetMap contributors / ODbL
MY_N12167559700,101.7183523,3.1747697,UNKNOWN,241.18685239692982,0.0,1.8320508436620924,2.7449255267998254,,197.0360301142679,,,41.97151184082031,Kuala Lumpur,node,12167559700,,OpenStreetMap contributors / ODbL,Copernicus DEM GLO-30 via Microsoft Planetary Computer,ASF Global 30m HAND v1,OpenStreetMap contributors / ODbL
MY_N12167559699,101.7188626,3.1759059,UNKNOWN,343.0662623447492,1.967455864,3.84969707777989,4.129515514926815,,188.08293332260885,,,44.537445068359375,Kuala Lumpur,node,12167559699,,OpenStreetMap contributors / ODbL,Copernicus DEM GLO-30 via Microsoft Planetary Computer,ASF Global 30m HAND v1,OpenStreetMap contributors / ODbL
MY_N12182196429,101.7262611,3.1226939,UNKNOWN,170.98070281656206,6.219591141,7.052736603949918,9.475311179998481,,70.44641622551482,,,45.56947326660156,Kuala Lumpur,node,12182196429,,OpenStreetMap contributors / ODbL,Copernicus DEM GLO-30 via Microsoft Planetary Computer,ASF Global 30m HAND v1,OpenStreetMap contributors / ODbL
MY_N3902995339,101.7262835,3.0029443,UNKNOWN,366.9421752892032,0.0,4.880396690410496,6.525038719152644,,622.4038510512349,,,46.56624984741211,Selangor,node,3902995339,,OpenStreetMap contributors / ODbL,Copernicus DEM GLO-30 via Microsoft Planetary Computer,ASF Global 30m HAND v1,OpenStreetMap contributors / ODbL
MY_N7808912865,101.7266084,2.8566411,UNKNOWN,1049.1182265539464,73.870666504,6.25505856182178,14.50416642629123,,299.7051951352244,,,127.9224853515625,Selangor,node,7808912865,,OpenStreetMap contributors / ODbL,Copernicus DEM GLO-30 via Microsoft Planetary Computer,ASF Global 30m HAND v1,OpenStreetMap contributors / ODbL
MY_N7808912864,101.7276183,2.8565647,UNKNOWN,997.2936928703699,76.132270813,16.276275100387892,25.31354256410119,,274.84075884489374,,,121.52904510498047,Selangor,node,7808912864,,OpenStreetMap contributors / ODbL,Copernicus DEM GLO-30 via Microsoft Planetary Computer,ASF Global 30m HAND v1,OpenStreetMap contributors / ODbL
MY_N7806418386,101.7292906,3.0702008,UNKNOWN,255.4651140710887,154.69052124,7.7319837454391624,16.87954738792378,,48.53809221721191,,,294.1785888671875,Kuala Lumpur,node,7806418386,,OpenStreetMap contributors / ODbL,Copernicus DEM GLO-30 via Microsoft Planetary Computer,ASF Global 30m HAND v1,OpenStreetMap contributors / ODbL
MY_W1117797547,101.7295667,3.0703135,UNKNOWN,225.030822029714,159.308044434,8.591839382527194,16.611591415067938,,61.09994551567482,,,294.04302978515625,Kuala Lumpur,way,1117797547,,OpenStreetMap contributors / ODbL,Copernicus DEM GLO-30 via Microsoft Planetary Computer,ASF Global 30m HAND v1,OpenStreetMap contributors / ODbL
MY_W1117797548,101.7306118,3.0709471,UNKNOWN,135.33188162504277,209.625869751,3.9535861252252453,10.102039299030519,,130.99821327754532,,,287.9835510253906,Kuala Lumpur,way,1117797548,,OpenStreetMap contributors / ODbL,Copernicus DEM GLO-30 via Microsoft Planetary Computer,ASF Global 30m HAND v1,OpenStreetMap contributors / ODbL
MY_W545000403,101.7326689,3.5812473,UNKNOWN,348.7641189721455,81.414993286,22.0083590152177,32.04435206298603,,361.0647714767977,,,281.37786865234375,Selangor,way,545000403,,OpenStreetMap contributors / ODbL,Copernicus DEM GLO-30 via Microsoft Planetary Computer,ASF Global 30m HAND v1,OpenStreetMap contributors / ODbL
MY_N7838524135,101.734136,3.3087108,UNKNOWN,108.88576555936413,12.705105782,9.783522307142098,19.849311101674083,,60.25939491725462,,,189.5741729736328,Selangor,node,7838524135,,OpenStreetMap contributors / ODbL,Copernicus DEM GLO-30 via Microsoft Planetary Computer,ASF Global 30m HAND v1,OpenStreetMap contributors / ODbL
MY_N13247860091,101.7346363,5.6967823,UNKNOWN,527.8172327509592,39.10717392,10.275803667185146,17.115058938654116,,342.82883203776476,,,127.7774887084961,Kelantan,node,13247860091,,OpenStreetMap contributors / ODbL,Copernicus DEM GLO-30 via Microsoft Planetary Computer,ASF Global 30m HAND v1,OpenStreetMap contributors / ODbL
MY_N12264929850,101.7360183,3.0525691,NR,675.0545792708169,6.54851532,6.406241440527727,8.895492423302242,,843.7556679402917,,,90.46906280517578,Selangor,node,12264929850,,OpenStreetMap contributors / ODbL,Copernicus DEM GLO-30 via Microsoft Planetary Computer,ASF Global 30m HAND v1,OpenStreetMap contributors / ODbL
MY_W972394406,101.737054,3.2488579,UNKNOWN,145.84679134386536,1.077604532,2.589922147275852,4.73744991298011,,2894.005672539407,,,85.04484558105469,Selangor,way,972394406,,OpenStreetMap contributors / ODbL,Copernicus DEM GLO-30 via Microsoft Planetary Computer,ASF Global 30m HAND v1,OpenStreetMap contributors / ODbL
MY_N12068508652,101.7423998,2.8535833,UNKNOWN,43.069815136238965,3.143732309,4.439503563368401,8.870114324236821,,1091.9738408584742,,,27.331851959228516,Selangor,node,12068508652,,OpenStreetMap contributors / ODbL,Copernicus DEM GLO-30 via Microsoft Planetary Computer,ASF Global 30m HAND v1,OpenStreetMap contributors / ODbL
MY_N12068508739,101.7438867,2.8565325,UNKNOWN,145.52556735749081,11.715508461,7.3680277355064305,11.099855883932355,,925.5082923805343,,,36.460784912109375,Selangor,node,12068508739,,OpenStreetMap contributors / ODbL,Copernicus DEM GLO-30 via Microsoft Planetary Computer,ASF Global 30m HAND v1,OpenStreetMap contributors / ODbL
MY_W1545410223,101.7492611,3.7150864,GSM,396.09819602551886,98.809448242,21.743884825739812,30.117345465902638,,832.0999876477725,,,1307.7822265625,Pahang,way,1545410223,,OpenStreetMap contributors / ODbL,Copernicus DEM GLO-30 via Microsoft Planetary Computer,ASF Global 30m HAND v1,OpenStreetMap contributors / ODbL
MY_N6174781121,101.7509578,3.1898642,UNKNOWN,281.0495346596691,201.111373901,4.220806679887123,7.558280419969721,,729.3692817087856,,,293.5606994628906,Kuala Lumpur,node,6174781121,,OpenStreetMap contributors / ODbL,Copernicus DEM GLO-30 via Microsoft Planetary Computer,ASF Global 30m HAND v1,OpenStreetMap contributors / ODbL
MY_N8157413021,101.7510688,3.1903358,UNKNOWN,276.04615062888996,218.582672119,0.5438454760504973,6.122678567906643,,779.9239083715779,,,294.8790283203125,Kuala Lumpur,node,8157413021,,OpenStreetMap contributors / ODbL,Copernicus DEM GLO-30 via Microsoft Planetary Computer,ASF Global 30m HAND v1,OpenStreetMap contributors / ODbL
MY_W1545410209,101.7519179,3.7171862,UNKNOWN,37.55307974717927,167.106689453,4.010638929778199,10.068149440881824,,1084.1367181424455,,,1314.0870361328125,Pahang,way,1545410209,,OpenStreetMap contributors / ODbL,Copernicus DEM GLO-30 via Microsoft Planetary Computer,ASF Global 30m HAND v1,OpenStreetMap contributors / ODbL
MY_W1545410197,101.7521245,3.7178117,UNKNOWN,81.93150766634491,288.177978516,4.641689666328103,17.30400581653286,,1106.8802688959724,,,1327.7958984375,Pahang,way,1545410197,,OpenStreetMap contributors / ODbL,Copernicus DEM GLO-30 via Microsoft Planetary Computer,ASF Global 30m HAND v1,OpenStreetMap contributors / ODbL
MY_W1545410199,101.7522389,3.7180882,UNKNOWN,111.44829287421187,180.930664062,6.644809988488022,22.975819461874657,,1120.8607486115964,,,1328.60595703125,Pahang,way,1545410199,,OpenStreetMap contributors / ODbL,Copernicus DEM GLO-30 via Microsoft Planetary Computer,ASF Global 30m HAND v1,OpenStreetMap contributors / ODbL
MY_W1259673925,101.753844,5.0273644,UNKNOWN,304.1624571271168,4.474340439,9.268585236903586,13.08099685442038,,20000.0,,,156.99240112304688,Kelantan,way,1259673925,,OpenStreetMap contributors / ODbL,Copernicus DEM GLO-30 via Microsoft Planetary Computer,ASF Global 30m HAND v1,OpenStreetMap contributors / ODbL
MY_N9759198822,101.7556482,2.6853921,UNKNOWN,325.28891226990436,5.451307297,8.812938933971118,11.09276086259251,,3620.707007760905,,,17.378929138183594,Negeri Sembilan,node,9759198822,,OpenStreetMap contributors / ODbL,Copernicus DEM GLO-30 via Microsoft Planetary Computer,ASF Global 30m HAND v1,OpenStreetMap contributors / ODbL
MY_N7838524117,101.7593622,3.3310777,UNKNOWN,194.3164581594293,91.479003906,1.7606966107203552,11.033242818266686,,398.8954273197111,,,392.7030944824219,Selangor,node,7838524117,,OpenStreetMap contributors / ODbL,Copernicus DEM GLO-30 via Microsoft Planetary Computer,ASF Global 30m HAND v1,OpenStreetMap contributors / ODbL
MY_N13439298450,101.7685052,3.1131601,UNKNOWN,56.446930258332216,8.036990166,6.131482875187297,7.551560757054324,,141.90360069289355,,,89.87617492675781,Selangor,node,13439298450,,OpenStreetMap contributors / ODbL,Copernicus DEM GLO-30 via Microsoft Planetary Computer,ASF Global 30m HAND v1,OpenStreetMap contributors / ODbL
MY_N12152835803,101.768578,2.9566706,UNKNOWN,151.00969836209913,50.909408569,9.212527983836782,15.31041103644225,,375.60418148288284,,,105.17073059082031,Selangor,node,12152835803,,OpenStreetMap contributors / ODbL,Copernicus DEM GLO-30 via Microsoft Planetary Computer,ASF Global 30m HAND v1,OpenStreetMap contributors / ODbL
MY_N3902995338,101.7693507,2.8834128,UNKNOWN,42.50375442814846,0.0,5.825410997116754,6.656694797761215,,165.81030024295555,,,26.655946731567383,Selangor,node,3902995338,,OpenStreetMap contributors / ODbL,Copernicus DEM GLO-30 via Microsoft Planetary Computer,ASF Global 30m HAND v1,OpenStreetMap contributors / ODbL
MY_N12152835735,101.7709453,2.9583469,UNKNOWN,106.08166561442093,30.112649918,0.7552382566843021,7.815541409813712,,113.31713509512622,,,87.39224243164062,Selangor,node,12152835735,,OpenStreetMap contributors / ODbL,Copernicus DEM GLO-30 via Microsoft Planetary Computer,ASF Global 30m HAND v1,OpenStreetMap contributors / ODbL
MY_N12145341915,101.7785728,2.9447739,UNKNOWN,597.8971225044837,7.439686775,2.9671815084108286,6.311365575776178,,413.74904642750147,,,32.12269592285156,Selangor,node,12145341915,,OpenStreetMap contributors / ODbL,Copernicus DEM GLO-30 via Microsoft Planetary Computer,ASF Global 30m HAND v1,OpenStreetMap contributors / ODbL
MY_N12141160951,101.7786377,2.9535013,UNKNOWN,41.488081465961415,2.57598114,3.8093624983662457,4.7361972731419,,44.189233660225845,,,36.23017883300781,Selangor,node,12141160951,,OpenStreetMap contributors / ODbL,Copernicus DEM GLO-30 via Microsoft Planetary Computer,ASF Global 30m HAND v1,OpenStreetMap contributors / ODbL
MY_N12241218628,101.7793104,3.0049176,UNKNOWN,188.18698782980357,0.0,0.9465970350885721,3.134816329246944,,1061.823781102635,,,29.254802703857422,Selangor,node,12241218628,,OpenStreetMap contributors / ODbL,Copernicus DEM GLO-30 via Microsoft Planetary Computer,ASF Global 30m HAND v1,OpenStreetMap contributors / ODbL
MY_N12111896153,101.7796474,2.957265,UNKNOWN,65.67291192148569,5.06892395,6.384500045171863,8.357604615350409,,230.80492427919083,,,40.22138214111328,Selangor,node,12111896153,,OpenStreetMap contributors / ODbL,Copernicus DEM GLO-30 via Microsoft Planetary Computer,ASF Global 30m HAND v1,OpenStreetMap contributors / ODbL
MY_N12114343550,101.7797181,2.9581416,UNKNOWN,162.87579482550052,9.751912117,3.1716563969339493,5.075778851686323,,324.4081328763163,,,41.34130096435547,Selangor,node,12114343550,,OpenStreetMap contributors / ODbL,Copernicus DEM GLO-30 via Microsoft Planetary Computer,ASF Global 30m HAND v1,OpenStreetMap contributors / ODbL
MY_N12111896121,101.7799789,2.9653325,UNKNOWN,93.47692507202457,7.131351948,2.409139976092409,4.704123060258998,,71.412100670244,,,27.65183448791504,Selangor,node,12111896121,,OpenStreetMap contributors / ODbL,Copernicus DEM GLO-30 via Microsoft Planetary Computer,ASF Global 30m HAND v1,OpenStreetMap contributors / ODbL
MY_N12147506121,101.7802078,2.9504864,UNKNOWN,264.07405247952926,10.171689987,5.91319067785869,7.620567246967783,,150.15977333346,,,35.69337463378906,Selangor,node,12147506121,,OpenStreetMap contributors / ODbL,Copernicus DEM GLO-30 via Microsoft Planetary Computer,ASF Global 30m HAND v1,OpenStreetMap contributors / ODbL
MY_N12145341985,101.780848,2.9466768,UNKNOWN,331.7078468869665,0.469131529,2.3882603131175584,4.613265567402149,,383.53904341962937,,,25.878902435302734,Selangor,node,12145341985,,OpenStreetMap contributors / ODbL,Copernicus DEM GLO-30 via Microsoft Planetary Computer,ASF Global 30m HAND v1,OpenStreetMap contributors / ODbL
MY_N12143414619,101.781114,2.9647656,LTE,43.487768930557166,2.300341606,2.1336357052474755,2.8253224687129808,,96.70321190604417,,,30.822818756103516,Selangor,node,12143414619,,OpenStreetMap contributors / ODbL,Copernicus DEM GLO-30 via Microsoft Planetary Computer,ASF Global 30m HAND v1,OpenStreetMap contributors / ODbL
MY_N12137013089,101.7819527,3.0092048,UNKNOWN,61.50778733462814,0.22657977,2.171970623798644,3.032440859359353,,929.2775520975777,,,31.83960723876953,Selangor,node,12137013089,,OpenStreetMap contributors / ODbL,Copernicus DEM GLO-30 via Microsoft Planetary Computer,ASF Global 30m HAND v1,OpenStreetMap contributors / ODbL
MY_N12137013090,101.7822129,3.0097028,UNKNOWN,97.18797165223158,2.067744493,1.7057159016160717,2.501996438017032,,882.5977005707027,,,33.290584564208984,Selangor,node,12137013090,,OpenStreetMap contributors / ODbL,Copernicus DEM GLO-30 via Microsoft Planetary Computer,ASF Global 30m HAND v1,OpenStreetMap contributors / ODbL
MY_N12110057369,101.7823906,2.9615166,UNKNOWN,107.85652669148237,7.735699654,2.1473084706536505,3.6606947297277515,,88.531899215135,,,26.991539001464844,Selangor,node,12110057369,,OpenStreetMap contributors / ODbL,Copernicus DEM GLO-30 via Microsoft Planetary Computer,ASF Global 30m HAND v1,OpenStreetMap contributors / ODbL
MY_N12137013091,101.7823982,3.0131663,UNKNOWN,249.00028743179953,1.568606973,0.4552680753619095,1.2059134450161806,,815.3779250726785,,,34.481990814208984,Selangor,node,12137013091,,OpenStreetMap contributors / ODbL,Copernicus DEM GLO-30 via Microsoft Planetary Computer,ASF Global 30m HAND v1,OpenStreetMap contributors / ODbL
MY_N12241218640,101.7824749,3.0052982,UNKNOWN,237.43781455357146,2.337890863,0.3459166787708364,1.3696539594534105,,1119.1562034929902,,,32.756492614746094,Selangor,node,12241218640,,OpenStreetMap contributors / ODbL,Copernicus DEM GLO-30 via Microsoft Planetary Computer,ASF Global 30m HAND v1,OpenStreetMap contributors / ODbL
MY_N12137013092,101.7826846,3.013816,UNKNOWN,327.4233976895376,1.428866982,0.40365341628393536,0.5198602343418309,,794.8949919831722,,,34.5011100769043,Selangor,node,12137013092,,OpenStreetMap contributors / ODbL,Copernicus DEM GLO-30 via Microsoft Planetary Computer,ASF Global 30m HAND v1,OpenStreetMap contributors / ODbL
MY_N12137013099,101.7830911,3.0087497,UNKNOWN,182.86569795800744,2.281916857,0.7128459718990823,1.573321626613985,,836.362872959906,,,34.29318618774414,Selangor,node,12137013099,,OpenStreetMap contributors / ODbL,Copernicus DEM GLO-30 via Microsoft Planetary Computer,ASF Global 30m HAND v1,OpenStreetMap contributors / ODbL
MY_N12137013093,101.7833073,3.0138813,UNKNOWN,369.8789955423394,1.852893472,0.3757841706939744,0.7533430694827864,,728.8320133419694,,,34.845489501953125,Selangor,node,12137013093,,OpenStreetMap contributors / ODbL,Copernicus DEM GLO-30 via Microsoft Planetary Computer,ASF Global 30m HAND v1,OpenStreetMap contributors / ODbL
MY_N13015545329,101.7833154,3.0112857,UNKNOWN,218.93264949930526,0.66723156,0.47447963900951,0.8645165964617215,,719.1616330341242,,,34.02997970581055,Selangor,node,13015545329,,OpenStreetMap contributors / ODbL,Copernicus DEM GLO-30 via Microsoft Planetary Computer,ASF Global 30m HAND v1,OpenStreetMap contributors / ODbL
MY_N12137013100,101.7833269,3.0090393,UNKNOWN,213.38058788943692,1.107745409,1.3337131889088794,1.589360908126899,,798.2954968747564,,,33.64936447143555,Selangor,node,12137013100,,OpenStreetMap contributors / ODbL,Copernicus DEM GLO-30 via Microsoft Planetary Computer,ASF Global 30m HAND v1,OpenStreetMap contributors / ODbL
MY_N13015606466,101.7835842,3.0087311,UNKNOWN,236.4375939597941,0.756098986,1.1787745896762793,1.5144559869127006,,789.5383074028018,,,32.951419830322266,Selangor,node,13015606466,,OpenStreetMap contributors / ODbL,Copernicus DEM GLO-30 via Microsoft Planetary Computer,ASF Global 30m HAND v1,OpenStreetMap contributors / ODbL
MY_N12137013095,101.7836622,3.0145094,UNKNOWN,449.3263787795873,1.691561937,0.7469340155171533,0.9456652795005338,,710.3595488724176,,,35.00925827026367,Selangor,node,12137013095,,OpenStreetMap contributors / ODbL,Copernicus DEM GLO-30 via Microsoft Planetary Computer,ASF Global 30m HAND v1,OpenStreetMap contributors / ODbL
MY_N12137024408,101.7836684,3.0106948,UNKNOWN,261.6823449192791,1.079856873,0.5244921135070736,0.7683888871162863,,695.1619373817231,,,33.81889343261719,Selangor,node,12137024408,,OpenStreetMap contributors / ODbL,Copernicus DEM GLO-30 via Microsoft Planetary Computer,ASF Global 30m HAND v1,OpenStreetMap contributors / ODbL
MY_N13015545330,101.7838919,3.0116312,UNKNOWN,287.0858548960113,0.0,0.5515950318407219,0.7081645030071535,,650.1327709054582,,,33.418548583984375,Selangor,node,13015545330,,OpenStreetMap contributors / ODbL,Copernicus DEM GLO-30 via Microsoft Planetary Computer,ASF Global 30m HAND v1,OpenStreetMap contributors / ODbL
MY_N13015606467,101.783934,3.0083066,UNKNOWN,269.5585975478978,0.884833574,1.0378158100479307,1.2771451199919965,,781.8914944330065,,,32.989173889160156,Selangor,node,13015606467,,OpenStreetMap contributors / ODbL,Copernicus DEM GLO-30 via Microsoft Planetary Computer,ASF Global 30m HAND v1,OpenStreetMap contributors / ODbL
MY_N12137024401,101.7840041,3.0126199,UNKNOWN,335.49129632987257,0.08954528,0.19433970879376883,0.3798157804542287,,632.8717085153793,,,33.53546905517578,Selangor,node,12137024401,,OpenStreetMap contributors / ODbL,Copernicus DEM GLO-30 via Microsoft Planetary Computer,ASF Global 30m HAND v1,OpenStreetMap contributors / ODbL
MY_N12137024407,101.7840223,3.009069,UNKNOWN,290.6699387723839,0.635253191,0.31574926652447205,0.7811294944126483,,728.7116737610312,,,32.77211380004883,Selangor,node,12137024407,,OpenStreetMap contributors / ODbL,Copernicus DEM GLO-30 via Microsoft Planetary Computer,ASF Global 30m HAND v1,OpenStreetMap contributors / ODbL
MY_W545795634,101.7842092,3.4342874,UNKNOWN,713.756730343981,109.947143555,13.20540332515982,20.911230217903604,,2077.855548533057,,,1750.3031005859375,Selangor,way,545795634,,OpenStreetMap contributors / ODbL,Copernicus DEM GLO-30 via Microsoft Planetary Computer,ASF Global 30m HAND v1,OpenStreetMap contributors / ODbL
MY_N12137013094,101.7842226,3.0149539,UNKNOWN,525.766987775186,2.833297729,0.9138845730329321,1.0370606040083474,,671.2216468406921,,,35.71202087402344,Selangor,node,12137013094,,OpenStreetMap contributors / ODbL,Copernicus DEM GLO-30 via Microsoft Planetary Computer,ASF Global 30m HAND v1,OpenStreetMap contributors / ODbL
MY_N12137024409,101.7842417,3.0110529,UNKNOWN,321.8185415868278,0.242282867,0.02992506563484057,0.42404954339625023,,623.523000974252,,,33.086830139160156,Selangor,node,12137024409,,OpenStreetMap contributors / ODbL,Copernicus DEM GLO-30 via Microsoft Planetary Computer,ASF Global 30m HAND v1,OpenStreetMap contributors / ODbL
MY_N13015606465,101.7842801,3.0093472,UNKNOWN,320.31076958248644,0.678122461,0.7264125631487962,1.323820028646735,,688.7245623966148,,,32.74519348144531,Selangor,node,13015606465,,OpenStreetMap contributors / ODbL,Copernicus DEM GLO-30 via Microsoft Planetary Computer,ASF Global 30m HAND v1,OpenStreetMap contributors / ODbL
MY_N12137013096,101.7843627,3.0140088,UNKNOWN,458.5318949497682,0.0,0.5494876113652155,0.6154648258273875,,619.1571144790897,,,34.80594253540039,Selangor,node,12137013096,,OpenStreetMap contributors / ODbL,Copernicus DEM GLO-30 via Microsoft Planetary Computer,ASF Global 30m HAND v1,OpenStreetMap contributors / ODbL
MY_N13015606468,101.7843742,3.0086259,UNKNOWN,321.86655673509523,0.00015,1.0809658953702979,1.50573189492084,,721.5825473262607,,,32.133541107177734,Selangor,node,13015606468,,OpenStreetMap contributors / ODbL,Copernicus DEM GLO-30 via Microsoft Planetary Computer,ASF Global 30m HAND v1,OpenStreetMap contributors / ODbL
MY_N12137024402,101.7844194,3.0124125,UNKNOWN,367.59896805222485,0.564954817,0.0948695478192983,0.4831197543720844,,586.1934725520558,,,33.6967658996582,Selangor,node,12137024402,,OpenStreetMap contributors / ODbL,Copernicus DEM GLO-30 via Microsoft Planetary Computer,ASF Global 30m HAND v1,OpenStreetMap contributors / ODbL
MY_N7838524104,101.7844342,3.3499404,UNKNOWN,1045.4404134929412,15.377930641,2.9331881811752796,5.3563403457469025,,196.18654243367322,,,624.3082885742188,Pahang,node,7838524104,,OpenStreetMap contributors / ODbL,Copernicus DEM GLO-30 via Microsoft Planetary Computer,ASF Global 30m HAND v1,OpenStreetMap contributors / ODbL
MY_N12137024406,101.7845792,3.0098065,UNKNOWN,358.9887990858586,0.0001,0.3444928459359332,0.7063013413896242,,635.8267532554187,,,32.033321380615234,Selangor,node,12137024406,,OpenStreetMap contributors / ODbL,Copernicus DEM GLO-30 via Microsoft Planetary Computer,ASF Global 30m HAND v1,OpenStreetMap contributors / ODbL
MY_N13015606469,101.7847729,3.0090429,UNKNOWN,372.46882137266357,6e-05,1.1332363888782049,1.3749002750361323,,659.0761631581574,,,31.96005630493164,Selangor,node,13015606469,,OpenStreetMap contributors / ODbL,Copernicus DEM GLO-30 via Microsoft Planetary Computer,ASF Global 30m HAND v1,OpenStreetMap contributors / ODbL
MY_N12137013097,101.7848359,3.0145436,UNKNOWN,537.3736370665353,0.098508887,1.1202165411888858,2.0236041376712044,,590.4022001513861,,,35.452064514160156,Selangor,node,12137013097,,OpenStreetMap contributors / ODbL,Copernicus DEM GLO-30 via Microsoft Planetary Computer,ASF Global 30m HAND v1,OpenStreetMap contributors / ODbL
MY_N12137024403,101.7848891,3.0116662,UNKNOWN,397.16092637067425,1.045228124,0.4897500596819181,0.5976542070765267,,539.8450077871076,,,32.964759826660156,Selangor,node,12137024403,,OpenStreetMap contributors / ODbL,Copernicus DEM GLO-30 via Microsoft Planetary Computer,ASF Global 30m HAND v1,OpenStreetMap contributors / ODbL
MY_N13015545328,101.7849553,3.0111258,UNKNOWN,400.8556176390163,0.0,0.3866458173390405,0.6596498127863746,,544.6776306550996,,,32.735355377197266,Selangor,node,13015545328,,OpenStreetMap contributors / ODbL,Copernicus DEM GLO-30 via Microsoft Planetary Computer,ASF Global 30m HAND v1,OpenStreetMap contributors / ODbL
MY_N13015606470,101.7850362,3.0095388,UNKNOWN,405.50121139814536,0.0,0.4748189295968771,0.6361890353540031,,605.1900216353937,,,31.766586303710938,Selangor,node,13015606470,,OpenStreetMap contributors / ODbL,Copernicus DEM GLO-30 via Microsoft Planetary Computer,ASF Global 30m HAND v1,OpenStreetMap contributors / ODbL
MY_N12137013080,101.7850961,3.0060185,UNKNOWN,432.24766615959135,4e-05,0.9791932611058041,1.3686275389276374,,866.4351750385149,,,31.846323013305664,Selangor,node,12137013080,,OpenStreetMap contributors / ODbL,Copernicus DEM GLO-30 via Microsoft Planetary Computer,ASF Global 30m HAND v1,OpenStreetMap contributors / ODbL
MY_N12137013081,101.7851273,3.006631,UNKNOWN,416.97114397314505,9e-05,1.1767364365238564,1.7269608486217536,,810.7342452113315,,,31.870752334594727,Selangor,node,12137013081,,OpenStreetMap contributors / ODbL,Copernicus DEM GLO-30 via Microsoft Planetary Computer,ASF Global 30m HAND v1,OpenStreetMap contributors / ODbL
MY_N12137013082,101.7851491,3.0072621,UNKNOWN,405.66473296770187,0.570819139,1.1529622427446016,1.7075349953734695,,756.1890581414793,,,32.74060821533203,Selangor,node,12137013082,,OpenStreetMap contributors / ODbL,Copernicus DEM GLO-30 via Microsoft Planetary Computer,ASF Global 30m HAND v1,OpenStreetMap contributors / ODbL
MY_N12137013083,101.7851771,3.0078684,UNKNOWN,404.43499512221024,1.121174693,0.8907764535515356,1.3104615130388981,,705.7643404947881,,,32.98698806762695,Selangor,node,12137013083,,OpenStreetMap contributors / ODbL,Copernicus DEM GLO-30 via Microsoft Planetary Computer,ASF Global 30m HAND v1,OpenStreetMap contributors / ODbL
MY_N12137013098,101.7852251,3.0147612,UNKNOWN,585.3650739836625,1.951652527,2.1085500865263547,2.564840173311568,,561.9822063712699,,,37.016685485839844,Selangor,node,12137013098,,OpenStreetMap contributors / ODbL,Copernicus DEM GLO-30 via Microsoft Planetary Computer,ASF Global 30m HAND v1,OpenStreetMap contributors / ODbL
MY_N12137013084,101.7852954,3.0085306,UNKNOWN,422.2315073749105,0.950746536,1.4754050570670159,2.049425275822788,,646.6780636988635,,,32.746768951416016,Selangor,node,12137013084,,OpenStreetMap contributors / ODbL,Copernicus DEM GLO-30 via Microsoft Planetary Computer,ASF Global 30m HAND v1,OpenStreetMap contributors / ODbL
MY_N12137024404,101.7854247,3.0117369,UNKNOWN,457.1830380751352,0.522396088,0.31390545434792994,0.6028715509161969,,479.8314135614537,,,33.08470153808594,Selangor,node,12137024404,,OpenStreetMap contributors / ODbL,Copernicus DEM GLO-30 via Microsoft Planetary Computer,ASF Global 30m HAND v1,OpenStreetMap contributors / ODbL
MY_N12137013088,101.7854653,3.010144,UNKNOWN,460.98419324221504,0.105407849,1.0358655117284123,1.3063669291134896,,531.1339176994378,,,32.19204330444336,Selangor,node,12137013088,,OpenStreetMap contributors / ODbL,Copernicus DEM GLO-30 via Microsoft Planetary Computer,ASF Global 30m HAND v1,OpenStreetMap contributors / ODbL
MY_N12137024405,101.7855073,3.0111856,UNKNOWN,462.15064124825017,0.0,0.6111599178938311,0.8378056156763182,,483.77586312280147,,,32.446754455566406,Selangor,node,12137024405,,OpenStreetMap contributors / ODbL,Copernicus DEM GLO-30 via Microsoft Planetary Computer,ASF Global 30m HAND v1,OpenStreetMap contributors / ODbL
MY_N12137013087,101.7855249,3.0097001,UNKNOWN,461.3000293333713,0.383134395,1.1670296953969892,1.6574592903392464,,549.5093913721947,,,32.170265197753906,Selangor,node,12137013087,,OpenStreetMap contributors / ODbL,Copernicus DEM GLO-30 via Microsoft Planetary Computer,ASF Global 30m HAND v1,OpenStreetMap contributors / ODbL
MY_N12137013085,101.7856939,3.0089068,UNKNOWN,471.3824513105613,1.537568092,0.40316708658626976,1.1552648253273021,,586.0028393264533,,,33.31742477416992,Selangor,node,12137013085,,OpenStreetMap contributors / ODbL,Copernicus DEM GLO-30 via Microsoft Planetary Computer,ASF Global 30m HAND v1,OpenStreetMap contributors / ODbL
MY_N13015545327,101.7857482,3.015264,UNKNOWN,665.7833640819954,1.549461365,1.163359429909612,1.6211724522572883,,542.0319683417182,,,38.52582550048828,Selangor,node,13015545327,,OpenStreetMap contributors / ODbL,Copernicus DEM GLO-30 via Microsoft Planetary Computer,ASF Global 30m HAND v1,OpenStreetMap contributors / ODbL
MY_N12137013086,101.7860955,3.0092892,UNKNOWN,521.8026470521469,0.933315217,0.14712176707037836,0.4649581293093175,,524.6422174829452,,,32.98974609375,Selangor,node,12137013086,,OpenStreetMap contributors / ODbL,Copernicus DEM GLO-30 via Microsoft Planetary Computer,ASF Global 30m HAND v1,OpenStreetMap contributors / ODbL
MY_N7838524095,101.7862916,3.3577256,UNKNOWN,185.0109588131671,87.613525391,4.704777602176329,6.8972956907528,,61.23630957559566,,,788.3140869140625,Pahang,node,7838524095,,OpenStreetMap contributors / ODbL,Copernicus DEM GLO-30 via Microsoft Planetary Computer,ASF Global 30m HAND v1,OpenStreetMap contributors / ODbL
MY_N8214146544,101.786938,2.7194947,UNKNOWN,169.44891898337676,3.06648469,6.759077461953197,7.733525704432013,,728.6993539343823,,,49.46381759643555,Negeri Sembilan,node,8214146544,,OpenStreetMap contributors / ODbL,Copernicus DEM GLO-30 via Microsoft Planetary Computer,ASF Global 30m HAND v1,OpenStreetMap contributors / ODbL
MY_N10943434976,101.7884132,2.9952885,UNKNOWN,289.62192654428844,8.872853279,6.787359376459947,9.060592920508611,,262.85560690495396,,,38.01259994506836,Selangor,node,10943434976,,OpenStreetMap contributors / ODbL,Copernicus DEM GLO-30 via Microsoft Planetary Computer,ASF Global 30m HAND v1,OpenStreetMap contributors / ODbL
MY_W545795646,101.7885456,3.4276786,UNKNOWN,256.96340965429397,224.91809082,12.481186665643257,27.46113152767783,,1217.6182853172572,,,1765.89208984375,Selangor,way,545795646,Telekom Malaysia,OpenStreetMap contributors / ODbL,Copernicus DEM GLO-30 via Microsoft Planetary Computer,ASF Global 30m HAND v1,OpenStreetMap contributors / ODbL
MY_W694482621,101.7887424,3.4279784,UNKNOWN,295.41312525480134,155.75390625,9.46532263128652,19.856343105441283,,1224.6228134686846,,,1766.0855712890625,Selangor,way,694482621,Telekom Malaysia,OpenStreetMap contributors / ODbL,Copernicus DEM GLO-30 via Microsoft Planetary Computer,ASF Global 30m HAND v1,OpenStreetMap contributors / ODbL
MY_N3902995337,101.7889498,2.8650639,UNKNOWN,33.42524959883695,0.0,4.90242958152684,5.557447290206946,,825.514298748542,,,34.8452033996582,Negeri Sembilan,node,3902995337,,OpenStreetMap contributors / ODbL,Copernicus DEM GLO-30 via Microsoft Planetary Computer,ASF Global 30m HAND v1,OpenStreetMap contributors / ODbL
MY_W694495534,101.7890019,3.4283965,UNKNOWN,348.88669874882373,164.102539062,11.60115064260222,17.56628918412595,,1237.590410359059,,,1750.4583740234375,Selangor,way,694495534,Telekom Malaysia,OpenStreetMap contributors / ODbL,Copernicus DEM GLO-30 via Microsoft Planetary Computer,ASF Global 30m HAND v1,OpenStreetMap contributors / ODbL
MY_N12169092717,101.7900455,2.9814806,UNKNOWN,325.31308074634353,0.028331703,0.6671609025680727,1.1531396864530892,,160.53185155265962,,,29.703411102294922,Selangor,node,12169092717,,OpenStreetMap contributors / ODbL,Copernicus DEM GLO-30 via Microsoft Planetary Computer,ASF Global 30m HAND v1,OpenStreetMap contributors / ODbL
MY_N10991780746,101.8138969,3.0560108,UNKNOWN,483.3187698204081,65.910934448,2.585312705143617,5.178601529287536,,286.6638821495055,,,122.72218322753906,Selangor,node,10991780746,,OpenStreetMap contributors / ODbL,Copernicus DEM GLO-30 via Microsoft Planetary Computer,ASF Global 30m HAND v1,OpenStreetMap contributors / ODbL
MY_N13474572720,101.8169117,2.9148047,UNKNOWN,52.663293658312696,0.0,3.5627739032010415,5.739761968745408,,726.4947489143002,,,25.120615005493164,Selangor,node,13474572720,,OpenStreetMap contributors / ODbL,Copernicus DEM GLO-30 via Microsoft Planetary Computer,ASF Global 30m HAND v1,OpenStreetMap contributors / ODbL
MY_N9944968255,101.8179589,3.3538587,UNKNOWN,94.74979772920948,9.811431885,5.858631775526611,8.32225227651441,,54.744379372954015,,,344.05828857421875,Pahang,node,9944968255,,OpenStreetMap contributors / ODbL,Copernicus DEM GLO-30 via Microsoft Planetary Computer,ASF Global 30m HAND v1,OpenStreetMap contributors / ODbL
MY_N1945539635,101.8234458,3.3951552,UNKNOWN,432.1044988087396,301.381103516,8.10726016084919,12.199062043477364,,1141.7024087024388,,,1138.7359619140625,Pahang,node,1945539635,,OpenStreetMap contributors / ODbL,Copernicus DEM GLO-30 via Microsoft Planetary Computer,ASF Global 30m HAND v1,OpenStreetMap contributors / ODbL
MY_N12030488094,101.8254355,2.8906073,UNKNOWN,314.0087878162797,18.192409515,3.0920690559597848,8.286390188464448,,1442.1098096963462,,,55.657928466796875,Selangor,node,12030488094,,OpenStreetMap contributors / ODbL,Copernicus DEM GLO-30 via Microsoft Planetary Computer,ASF Global 30m HAND v1,OpenStreetMap contributors / ODbL
MY_N8063350945,101.8348158,2.6996554,UNKNOWN,357.53761463799236,11.726676941,13.068538268318422,16.98993711142425,,181.3334353180937,,,64.05815124511719,Negeri Sembilan,node,8063350945,,OpenStreetMap contributors / ODbL,Copernicus DEM GLO-30 via Microsoft Planetary Computer,ASF Global 30m HAND v1,OpenStreetMap contributors / ODbL
MY_N13845846105,101.8388119,3.394645,UNKNOWN,287.66494204245873,0.0,3.6043540755201633,12.04758519229697,,166.4438000510595,,,693.6746826171875,Pahang,node,13845846105,,OpenStreetMap contributors / ODbL,Copernicus DEM GLO-30 via Microsoft Planetary Computer,ASF Global 30m HAND v1,OpenStreetMap contributors / ODbL
MY_N13845846092,101.8428594,3.3887505,UNKNOWN,676.7487922073456,238.939697266,2.6459390176206457,6.6456445272090265,,879.0013260777291,,,950.6100463867188,Pahang,node,13845846092,,OpenStreetMap contributors / ODbL,Copernicus DEM GLO-30 via Microsoft Planetary Computer,ASF Global 30m HAND v1,OpenStreetMap contributors / ODbL
MY_N4200388722,101.8567242,2.8444311,UNKNOWN,441.85899273916215,44.047786713,0.9353504662400522,12.501305082902629,,839.5808620623313,,,102.29940032958984,Negeri Sembilan,node,4200388722,,OpenStreetMap contributors / ODbL,Copernicus DEM GLO-30 via Microsoft Planetary Computer,ASF Global 30m HAND v1,OpenStreetMap contributors / ODbL
MY_W1366117482,101.8567788,3.3348904,UNKNOWN,203.0221463566747,32.882793427,7.765699876014262,12.301540318778812,,1275.5265702991524,,,470.21905517578125,Pahang,way,1366117482,,OpenStreetMap contributors / ODbL,Copernicus DEM GLO-30 via Microsoft Planetary Computer,ASF Global 30m HAND v1,OpenStreetMap contributors / ODbL
MY_N6142258135,101.8628592,5.7434028,UNKNOWN,197.18371019988257,0.556141555,0.5737034110492195,2.012611772904519,,562.8524766495898,,,48.374114990234375,Kelantan,node,6142258135,,OpenStreetMap contributors / ODbL,Copernicus DEM GLO-30 via Microsoft Planetary Computer,ASF Global 30m HAND v1,OpenStreetMap contributors / ODbL
MY_N2425808221,101.8887794,5.8202187,UNKNOWN,133.75600268105055,9.582755089,2.3337407121401044,4.4295921147660815,,962.7131428428096,,,46.838714599609375,Kelantan,node,2425808221,,OpenStreetMap contributors / ODbL,Copernicus DEM GLO-30 via Microsoft Planetary Computer,ASF Global 30m HAND v1,OpenStreetMap contributors / ODbL
MY_N8084941767,101.890946,3.5737303,UNKNOWN,134.46002571063616,11.155761719,24.045316186275553,32.19446370426381,,1017.2164363017965,,,137.883056640625,Pahang,node,8084941767,,OpenStreetMap contributors / ODbL,Copernicus DEM GLO-30 via Microsoft Planetary Computer,ASF Global 30m HAND v1,OpenStreetMap contributors / ODbL
MY_W1288067099,101.8994611,3.100753,UNKNOWN,131.79417208221292,4.011088371,3.2942309045345084,3.4918641544678852,,3694.6863021005365,,,138.05101013183594,Selangor,way,1288067099,,OpenStreetMap contributors / ODbL,Copernicus DEM GLO-30 via Microsoft Planetary Computer,ASF Global 30m HAND v1,OpenStreetMap contributors / ODbL
MY_N11257618116,101.8995995,3.5326965,UNKNOWN,122.40566830300341,1.193349123,1.484096797537155,2.8382295892625913,,714.3313270229637,,,99.60549926757812,Pahang,node,11257618116,,OpenStreetMap contributors / ODbL,Copernicus DEM GLO-30 via Microsoft Planetary Computer,ASF Global 30m HAND v1,OpenStreetMap contributors / ODbL
MY_N11985118591,101.9034652,2.8131318,UNKNOWN,243.5873511454861,12.492243767,10.505174677378116,13.675272475314022,,177.85714478779948,,,74.05766296386719,Negeri Sembilan,node,11985118591,,OpenStreetMap contributors / ODbL,Copernicus DEM GLO-30 via Microsoft Planetary Computer,ASF Global 30m HAND v1,OpenStreetMap contributors / ODbL
MY_N7848117182,101.9086553,5.4450595,UNKNOWN,299.6596537480243,26.428466797,7.534488890472833,11.378133184401625,,11768.784085214054,,,89.00643920898438,Kelantan,node,7848117182,,OpenStreetMap contributors / ODbL,Copernicus DEM GLO-30 via Microsoft Planetary Computer,ASF Global 30m HAND v1,OpenStreetMap contributors / ODbL
MY_N14060840318,101.9100508,2.5770638,UNKNOWN,4307.5969084457765,5e-05,4.282187727199174,5.8902651333844895,,1751.7344431461522,,,25.683975219726562,Negeri Sembilan,node,14060840318,,OpenStreetMap contributors / ODbL,Copernicus DEM GLO-30 via Microsoft Planetary Computer,ASF Global 30m HAND v1,OpenStreetMap contributors / ODbL
MY_N11189951508,101.9226336,2.7786229,UNKNOWN,1411.9776653009387,117.220046997,3.211327808570278,7.03398112051613,,860.2694721185636,,,355.4237365722656,Negeri Sembilan,node,11189951508,,OpenStreetMap contributors / ODbL,Copernicus DEM GLO-30 via Microsoft Planetary Computer,ASF Global 30m HAND v1,OpenStreetMap contributors / ODbL
MY_N11189951504,101.9228824,2.7827743,UNKNOWN,1088.9147825367022,223.128479004,10.373428813407864,15.397814762634681,,1166.243712760035,,,411.6972961425781,Negeri Sembilan,node,11189951504,,OpenStreetMap contributors / ODbL,Copernicus DEM GLO-30 via Microsoft Planetary Computer,ASF Global 30m HAND v1,OpenStreetMap contributors / ODbL
MY_N9126977972,101.9431391,2.7453539,UNKNOWN,236.13058606953444,74.121490479,14.054336317047602,26.056579991083666,,134.84895612005494,,,137.19256591796875,Negeri Sembilan,node,9126977972,,OpenStreetMap contributors / ODbL,Copernicus DEM GLO-30 via Microsoft Planetary Computer,ASF Global 30m HAND v1,OpenStreetMap contributors / ODbL
MY_N9126977973,101.9433135,2.7450056,UNKNOWN,208.69427915645088,65.685157776,8.008334292135363,19.295227801740218,,145.93657707992637,,,138.17715454101562,Negeri Sembilan,node,9126977973,,OpenStreetMap contributors / ODbL,Copernicus DEM GLO-30 via Microsoft Planetary Computer,ASF Global 30m HAND v1,OpenStreetMap contributors / ODbL
MY_N8735935858,101.9433671,3.8116888,UNKNOWN,293.80132022369116,35.616672516,5.444197044018517,8.296122731398103,,6429.75391175663,,,175.9193115234375,Pahang,node,8735935858,,OpenStreetMap contributors / ODbL,Copernicus DEM GLO-30 via Microsoft Planetary Computer,ASF Global 30m HAND v1,OpenStreetMap contributors / ODbL
MY_N8434323581,101.9581997,4.8728922,UNKNOWN,155.5891613958067,71.859375,6.810362155255521,13.322325290085775,,994.9459731740786,,,167.3958282470703,Kelantan,node,8434323581,,OpenStreetMap contributors / ODbL,Copernicus DEM GLO-30 via Microsoft Planetary Computer,ASF Global 30m HAND v1,OpenStreetMap contributors / ODbL
MY_N8434323582,101.9585055,4.8726357,UNKNOWN,194.1093888880212,74.656433105,4.246812909937761,10.708991260905089,,1036.8647501128555,,,170.57913208007812,Kelantan,node,8434323582,,OpenStreetMap contributors / ODbL,Copernicus DEM GLO-30 via Microsoft Planetary Computer,ASF Global 30m HAND v1,OpenStreetMap contributors / ODbL
MY_N3901579555,101.9774743,3.4726038,UNKNOWN,132.10271324461985,0.0001,4.490603941364232,5.416879254583255,,739.5320626398814,,,85.17572784423828,Pahang,node,3901579555,,OpenStreetMap contributors / ODbL,Copernicus DEM GLO-30 via Microsoft Planetary Computer,ASF Global 30m HAND v1,OpenStreetMap contributors / ODbL
MY_W1367367946,101.9803974,3.1161464,UNKNOWN,218.0739979233164,54.878868103,11.927500801022862,16.825111478512216,,12134.93035531374,,,420.230224609375,Negeri Sembilan,way,1367367946,,OpenStreetMap contributors / ODbL,Copernicus DEM GLO-30 via Microsoft Planetary Computer,ASF Global 30m HAND v1,OpenStreetMap contributors / ODbL
MY_N5510158257,101.9828201,4.525199,UNKNOWN,663.9580995164695,0.735318899,7.497395669237174,15.963710909190397,,1031.5010055473017,,,139.8623809814453,Pahang,node,5510158257,,OpenStreetMap contributors / ODbL,Copernicus DEM GLO-30 via Microsoft Planetary Computer,ASF Global 30m HAND v1,OpenStreetMap contributors / ODbL
MY_N8261057768,101.9864006,2.7237368,UNKNOWN,270.6414143161029,38.692878723,0.5398641739006449,9.925977355381077,,914.8501069721835,,,97.91572570800781,Negeri Sembilan,node,8261057768,,OpenStreetMap contributors / ODbL,Copernicus DEM GLO-30 via Microsoft Planetary Computer,ASF Global 30m HAND v1,OpenStreetMap contributors / ODbL
MY_N5510158263,101.9881137,4.5455919,UNKNOWN,2114.6659098989194,2e-05,7.742280467782386,10.27765511224518,,170.80900846052617,,,139.546630859375,Pahang,node,5510158263,,OpenStreetMap contributors / ODbL,Copernicus DEM GLO-30 via Microsoft Planetary Computer,ASF Global 30m HAND v1,OpenStreetMap contributors / ODbL
MY_N5510158299,101.9958541,4.6172322,UNKNOWN,1454.3140367863007,27.958208084,10.57345897313408,13.937296951698519,,245.36651125710594,,,180.01223754882812,Pahang,node,5510158299,,OpenStreetMap contributors / ODbL,Copernicus DEM GLO-30 via Microsoft Planetary Computer,ASF Global 30m HAND v1,OpenStreetMap contributors / ODbL
MY_N5510158305,101.9970148,4.6541355,UNKNOWN,17.726511378851498,0.0,4.017211223001343,4.864628946305133,,642.118046304941,,,144.08248901367188,Pahang,node,5510158305,,OpenStreetMap contributors / ODbL,Copernicus DEM GLO-30 via Microsoft Planetary Computer,ASF Global 30m HAND v1,OpenStreetMap contributors / ODbL
MY_N3901579514,101.9988157,3.4450014,UNKNOWN,167.93292134420446,0.0,4.779786581051286,17.92726199552026,,276.885817198906,,,87.51448822021484,Pahang,node,3901579514,,OpenStreetMap contributors / ODbL,Copernicus DEM GLO-30 via Microsoft Planetary Computer,ASF Global 30m HAND v1,OpenStreetMap contributors / ODbL
MY_N8259081451,101.9993929,2.7845892,UNKNOWN,179.99087487198565,38.912940979,11.95940283158058,20.57408253414593,,1571.397648365674,,,128.42788696289062,Negeri Sembilan,node,8259081451,,OpenStreetMap contributors / ODbL,Copernicus DEM GLO-30 via Microsoft Planetary Computer,ASF Global 30m HAND v1,OpenStreetMap contributors / ODbL
MY_N5510158307,102.0105994,4.692216,UNKNOWN,2866.54916730128,45.733360291,14.331779927709807,18.36409957290016,,3199.249410104216,,,203.44720458984375,Pahang,node,5510158307,,OpenStreetMap contributors / ODbL,Copernicus DEM GLO-30 via Microsoft Planetary Computer,ASF Global 30m HAND v1,OpenStreetMap contributors / ODbL
MY_N9006098842,102.0134667,2.4804372,UNKNOWN,130.91337265639214,2.453376055,1.66883983460334,2.3559625021279773,,3472.713806323738,,,3.969058036804199,Negeri Sembilan,node,9006098842,,OpenStreetMap contributors / ODbL,Copernicus DEM GLO-30 via Microsoft Planetary Computer,ASF Global 30m HAND v1,OpenStreetMap contributors / ODbL
MY_W1368598193,102.0186947,3.1495206,UNKNOWN,120.13396664470099,17.89988327,11.25650153548223,16.867333534412424,,16118.220274082802,,,220.15951538085938,Negeri Sembilan,way,1368598193,,OpenStreetMap contributors / ODbL,Copernicus DEM GLO-30 via Microsoft Planetary Computer,ASF Global 30m HAND v1,OpenStreetMap contributors / ODbL
MY_N8032528770,102.0293762,2.6388333,UNKNOWN,50.91579292752151,5e-05,0.9202348568030182,4.388430088119512,,1807.9131473030845,,,57.78138732910156,Negeri Sembilan,node,8032528770,,OpenStreetMap contributors / ODbL,Copernicus DEM GLO-30 via Microsoft Planetary Computer,ASF Global 30m HAND v1,OpenStreetMap contributors / ODbL
MY_N5742976628,102.0414806,3.082494,UNKNOWN,121.46554664151249,7e-05,1.6950113764278207,10.40866100359227,,8593.519054451936,,,223.75535583496094,Negeri Sembilan,node,5742976628,,OpenStreetMap contributors / ODbL,Copernicus DEM GLO-30 via Microsoft Planetary Computer,ASF Global 30m HAND v1,OpenStreetMap contributors / ODbL
MY_W1368699691,102.0417357,3.0823885,UNKNOWN,152.0931016452011,1.074083805,10.007388395860719,18.725013240358685,,8566.113119496255,,,226.9619140625,Negeri Sembilan,way,1368699691,,OpenStreetMap contributors / ODbL,Copernicus DEM GLO-30 via Microsoft Planetary Computer,ASF Global 30m HAND v1,OpenStreetMap contributors / ODbL
MY_W1368623543,102.0541587,3.0941233,UNKNOWN,57.90682083450006,3.929769516,4.286548995223384,8.848431790121586,,8844.16675018506,,,187.85836791992188,Negeri Sembilan,way,1368623543,,OpenStreetMap contributors / ODbL,Copernicus DEM GLO-30 via Microsoft Planetary Computer,ASF Global 30m HAND v1,OpenStreetMap contributors / ODbL
MY_N9621355555,102.0638971,4.018178,UNKNOWN,4951.236864340355,0.0,0.6363026302625386,6.018629528533848,,10422.623240573737,,,113.1280746459961,Pahang,node,9621355555,,OpenStreetMap contributors / ODbL,Copernicus DEM GLO-30 via Microsoft Planetary Computer,ASF Global 30m HAND v1,OpenStreetMap contributors / ODbL
MY_N11241526897,102.0660862,2.8424309,UNKNOWN,224.07807962680303,204.948120117,4.548630789466677,7.670110014882753,,5576.841270956281,,,1126.6143798828125,Negeri Sembilan,node,11241526897,,OpenStreetMap contributors / ODbL,Copernicus DEM GLO-30 via Microsoft Planetary Computer,ASF Global 30m HAND v1,OpenStreetMap contributors / ODbL
MY_N3273231502,102.0684485,2.8401342,UNKNOWN,180.1281453144481,82.2890625,5.93719105773522,13.951462589499592,,5940.659624060498,,,1178.8392333984375,Negeri Sembilan,node,3273231502,,OpenStreetMap contributors / ODbL,Copernicus DEM GLO-30 via Microsoft Planetary Computer,ASF Global 30m HAND v1,OpenStreetMap contributors / ODbL
MY_N11241526902,102.0685083,2.8406963,UNKNOWN,198.03077717755318,92.82409668,7.429268781565369,16.161382278728947,,5897.845820431691,,,1184.73046875,Negeri Sembilan,node,11241526902,,OpenStreetMap contributors / ODbL,Copernicus DEM GLO-30 via Microsoft Planetary Computer,ASF Global 30m HAND v1,OpenStreetMap contributors / ODbL
MY_N3273231509,102.0687982,2.8410357,UNKNOWN,229.38910036783005,189.220397949,5.381816741519828,12.880489183822586,,5890.367889065852,,,1185.9864501953125,Negeri Sembilan,node,3273231509,,OpenStreetMap contributors / ODbL,Copernicus DEM GLO-30 via Microsoft Planetary Computer,ASF Global 30m HAND v1,OpenStreetMap contributors / ODbL
MY_N8752918921,102.0701692,3.4763957,UNKNOWN,853.2385271796604,67.619560242,13.96876364042135,24.5668024814293,,3309.605574129615,,,132.64315795898438,Pahang,node,8752918921,,OpenStreetMap contributors / ODbL,Copernicus DEM GLO-30 via Microsoft Planetary Computer,ASF Global 30m HAND v1,OpenStreetMap contributors / ODbL
MY_W1372701089,102.075091,2.9991953,UNKNOWN,198.844505794239,67.765937805,17.628630979070113,23.463818979495596,,324.2511594864428,,,187.46583557128906,Negeri Sembilan,way,1372701089,,OpenStreetMap contributors / ODbL,Copernicus DEM GLO-30 via Microsoft Planetary Computer,ASF Global 30m HAND v1,OpenStreetMap contributors / ODbL
MY_N4663189043,102.0795322,3.0039068,UNKNOWN,25.580329330064156,6e-05,2.740946085882968,5.555699850316817,,178.5791556736911,,,135.43905639648438,Negeri Sembilan,node,4663189043,,OpenStreetMap contributors / ODbL,Copernicus DEM GLO-30 via Microsoft Planetary Computer,ASF Global 30m HAND v1,OpenStreetMap contributors / ODbL
MY_W1381588641,102.0805655,2.9202534,UNKNOWN,87.61696212258362,10.989981651,12.833106553653309,17.97834612051213,,554.79112990507,,,140.9110870361328,Negeri Sembilan,way,1381588641,,OpenStreetMap contributors / ODbL,Copernicus DEM GLO-30 via Microsoft Planetary Computer,ASF Global 30m HAND v1,OpenStreetMap contributors / ODbL
MY_N10230277433,102.0875326,2.3004561,LTE,550.5898990249236,28.701913834,7.911019805385045,10.025780197178666,,4249.57006756265,,,35.69312286376953,Malacca,node,10230277433,,OpenStreetMap contributors / ODbL,Copernicus DEM GLO-30 via Microsoft Planetary Computer,ASF Global 30m HAND v1,OpenStreetMap contributors / ODbL
MY_N13713417878,102.0962892,6.1726117,UNKNOWN,193.57206380920772,1.332377434,1.1447730735652055,3.03922750924775,,7.675267216187836,,,3.1094634532928467,Kelantan,node,13713417878,,OpenStreetMap contributors / ODbL,Copernicus DEM GLO-30 via Microsoft Planetary Computer,ASF Global 30m HAND v1,OpenStreetMap contributors / ODbL
MY_N8459640140,102.1018384,2.3624477,UNKNOWN,617.1406711380797,10.74855423,5.45861116280015,7.977774445491107,,626.7993162233626,,,27.88218116760254,Malacca,node,8459640140,,OpenStreetMap contributors / ODbL,Copernicus DEM GLO-30 via Microsoft Planetary Computer,ASF Global 30m HAND v1,OpenStreetMap contributors / ODbL
MY_N9038308805,102.1062767,6.2237856,UNKNOWN,108.09965797353787,6.116738319,0.9534226166217602,1.6857959689167212,,5762.763385684216,,,7.263901233673096,Kelantan,node,9038308805,,OpenStreetMap contributors / ODbL,Copernicus DEM GLO-30 via Microsoft Planetary Computer,ASF Global 30m HAND v1,OpenStreetMap contributors / ODbL
MY_N13686660305,102.1070825,6.0985934,UNKNOWN,174.5538216571144,2.132658482,2.0572792724312046,2.810798544825938,,384.4733765791507,,,6.205471515655518,Kelantan,node,13686660305,,OpenStreetMap contributors / ODbL,Copernicus DEM GLO-30 via Microsoft Planetary Computer,ASF Global 30m HAND v1,OpenStreetMap contributors / ODbL
MY_W1533443392,102.1116751,2.7429376,UNKNOWN,434.733006087613,19.065368652,10.108568100119916,15.358541973454994,,409.74037906404317,,,139.7945098876953,Negeri Sembilan,way,1533443392,,OpenStreetMap contributors / ODbL,Copernicus DEM GLO-30 via Microsoft Planetary Computer,ASF Global 30m HAND v1,OpenStreetMap contributors / ODbL
MY_N13712401727,102.1148045,6.1845982,UNKNOWN,32.14553407246192,3.35367918,1.9522335016576462,2.099224278518626,,2427.5454092517384,,,6.031023025512695,Kelantan,node,13712401727,,OpenStreetMap contributors / ODbL,Copernicus DEM GLO-30 via Microsoft Planetary Computer,ASF Global 30m HAND v1,OpenStreetMap contributors / ODbL
MY_N8025981358,102.1225182,2.5700432,UNKNOWN,428.7367607801111,8.098841667,5.2932409198561015,6.046070713831419,,5180.694815357264,,,49.46955871582031,Negeri Sembilan,node,8025981358,,OpenStreetMap contributors / ODbL,Copernicus DEM GLO-30 via Microsoft Planetary Computer,ASF Global 30m HAND v1,OpenStreetMap contributors / ODbL
MY_N8025859449,102.1352046,2.5438688,UNKNOWN,213.43985812821367,0.356512129,3.583639946447842,6.976055757230883,,6833.810146887366,,,33.97290802001953,Negeri Sembilan,node,8025859449,,OpenStreetMap contributors / ODbL,Copernicus DEM GLO-30 via Microsoft Planetary Computer,ASF Global 30m HAND v1,OpenStreetMap contributors / ODbL
MY_N13663195383,102.1379419,6.0378544,UNKNOWN,515.014026427348,5e-05,1.5271776805691957,3.349261538590544,,989.133543996749,,,10.231841087341309,Kelantan,node,13663195383,,OpenStreetMap contributors / ODbL,Copernicus DEM GLO-30 via Microsoft Planetary Computer,ASF Global 30m HAND v1,OpenStreetMap contributors / ODbL
MY_N13663195381,102.1382296,6.0384245,UNKNOWN,517.2647724630006,2e-05,0.47377352802799183,1.5331406671132142,,982.9464712833698,,,9.443615913391113,Kelantan,node,13663195381,,OpenStreetMap contributors / ODbL,Copernicus DEM GLO-30 via Microsoft Planetary Computer,ASF Global 30m HAND v1,OpenStreetMap contributors / ODbL
MY_N13663195382,102.1385213,6.0375723,UNKNOWN,444.0980741291971,1.443868399,1.7158258441381686,6.035621435977631,,1059.7754644363165,,,12.784003257751465,Kelantan,node,13663195382,,OpenStreetMap contributors / ODbL,Copernicus DEM GLO-30 via Microsoft Planetary Computer,ASF Global 30m HAND v1,OpenStreetMap contributors / ODbL
MY_N13663195380,102.1388049,6.0381578,UNKNOWN,447.7654053628371,4e-05,1.78481789440232,3.0278639730020998,,1052.8396964234366,,,9.62939739227295,Kelantan,node,13663195380,,OpenStreetMap contributors / ODbL,Copernicus DEM GLO-30 via Microsoft Planetary Computer,ASF Global 30m HAND v1,OpenStreetMap contributors / ODbL
MY_N4193669752,102.1425314,2.8376094,UNKNOWN,105.10054296021985,8e-05,20.72375912779292,25.81916855944991,,9804.671080793343,,,188.84219360351562,Negeri Sembilan,node,4193669752,,OpenStreetMap contributors / ODbL,Copernicus DEM GLO-30 via Microsoft Planetary Computer,ASF Global 30m HAND v1,OpenStreetMap contributors / ODbL
MY_W1383475622,102.1433258,2.82303,UNKNOWN,156.27440182525262,14.192764282,7.243241753166092,16.759826389911538,,8193.503374265676,,,199.12278747558594,Negeri Sembilan,way,1383475622,,OpenStreetMap contributors / ODbL,Copernicus DEM GLO-30 via Microsoft Planetary Computer,ASF Global 30m HAND v1,OpenStreetMap contributors / ODbL
MY_W1491528657,102.1472093,6.0494193,UNKNOWN,67.67179533622469,4.032878876,6.961236927961377,6.22054120371892,,1104.9956354140909,,,15.162487983703613,Kelantan,way,1491528657,,OpenStreetMap contributors / ODbL,Copernicus DEM GLO-30 via Microsoft Planetary Computer,ASF Global 30m HAND v1,OpenStreetMap contributors / ODbL
MY_N8778604184,102.1539366,5.8020298,UNKNOWN,372.26533123514594,67.843093872,9.762118214429858,14.986168252746536,,2820.2455383342185,,,92.62533569335938,Kelantan,node,8778604184,,OpenStreetMap contributors / ODbL,Copernicus DEM GLO-30 via Microsoft Planetary Computer,ASF Global 30m HAND v1,OpenStreetMap contributors / ODbL
MY_N8348937880,102.155495,3.5189226,UNKNOWN,372.0086111848642,13.442264557,13.689176681703747,18.941147450196862,,2628.339124600302,,,70.35089111328125,Pahang,node,8348937880,,OpenStreetMap contributors / ODbL,Copernicus DEM GLO-30 via Microsoft Planetary Computer,ASF Global 30m HAND v1,OpenStreetMap contributors / ODbL
MY_N8277786902,102.15579,2.789047,UNKNOWN,124.17784826371434,20.03077507,14.450090267658032,21.178688189016576,,4680.626309870945,,,132.57061767578125,Negeri Sembilan,node,8277786902,,OpenStreetMap contributors / ODbL,Copernicus DEM GLO-30 via Microsoft Planetary Computer,ASF Global 30m HAND v1,OpenStreetMap contributors / ODbL
MY_N13686353602,102.158998,6.1108076,UNKNOWN,148.25024107809284,7.515048504,7.524315124191929,8.952763915611524,,679.1981070574202,,,11.563521385192871,Kelantan,node,13686353602,,OpenStreetMap contributors / ODbL,Copernicus DEM GLO-30 via Microsoft Planetary Computer,ASF Global 30m HAND v1,OpenStreetMap contributors / ODbL
MY_N13678931196,102.1599555,6.0760992,UNKNOWN,680.623425415437,6.713637352,6.760137909597767,10.64379502944772,,177.46929450466496,,,18.192697525024414,Kelantan,node,13678931196,,OpenStreetMap contributors / ODbL,Copernicus DEM GLO-30 via Microsoft Planetary Computer,ASF Global 30m HAND v1,OpenStreetMap contributors / ODbL
MY_N8780937436,102.1606421,2.463295,UNKNOWN,2737.477051387289,71.178771973,11.782015174755264,26.18342162944035,,69.23495483801746,,,151.54888916015625,Malacca,node,8780937436,,OpenStreetMap contributors / ODbL,Copernicus DEM GLO-30 via Microsoft Planetary Computer,ASF Global 30m HAND v1,OpenStreetMap contributors / ODbL
MY_N8780937437,102.1608755,2.4632414,UNKNOWN,2712.7799979111974,90.540031433,3.8538389902434624,15.344793345541156,,78.98354568747037,,,153.30191040039062,Malacca,node,8780937437,,OpenStreetMap contributors / ODbL,Copernicus DEM GLO-30 via Microsoft Planetary Computer,ASF Global 30m HAND v1,OpenStreetMap contributors / ODbL
MY_N8780937438,102.1612644,2.4631182,UNKNOWN,2669.5493894406104,102.860542297,7.551866671843887,18.028390779161736,,92.05036216284195,,,154.34307861328125,Malacca,node,8780937438,,OpenStreetMap contributors / ODbL,Copernicus DEM GLO-30 via Microsoft Planetary Computer,ASF Global 30m HAND v1,OpenStreetMap contributors / ODbL
MY_N8025609742,102.1620703,2.5143433,UNKNOWN,67.84486465274641,0.00017,5.40789920468761,7.762505573466978,,2415.0479582447883,,,30.168861389160156,Negeri Sembilan,node,8025609742,,OpenStreetMap contributors / ODbL,Copernicus DEM GLO-30 via Microsoft Planetary Computer,ASF Global 30m HAND v1,OpenStreetMap contributors / ODbL
MY_N13805621364,102.1630085,4.1686142,UNKNOWN,839.8139571790375,72.748878479,8.170356043725798,13.663012360921106,,911.2290342757907,,,146.79823303222656,Pahang,node,13805621364,,OpenStreetMap contributors / ODbL,Copernicus DEM GLO-30 via Microsoft Planetary Computer,ASF Global 30m HAND v1,OpenStreetMap contributors / ODbL
MY_N8785448481,102.1753219,3.5072154,UNKNOWN,525.1444019272828,74.018005371,8.112905255940115,19.029130793546045,,1180.8284735622426,,,119.91111755371094,Pahang,node,8785448481,,OpenStreetMap contributors / ODbL,Copernicus DEM GLO-30 via Microsoft Planetary Computer,ASF Global 30m HAND v1,OpenStreetMap contributors / ODbL
MY_W823099395,102.1754758,5.8927879,UNKNOWN,416.07580837953327,198.726333618,8.455193962045778,15.465255627703714,,803.2339502347304,,,220.4384307861328,Kelantan,way,823099395,,OpenStreetMap contributors / ODbL,Copernicus DEM GLO-30 via Microsoft Planetary Computer,ASF Global 30m HAND v1,OpenStreetMap contributors / ODbL
MY_W823097930,102.1755775,5.8933221,UNKNOWN,445.6950733495009,195.649734497,6.847474747563902,11.749128668015956,,781.4320731531675,,,224.8322296142578,Kelantan,way,823097930,,OpenStreetMap contributors / ODbL,Copernicus DEM GLO-30 via Microsoft Planetary Computer,ASF Global 30m HAND v1,OpenStreetMap contributors / ODbL
MY_N13678930905,102.1892104,6.0832097,UNKNOWN,245.9952909771939,9e-05,2.4627236270371062,5.183547960625325,,3256.15836195441,,,9.211156845092773,Kelantan,node,13678930905,,OpenStreetMap contributors / ODbL,Copernicus DEM GLO-30 via Microsoft Planetary Computer,ASF Global 30m HAND v1,OpenStreetMap contributors / ODbL
MY_W1456021260,102.1917375,6.1671926,UNKNOWN,29.427272811537627,5.745458126,2.7141114918215408,7.62274580124356,,322.33743886925544,,,11.800333023071289,Kelantan,way,1456021260,,OpenStreetMap contributors / ODbL,Copernicus DEM GLO-30 via Microsoft Planetary Computer,ASF Global 30m HAND v1,OpenStreetMap contributors / ODbL
MY_N13686353632,102.1918738,6.1023619,UNKNOWN,1284.8698480403878,4.434343815,2.7304197020493084,6.771060937683794,,2503.9307429912005,,,14.790240287780762,Kelantan,node,13686353632,,OpenStreetMap contributors / ODbL,Copernicus DEM GLO-30 via Microsoft Planetary Computer,ASF Global 30m HAND v1,OpenStreetMap contributors / ODbL
MY_W1492305145,102.1935689,6.0782089,UNKNOWN,428.4922912577526,1.913880348,2.21014321648548,7.398221369807942,,2795.233464713416,,,12.034333229064941,Kelantan,way,1492305145,,OpenStreetMap contributors / ODbL,Copernicus DEM GLO-30 via Microsoft Planetary Computer,ASF Global 30m HAND v1,OpenStreetMap contributors / ODbL
MY_N3902995326,102.1962234,2.4421983,UNKNOWN,763.865263756054,0.0,10.656621532039681,13.749136005491673,,2215.1957418332204,,,54.06744384765625,Malacca,node,3902995326,,OpenStreetMap contributors / ODbL,Copernicus DEM GLO-30 via Microsoft Planetary Computer,ASF Global 30m HAND v1,OpenStreetMap contributors / ODbL
MY_N3902995325,102.2010363,2.4378872,UNKNOWN,198.30199275688565,8.192797661,10.44317787930749,12.948167218611015,,2126.8386366125833,,,61.058082580566406,Malacca,node,3902995325,,OpenStreetMap contributors / ODbL,Copernicus DEM GLO-30 via Microsoft Planetary Computer,ASF Global 30m HAND v1,OpenStreetMap contributors / ODbL
MY_N8789765101,102.2069718,2.7284827,UNKNOWN,1233.3501482727236,132.873855591,9.870216702490142,15.110645204585358,,1445.9106949434529,,,303.3037414550781,Negeri Sembilan,node,8789765101,,OpenStreetMap contributors / ODbL,Copernicus DEM GLO-30 via Microsoft Planetary Computer,ASF Global 30m HAND v1,OpenStreetMap contributors / ODbL
MY_W818384093,102.2074157,6.1751838,UNKNOWN,105.78564604976438,3.164883137,3.5357833470091817,6.268274805423396,,951.1051934792295,,,6.869184494018555,Kelantan,way,818384093,,OpenStreetMap contributors / ODbL,Copernicus DEM GLO-30 via Microsoft Planetary Computer,ASF Global 30m HAND v1,OpenStreetMap contributors / ODbL
MY_N13685405063,102.208124,6.0940688,UNKNOWN,465.38284957939635,0.490641713,1.139385743354006,2.0295797254060806,,2339.788301466817,,,9.950823783874512,Kelantan,node,13685405063,,OpenStreetMap contributors / ODbL,Copernicus DEM GLO-30 via Microsoft Planetary Computer,ASF Global 30m HAND v1,OpenStreetMap contributors / ODbL
MY_N3902995324,102.2162259,2.4202146,UNKNOWN,1182.4287989403667,29.987873077,11.065192057192057,15.47473847615197,,448.85822125945975,,,64.11671447753906,Malacca,node,3902995324,,OpenStreetMap contributors / ODbL,Copernicus DEM GLO-30 via Microsoft Planetary Computer,ASF Global 30m HAND v1,OpenStreetMap contributors / ODbL
MY_N4958058752,102.2176615,2.2252589,UNKNOWN,152.93710868433357,0.00011,0.15636339856506914,0.4720320909226672,,668.062489283553,,,2.7052371501922607,Malacca,node,4958058752,,OpenStreetMap contributors / ODbL,Copernicus DEM GLO-30 via Microsoft Planetary Computer,ASF Global 30m HAND v1,OpenStreetMap contributors / ODbL
MY_N12546408507,102.2191319,6.1450017,UNKNOWN,115.69567503177086,0.218657941,0.8611659059485282,1.7161269429422694,,829.9250440619772,,,3.6370737552642822,Kelantan,node,12546408507,,OpenStreetMap contributors / ODbL,Copernicus DEM GLO-30 via Microsoft Planetary Computer,ASF Global 30m HAND v1,OpenStreetMap contributors / ODbL
MY_N12546408513,102.2191384,6.1447278,UNKNOWN,102.293123567099,0.848398924,1.2816175297189423,1.6525027460333728,,859.5181556819317,,,4.352715015411377,Kelantan,node,12546408513,,OpenStreetMap contributors / ODbL,Copernicus DEM GLO-30 via Microsoft Planetary Computer,ASF Global 30m HAND v1,OpenStreetMap contributors / ODbL
MY_W810687871,102.2194581,6.1678487,UNKNOWN,92.79878133135902,2.118937254,3.7048302851278714,9.257779359832533,,73.16683030697405,,,6.489018440246582,Kelantan,way,810687871,,OpenStreetMap contributors / ODbL,Copernicus DEM GLO-30 via Microsoft Planetary Computer,ASF Global 30m HAND v1,OpenStreetMap contributors / ODbL
MY_N13459535295,102.2201461,5.7758643,UNKNOWN,617.5309761815354,0.843482018,1.510033306721509,2.4580757683240075,,4845.246167976909,,,33.65511703491211,Kelantan,node,13459535295,,OpenStreetMap contributors / ODbL,Copernicus DEM GLO-30 via Microsoft Planetary Computer,ASF Global 30m HAND v1,OpenStreetMap contributors / ODbL
MY_N11972377225,102.2207205,2.3960456,UNKNOWN,1533.918439676658,7.513917923,5.716122189523985,7.73209373718113,,591.3144057289036,,,44.366050720214844,Malacca,node,11972377225,,OpenStreetMap contributors / ODbL,Copernicus DEM GLO-30 via Microsoft Planetary Computer,ASF Global 30m HAND v1,OpenStreetMap contributors / ODbL
MY_N4963875869,102.2212032,2.2046536,UNKNOWN,127.758731272126,0.984634876,0.9093355485534562,2.1005443032083435,,2166.9262109475894,,,3.518723726272583,Malacca,node,4963875869,,OpenStreetMap contributors / ODbL,Copernicus DEM GLO-30 via Microsoft Planetary Computer,ASF Global 30m HAND v1,OpenStreetMap contributors / ODbL
MY_W1312628412,102.2214485,6.1929173,UNKNOWN,234.9704593075545,13.967719078,0.9587684429712521,4.619921577652143,,1937.229555092553,,,12.250113487243652,Kelantan,way,1312628412,,OpenStreetMap contributors / ODbL,Copernicus DEM GLO-30 via Microsoft Planetary Computer,ASF Global 30m HAND v1,OpenStreetMap contributors / ODbL
MY_N8791272543,102.222172,3.0824944,UNKNOWN,528.1909224631229,105.708061218,13.284072132472616,26.464368934586044,,11789.517919589007,,,184.1038360595703,Negeri Sembilan,node,8791272543,,OpenStreetMap contributors / ODbL,Copernicus DEM GLO-30 via Microsoft Planetary Computer,ASF Global 30m HAND v1,OpenStreetMap contributors / ODbL
MY_N4970042970,102.2241064,2.2372975,UNKNOWN,23.99626955429619,2e-05,4.3487267413877415,4.031210779748512,,566.4162925295271,,,3.1489462852478027,Malacca,node,4970042970,,OpenStreetMap contributors / ODbL,Copernicus DEM GLO-30 via Microsoft Planetary Computer,ASF Global 30m HAND v1,OpenStreetMap contributors / ODbL
MY_W822583264,102.2256564,6.1571549,UNKNOWN,75.0583621969935,3e-05,1.7087929425916717,3.276032968523777,,580.2603038921037,,,4.811470985412598,Kelantan,way,822583264,,OpenStreetMap contributors / ODbL,Copernicus DEM GLO-30 via Microsoft Planetary Computer,ASF Global 30m HAND v1,OpenStreetMap contributors / ODbL
MY_W822583298,102.2271557,6.1584945,UNKNOWN,208.38415153596193,0.584443092,1.6599335477049932,2.359434681189384,,758.0866123688844,,,6.226498603820801,Kelantan,way,822583298,,OpenStreetMap contributors / ODbL,Copernicus DEM GLO-30 via Microsoft Planetary Computer,ASF Global 30m HAND v1,OpenStreetMap contributors / ODbL
MY_W818064274,102.2279743,6.1457951,UNKNOWN,143.40722455389354,0.544655859,1.7256641762714306,2.1901182027449164,,80.24867224246098,,,6.8800272941589355,Kelantan,way,818064274,,OpenStreetMap contributors / ODbL,Copernicus DEM GLO-30 via Microsoft Planetary Computer,ASF Global 30m HAND v1,OpenStreetMap contributors / ODbL
MY_N6555076109,102.2284758,2.2109123,UNKNOWN,239.53216164737262,0.285161555,0.8984779623502915,1.9678642006396045,,1399.7329388790545,,,3.844067096710205,Malacca,node,6555076109,,OpenStreetMap contributors / ODbL,Copernicus DEM GLO-30 via Microsoft Planetary Computer,ASF Global 30m HAND v1,OpenStreetMap contributors / ODbL
MY_N4970042971,102.2290275,2.2530514,UNKNOWN,45.66595500118215,3.814925671,3.0878435317950648,5.749429558566482,,191.82707026870187,,,7.357536315917969,Malacca,node,4970042971,,OpenStreetMap contributors / ODbL,Copernicus DEM GLO-30 via Microsoft Planetary Computer,ASF Global 30m HAND v1,OpenStreetMap contributors / ODbL
MY_N9324749766,102.2291325,6.113531,UNKNOWN,263.78181981984676,7.793384075,2.5403702385382,3.959893504523134,,278.96654303510905,,,9.13644790649414,Kelantan,node,9324749766,,OpenStreetMap contributors / ODbL,Copernicus DEM GLO-30 via Microsoft Planetary Computer,ASF Global 30m HAND v1,OpenStreetMap contributors / ODbL
MY_W1492798729,102.2294182,6.0803849,UNKNOWN,280.65536356746395,0.792657077,1.037929746352933,5.233147781650608,,563.1798300221217,,,12.761359214782715,Kelantan,way,1492798729,,OpenStreetMap contributors / ODbL,Copernicus DEM GLO-30 via Microsoft Planetary Computer,ASF Global 30m HAND v1,OpenStreetMap contributors / ODbL
MY_W1311799403,102.2308312,6.1744125,UNKNOWN,205.67674948459023,4e-05,2.110866289459361,3.0989226112057757,,334.63431383197616,,,5.48801851272583,Kelantan,way,1311799403,,OpenStreetMap contributors / ODbL,Copernicus DEM GLO-30 via Microsoft Planetary Computer,ASF Global 30m HAND v1,OpenStreetMap contributors / ODbL
MY_W1386907231,102.231525,3.8121878,UNKNOWN,130.72509224589703,20.159757614,16.541331102542845,23.508408862223387,,20000.0,,,103.89949798583984,Pahang,way,1386907231,,OpenStreetMap contributors / ODbL,Copernicus DEM GLO-30 via Microsoft Planetary Computer,ASF Global 30m HAND v1,OpenStreetMap contributors / ODbL
MY_N5012069413,102.2319071,2.2576023,UNKNOWN,345.74384807810935,4e-05,2.256480448368872,4.787184067372031,,435.62573477184196,,,4.180050373077393,Malacca,node,5012069413,,OpenStreetMap contributors / ODbL,Copernicus DEM GLO-30 via Microsoft Planetary Computer,ASF Global 30m HAND v1,OpenStreetMap contributors / ODbL
MY_N5723067598,102.2346931,2.2764296,UNKNOWN,186.3657540908823,0.189043552,0.8000643977304669,1.6510521794207282,,1141.9232081532323,,,6.079797744750977,Malacca,node,5723067598,,OpenStreetMap contributors / ODbL,Copernicus DEM GLO-30 via Microsoft Planetary Computer,ASF Global 30m HAND v1,OpenStreetMap contributors / ODbL
MY_N3813367954,102.2362701,6.0856106,UNKNOWN,393.6178197252226,4e-05,1.4146470427697608,2.2757180453279378,,1002.3309134028498,,,8.924051284790039,Kelantan,node,3813367954,,OpenStreetMap contributors / ODbL,Copernicus DEM GLO-30 via Microsoft Planetary Computer,ASF Global 30m HAND v1,OpenStreetMap contributors / ODbL
MY_N1870943138,102.2402559,6.1276433,UNKNOWN,356.35310163688905,0.0,0.8030600694900106,5.498760607469293,,152.02678998684578,,,10.501018524169922,Kelantan,node,1870943138,,OpenStreetMap contributors / ODbL,Copernicus DEM GLO-30 via Microsoft Planetary Computer,ASF Global 30m HAND v1,OpenStreetMap contributors / ODbL
MY_N4970042972,102.2413536,2.1988836,UNKNOWN,296.7832250032051,1.237371922,1.4499787171428884,2.724344967251173,,223.6094848354897,,,6.351186752319336,Malacca,node,4970042972,,OpenStreetMap contributors / ODbL,Copernicus DEM GLO-30 via Microsoft Planetary Computer,ASF Global 30m HAND v1,OpenStreetMap contributors / ODbL
MY_N4999309149,102.2430114,2.2656262,UNKNOWN,349.4852042048485,0.19542183,0.6118287200755975,1.9447602488336653,,830.6138344143848,,,5.75435209274292,Malacca,node,4999309149,,OpenStreetMap contributors / ODbL,Copernicus DEM GLO-30 via Microsoft Planetary Computer,ASF Global 30m HAND v1,OpenStreetMap contributors / ODbL
MY_N1869579109,102.2433544,6.1095082,UNKNOWN,719.7412621546038,4e-05,2.5842424935713453,3.077567769879865,,162.13273779530508,,,8.954225540161133,Kelantan,node,1869579109,,OpenStreetMap contributors / ODbL,Copernicus DEM GLO-30 via Microsoft Planetary Computer,ASF Global 30m HAND v1,OpenStreetMap contributors / ODbL
MY_N8794834933,102.2435921,2.7438965,UNKNOWN,407.4107494926775,81.292610168,2.9510429899528052,3.3301491634700864,,419.50914796278784,,,168.50787353515625,Negeri Sembilan,node,8794834933,,OpenStreetMap contributors / ODbL,Copernicus DEM GLO-30 via Microsoft Planetary Computer,ASF Global 30m HAND v1,OpenStreetMap contributors / ODbL
MY_N8794834932,102.2436672,2.7443465,UNKNOWN,372.1768876293296,85.888725281,5.15605103971453,6.493030330478019,,369.8681866341588,,,170.23321533203125,Negeri Sembilan,node,8794834932,,OpenStreetMap contributors / ODbL,Copernicus DEM GLO-30 via Microsoft Planetary Computer,ASF Global 30m HAND v1,OpenStreetMap contributors / ODbL
MY_N8794834931,102.2442412,2.7446252,UNKNOWN,393.4926729543479,93.432067871,5.957577294415528,10.083021334876905,,340.9561879866685,,,174.05174255371094,Negeri Sembilan,node,8794834931,,OpenStreetMap contributors / ODbL,Copernicus DEM GLO-30 via Microsoft Planetary Computer,ASF Global 30m HAND v1,OpenStreetMap contributors / ODbL
MY_N4970042973,102.2453539,2.1932634,UNKNOWN,40.90397312791721,4e-05,2.9332908766474874,5.33253039511442,,194.58745951124874,,,1.3254576921463013,Malacca,node,4970042973,,OpenStreetMap contributors / ODbL,Copernicus DEM GLO-30 via Microsoft Planetary Computer,ASF Global 30m HAND v1,OpenStreetMap contributors / ODbL
MY_N11972345281,102.2462389,2.3636043,UNKNOWN,1708.2762569529616,3.391704559,1.9010819751125005,3.1871455287862327,,1209.2985110501788,,,38.6661491394043,Malacca,node,11972345281,,OpenStreetMap contributors / ODbL,Copernicus DEM GLO-30 via Microsoft Planetary Computer,ASF Global 30m HAND v1,OpenStreetMap contributors / ODbL
MY_N13679676092,102.2463287,6.0782416,UNKNOWN,900.6578899352521,0.00019,1.149833971318656,2.0580178090727728,,472.1697890566038,,,5.789081573486328,Kelantan,node,13679676092,,OpenStreetMap contributors / ODbL,Copernicus DEM GLO-30 via Microsoft Planetary Computer,ASF Global 30m HAND v1,OpenStreetMap contributors / ODbL
MY_N3902995323,102.2500109,2.3606057,UNKNOWN,1584.3760156244853,27.213624954,3.918019814969153,6.74884077052236,,1649.3087928660138,,,49.918155670166016,Malacca,node,3902995323,,OpenStreetMap contributors / ODbL,Copernicus DEM GLO-30 via Microsoft Planetary Computer,ASF Global 30m HAND v1,OpenStreetMap contributors / ODbL
MY_N13700552576,102.2501937,2.1934554,UNKNOWN,190.6484912967201,19.256782532,10.38194404904654,15.568176191782515,,279.43518867494015,,,21.561738967895508,Malacca,node,13700552576,,OpenStreetMap contributors / ODbL,Copernicus DEM GLO-30 via Microsoft Planetary Computer,ASF Global 30m HAND v1,OpenStreetMap contributors / ODbL
MY_N9099933246,102.25034,2.3298373,UNKNOWN,751.0149738034913,2.803562403,8.365100665037108,11.557503219123918,,333.1482170111139,,,15.022846221923828,Malacca,node,9099933246,,OpenStreetMap contributors / ODbL,Copernicus DEM GLO-30 via Microsoft Planetary Computer,ASF Global 30m HAND v1,OpenStreetMap contributors / ODbL
MY_W1529662867,102.2537846,2.555214,UNKNOWN,889.5332841862501,16.82529068,7.17540572482851,12.470085377943278,,878.0973363556496,,,141.7523193359375,Negeri Sembilan,way,1529662867,,OpenStreetMap contributors / ODbL,Copernicus DEM GLO-30 via Microsoft Planetary Computer,ASF Global 30m HAND v1,OpenStreetMap contributors / ODbL
MY_N13953354888,102.2572241,2.1919846,UNKNOWN,127.96383664138266,8e-05,1.250052799791576,2.889913878678382,,139.5244117489544,,,4.2280988693237305,Malacca,node,13953354888,,OpenStreetMap contributors / ODbL,Copernicus DEM GLO-30 via Microsoft Planetary Computer,ASF Global 30m HAND v1,OpenStreetMap contributors / ODbL
MY_N13701267976,102.2577301,6.1411195,UNKNOWN,63.79896542878789,0.890725911,1.943769190895803,2.815907344750746,,1229.4167154234472,,,5.5035176277160645,Kelantan,node,13701267976,,OpenStreetMap contributors / ODbL,Copernicus DEM GLO-30 via Microsoft Planetary Computer,ASF Global 30m HAND v1,OpenStreetMap contributors / ODbL
MY_N13919815292,102.258565,2.1930121,UNKNOWN,23.526686837451276,0.226436645,1.4145290470210596,1.6545042244977148,,58.09741405192772,,,4.3219709396362305,Malacca,node,13919815292,,OpenStreetMap contributors / ODbL,Copernicus DEM GLO-30 via Microsoft Planetary Computer,ASF Global 30m HAND v1,OpenStreetMap contributors / ODbL
MY_N13659918586,102.2609997,6.0422775,UNKNOWN,125.78820772103673,3e-05,2.2608762759411283,3.025161024003221,,2662.753156032238,,,9.498586654663086,Kelantan,node,13659918586,,OpenStreetMap contributors / ODbL,Copernicus DEM GLO-30 via Microsoft Planetary Computer,ASF Global 30m HAND v1,OpenStreetMap contributors / ODbL
MY_N13116648924,102.261292,2.1888219,UNKNOWN,60.107713762832915,2e-05,0.20475579348111625,1.7993946885006313,,187.93391401632053,,,3.7372186183929443,Malacca,node,13116648924,,OpenStreetMap contributors / ODbL,Copernicus DEM GLO-30 via Microsoft Planetary Computer,ASF Global 30m HAND v1,OpenStreetMap contributors / ODbL
MY_N13977483959,102.263451,2.193727,UNKNOWN,549.2840517306229,1.095000863,0.7457180019475463,1.835439880140043,,204.13616976825182,,,5.268110752105713,Malacca,node,13977483959,,OpenStreetMap contributors / ODbL,Copernicus DEM GLO-30 via Microsoft Planetary Computer,ASF Global 30m HAND v1,OpenStreetMap contributors / ODbL
MY_N14017332911,102.2637598,2.1982743,UNKNOWN,471.4473736945374,4.081522465,1.3881178739461013,1.8445365717015751,,96.38636995624161,,,8.176192283630371,Malacca,node,14017332911,,OpenStreetMap contributors / ODbL,Copernicus DEM GLO-30 via Microsoft Planetary Computer,ASF Global 30m HAND v1,OpenStreetMap contributors / ODbL
MY_N13057626241,102.2683489,2.1823015,UNKNOWN,124.1215951688688,0.55192554,2.029013515650617,2.8286874679830416,,264.4256366003716,,,2.666563034057617,,node,13057626241,,OpenStreetMap contributors / ODbL,Copernicus DEM GLO-30 via Microsoft Planetary Computer,ASF Global 30m HAND v1,OpenStreetMap contributors / ODbL
MY_N9038308804,102.2723576,6.1035156,UNKNOWN,294.8695254251654,0.234574452,1.0261612586300966,1.8252724653580146,,827.6830223648616,,,6.499085903167725,Kelantan,node,9038308804,,OpenStreetMap contributors / ODbL,Copernicus DEM GLO-30 via Microsoft Planetary Computer,ASF Global 30m HAND v1,OpenStreetMap contributors / ODbL
MY_N3902995322,102.275311,2.3339164,UNKNOWN,1003.5278408318796,10.1378479,10.683059058546576,11.885896897676316,,983.499957368581,,,33.42403793334961,Malacca,node,3902995322,,OpenStreetMap contributors / ODbL,Copernicus DEM GLO-30 via Microsoft Planetary Computer,ASF Global 30m HAND v1,OpenStreetMap contributors / ODbL
MY_N3902995321,102.2754446,2.3335827,UNKNOWN,1013.7697022383893,7.916725159,13.158548371358552,14.787623437273155,,1005.6690121480452,,,36.66015625,Malacca,node,3902995321,,OpenStreetMap contributors / ODbL,Copernicus DEM GLO-30 via Microsoft Planetary Computer,ASF Global 30m HAND v1,OpenStreetMap contributors / ODbL
MY_N9038308801,102.2767657,6.1926766,UNKNOWN,400.40258885217236,4.236937046,2.753664536211106,3.3292380595081466,,2851.9183646549345,,,5.725997447967529,Kelantan,node,9038308801,,OpenStreetMap contributors / ODbL,Copernicus DEM GLO-30 via Microsoft Planetary Computer,ASF Global 30m HAND v1,OpenStreetMap contributors / ODbL
MY_W1318445327,102.2788623,5.7059408,UNKNOWN,1762.0588577606025,230.665908813,12.538985184521023,17.783430807969854,,2679.279757063949,,,564.1069946289062,Kelantan,way,1318445327,,OpenStreetMap contributors / ODbL,Copernicus DEM GLO-30 via Microsoft Planetary Computer,ASF Global 30m HAND v1,OpenStreetMap contributors / ODbL
MY_W1318445329,102.2820996,5.7061868,UNKNOWN,1787.0074979995015,259.740142822,20.021800778131663,26.743832545677932,,2774.287574570568,,,600.6515502929688,Kelantan,way,1318445329,,OpenStreetMap contributors / ODbL,Copernicus DEM GLO-30 via Microsoft Planetary Computer,ASF Global 30m HAND v1,OpenStreetMap contributors / ODbL
MY_W1318445322,102.2825221,5.7060594,UNKNOWN,1796.8700054872613,270.31350708,8.53828638169909,16.712977763656838,,2803.142621677149,,,611.8822631835938,Kelantan,way,1318445322,,OpenStreetMap contributors / ODbL,Copernicus DEM GLO-30 via Microsoft Planetary Computer,ASF Global 30m HAND v1,OpenStreetMap contributors / ODbL
MY_W1318445328,102.2828225,5.70582,UNKNOWN,1821.0842126836285,241.87612915,4.109302077619856,9.79496156317447,,2839.1925957994354,,,614.57421875,Kelantan,way,1318445328,,OpenStreetMap contributors / ODbL,Copernicus DEM GLO-30 via Microsoft Planetary Computer,ASF Global 30m HAND v1,OpenStreetMap contributors / ODbL
MY_N4951837872,102.2833679,2.2439557,UNKNOWN,1110.605964014171,140.223114014,4.072467379847173,6.978313070079975,,731.6473004664449,,,155.3156280517578,Malacca,node,4951837872,,OpenStreetMap contributors / ODbL,Copernicus DEM GLO-30 via Microsoft Planetary Computer,ASF Global 30m HAND v1,OpenStreetMap contributors / ODbL
MY_N11142031514,102.283659,2.2442216,UNKNOWN,1115.5576444239748,127.617172241,5.374383586052928,10.974653824731726,,697.4812421003872,,,156.99026489257812,Malacca,node,11142031514,,OpenStreetMap contributors / ODbL,Copernicus DEM GLO-30 via Microsoft Planetary Computer,ASF Global 30m HAND v1,OpenStreetMap contributors / ODbL
MY_N13710652786,102.285332,6.1820255,UNKNOWN,218.1431085055885,0.00019,2.2326037297213293,2.9180048045318574,,3222.093490906738,,,3.4743854999542236,Kelantan,node,13710652786,,OpenStreetMap contributors / ODbL,Copernicus DEM GLO-30 via Microsoft Planetary Computer,ASF Global 30m HAND v1,OpenStreetMap contributors / ODbL
MY_N13682521098,102.2865142,6.0679857,UNKNOWN,785.6248684746604,2.074329853,9.198064931048014,11.95955188930575,,213.82751816370597,,,7.129545211791992,Kelantan,node,13682521098,,OpenStreetMap contributors / ODbL,Copernicus DEM GLO-30 via Microsoft Planetary Computer,ASF Global 30m HAND v1,OpenStreetMap contributors / ODbL
MY_N6251035648,102.2898482,6.0035848,UNKNOWN,381.13241673316685,2e-05,0.6105121188436955,1.1608921319100716,,1789.9373887528732,,,10.63261604309082,Kelantan,node,6251035648,,OpenStreetMap contributors / ODbL,Copernicus DEM GLO-30 via Microsoft Planetary Computer,ASF Global 30m HAND v1,OpenStreetMap contributors / ODbL
MY_N8920295576,102.2928603,5.9637529,UNKNOWN,508.29783933797984,0.175720021,1.4679619388320355,2.8372196440340542,,6193.548792711935,,,12.310561180114746,Kelantan,node,8920295576,,OpenStreetMap contributors / ODbL,Copernicus DEM GLO-30 via Microsoft Planetary Computer,ASF Global 30m HAND v1,OpenStreetMap contributors / ODbL
MY_N9038308802,102.2941384,6.1185464,UNKNOWN,301.6253030441218,4e-05,0.8919955974676855,2.0920193785052574,,277.6787056964975,,,5.817286491394043,Kelantan,node,9038308802,,OpenStreetMap contributors / ODbL,Copernicus DEM GLO-30 via Microsoft Planetary Computer,ASF Global 30m HAND v1,OpenStreetMap contributors / ODbL
MY_N8962634816,102.2946448,6.0225351,UNKNOWN,524.7203279482844,2.054579735,3.0266289087174063,4.232548618457697,,986.9172247405672,,,10.392930030822754,Kelantan,node,8962634816,,OpenStreetMap contributors / ODbL,Copernicus DEM GLO-30 via Microsoft Planetary Computer,ASF Global 30m HAND v1,OpenStreetMap contributors / ODbL
MY_N13682521114,102.2981375,6.0739788,UNKNOWN,245.18724090471193,1.944583416,2.15196822680736,3.330526661449646,,305.6237411534353,,,9.424355506896973,Kelantan,node,13682521114,,OpenStreetMap contributors / ODbL,Copernicus DEM GLO-30 via Microsoft Planetary Computer,ASF Global 30m HAND v1,OpenStreetMap contributors / ODbL
MY_N13682149677,102.3027711,6.0858215,UNKNOWN,549.475965086093,6.490563869,8.168173468927918,8.894480102338346,,702.3964947639558,,,13.181206703186035,Kelantan,node,13682149677,,OpenStreetMap contributors / ODbL,Copernicus DEM GLO-30 via Microsoft Planetary Computer,ASF Global 30m HAND v1,OpenStreetMap contributors / ODbL
MY_N6721910508,102.309297,2.3123864,UNKNOWN,984.1323855511076,41.141716003,3.998548315709596,11.563664999483589,,277.78791680968504,,,84.5268325805664,Malacca,node,6721910508,,OpenStreetMap contributors / ODbL,Copernicus DEM GLO-30 via Microsoft Planetary Computer,ASF Global 30m HAND v1,OpenStreetMap contributors / ODbL
MY_N6721910509,102.3106458,2.3126984,UNKNOWN,956.4879408200353,20.895961761,10.428866681913258,12.568432708787634,,301.9070748776229,,,63.23447799682617,Malacca,node,6721910509,,OpenStreetMap contributors / ODbL,Copernicus DEM GLO-30 via Microsoft Planetary Computer,ASF Global 30m HAND v1,OpenStreetMap contributors / ODbL
MY_N8923088437,102.3141235,5.9237707,UNKNOWN,219.89795270626814,2.064116478,1.0557592028904956,1.9843805572210627,,11012.144341037043,,,11.573058128356934,Kelantan,node,8923088437,,OpenStreetMap contributors / ODbL,Copernicus DEM GLO-30 via Microsoft Planetary Computer,ASF Global 30m HAND v1,OpenStreetMap contributors / ODbL
MY_N14089499502,102.3156935,2.3090572,UNKNOWN,402.09692324404705,28.554384232,3.629170602680945,6.604951043893403,,887.6536177235319,,,66.63343811035156,Malacca,node,14089499502,,OpenStreetMap contributors / ODbL,Copernicus DEM GLO-30 via Microsoft Planetary Computer,ASF Global 30m HAND v1,OpenStreetMap contributors / ODbL
MY_N8330712478,102.319264,3.5271977,UNKNOWN,179.99414451971586,31.285755157,3.4315743826433627,9.150170475662343,,2423.3279425724068,,,70.92552185058594,Pahang,node,8330712478,,OpenStreetMap contributors / ODbL,Copernicus DEM GLO-30 via Microsoft Planetary Computer,ASF Global 30m HAND v1,OpenStreetMap contributors / ODbL
MY_N9810551836,102.3202888,4.0414614,UNKNOWN,338.94941509211026,71.072898865,4.68736613382163,15.622788659755138,,1236.961942592469,,,127.13043975830078,Pahang,node,9810551836,,OpenStreetMap contributors / ODbL,Copernicus DEM GLO-30 via Microsoft Planetary Computer,ASF Global 30m HAND v1,OpenStreetMap contributors / ODbL
MY_N8813291617,102.3208142,6.1227382,UNKNOWN,824.2691687789359,1.24709785,0.10276533415697565,3.4192177370551926,,636.1697737234396,,,5.30565071105957,Kelantan,node,8813291617,,OpenStreetMap contributors / ODbL,Copernicus DEM GLO-30 via Microsoft Planetary Computer,ASF Global 30m HAND v1,OpenStreetMap contributors / ODbL
MY_N5821570253,102.3224759,2.3810007,UNKNOWN,318.7924861350935,31.656455994,8.184346919703628,11.255298586833362,,2354.9761291263726,,,57.60673904418945,Malacca,node,5821570253,,OpenStreetMap contributors / ODbL,Copernicus DEM GLO-30 via Microsoft Planetary Computer,ASF Global 30m HAND v1,OpenStreetMap contributors / ODbL
MY_N5825177638,102.3239814,2.3799909,UNKNOWN,333.13266117876964,17.378002167,3.0732122505866597,5.284109011973687,,2410.0836400337216,,,44.19015884399414,Malacca,node,5825177638,,OpenStreetMap contributors / ODbL,Copernicus DEM GLO-30 via Microsoft Planetary Computer,ASF Global 30m HAND v1,OpenStreetMap contributors / ODbL
MY_N13710662203,102.3262887,6.1751956,UNKNOWN,143.51839277791507,2.642029285,0.4373734995580766,1.2819038362029536,,2662.839881353853,,,2.7909433841705322,Kelantan,node,13710662203,,OpenStreetMap contributors / ODbL,Copernicus DEM GLO-30 via Microsoft Planetary Computer,ASF Global 30m HAND v1,OpenStreetMap contributors / ODbL
MY_N13672724268,102.3285867,6.06627,UNKNOWN,40.48754342173715,3.434886932,3.4025101357409997,5.352398968437752,,16.451154151969288,,,6.406484127044678,Kelantan,node,13672724268,,OpenStreetMap contributors / ODbL,Copernicus DEM GLO-30 via Microsoft Planetary Computer,ASF Global 30m HAND v1,OpenStreetMap contributors / ODbL
MY_N8813215619,102.3298451,6.1391384,UNKNOWN,64.06778220064855,1.065792322,1.5034792086602964,2.2193324477980707,,607.7268903192081,,,4.819957256317139,Kelantan,node,8813215619,,OpenStreetMap contributors / ODbL,Copernicus DEM GLO-30 via Microsoft Planetary Computer,ASF Global 30m HAND v1,OpenStreetMap contributors / ODbL
MY_N8812260333,102.3333008,5.9047793,UNKNOWN,663.6001163226089,78.112472534,19.067350833252345,25.99369717568836,,9349.084436522948,,,88.14202117919922,Kelantan,node,8812260333,,OpenStreetMap contributors / ODbL,Copernicus DEM GLO-30 via Microsoft Planetary Computer,ASF Global 30m HAND v1,OpenStreetMap contributors / ODbL
MY_N6119769616,102.3372062,2.2166295,UNKNOWN,324.6916299139438,2.986425638,3.014568740574239,4.747752769898527,,2328.1888500795494,,,10.605310440063477,Malacca,node,6119769616,,OpenStreetMap contributors / ODbL,Copernicus DEM GLO-30 via Microsoft Planetary Computer,ASF Global 30m HAND v1,OpenStreetMap contributors / ODbL
MY_N8330792847,102.3392022,3.5081229,UNKNOWN,229.30691523011933,26.859458923,7.322220876058091,11.004295739800563,,1472.348746952329,,,63.599327087402344,Pahang,node,8330792847,,OpenStreetMap contributors / ODbL,Copernicus DEM GLO-30 via Microsoft Planetary Computer,ASF Global 30m HAND v1,OpenStreetMap contributors / ODbL
MY_N13684596777,102.3403971,6.1116097,UNKNOWN,330.52859019350285,2.473170042,1.0833225284845258,1.343964263681018,,214.84621654018432,,,5.946444988250732,Kelantan,node,13684596777,,OpenStreetMap contributors / ODbL,Copernicus DEM GLO-30 via Microsoft Planetary Computer,ASF Global 30m HAND v1,OpenStreetMap contributors / ODbL
MY_N9810551665,102.3468315,4.129615,UNKNOWN,472.47830287901957,2.917109013,7.901985695726665,11.421797651278911,,9602.973847214642,,,66.65423583984375,Pahang,node,9810551665,,OpenStreetMap contributors / ODbL,Copernicus DEM GLO-30 via Microsoft Planetary Computer,ASF Global 30m HAND v1,OpenStreetMap contributors / ODbL
MY_N13690665303,102.3509571,3.930209,UNKNOWN,576.7961195724346,60.389450073,7.962168922457823,12.500930691238107,,2623.8862088088013,,,171.4503173828125,Pahang,node,13690665303,,OpenStreetMap contributors / ODbL,Copernicus DEM GLO-30 via Microsoft Planetary Computer,ASF Global 30m HAND v1,OpenStreetMap contributors / ODbL
MY_N5991228999,102.351307,2.1960143,UNKNOWN,490.4244608066271,9.564545631,9.195950268988305,12.823020628957558,,3578.369129737016,,,19.59455680847168,Malacca,node,5991228999,,OpenStreetMap contributors / ODbL,Copernicus DEM GLO-30 via Microsoft Planetary Computer,ASF Global 30m HAND v1,OpenStreetMap contributors / ODbL
MY_N13691070933,102.3513628,3.9291109,UNKNOWN,518.6233912778779,104.193466187,5.424701885675696,9.079854663962669,,2637.9497136090504,,,170.84701538085938,Pahang,node,13691070933,,OpenStreetMap contributors / ODbL,Copernicus DEM GLO-30 via Microsoft Planetary Computer,ASF Global 30m HAND v1,OpenStreetMap contributors / ODbL
MY_N3901607133,102.3685479,3.7082483,UNKNOWN,119.64775765953888,1.207495451,2.796257626272993,5.211840716190198,,15472.950583544463,,,48.97339630126953,Pahang,node,3901607133,,OpenStreetMap contributors / ODbL,Copernicus DEM GLO-30 via Microsoft Planetary Computer,ASF Global 30m HAND v1,OpenStreetMap contributors / ODbL
MY_N8948810495,102.3700985,2.326583,UNKNOWN,405.76963766346154,14.502376556,2.6758140454432358,5.4254929414936415,,200.5713481429941,,,48.91312789916992,Malacca,node,8948810495,,OpenStreetMap contributors / ODbL,Copernicus DEM GLO-30 via Microsoft Planetary Computer,ASF Global 30m HAND v1,OpenStreetMap contributors / ODbL
MY_N8948862269,102.3709863,2.3273629,UNKNOWN,279.9587565221355,10.020620346,3.9701850186628573,6.644872885976401,,294.27143255124196,,,44.26082992553711,Malacca,node,8948862269,,OpenStreetMap contributors / ODbL,Copernicus DEM GLO-30 via Microsoft Planetary Computer,ASF Global 30m HAND v1,OpenStreetMap contributors / ODbL
MY_N9038308803,102.3738037,6.0132321,UNKNOWN,227.06701212548953,0.409826279,1.3349884495220532,2.8516970533073134,,1011.0370110857378,,,4.652894020080566,Kelantan,node,9038308803,,OpenStreetMap contributors / ODbL,Copernicus DEM GLO-30 via Microsoft Planetary Computer,ASF Global 30m HAND v1,OpenStreetMap contributors / ODbL
MY_W968313453,102.3744967,3.4730679,UNKNOWN,583.8017906972254,39.288646698,0.6740968292605494,1.3664229576063098,,1897.8254486520377,,,75.06732177734375,Pahang,way,968313453,,OpenStreetMap contributors / ODbL,Copernicus DEM GLO-30 via Microsoft Planetary Computer,ASF Global 30m HAND v1,OpenStreetMap contributors / ODbL
MY_W968313454,102.3746579,3.4724425,UNKNOWN,621.7119710360739,37.768608093,2.894312494343774,4.241123083982505,,1968.6350188519937,,,73.5834732055664,Pahang,way,968313454,,OpenStreetMap contributors / ODbL,Copernicus DEM GLO-30 via Microsoft Planetary Computer,ASF Global 30m HAND v1,OpenStreetMap contributors / ODbL
MY_W968313455,102.3748624,3.472214,UNKNOWN,651.1393698481501,36.334011078,1.6527110228301303,6.311886037063812,,2000.6009476957984,,,73.50515747070312,Pahang,way,968313455,,OpenStreetMap contributors / ODbL,Copernicus DEM GLO-30 via Microsoft Planetary Computer,ASF Global 30m HAND v1,OpenStreetMap contributors / ODbL
MY_N3901607132,102.3748882,3.6809853,UNKNOWN,1141.6466622024386,7.603351593,5.496765030999047,7.485435192667396,,14668.425831486253,,,56.527923583984375,Pahang,node,3901607132,,OpenStreetMap contributors / ODbL,Copernicus DEM GLO-30 via Microsoft Planetary Computer,ASF Global 30m HAND v1,OpenStreetMap contributors / ODbL
MY_N8971151860,102.3796462,6.0930421,UNKNOWN,722.7722282736441,0.00031,0.8114134944269596,1.3522780768023366,,3275.790917136286,,,3.6928443908691406,Kelantan,node,8971151860,,OpenStreetMap contributors / ODbL,Copernicus DEM GLO-30 via Microsoft Planetary Computer,ASF Global 30m HAND v1,OpenStreetMap contributors / ODbL
MY_N3901150079,102.3859743,4.2251523,UNKNOWN,579.7727498624974,5.926590919,5.292036905327019,7.36051386834562,,4729.711167524439,,,75.53514862060547,Pahang,node,3901150079,,OpenStreetMap contributors / ODbL,Copernicus DEM GLO-30 via Microsoft Planetary Computer,ASF Global 30m HAND v1,OpenStreetMap contributors / ODbL
MY_N8971256083,102.3862293,6.0755511,UNKNOWN,377.1149488727258,8e-05,0.5750543142151912,1.327410519586044,,2987.458251678,,,3.7091434001922607,Kelantan,node,8971256083,,OpenStreetMap contributors / ODbL,Copernicus DEM GLO-30 via Microsoft Planetary Computer,ASF Global 30m HAND v1,OpenStreetMap contributors / ODbL
MY_N3901607131,102.3893023,3.5580742,UNKNOWN,856.6552926748867,11.784392357,6.948831530637633,6.698070659879549,,7114.647301146478,,,58.69567108154297,Pahang,node,3901607131,,OpenStreetMap contributors / ODbL,Copernicus DEM GLO-30 via Microsoft Planetary Computer,ASF Global 30m HAND v1,OpenStreetMap contributors / ODbL
MY_N8946302294,102.3959403,2.316202,UNKNOWN,264.87520487390526,9.018131256,3.533455208016512,4.870204787086092,,152.49050064942796,,,37.525291442871094,Malacca,node,8946302294,,OpenStreetMap contributors / ODbL,Copernicus DEM GLO-30 via Microsoft Planetary Computer,ASF Global 30m HAND v1,OpenStreetMap contributors / ODbL
MY_N3901607088,102.3959908,3.5293904,UNKNOWN,1463.6093517724937,18.211488724,6.839136818133725,11.028957815216376,,4227.747611522604,,,65.78692626953125,Pahang,node,3901607088,,OpenStreetMap contributors / ODbL,Copernicus DEM GLO-30 via Microsoft Planetary Computer,ASF Global 30m HAND v1,OpenStreetMap contributors / ODbL
MY_N3901387616,102.3964834,4.350647,UNKNOWN,286.7444687733052,9.24772644,13.57443536042611,17.251488721009007,,7638.378097676277,,,88.95170593261719,Pahang,node,3901387616,,OpenStreetMap contributors / ODbL,Copernicus DEM GLO-30 via Microsoft Planetary Computer,ASF Global 30m HAND v1,OpenStreetMap contributors / ODbL
MY_N3901607068,102.3974706,3.5108301,UNKNOWN,127.97296776658452,20.381315231,7.777500024865073,9.808072359836924,,2456.024102846563,,,58.221214294433594,Pahang,node,3901607068,,OpenStreetMap contributors / ODbL,Copernicus DEM GLO-30 via Microsoft Planetary Computer,ASF Global 30m HAND v1,OpenStreetMap contributors / ODbL
MY_N13858903199,102.3989456,2.812027,UNKNOWN,69.6181427120285,8.783097267,7.192975937270004,9.532550240021164,,215.794923584503,,,64.81466674804688,Negeri Sembilan,node,13858903199,,OpenStreetMap contributors / ODbL,Copernicus DEM GLO-30 via Microsoft Planetary Computer,ASF Global 30m HAND v1,OpenStreetMap contributors / ODbL
MY_N13858903200,102.403795,2.8117677,UNKNOWN,270.4328742491983,7e-05,0.20920596209225895,1.0366710191585626,,469.3486511975432,,,58.918426513671875,Negeri Sembilan,node,13858903200,,OpenStreetMap contributors / ODbL,Copernicus DEM GLO-30 via Microsoft Planetary Computer,ASF Global 30m HAND v1,OpenStreetMap contributors / ODbL
MY_N8015247585,102.4043834,6.0241058,UNKNOWN,435.20566167033036,0.0001,1.6470617835954604,2.076652264869007,,2367.698622033097,,,4.006641387939453,Kelantan,node,8015247585,,OpenStreetMap contributors / ODbL,Copernicus DEM GLO-30 via Microsoft Planetary Computer,ASF Global 30m HAND v1,OpenStreetMap contributors / ODbL
MY_N3902995319,102.4067116,2.1833235,UNKNOWN,1147.158539083896,1.615983009,5.362980007742777,7.3988687192125875,,2825.4513151895617,,,26.96404266357422,Malacca,node,3902995319,,OpenStreetMap contributors / ODbL,Copernicus DEM GLO-30 via Microsoft Planetary Computer,ASF Global 30m HAND v1,OpenStreetMap contributors / ODbL
MY_W1435379188,102.4310979,2.1677668,UNKNOWN,289.34737086026286,8.535242081,0.20008180336207068,1.9083993844986402,,201.78554654901723,,,24.479610443115234,Malacca,way,1435379188,,OpenStreetMap contributors / ODbL,Copernicus DEM GLO-30 via Microsoft Planetary Computer,ASF Global 30m HAND v1,OpenStreetMap contributors / ODbL
MY_N8327095826,102.4388114,3.5136459,UNKNOWN,399.35389236321373,7.180883884,3.255708116164146,5.3476158787882095,,4800.936236246916,,,45.045021057128906,Pahang,node,8327095826,,OpenStreetMap contributors / ODbL,Copernicus DEM GLO-30 via Microsoft Planetary Computer,ASF Global 30m HAND v1,OpenStreetMap contributors / ODbL
MY_N6833359897,102.4399532,2.1497025,UNKNOWN,82.48113848345245,1.693643093,0.4727341128961021,2.8666338619627316,,548.4229278667505,,,8.563963890075684,Malacca,node,6833359897,,OpenStreetMap contributors / ODbL,Copernicus DEM GLO-30 via Microsoft Planetary Computer,ASF Global 30m HAND v1,OpenStreetMap contributors / ODbL
MY_N3902995320,102.4421189,2.2154869,UNKNOWN,1610.2053422644433,5.188355923,5.401873521039017,7.950543793419433,,1982.2633105324594,,,13.097879409790039,Malacca,node,3902995320,,OpenStreetMap contributors / ODbL,Copernicus DEM GLO-30 via Microsoft Planetary Computer,ASF Global 30m HAND v1,OpenStreetMap contributors / ODbL
MY_W1318195110,102.4523178,5.5852587,UNKNOWN,341.6363901073493,13.704813004,4.206205757202822,7.505367421337518,,15710.653473303115,,,44.4344482421875,Terengganu,way,1318195110,,OpenStreetMap contributors / ODbL,Copernicus DEM GLO-30 via Microsoft Planetary Computer,ASF Global 30m HAND v1,OpenStreetMap contributors / ODbL
MY_N8988150886,102.4826807,5.8015601,UNKNOWN,1676.5677969412754,0.0,0.23933820603699166,0.7633609804552539,,2900.9013011536995,,,5.940441608428955,Kelantan,node,8988150886,,OpenStreetMap contributors / ODbL,Copernicus DEM GLO-30 via Microsoft Planetary Computer,ASF Global 30m HAND v1,OpenStreetMap contributors / ODbL
MY_N8988150887,102.4831915,5.8020765,UNKNOWN,1752.0755835127195,0.278146356,0.43325709217130043,0.5215182160721189,,2937.340213897118,,,6.1656413078308105,Kelantan,node,8988150887,,OpenStreetMap contributors / ODbL,Copernicus DEM GLO-30 via Microsoft Planetary Computer,ASF Global 30m HAND v1,OpenStreetMap contributors / ODbL
MY_N8988150888,102.4837146,5.8025765,UNKNOWN,1826.9679793928187,0.421360999,0.42848689971715176,0.519600305063236,,2973.383865575197,,,6.330982208251953,Kelantan,node,8988150888,,OpenStreetMap contributors / ODbL,Copernicus DEM GLO-30 via Microsoft Planetary Computer,ASF Global 30m HAND v1,OpenStreetMap contributors / ODbL
MY_N8988150889,102.4842357,5.8030703,UNKNOWN,1901.5732177838763,0.222836524,0.37612354854679125,1.289866177139426,,3010.5216794963208,,,6.079824924468994,Kelantan,node,8988150889,,OpenStreetMap contributors / ODbL,Copernicus DEM GLO-30 via Microsoft Planetary Computer,ASF Global 30m HAND v1,OpenStreetMap contributors / ODbL
MY_N8988150890,102.4847527,5.8035806,UNKNOWN,1977.9634743984536,0.455525428,0.5953508680338006,1.644898607357937,,3051.1588691633633,,,6.0952653884887695,Kelantan,node,8988150890,,OpenStreetMap contributors / ODbL,Copernicus DEM GLO-30 via Microsoft Planetary Computer,ASF Global 30m HAND v1,OpenStreetMap contributors / ODbL
MY_N8988150892,102.485869,5.8046625,UNKNOWN,2141.980310370211,6e-05,0.2664572059375204,0.833826963573102,,3141.96423464767,,,5.886344909667969,Kelantan,node,8988150892,,OpenStreetMap contributors / ODbL,Copernicus DEM GLO-30 via Microsoft Planetary Computer,ASF Global 30m HAND v1,OpenStreetMap contributors / ODbL
MY_N8988150891,102.4863695,5.8041379,UNKNOWN,2119.5968955404755,4e-05,0.4414802174966618,0.7544967023710122,,3074.8623509768945,,,5.6850175857543945,Kelantan,node,8988150891,,OpenStreetMap contributors / ODbL,Copernicus DEM GLO-30 via Microsoft Planetary Computer,ASF Global 30m HAND v1,OpenStreetMap contributors / ODbL
MY_N11148230157,102.4882203,5.7596883,UNKNOWN,1407.0719418850106,2e-05,0.897593161507277,2.591387965392158,,752.7559745673365,,,8.377955436706543,Terengganu,node,11148230157,,OpenStreetMap contributors / ODbL,Copernicus DEM GLO-30 via Microsoft Planetary Computer,ASF Global 30m HAND v1,OpenStreetMap contributors / ODbL
MY_N8955815813,102.4913317,5.8629103,UNKNOWN,445.95071723596453,0.773618877,0.4768509291528412,2.2380038037908254,,5663.879176898328,,,5.88400411605835,Kelantan,node,8955815813,,OpenStreetMap contributors / ODbL,Copernicus DEM GLO-30 via Microsoft Planetary Computer,ASF Global 30m HAND v1,OpenStreetMap contributors / ODbL
MY_N9040016333,102.5352395,2.2409224,UNKNOWN,1081.1079685815814,56.431106567,13.964052374009588,20.08707032902575,,1029.4967747149456,,,77.7345199584961,Johor,node,9040016333,,OpenStreetMap contributors / ODbL,Copernicus DEM GLO-30 via Microsoft Planetary Computer,ASF Global 30m HAND v1,OpenStreetMap contributors / ODbL
MY_N9040016332,102.5352797,2.2413432,UNKNOWN,1035.9982583862525,51.211925507,14.520933247321926,21.3721178883475,,1019.3793208520088,,,72.10066223144531,Johor,node,9040016332,,OpenStreetMap contributors / ODbL,Copernicus DEM GLO-30 via Microsoft Planetary Computer,ASF Global 30m HAND v1,OpenStreetMap contributors / ODbL
MY_N11099179697,102.5360709,5.8393898,UNKNOWN,27.073250841940368,0.24229075,0.9233053785531714,1.5243588631547724,,206.96331770269214,,,4.146135330200195,Terengganu,node,11099179697,,OpenStreetMap contributors / ODbL,Copernicus DEM GLO-30 via Microsoft Planetary Computer,ASF Global 30m HAND v1,OpenStreetMap contributors / ODbL
MY_N8883327417,102.5506031,5.6838924,UNKNOWN,621.4342835076611,75.292030334,7.555177906130008,11.831542712925513,,1171.2107493808192,,,90.10679626464844,Terengganu,node,8883327417,,OpenStreetMap contributors / ODbL,Copernicus DEM GLO-30 via Microsoft Planetary Computer,ASF Global 30m HAND v1,OpenStreetMap contributors / ODbL
MY_N8370639164,102.564352,2.0452972,UNKNOWN,101.53843682649207,1.924400568,1.3726174003594531,5.694401216144824,,2471.313085906213,,,5.144704341888428,Johor,node,8370639164,,OpenStreetMap contributors / ODbL,Copernicus DEM GLO-30 via Microsoft Planetary Computer,ASF Global 30m HAND v1,OpenStreetMap contributors / ODbL
MY_N13495665455,102.584525,5.6428774,UNKNOWN,117.26125737994441,4.23986721,4.757094815099843,8.191238981028592,,4212.14349899701,,,33.23273468017578,Terengganu,node,13495665455,,OpenStreetMap contributors / ODbL,Copernicus DEM GLO-30 via Microsoft Planetary Computer,ASF Global 30m HAND v1,OpenStreetMap contributors / ODbL
MY_N6034372552,102.5924559,2.0709478,UNKNOWN,80.03443500451839,0.00015,2.849755357998232,4.846622691357547,,889.8821370491586,,,4.142197132110596,Johor,node,6034372552,,OpenStreetMap contributors / ODbL,Copernicus DEM GLO-30 via Microsoft Planetary Computer,ASF Global 30m HAND v1,OpenStreetMap contributors / ODbL
MY_N13495459821,102.6006867,5.6713999,UNKNOWN,481.1777768109776,3.556621313,5.436937700687784,7.595733269735852,,3672.4592727995882,,,15.48366928100586,Terengganu,node,13495459821,,OpenStreetMap contributors / ODbL,Copernicus DEM GLO-30 via Microsoft Planetary Computer,ASF Global 30m HAND v1,OpenStreetMap contributors / ODbL
MY_N8482428335,102.6039655,2.0056211,UNKNOWN,307.05251518274696,1.03509438,0.19901621802346633,0.9249217329770826,,1272.3413675479435,,,4.195658206939697,Johor,node,8482428335,,OpenStreetMap contributors / ODbL,Copernicus DEM GLO-30 via Microsoft Planetary Computer,ASF Global 30m HAND v1,OpenStreetMap contributors / ODbL
MY_N9040016327,102.6067793,2.3702435,UNKNOWN,481.7123361225512,156.226318359,21.664328704429767,31.965949356759804,,3404.8596961899025,,,1192.2261962890625,Johor,node,9040016327,,OpenStreetMap contributors / ODbL,Copernicus DEM GLO-30 via Microsoft Planetary Computer,ASF Global 30m HAND v1,OpenStreetMap contributors / ODbL
MY_N9040016329,102.6070341,2.3702033,UNKNOWN,454.73602002946404,170.772827148,12.90946654030712,23.674180164714212,,3390.704505570755,,,1202.5908203125,Johor,node,9040016329,,OpenStreetMap contributors / ODbL,Copernicus DEM GLO-30 via Microsoft Planetary Computer,ASF Global 30m HAND v1,OpenStreetMap contributors / ODbL
MY_N9040016328,102.6071736,2.3693779,UNKNOWN,467.081416247353,191.143127441,12.889077637522345,21.481835500616977,,3299.8120729760963,,,1184.049072265625,Johor,node,9040016328,,OpenStreetMap contributors / ODbL,Copernicus DEM GLO-30 via Microsoft Planetary Computer,ASF Global 30m HAND v1,OpenStreetMap contributors / ODbL
MY_N9040016326,102.6074311,2.371479,UNKNOWN,404.4547922875484,124.89855957,12.269615684087718,21.034456728086607,,3508.626993225808,,,1208.4886474609375,Johor,node,9040016326,,OpenStreetMap contributors / ODbL,Copernicus DEM GLO-30 via Microsoft Planetary Computer,ASF Global 30m HAND v1,OpenStreetMap contributors / ODbL
MY_W526039065,102.6092866,2.5822859,UNKNOWN,337.42176916060816,9.456430435,7.30933477747423,9.175516811351018,,188.12965280153497,,,40.05382537841797,Negeri Sembilan,way,526039065,,OpenStreetMap contributors / ODbL,Copernicus DEM GLO-30 via Microsoft Planetary Computer,ASF Global 30m HAND v1,OpenStreetMap contributors / ODbL
MY_N13564516539,102.6235136,5.1627896,UNKNOWN,756.9788705575212,24.910686493,1.8443534915983282,16.254163239038224,,158.59781646636938,,,230.31663513183594,Terengganu,node,13564516539,,OpenStreetMap contributors / ODbL,Copernicus DEM GLO-30 via Microsoft Planetary Computer,ASF Global 30m HAND v1,OpenStreetMap contributors / ODbL
MY_N8899877343,102.6454702,2.4615827,UNKNOWN,4381.26903969476,112.947067261,3.483878800901247,17.37978951477402,,2906.7286284533184,,,182.38388061523438,Johor,node,8899877343,,OpenStreetMap contributors / ODbL,Copernicus DEM GLO-30 via Microsoft Planetary Computer,ASF Global 30m HAND v1,OpenStreetMap contributors / ODbL
MY_N8899964140,102.6481765,5.6305335,UNKNOWN,1433.9855054244492,384.720825195,4.725448840156917,15.040864035839762,,5222.81171247062,,,539.837646484375,Terengganu,node,8899964140,,OpenStreetMap contributors / ODbL,Copernicus DEM GLO-30 via Microsoft Planetary Computer,ASF Global 30m HAND v1,OpenStreetMap contributors / ODbL
MY_N8899964135,102.6505798,5.6285636,UNKNOWN,1575.1413493529437,112.85748291,8.876616881094401,13.526364149663797,,4887.304524959346,,,510.01287841796875,Terengganu,node,8899964135,,OpenStreetMap contributors / ODbL,Copernicus DEM GLO-30 via Microsoft Planetary Computer,ASF Global 30m HAND v1,OpenStreetMap contributors / ODbL
MY_N8899990561,102.6506951,5.6308084,UNKNOWN,1328.3551428300154,93.7315979,10.420987655450881,18.481562921333772,,4990.091677077394,,,459.99774169921875,Terengganu,node,8899990561,,OpenStreetMap contributors / ODbL,Copernicus DEM GLO-30 via Microsoft Planetary Computer,ASF Global 30m HAND v1,OpenStreetMap contributors / ODbL
MY_N8899964134,102.6508373,5.6291081,UNKNOWN,1511.25770909623,105.786743164,4.236770956753322,9.121191096399013,,4888.570699274281,,,500.2950744628906,Terengganu,node,8899964134,,OpenStreetMap contributors / ODbL,Copernicus DEM GLO-30 via Microsoft Planetary Computer,ASF Global 30m HAND v1,OpenStreetMap contributors / ODbL
MY_N11190210332,102.6542665,2.2122074,UNKNOWN,704.8922766803265,7.770115852,0.9997728178576442,3.8144315207463637,,261.3331589381636,,,13.766263961791992,Johor,node,11190210332,,OpenStreetMap contributors / ODbL,Copernicus DEM GLO-30 via Microsoft Planetary Computer,ASF Global 30m HAND v1,OpenStreetMap contributors / ODbL
MY_N11190210319,102.6558932,2.2122873,UNKNOWN,878.6726157709371,19.292720795,7.06046187622129,12.48655042865779,,351.6180224291255,,,25.86073112487793,Johor,node,11190210319,,OpenStreetMap contributors / ODbL,Copernicus DEM GLO-30 via Microsoft Planetary Computer,ASF Global 30m HAND v1,OpenStreetMap contributors / ODbL
MY_N8904189343,102.6680034,1.9754631,UNKNOWN,1188.0319889593618,46.792613983,14.231171730136774,19.086901808943004,,1463.5889239579462,,,57.83843231201172,Johor,node,8904189343,,OpenStreetMap contributors / ODbL,Copernicus DEM GLO-30 via Microsoft Planetary Computer,ASF Global 30m HAND v1,OpenStreetMap contributors / ODbL
MY_N13502641928,102.681566,5.6224256,UNKNOWN,156.21387462778776,3e-05,2.9522297102974107,4.359840937404067,,1752.434822414041,,,16.86358070373535,Terengganu,node,13502641928,,OpenStreetMap contributors / ODbL,Copernicus DEM GLO-30 via Microsoft Planetary Computer,ASF Global 30m HAND v1,OpenStreetMap contributors / ODbL
MY_N8456957357,102.7180945,1.9149951,UNKNOWN,223.57042003865322,3e-05,0.8431321214344916,0.9337905033784598,,1023.7512141114587,,,2.4278883934020996,Johor,node,8456957357,,OpenStreetMap contributors / ODbL,Copernicus DEM GLO-30 via Microsoft Planetary Computer,ASF Global 30m HAND v1,OpenStreetMap contributors / ODbL
MY_N13251167214,102.7195205,5.927353,UNKNOWN,3621.6956502967837,99.44896698,4.536904238356659,7.530407645650105,,2.168977032060839,,,99.79705047607422,Terengganu,node,13251167214,,OpenStreetMap contributors / ODbL,Copernicus DEM GLO-30 via Microsoft Planetary Computer,ASF Global 30m HAND v1,OpenStreetMap contributors / ODbL
MY_W1262090419,102.7196708,5.9241136,UNKNOWN,3273.0564024444966,83.888092041,8.589700370561014,11.304030833715297,,15.702619040543789,,,81.5808334350586,Terengganu,way,1262090419,,OpenStreetMap contributors / ODbL,Copernicus DEM GLO-30 via Microsoft Planetary Computer,ASF Global 30m HAND v1,OpenStreetMap contributors / ODbL
MY_N4027233384,102.7302575,5.9004827,UNKNOWN,564.0791755213845,22.678287506,15.904143160245116,23.35120491764352,,2856.879626239632,,,39.78276062011719,Terengganu,node,4027233384,,OpenStreetMap contributors / ODbL,Copernicus DEM GLO-30 via Microsoft Planetary Computer,ASF Global 30m HAND v1,OpenStreetMap contributors / ODbL
MY_N3989115263,102.7414127,5.9014083,UNKNOWN,1582.1290066098447,36.18825531,1.2049901668558378,9.419214217858316,,3467.9683187189003,,,41.97932434082031,Terengganu,node,3989115263,,OpenStreetMap contributors / ODbL,Copernicus DEM GLO-30 via Microsoft Planetary Computer,ASF Global 30m HAND v1,OpenStreetMap contributors / ODbL
MY_N8927264925,102.7423623,3.5015986,UNKNOWN,333.2914611353235,24.209251404,6.288050306119861,10.484871648354499,,6260.910499517889,,,49.4033317565918,Pahang,node,8927264925,,OpenStreetMap contributors / ODbL,Copernicus DEM GLO-30 via Microsoft Planetary Computer,ASF Global 30m HAND v1,OpenStreetMap contributors / ODbL
MY_N8022325824,102.7657706,2.5559468,UNKNOWN,356.0167001259383,7.752975464,6.649122679142431,10.128267061273155,,3284.201580304422,,,21.856210708618164,Johor,node,8022325824,,OpenStreetMap contributors / ODbL,Copernicus DEM GLO-30 via Microsoft Planetary Computer,ASF Global 30m HAND v1,OpenStreetMap contributors / ODbL
MY_N13507319534,102.7715917,5.5593972,UNKNOWN,327.9603073286413,0.299854279,2.163789830667612,3.2165237515906635,,766.3234927749764,,,9.935482025146484,Terengganu,node,13507319534,,OpenStreetMap contributors / ODbL,Copernicus DEM GLO-30 via Microsoft Planetary Computer,ASF Global 30m HAND v1,OpenStreetMap contributors / ODbL
MY_N13564968138,102.775155,5.202117,UNKNOWN,53.794989682600225,4.971589565,4.857493269522834,10.598673851017562,,207.09427685130203,,,206.4436492919922,Terengganu,node,13564968138,,OpenStreetMap contributors / ODbL,Copernicus DEM GLO-30 via Microsoft Planetary Computer,ASF Global 30m HAND v1,OpenStreetMap contributors / ODbL
MY_N610175376,102.7776622,2.1388617,UNKNOWN,309.61165062788336,50.187438965,14.5667868062291,21.156847970444662,,406.1158746517378,,,51.108055114746094,Johor,node,610175376,,OpenStreetMap contributors / ODbL,Copernicus DEM GLO-30 via Microsoft Planetary Computer,ASF Global 30m HAND v1,OpenStreetMap contributors / ODbL
MY_N12383562688,102.7844257,2.5462256,UNKNOWN,379.52070260983754,16.088674545,17.73846966365153,22.88510703578275,,1458.4911504217685,,,42.61603927612305,Johor,node,12383562688,,OpenStreetMap contributors / ODbL,Copernicus DEM GLO-30 via Microsoft Planetary Computer,ASF Global 30m HAND v1,OpenStreetMap contributors / ODbL
MY_N12383562687,102.7875617,2.5555157,UNKNOWN,345.6198535073428,45.820892334,2.6102557191945124,4.068567365579972,,874.3366604526484,,,58.72808074951172,Johor,node,12383562687,,OpenStreetMap contributors / ODbL,Copernicus DEM GLO-30 via Microsoft Planetary Computer,ASF Global 30m HAND v1,OpenStreetMap contributors / ODbL
MY_N8930207046,102.7902374,5.6272561,UNKNOWN,248.18933240558644,4.260315418,4.870162427779362,5.553882651576777,,3905.723636650854,,,5.853395462036133,Terengganu,node,8930207046,,OpenStreetMap contributors / ODbL,Copernicus DEM GLO-30 via Microsoft Planetary Computer,ASF Global 30m HAND v1,OpenStreetMap contributors / ODbL
MY_N13564515921,102.7938607,5.1818586,UNKNOWN,560.5016277203929,8.579742432,3.423602231120929,4.587986284864805,,702.0180079830776,,,184.2945098876953,Terengganu,node,13564515921,,OpenStreetMap contributors / ODbL,Copernicus DEM GLO-30 via Microsoft Planetary Computer,ASF Global 30m HAND v1,OpenStreetMap contributors / ODbL
MY_N8930320928,102.7943426,2.8040999,UNKNOWN,4530.397638042904,206.382980347,6.722734488535177,10.534114338902075,,4182.197521460049,,,263.9825744628906,Pahang,node,8930320928,,OpenStreetMap contributors / ODbL,Copernicus DEM GLO-30 via Microsoft Planetary Computer,ASF Global 30m HAND v1,OpenStreetMap contributors / ODbL
MY_N13186063976,102.8013783,5.0881398,UNKNOWN,627.8545691900475,38.964000702,2.3626802414532895,10.463061259712225,,338.72095545082465,,,184.76792907714844,Terengganu,node,13186063976,,OpenStreetMap contributors / ODbL,Copernicus DEM GLO-30 via Microsoft Planetary Computer,ASF Global 30m HAND v1,OpenStreetMap contributors / ODbL
MY_N8935231315,102.8113487,5.1411795,UNKNOWN,460.23266921846914,94.665763855,2.0740166624206564,7.9521877292122385,,1876.7303948600916,,,228.55023193359375,Terengganu,node,8935231315,,OpenStreetMap contributors / ODbL,Copernicus DEM GLO-30 via Microsoft Planetary Computer,ASF Global 30m HAND v1,OpenStreetMap contributors / ODbL
MY_N8935231314,102.8117162,5.1412116,UNKNOWN,470.08821378600356,87.932510376,3.9346566971034163,10.018329827241413,,1871.4249048830095,,,227.7115478515625,Terengganu,node,8935231314,,OpenStreetMap contributors / ODbL,Copernicus DEM GLO-30 via Microsoft Planetary Computer,ASF Global 30m HAND v1,OpenStreetMap contributors / ODbL
MY_N13544527378,102.8548327,5.4096222,UNKNOWN,105.85262402781053,5e-05,1.8219479063161874,6.878137529519481,,13813.327588664573,,,15.126517295837402,Terengganu,node,13544527378,,OpenStreetMap contributors / ODbL,Copernicus DEM GLO-30 via Microsoft Planetary Computer,ASF Global 30m HAND v1,OpenStreetMap contributors / ODbL
MY_N9040099170,102.8619271,2.4934765,UNKNOWN,1279.7176439907284,23.609262466,6.614465996621105,8.051177116842,,1350.7436860669072,,,41.692161560058594,Johor,node,9040099170,,OpenStreetMap contributors / ODbL,Copernicus DEM GLO-30 via Microsoft Planetary Computer,ASF Global 30m HAND v1,OpenStreetMap contributors / ODbL
MY_W1264795110,102.889236,1.7909437,UNKNOWN,857.793354228605,64.011955261,4.892167484127839,11.35348291832933,,7050.8010603969315,,,71.37789916992188,Johor,way,1264795110,,OpenStreetMap contributors / ODbL,Copernicus DEM GLO-30 via Microsoft Planetary Computer,ASF Global 30m HAND v1,OpenStreetMap contributors / ODbL
MY_N8971623432,102.8949881,5.7921323,UNKNOWN,12590.20656706306,24.067050934,12.639423245115596,17.093086553385227,,20000.0,,,20.815332412719727,Terengganu,node,8971623432,,OpenStreetMap contributors / ODbL,Copernicus DEM GLO-30 via Microsoft Planetary Computer,ASF Global 30m HAND v1,OpenStreetMap contributors / ODbL
MY_N3902995318,102.8982498,2.0747406,UNKNOWN,1763.9482926844219,62.209835052,11.880841873403567,22.744317740033132,,5573.190309180869,,,85.63843536376953,Johor,node,3902995318,,OpenStreetMap contributors / ODbL,Copernicus DEM GLO-30 via Microsoft Planetary Computer,ASF Global 30m HAND v1,OpenStreetMap contributors / ODbL
MY_W1265004387,102.9400687,1.8138865,UNKNOWN,2523.007699748278,207.554229736,6.838337056269538,11.021092620412702,,2824.9606459365336,,,420.2452697753906,Johor,way,1265004387,,OpenStreetMap contributors / ODbL,Copernicus DEM GLO-30 via Microsoft Planetary Computer,ASF Global 30m HAND v1,OpenStreetMap contributors / ODbL
MY_N8647935020,102.9466313,1.8805948,UNKNOWN,39.51877290462108,0.524923861,0.9084296825622082,2.2159352574051296,,1501.0598517926974,,,4.3103766441345215,Johor,node,8647935020,,OpenStreetMap contributors / ODbL,Copernicus DEM GLO-30 via Microsoft Planetary Computer,ASF Global 30m HAND v1,OpenStreetMap contributors / ODbL
MY_N8646761662,102.9485303,1.9071034,UNKNOWN,204.2676600273808,4.844367027,0.3766252841295928,0.7113098931237041,,899.7848398094495,,,7.628222465515137,Johor,node,8646761662,,OpenStreetMap contributors / ODbL,Copernicus DEM GLO-30 via Microsoft Planetary Computer,ASF Global 30m HAND v1,OpenStreetMap contributors / ODbL
MY_N8646761663,102.9489219,1.9065512,UNKNOWN,179.04504106713244,6.08573103,4.656285801586891,5.367528129531329,,842.8818370237725,,,5.3730316162109375,Johor,node,8646761663,,OpenStreetMap contributors / ODbL,Copernicus DEM GLO-30 via Microsoft Planetary Computer,ASF Global 30m HAND v1,OpenStreetMap contributors / ODbL
MY_N8645028382,102.9552747,1.9255855,UNKNOWN,30.89382383693846,2e-05,0.388786690639457,1.5392004066710558,,1958.9330684356858,,,4.361422538757324,Johor,node,8645028382,,OpenStreetMap contributors / ODbL,Copernicus DEM GLO-30 via Microsoft Planetary Computer,ASF Global 30m HAND v1,OpenStreetMap contributors / ODbL
MY_N8979761302,102.9557803,3.1716575,UNKNOWN,1302.4160253433092,236.747940063,9.998200877013147,25.698033256250415,,20000.0,,,480.8224792480469,Pahang,node,8979761302,,OpenStreetMap contributors / ODbL,Copernicus DEM GLO-30 via Microsoft Planetary Computer,ASF Global 30m HAND v1,OpenStreetMap contributors / ODbL
MY_N9040090261,102.9568867,1.8180555,UNKNOWN,1354.138574746611,41.319923401,14.272335160547332,22.1499300759338,,1653.62295637253,,,67.02629852294922,Johor,node,9040090261,,OpenStreetMap contributors / ODbL,Copernicus DEM GLO-30 via Microsoft Planetary Computer,ASF Global 30m HAND v1,OpenStreetMap contributors / ODbL
MY_N3720847447,102.9585298,2.4658459,UNKNOWN,307.40881103311466,6e-05,7.12091093637873,10.615258528264357,,2383.6922070268947,,,32.68531036376953,Johor,node,3720847447,,OpenStreetMap contributors / ODbL,Copernicus DEM GLO-30 via Microsoft Planetary Computer,ASF Global 30m HAND v1,OpenStreetMap contributors / ODbL
MY_N13013877873,102.9646048,4.5517172,UNKNOWN,181.19193136761547,1.581758738,8.52322489580155,12.016343513171108,,20000.0,,,50.021453857421875,Terengganu,node,13013877873,,OpenStreetMap contributors / ODbL,Copernicus DEM GLO-30 via Microsoft Planetary Computer,ASF Global 30m HAND v1,OpenStreetMap contributors / ODbL
MY_N9040032180,102.9675069,1.9493779,UNKNOWN,2407.60696231287,53.252780914,13.83682356617766,21.46403850559468,,2615.453544119088,,,94.76785278320312,Johor,node,9040032180,,OpenStreetMap contributors / ODbL,Copernicus DEM GLO-30 via Microsoft Planetary Computer,ASF Global 30m HAND v1,OpenStreetMap contributors / ODbL
MY_N9040032179,102.9677966,1.9490642,UNKNOWN,2396.980830102754,48.82844162,18.9573591228252,27.696214784841064,,2633.2853642631626,,,87.44855499267578,Johor,node,9040032179,,OpenStreetMap contributors / ODbL,Copernicus DEM GLO-30 via Microsoft Planetary Computer,ASF Global 30m HAND v1,OpenStreetMap contributors / ODbL
MY_N13456366477,102.9813793,4.5585192,UNKNOWN,824.244184064998,27.916038513,12.856003351720013,19.072949295129774,,20000.0,,,94.1556396484375,Terengganu,node,13456366477,,OpenStreetMap contributors / ODbL,Copernicus DEM GLO-30 via Microsoft Planetary Computer,ASF Global 30m HAND v1,OpenStreetMap contributors / ODbL
MY_N8982897335,102.981492,4.9825498,UNKNOWN,1099.6909852428926,36.697814941,10.362003349747532,15.7076649247361,,1415.8427269575272,,,57.32456588745117,Terengganu,node,8982897335,,OpenStreetMap contributors / ODbL,Copernicus DEM GLO-30 via Microsoft Planetary Computer,ASF Global 30m HAND v1,OpenStreetMap contributors / ODbL
MY_N3902995316,102.9823427,2.0648063,UNKNOWN,712.4873622726864,9.895410538,2.4854947695949963,7.658932458943356,,3668.2835938101566,,,15.167804718017578,Johor,node,3902995316,,OpenStreetMap contributors / ODbL,Copernicus DEM GLO-30 via Microsoft Planetary Computer,ASF Global 30m HAND v1,OpenStreetMap contributors / ODbL
MY_N13526011249,102.9949459,4.9018403,UNKNOWN,128.01181362920994,0.920838535,3.1936028452976397,4.373780982135703,,5318.576383762711,,,39.017295837402344,Terengganu,node,13526011249,,OpenStreetMap contributors / ODbL,Copernicus DEM GLO-30 via Microsoft Planetary Computer,ASF Global 30m HAND v1,OpenStreetMap contributors / ODbL
MY_N8987661324,103.0100831,3.4800739,UNKNOWN,854.9082931540138,0.00012,2.4488440561545666,3.450314211449335,,20000.0,,,13.216630935668945,Pahang,node,8987661324,,OpenStreetMap contributors / ODbL,Copernicus DEM GLO-30 via Microsoft Planetary Computer,ASF Global 30m HAND v1,OpenStreetMap contributors / ODbL
MY_N13517883535,103.0113597,5.112393,UNKNOWN,396.01964663852766,2.22603488,6.863843648000208,10.104257295537836,,1831.3914661110293,,,17.216867446899414,Terengganu,node,13517883535,,OpenStreetMap contributors / ODbL,Copernicus DEM GLO-30 via Microsoft Planetary Computer,ASF Global 30m HAND v1,OpenStreetMap contributors / ODbL
MY_N3902995314,103.015054,2.02597,UNKNOWN,1564.2038406592706,9e-05,6.964204022797479,10.334803073297875,,701.4347603177181,,,6.57582950592041,Johor,node,3902995314,,OpenStreetMap contributors / ODbL,Copernicus DEM GLO-30 via Microsoft Planetary Computer,ASF Global 30m HAND v1,OpenStreetMap contributors / ODbL
MY_N3902995315,103.0154596,2.034285,UNKNOWN,915.8850038496453,0.803582668,3.5610118430138513,6.02267944106495,,198.99928696998836,,,8.432384490966797,Johor,node,3902995315,,OpenStreetMap contributors / ODbL,Copernicus DEM GLO-30 via Microsoft Planetary Computer,ASF Global 30m HAND v1,OpenStreetMap contributors / ODbL
MY_N13331200714,103.0164339,5.0700769,UNKNOWN,289.07802409979786,0.0,0.23065284728140328,3.6818742257615047,,1867.9888340848752,,,16.35791015625,Terengganu,node,13331200714,,OpenStreetMap contributors / ODbL,Copernicus DEM GLO-30 via Microsoft Planetary Computer,ASF Global 30m HAND v1,OpenStreetMap contributors / ODbL
MY_N8785281387,103.0313408,1.7369859,UNKNOWN,38.65393140760726,3.439153194,2.9217701453800466,5.726723906195059,,1802.109914585634,,,8.137192726135254,Johor,node,8785281387,,OpenStreetMap contributors / ODbL,Copernicus DEM GLO-30 via Microsoft Planetary Computer,ASF Global 30m HAND v1,OpenStreetMap contributors / ODbL
MY_N13331200716,103.0354353,5.0730585,UNKNOWN,124.48462459084081,0.395081013,3.96244512095216,4.590897127337367,,1224.7245926928917,,,17.700403213500977,Terengganu,node,13331200716,,OpenStreetMap contributors / ODbL,Copernicus DEM GLO-30 via Microsoft Planetary Computer,ASF Global 30m HAND v1,OpenStreetMap contributors / ODbL
MY_N13526994647,103.0404603,4.9636259,UNKNOWN,437.05391512634947,31.916545868,5.198282256374521,6.9179430157351005,,3158.385076542583,,,58.42097473144531,Terengganu,node,13526994647,,OpenStreetMap contributors / ODbL,Copernicus DEM GLO-30 via Microsoft Planetary Computer,ASF Global 30m HAND v1,OpenStreetMap contributors / ODbL
MY_N10701796645,103.0406314,2.2437093,UNKNOWN,246.60008116797914,6e-05,0.5479925406104473,1.1225201446563637,,630.5672742361079,,,15.734696388244629,Johor,node,10701796645,,OpenStreetMap contributors / ODbL,Copernicus DEM GLO-30 via Microsoft Planetary Computer,ASF Global 30m HAND v1,OpenStreetMap contributors / ODbL
MY_N8992708257,103.0419503,5.3417069,UNKNOWN,1503.105526557639,59.055160522,18.9732375801643,33.993122826070255,,393.2353941676553,,,66.37384796142578,Terengganu,node,8992708257,,OpenStreetMap contributors / ODbL,Copernicus DEM GLO-30 via Microsoft Planetary Computer,ASF Global 30m HAND v1,OpenStreetMap contributors / ODbL
MY_N12062187762,103.0439299,4.680182,UNKNOWN,443.55621683101253,50.291362762,8.882058593278497,23.98518045128718,,19150.529554041386,,,86.79132080078125,Terengganu,node,12062187762,,OpenStreetMap contributors / ODbL,Copernicus DEM GLO-30 via Microsoft Planetary Computer,ASF Global 30m HAND v1,OpenStreetMap contributors / ODbL
MY_N3902995313,103.0462236,1.9985676,UNKNOWN,1225.4067901487733,12.81479454,5.93404091528285,7.152200991484669,,896.2871753850764,,,19.38460922241211,Johor,node,3902995313,,OpenStreetMap contributors / ODbL,Copernicus DEM GLO-30 via Microsoft Planetary Computer,ASF Global 30m HAND v1,OpenStreetMap contributors / ODbL
MY_N3902995312,103.0516271,1.9929325,UNKNOWN,607.0431794938752,0.00014,0.9671947275335881,4.383419711038974,,1670.8214897508478,,,8.85292911529541,Johor,node,3902995312,,OpenStreetMap contributors / ODbL,Copernicus DEM GLO-30 via Microsoft Planetary Computer,ASF Global 30m HAND v1,OpenStreetMap contributors / ODbL
MY_W1497883954,103.0548048,3.9284093,UNKNOWN,478.14979342051373,132.424560547,8.135210409158628,13.10097211747724,,2967.769642668957,,,173.64697265625,Pahang,way,1497883954,,OpenStreetMap contributors / ODbL,Copernicus DEM GLO-30 via Microsoft Planetary Computer,ASF Global 30m HAND v1,OpenStreetMap contributors / ODbL
MY_N9040072040,103.0690795,2.0371912,UNKNOWN,1154.0751070969006,20.476503372,11.462521607818541,15.526853238325673,,1478.3542625179705,,,26.262651443481445,Johor,node,9040072040,,OpenStreetMap contributors / ODbL,Copernicus DEM GLO-30 via Microsoft Planetary Computer,ASF Global 30m HAND v1,OpenStreetMap contributors / ODbL
MY_N13331200717,103.0796019,5.0840954,UNKNOWN,707.7855482027641,8.841513634,1.8985154865556708,4.0564010508743085,,2819.6087468271685,,,23.475683212280273,Terengganu,node,13331200717,,OpenStreetMap contributors / ODbL,Copernicus DEM GLO-30 via Microsoft Planetary Computer,ASF Global 30m HAND v1,OpenStreetMap contributors / ODbL
MY_N13331200718,103.0858286,5.1145278,UNKNOWN,222.23247562184036,10.152050972,3.639183189414663,6.412675300590738,,814.8193286440574,,,24.438264846801758,Terengganu,node,13331200718,,OpenStreetMap contributors / ODbL,Copernicus DEM GLO-30 via Microsoft Planetary Computer,ASF Global 30m HAND v1,OpenStreetMap contributors / ODbL
MY_N8998441828,103.0894241,3.0710284,UNKNOWN,1154.7591546085064,199.228256226,1.8646772980929425,5.3623964944751545,,1584.5241130339068,,,237.71534729003906,Pahang,node,8998441828,,OpenStreetMap contributors / ODbL,Copernicus DEM GLO-30 via Microsoft Planetary Computer,ASF Global 30m HAND v1,OpenStreetMap contributors / ODbL
MY_N8998441829,103.0899096,3.0707552,UNKNOWN,1168.7366871621034,206.084091187,8.242021917642653,12.956606893263132,,1592.282365909441,,,241.96917724609375,Pahang,node,8998441829,,OpenStreetMap contributors / ODbL,Copernicus DEM GLO-30 via Microsoft Planetary Computer,ASF Global 30m HAND v1,OpenStreetMap contributors / ODbL
MY_N3902995311,103.1002557,1.9860542,UNKNOWN,2217.6070456801976,15.666020393,14.143196692600846,17.24589746639244,,4143.083554090375,,,25.65406036376953,Johor,node,3902995311,,OpenStreetMap contributors / ODbL,Copernicus DEM GLO-30 via Microsoft Planetary Computer,ASF Global 30m HAND v1,OpenStreetMap contributors / ODbL
MY_W843347331,103.1014438,1.8522964,UNKNOWN,185.73216392338398,3e-05,0.47688631837288864,1.219381541752235,,7.611503768104141,,,1.5514695644378662,Johor,way,843347331,,OpenStreetMap contributors / ODbL,Copernicus DEM GLO-30 via Microsoft Planetary Computer,ASF Global 30m HAND v1,OpenStreetMap contributors / ODbL
MY_W1304274095,103.1063194,4.9985574,UNKNOWN,2756.969378978515,226.498931885,4.927381133385119,7.447225512794979,,9800.424296401705,,,542.3499755859375,Terengganu,way,1304274095,,OpenStreetMap contributors / ODbL,Copernicus DEM GLO-30 via Microsoft Planetary Computer,ASF Global 30m HAND v1,OpenStreetMap contributors / ODbL
MY_N3902995310,103.1087142,1.9767125,UNKNOWN,1607.0610156146433,0.528617144,2.0244666666185056,4.937684918620102,,5462.1736290872705,,,7.94812536239624,Johor,node,3902995310,,OpenStreetMap contributors / ODbL,Copernicus DEM GLO-30 via Microsoft Planetary Computer,ASF Global 30m HAND v1,OpenStreetMap contributors / ODbL
MY_N9003249367,103.1137302,3.4316541,UNKNOWN,4179.277015758948,102.113494873,14.237790656461629,21.66034655547982,,20000.0,,,135.79588317871094,Pahang,node,9003249367,,OpenStreetMap contributors / ODbL,Copernicus DEM GLO-30 via Microsoft Planetary Computer,ASF Global 30m HAND v1,OpenStreetMap contributors / ODbL
MY_N9003249366,103.113859,3.4313944,UNKNOWN,4211.15723868982,106.690887451,9.448919384580183,12.220211428744186,,20000.0,,,140.16867065429688,Pahang,node,9003249366,,OpenStreetMap contributors / ODbL,Copernicus DEM GLO-30 via Microsoft Planetary Computer,ASF Global 30m HAND v1,OpenStreetMap contributors / ODbL
MY_N9003249365,103.1140065,3.4306073,UNKNOWN,4298.559962616198,111.231246948,11.568095011528253,20.38819860067376,,20000.0,,,146.73184204101562,Pahang,node,9003249365,,OpenStreetMap contributors / ODbL,Copernicus DEM GLO-30 via Microsoft Planetary Computer,ASF Global 30m HAND v1,OpenStreetMap contributors / ODbL
MY_N8762031836,103.1265083,1.725207,UNKNOWN,2170.8649052069004,0.929477096,3.565772967670757,5.5704790599287,,665.9812909496783,,,5.730554103851318,Johor,node,8762031836,,OpenStreetMap contributors / ODbL,Copernicus DEM GLO-30 via Microsoft Planetary Computer,ASF Global 30m HAND v1,OpenStreetMap contributors / ODbL
MY_N3902995309,103.1335297,1.9535878,UNKNOWN,515.9787299558358,0.746720016,4.917581139301075,5.3108850976926,,5440.131806770593,,,8.613327026367188,Johor,node,3902995309,,OpenStreetMap contributors / ODbL,Copernicus DEM GLO-30 via Microsoft Planetary Computer,ASF Global 30m HAND v1,OpenStreetMap contributors / ODbL
MY_N9004704904,103.1341316,5.3063655,UNKNOWN,410.753480830539,145.728149414,9.333092357011838,20.570167728642698,,259.35162806362024,,,146.62449645996094,Terengganu,node,9004704904,,OpenStreetMap contributors / ODbL,Copernicus DEM GLO-30 via Microsoft Planetary Computer,ASF Global 30m HAND v1,OpenStreetMap contributors / ODbL
MY_N9004704891,103.1342399,5.3048091,UNKNOWN,385.9770101326291,126.578666687,8.659912632495793,24.41150925573643,,275.4165085640485,,,131.19326782226562,Terengganu,node,9004704891,,OpenStreetMap contributors / ODbL,Copernicus DEM GLO-30 via Microsoft Planetary Computer,ASF Global 30m HAND v1,OpenStreetMap contributors / ODbL
MY_N5991600704,103.1344711,5.3067281,UNKNOWN,391.8581300375721,151.920700073,4.885879180884769,23.3057550675831,,304.2787743884121,,,155.50845336914062,Terengganu,node,5991600704,,OpenStreetMap contributors / ODbL,Copernicus DEM GLO-30 via Microsoft Planetary Computer,ASF Global 30m HAND v1,OpenStreetMap contributors / ODbL
MY_W1270085205,103.1387965,3.7407066,UNKNOWN,1171.6573620937293,158.999526978,3.2703660540749144,12.276272517036423,,858.6386331653847,,,333.84405517578125,Pahang,way,1270085205,,OpenStreetMap contributors / ODbL,Copernicus DEM GLO-30 via Microsoft Planetary Computer,ASF Global 30m HAND v1,OpenStreetMap contributors / ODbL
MY_W1270085203,103.1390593,3.740549,UNKNOWN,1190.0716131461586,189.894241333,10.337510433225015,15.73672324188564,,881.8630851916305,,,329.4373779296875,Pahang,way,1270085203,,OpenStreetMap contributors / ODbL,Copernicus DEM GLO-30 via Microsoft Planetary Computer,ASF Global 30m HAND v1,OpenStreetMap contributors / ODbL
MY_W1270085213,103.1390849,3.73727,UNKNOWN,1086.1326711007357,65.058105469,8.359774037986481,15.104093518597276,,863.3827595875356,,,253.92347717285156,Pahang,way,1270085213,,OpenStreetMap contributors / ODbL,Copernicus DEM GLO-30 via Microsoft Planetary Computer,ASF Global 30m HAND v1,OpenStreetMap contributors / ODbL
MY_W1270085208,103.1393212,3.7403308,UNKNOWN,1206.3232979202587,183.969863892,10.337510433225015,15.73672324188564,,904.1043522580786,,,329.4373779296875,Pahang,way,1270085208,,OpenStreetMap contributors / ODbL,Copernicus DEM GLO-30 via Microsoft Planetary Computer,ASF Global 30m HAND v1,OpenStreetMap contributors / ODbL
MY_N3902995303,103.1911828,1.9229506,UNKNOWN,345.5626721956057,16.078731537,5.131649807929824,9.373396582911692,,1123.229190943807,,,24.27592658996582,Johor,node,3902995303,,OpenStreetMap contributors / ODbL,Copernicus DEM GLO-30 via Microsoft Planetary Computer,ASF Global 30m HAND v1,OpenStreetMap contributors / ODbL
MY_W1098994137,103.2043172,3.7528128,UNKNOWN,202.46929423579243,1.756001234,1.0323192054279027,3.366052913339065,,753.9275284738786,,,15.847289085388184,Pahang,way,1098994137,,OpenStreetMap contributors / ODbL,Copernicus DEM GLO-30 via Microsoft Planetary Computer,ASF Global 30m HAND v1,OpenStreetMap contributors / ODbL
MY_N8805785687,103.2056442,1.6556876,UNKNOWN,575.6371215508357,4e-05,1.6170514530274143,3.4758447775455474,,871.5167447418193,,,2.5902278423309326,Johor,node,8805785687,,OpenStreetMap contributors / ODbL,Copernicus DEM GLO-30 via Microsoft Planetary Computer,ASF Global 30m HAND v1,OpenStreetMap contributors / ODbL
MY_N3902995302,103.222099,1.8971578,UNKNOWN,1211.9421776784927,14.583076477,7.1485032432268225,11.014564378198575,,4730.853544431788,,,37.155540466308594,Johor,node,3902995302,,OpenStreetMap contributors / ODbL,Copernicus DEM GLO-30 via Microsoft Planetary Computer,ASF Global 30m HAND v1,OpenStreetMap contributors / ODbL
MY_N8806058356,103.2552302,1.6483923,UNKNOWN,159.40053972453072,1.37896502,1.589516237014442,2.30427360787305,,2050.246018302498,,,2.920003652572632,Johor,node,8806058356,,OpenStreetMap contributors / ODbL,Copernicus DEM GLO-30 via Microsoft Planetary Computer,ASF Global 30m HAND v1,OpenStreetMap contributors / ODbL
MY_N9040016373,103.2566024,1.9899716,UNKNOWN,354.74591334953664,15.039219856,9.212953510925958,11.787060567645453,,1540.1105336507192,,,47.34513473510742,Johor,node,9040016373,,OpenStreetMap contributors / ODbL,Copernicus DEM GLO-30 via Microsoft Planetary Computer,ASF Global 30m HAND v1,OpenStreetMap contributors / ODbL
MY_N3902995301,103.2569293,1.8774251,UNKNOWN,262.34479330746956,0.273853511,2.2822684335459393,3.5805181688009435,,5284.252168898792,,,12.33582592010498,Johor,node,3902995301,,OpenStreetMap contributors / ODbL,Copernicus DEM GLO-30 via Microsoft Planetary Computer,ASF Global 30m HAND v1,OpenStreetMap contributors / ODbL
MY_N9066954157,103.2588324,2.8747113,UNKNOWN,142.85082995024578,12.203518867,11.282361621722456,15.41266795333298,,20000.0,,,12.76489543914795,Pahang,node,9066954157,,OpenStreetMap contributors / ODbL,Copernicus DEM GLO-30 via Microsoft Planetary Computer,ASF Global 30m HAND v1,OpenStreetMap contributors / ODbL
MY_N13481076521,103.2764117,3.826852,UNKNOWN,233.6142640223834,9.986334801,2.273645466326395,2.364882354094294,,81.31538353349569,,,22.781845092773438,Pahang,node,13481076521,,OpenStreetMap contributors / ODbL,Copernicus DEM GLO-30 via Microsoft Planetary Computer,ASF Global 30m HAND v1,OpenStreetMap contributors / ODbL
MY_N13406960825,103.2785861,3.8719973,NR,459.0556019854605,4.628379822,2.2540972020226615,2.8792090651271627,,46.34348314446942,,,21.735897064208984,Pahang,node,13406960825,,OpenStreetMap contributors / ODbL,Copernicus DEM GLO-30 via Microsoft Planetary Computer,ASF Global 30m HAND v1,OpenStreetMap contributors / ODbL
MY_N9084071195,103.2788604,3.5534465,UNKNOWN,103.17422562504596,3e-05,4.8105031426550955,6.1830285203328605,,7985.705800839062,,,8.230825424194336,Pahang,node,9084071195,,OpenStreetMap contributors / ODbL,Copernicus DEM GLO-30 via Microsoft Planetary Computer,ASF Global 30m HAND v1,OpenStreetMap contributors / ODbL
MY_N13651261629,103.2881711,3.8202293,UNKNOWN,35.900464393738076,0.0,1.5270349130118037,2.3987488455018355,,901.8182745119973,,,8.44051742553711,Pahang,node,13651261629,,OpenStreetMap contributors / ODbL,Copernicus DEM GLO-30 via Microsoft Planetary Computer,ASF Global 30m HAND v1,OpenStreetMap contributors / ODbL
MY_N13522010386,103.2885235,3.8393484,UNKNOWN,358.27820016761683,1.502774596,14.131959383736977,18.550713685598886,,8.87812591762927,,,28.72221565246582,Pahang,node,13522010386,,OpenStreetMap contributors / ODbL,Copernicus DEM GLO-30 via Microsoft Planetary Computer,ASF Global 30m HAND v1,OpenStreetMap contributors / ODbL
MY_N3902995275,103.3123733,1.8009853,UNKNOWN,1470.733778270062,4.659225464,5.5608439588911,6.662915007238731,,1890.8049844764662,,,15.448532104492188,Johor,node,3902995275,,OpenStreetMap contributors / ODbL,Copernicus DEM GLO-30 via Microsoft Planetary Computer,ASF Global 30m HAND v1,OpenStreetMap contributors / ODbL
MY_N13415562182,103.3130743,3.8540917,UNKNOWN,270.85973386315754,3.793313026,3.1024514045259473,5.594336169206523,,137.6864081401655,,,34.607181549072266,Pahang,node,13415562182,,OpenStreetMap contributors / ODbL,Copernicus DEM GLO-30 via Microsoft Planetary Computer,ASF Global 30m HAND v1,OpenStreetMap contributors / ODbL
MY_N13415595016,103.3130799,3.8526911,UNKNOWN,339.048936899309,2.481318712,6.891399165503543,11.821572220993382,,64.42950026689178,,,35.29597473144531,Pahang,node,13415595016,,OpenStreetMap contributors / ODbL,Copernicus DEM GLO-30 via Microsoft Planetary Computer,ASF Global 30m HAND v1,OpenStreetMap contributors / ODbL
MY_N13415562181,103.3140494,3.8539979,UNKNOWN,171.26557259804943,8.170115471,8.992575728950552,11.863543102048625,,148.31958169543043,,,37.44159698486328,Pahang,node,13415562181,,OpenStreetMap contributors / ODbL,Copernicus DEM GLO-30 via Microsoft Planetary Computer,ASF Global 30m HAND v1,OpenStreetMap contributors / ODbL
MY_N13415562180,103.314054,3.8527664,UNKNOWN,254.3130473855846,8.825602531,10.356494950012449,14.442832126365953,,170.91054211089892,,,38.430789947509766,Pahang,node,13415562180,,OpenStreetMap contributors / ODbL,Copernicus DEM GLO-30 via Microsoft Planetary Computer,ASF Global 30m HAND v1,OpenStreetMap contributors / ODbL
MY_N5365310004,103.3184606,3.7976001,UNKNOWN,492.57450306557536,6.517539978,7.024747355977133,9.23465005712792,,214.62012602113333,,,11.224132537841797,Pahang,node,5365310004,,OpenStreetMap contributors / ODbL,Copernicus DEM GLO-30 via Microsoft Planetary Computer,ASF Global 30m HAND v1,OpenStreetMap contributors / ODbL
MY_N8176878231,103.3228487,4.7800614,UNKNOWN,249.42706372914674,3.109946251,14.866720071016587,27.232627254690254,,3194.3053370042503,,,17.007333755493164,Terengganu,node,8176878231,,OpenStreetMap contributors / ODbL,Copernicus DEM GLO-30 via Microsoft Planetary Computer,ASF Global 30m HAND v1,OpenStreetMap contributors / ODbL
MY_N6643210358,103.3333092,3.8133165,UNKNOWN,376.1415199290348,3.85427928,3.5322798734963214,3.3073213054230086,,301.90315744318093,,,7.386500358581543,Pahang,node,6643210358,,OpenStreetMap contributors / ODbL,Copernicus DEM GLO-30 via Microsoft Planetary Computer,ASF Global 30m HAND v1,OpenStreetMap contributors / ODbL
MY_N11151660426,103.3474825,2.6191628,UNKNOWN,111.14192258528178,75.824310303,8.467512722838785,16.67313901769855,,20000.0,,,161.39654541015625,Pahang,node,11151660426,,OpenStreetMap contributors / ODbL,Copernicus DEM GLO-30 via Microsoft Planetary Computer,ASF Global 30m HAND v1,OpenStreetMap contributors / ODbL
MY_W1201224318,103.3573468,2.0274592,UNKNOWN,524.3602787174029,271.664978027,3.9015553859116263,16.20504318590778,,3967.937647315446,,,511.70233154296875,Johor,way,1201224318,,OpenStreetMap contributors / ODbL,Copernicus DEM GLO-30 via Microsoft Planetary Computer,ASF Global 30m HAND v1,OpenStreetMap contributors / ODbL
MY_W1267147816,103.3611246,3.831754,UNKNOWN,619.7677854736983,234.770553589,1.569703079263965,10.123013988684704,,644.2854385556727,,,275.34075927734375,Pahang,way,1267147816,,OpenStreetMap contributors / ODbL,Copernicus DEM GLO-30 via Microsoft Planetary Computer,ASF Global 30m HAND v1,OpenStreetMap contributors / ODbL
MY_W1267147818,103.3612508,3.8312012,UNKNOWN,570.6486102834174,234.717300415,7.21195492350539,10.271199953292612,,651.383741825593,,,273.1565856933594,Pahang,way,1267147818,,OpenStreetMap contributors / ODbL,Copernicus DEM GLO-30 via Microsoft Planetary Computer,ASF Global 30m HAND v1,OpenStreetMap contributors / ODbL
MY_W1267147817,103.3612715,3.8315534,UNKNOWN,606.4800246727037,236.355178833,3.104524683047101,7.7470733334698805,,661.9927896422968,,,274.2708740234375,Pahang,way,1267147817,,OpenStreetMap contributors / ODbL,Copernicus DEM GLO-30 via Microsoft Planetary Computer,ASF Global 30m HAND v1,OpenStreetMap contributors / ODbL
MY_W1267147815,103.3617921,3.8307758,UNKNOWN,561.6548220470977,73.746505737,15.021525802589037,19.61277884993939,,646.1496900403968,,,259.40069580078125,Pahang,way,1267147815,,OpenStreetMap contributors / ODbL,Copernicus DEM GLO-30 via Microsoft Planetary Computer,ASF Global 30m HAND v1,OpenStreetMap contributors / ODbL
MY_W1267147829,103.3619902,3.829779,UNKNOWN,490.9581498742263,214.167648315,7.279081723324316,14.282541407562737,,578.2718108623357,,,258.7087707519531,Pahang,way,1267147829,,OpenStreetMap contributors / ODbL,Copernicus DEM GLO-30 via Microsoft Planetary Computer,ASF Global 30m HAND v1,OpenStreetMap contributors / ODbL
MY_W1267147827,103.3619946,3.8303754,UNKNOWN,540.1689254042516,59.509750366,6.510699544220624,11.695174672992726,,626.3024481263607,,,255.98110961914062,Pahang,way,1267147827,,OpenStreetMap contributors / ODbL,Copernicus DEM GLO-30 via Microsoft Planetary Computer,ASF Global 30m HAND v1,OpenStreetMap contributors / ODbL
MY_W1267147830,103.362426,3.8303168,UNKNOWN,567.3398261591872,55.494857788,5.8149746289049435,8.058181509080903,,654.494608372869,,,252.0034942626953,Pahang,way,1267147830,,OpenStreetMap contributors / ODbL,Copernicus DEM GLO-30 via Microsoft Planetary Computer,ASF Global 30m HAND v1,OpenStreetMap contributors / ODbL
MY_W1267147836,103.3638203,3.8317722,UNKNOWN,721.6137198605577,48.182098389,11.323685904734774,15.358358458099595,,877.8418178272409,,,242.9918212890625,Pahang,way,1267147836,,OpenStreetMap contributors / ODbL,Copernicus DEM GLO-30 via Microsoft Planetary Computer,ASF Global 30m HAND v1,OpenStreetMap contributors / ODbL
MY_N11139114232,103.3645463,2.0370571,UNKNOWN,495.21566891279593,177.219329834,12.06536951519286,16.571651751983033,,3384.3126327275636,,,226.80899047851562,Johor,node,11139114232,,OpenStreetMap contributors / ODbL,Copernicus DEM GLO-30 via Microsoft Planetary Computer,ASF Global 30m HAND v1,OpenStreetMap contributors / ODbL
MY_N11139114233,103.3646777,2.037679,UNKNOWN,562.7286762528611,177.360107422,5.5705465779968835,13.903378487625227,,3314.7087001113755,,,226.12525939941406,Johor,node,11139114233,,OpenStreetMap contributors / ODbL,Copernicus DEM GLO-30 via Microsoft Planetary Computer,ASF Global 30m HAND v1,OpenStreetMap contributors / ODbL
MY_W1267147841,103.3648102,3.8312649,UNKNOWN,603.8016135194115,217.910903931,3.5265467723431967,15.138158385426497,,923.0390840537625,,,264.8877258300781,Pahang,way,1267147841,,OpenStreetMap contributors / ODbL,Copernicus DEM GLO-30 via Microsoft Planetary Computer,ASF Global 30m HAND v1,OpenStreetMap contributors / ODbL
MY_N13617864927,103.3682295,3.9410447,UNKNOWN,194.50199944350845,0.0001,5.936330458701049,10.52817831867482,,240.09733769574012,,,4.762411117553711,Pahang,node,13617864927,,OpenStreetMap contributors / ODbL,Copernicus DEM GLO-30 via Microsoft Planetary Computer,ASF Global 30m HAND v1,OpenStreetMap contributors / ODbL
MY_W1267064693,103.3685148,3.8110754,UNKNOWN,512.0656836894588,55.380847931,14.529971309883399,22.5496846617635,,2009.9454118659387,,,70.83425903320312,Pahang,way,1267064693,,OpenStreetMap contributors / ODbL,Copernicus DEM GLO-30 via Microsoft Planetary Computer,ASF Global 30m HAND v1,OpenStreetMap contributors / ODbL
MY_N13430456062,103.3821032,4.1061117,UNKNOWN,1075.6057205423288,2.566673517,1.0688176826587112,1.8272660339582882,,743.0578746878979,,,6.584312438964844,Pahang,node,13430456062,,OpenStreetMap contributors / ODbL,Copernicus DEM GLO-30 via Microsoft Planetary Computer,ASF Global 30m HAND v1,OpenStreetMap contributors / ODbL
MY_N3902995238,103.3863032,1.7517606,UNKNOWN,452.1820728135549,26.314006805,4.720984257052746,13.34903155119149,,688.8796812304207,,,43.790611267089844,Johor,node,3902995238,,OpenStreetMap contributors / ODbL,Copernicus DEM GLO-30 via Microsoft Planetary Computer,ASF Global 30m HAND v1,OpenStreetMap contributors / ODbL
MY_N8614668705,103.3920161,4.6970123,UNKNOWN,38.40968646029996,9.468351364,12.27231302709211,17.776324541632984,,223.23203782500318,,,19.04464340209961,Terengganu,node,8614668705,,OpenStreetMap contributors / ODbL,Copernicus DEM GLO-30 via Microsoft Planetary Computer,ASF Global 30m HAND v1,OpenStreetMap contributors / ODbL
MY_W1304210537,103.3970667,4.7030795,UNKNOWN,474.7226572176044,67.308624268,25.23043282062762,33.43960162638589,,400.31439499494473,,,160.46153259277344,Terengganu,way,1304210537,,OpenStreetMap contributors / ODbL,Copernicus DEM GLO-30 via Microsoft Planetary Computer,ASF Global 30m HAND v1,OpenStreetMap contributors / ODbL
MY_W1304210538,103.3975118,4.7027591,UNKNOWN,415.74634262686914,95.462219238,18.47119759375712,28.384802996784174,,453.39007910656994,,,179.79852294921875,Terengganu,way,1304210538,,OpenStreetMap contributors / ODbL,Copernicus DEM GLO-30 via Microsoft Planetary Computer,ASF Global 30m HAND v1,OpenStreetMap contributors / ODbL
MY_W1304210539,103.3998079,4.702216,UNKNOWN,261.58886829690135,167.157806396,29.064689657387678,40.51661495408361,,713.253256341609,,,270.2265930175781,Terengganu,way,1304210539,,OpenStreetMap contributors / ODbL,Copernicus DEM GLO-30 via Microsoft Planetary Computer,ASF Global 30m HAND v1,OpenStreetMap contributors / ODbL
MY_W1304210547,103.4011517,4.7022882,UNKNOWN,303.7849610695943,205.208709717,12.746190698188746,32.79344862040973,,860.4696007305339,,,341.8919372558594,Terengganu,way,1304210547,,OpenStreetMap contributors / ODbL,Copernicus DEM GLO-30 via Microsoft Planetary Computer,ASF Global 30m HAND v1,OpenStreetMap contributors / ODbL
MY_W1304210549,103.4026988,4.7003007,UNKNOWN,315.96035547212733,263.523742676,2.4562247858347606,6.997232821441471,,947.2767639733971,,,332.3348693847656,Terengganu,way,1304210549,,OpenStreetMap contributors / ODbL,Copernicus DEM GLO-30 via Microsoft Planetary Computer,ASF Global 30m HAND v1,OpenStreetMap contributors / ODbL
MY_W1304967763,103.4038154,4.2187911,UNKNOWN,457.10139410338667,59.620883942,20.239167721443973,27.68362279201835,,171.0054551419787,,,61.113285064697266,Terengganu,way,1304967763,,OpenStreetMap contributors / ODbL,Copernicus DEM GLO-30 via Microsoft Planetary Computer,ASF Global 30m HAND v1,OpenStreetMap contributors / ODbL
MY_N8191059241,103.4075904,1.4813155,UNKNOWN,349.1960263753853,6e-05,2.224388255054282,2.7669416800345936,,1836.640872584238,,,4.376662731170654,Johor,node,8191059241,,OpenStreetMap contributors / ODbL,Copernicus DEM GLO-30 via Microsoft Planetary Computer,ASF Global 30m HAND v1,OpenStreetMap contributors / ODbL
MY_N13103284367,103.4139432,2.5151843,UNKNOWN,1676.6495018857013,329.068023682,13.511506420093692,23.12206488778944,,20000.0,,,662.2896728515625,Johor,node,13103284367,,OpenStreetMap contributors / ODbL,Copernicus DEM GLO-30 via Microsoft Planetary Computer,ASF Global 30m HAND v1,OpenStreetMap contributors / ODbL
MY_N8439185733,103.4212348,3.3813927,UNKNOWN,96.71772908879552,1.203537464,2.8679415870100455,3.777614384705958,,248.09650247694128,,,6.190951824188232,Pahang,node,8439185733,,OpenStreetMap contributors / ODbL,Copernicus DEM GLO-30 via Microsoft Planetary Computer,ASF Global 30m HAND v1,OpenStreetMap contributors / ODbL
MY_N13165619831,103.4213584,1.6989666,UNKNOWN,334.63570175774584,2e-05,0.5418440004809076,2.2460463363345706,,41.172340160024056,,,10.335280418395996,Johor,node,13165619831,,OpenStreetMap contributors / ODbL,Copernicus DEM GLO-30 via Microsoft Planetary Computer,ASF Global 30m HAND v1,OpenStreetMap contributors / ODbL
MY_N7848117003,103.4313467,4.2103716,UNKNOWN,458.6439338578414,18.574571609,7.356591579215242,12.197104551222637,,941.8535028412585,,,24.053001403808594,Terengganu,node,7848117003,,OpenStreetMap contributors / ODbL,Copernicus DEM GLO-30 via Microsoft Planetary Computer,ASF Global 30m HAND v1,OpenStreetMap contributors / ODbL
MY_N8422298542,103.436467,3.0888018,UNKNOWN,98.41302027636074,0.00014,9.468963606227062,12.934389597628686,,16255.043846072405,,,7.3492584228515625,Pahang,node,8422298542,,OpenStreetMap contributors / ODbL,Copernicus DEM GLO-30 via Microsoft Planetary Computer,ASF Global 30m HAND v1,OpenStreetMap contributors / ODbL
MY_N2894780935,103.4367308,3.2355039,UNKNOWN,2807.8429942463986,1.630327463,1.7845616399666184,2.328660455911637,,503.6696210187438,,,7.0925116539001465,Pahang,node,2894780935,,OpenStreetMap contributors / ODbL,Copernicus DEM GLO-30 via Microsoft Planetary Computer,ASF Global 30m HAND v1,OpenStreetMap contributors / ODbL
MY_N8617095383,103.4428373,4.5936057,UNKNOWN,831.1692451824916,1.906894445,0.8883228420103447,1.339209207539334,,102.25442669662272,,,8.822044372558594,Terengganu,node,8617095383,,OpenStreetMap contributors / ODbL,Copernicus DEM GLO-30 via Microsoft Planetary Computer,ASF Global 30m HAND v1,OpenStreetMap contributors / ODbL
MY_N8637257819,103.4491928,4.4423513,UNKNOWN,199.69172087479225,0.00016,2.0970334440082867,3.397641845538967,,2167.4004041154667,,,6.5667243003845215,Terengganu,node,8637257819,,OpenStreetMap contributors / ODbL,Copernicus DEM GLO-30 via Microsoft Planetary Computer,ASF Global 30m HAND v1,OpenStreetMap contributors / ODbL
MY_N8418750930,103.4510395,1.7170112,UNKNOWN,362.67463444984355,46.524559021,2.786582232890576,11.24261702904082,,2127.369932257408,,,59.58409881591797,Johor,node,8418750930,,OpenStreetMap contributors / ODbL,Copernicus DEM GLO-30 via Microsoft Planetary Computer,ASF Global 30m HAND v1,OpenStreetMap contributors / ODbL
MY_N8637709581,103.4517315,4.3877017,UNKNOWN,347.80114603020854,8e-05,3.027441061778138,6.518182272016888,,212.31567880792747,,,8.544519424438477,Terengganu,node,8637709581,,OpenStreetMap contributors / ODbL,Copernicus DEM GLO-30 via Microsoft Planetary Computer,ASF Global 30m HAND v1,OpenStreetMap contributors / ODbL
MY_N8621891632,103.4521446,4.5786521,UNKNOWN,804.094553063463,2.829335451,4.023787583893848,5.288653058364474,,95.53728950131382,,,11.076125144958496,Terengganu,node,8621891632,,OpenStreetMap contributors / ODbL,Copernicus DEM GLO-30 via Microsoft Planetary Computer,ASF Global 30m HAND v1,OpenStreetMap contributors / ODbL
MY_W1303810175,103.4562265,4.2414556,UNKNOWN,334.88519204469486,35.928504944,2.7727698238606,3.546319682318151,,1343.4455616361145,,,42.083187103271484,Terengganu,way,1303810175,,OpenStreetMap contributors / ODbL,Copernicus DEM GLO-30 via Microsoft Planetary Computer,ASF Global 30m HAND v1,OpenStreetMap contributors / ODbL
MY_W1303810174,103.4562671,4.2411967,UNKNOWN,348.44101922326377,38.318508148,6.136127149891045,13.077901537736787,,1372.1917919102748,,,43.6523323059082,Terengganu,way,1303810174,,OpenStreetMap contributors / ODbL,Copernicus DEM GLO-30 via Microsoft Planetary Computer,ASF Global 30m HAND v1,OpenStreetMap contributors / ODbL
MY_W1303814691,103.4647939,4.3172975,UNKNOWN,1820.4254991103817,123.396789551,9.971036227958352,21.343607912198916,,915.0672445636595,,,286.1626281738281,Terengganu,way,1303814691,,OpenStreetMap contributors / ODbL,Copernicus DEM GLO-30 via Microsoft Planetary Computer,ASF Global 30m HAND v1,OpenStreetMap contributors / ODbL
MY_W1303814692,103.4652265,4.3168916,UNKNOWN,1875.7206451057232,123.083282471,2.656720681629185,5.740437696612977,,941.8401452500377,,,288.0972595214844,Terengganu,way,1303814692,,OpenStreetMap contributors / ODbL,Copernicus DEM GLO-30 via Microsoft Planetary Computer,ASF Global 30m HAND v1,OpenStreetMap contributors / ODbL
MY_W1303814690,103.4665746,4.3175726,UNKNOWN,1841.6656113099666,108.516906738,4.262620840488893,10.499138427452746,,1109.0166613696101,,,295.60638427734375,Terengganu,way,1303814690,,OpenStreetMap contributors / ODbL,Copernicus DEM GLO-30 via Microsoft Planetary Computer,ASF Global 30m HAND v1,OpenStreetMap contributors / ODbL
MY_W1303814689,103.4667412,4.3177455,UNKNOWN,1828.2325706568797,102.753845215,5.737783195719225,8.721657263150666,,1133.442811741756,,,291.97528076171875,Terengganu,way,1303814689,,OpenStreetMap contributors / ODbL,Copernicus DEM GLO-30 via Microsoft Planetary Computer,ASF Global 30m HAND v1,OpenStreetMap contributors / ODbL
MY_N6700401660,103.4896103,1.6985874,UNKNOWN,1851.321389278038,17.759513855,9.598996870604926,13.526192029477471,,1964.016248075183,,,35.20503616333008,Johor,node,6700401660,,OpenStreetMap contributors / ODbL,Copernicus DEM GLO-30 via Microsoft Planetary Computer,ASF Global 30m HAND v1,OpenStreetMap contributors / ODbL
MY_N3902995237,103.5033926,1.6608071,UNKNOWN,727.4001038638587,3.502093077,10.821164676090897,11.418270759514174,,552.5082665843329,,,17.7879695892334,Johor,node,3902995237,,OpenStreetMap contributors / ODbL,Copernicus DEM GLO-30 via Microsoft Planetary Computer,ASF Global 30m HAND v1,OpenStreetMap contributors / ODbL
MY_N3902995230,103.5190602,1.6519956,UNKNOWN,789.8330942047248,2.217849731,1.460710983582934,3.347188483108686,,860.911600494444,,,21.792354583740234,Johor,node,3902995230,,OpenStreetMap contributors / ODbL,Copernicus DEM GLO-30 via Microsoft Planetary Computer,ASF Global 30m HAND v1,OpenStreetMap contributors / ODbL
MY_N3902995227,103.5196476,1.6519011,UNKNOWN,805.9959620865128,2.754163742,3.420622595355638,5.152083544416755,,873.497341958824,,,20.496334075927734,Johor,node,3902995227,,OpenStreetMap contributors / ODbL,Copernicus DEM GLO-30 via Microsoft Planetary Computer,ASF Global 30m HAND v1,OpenStreetMap contributors / ODbL
MY_W229952243,103.5471281,1.6001426,UNKNOWN,211.0178346435008,155.766662598,2.7343447565849845,14.404939208110967,,3876.45185977492,,,595.7200927734375,Johor,way,229952243,,OpenStreetMap contributors / ODbL,Copernicus DEM GLO-30 via Microsoft Planetary Computer,ASF Global 30m HAND v1,OpenStreetMap contributors / ODbL
MY_N9038753536,103.5527046,1.6698785,UNKNOWN,423.48839228291627,5e-05,3.6160195786152696,4.741752409739313,,377.67924589509,,,24.60382080078125,Johor,node,9038753536,,OpenStreetMap contributors / ODbL,Copernicus DEM GLO-30 via Microsoft Planetary Computer,ASF Global 30m HAND v1,OpenStreetMap contributors / ODbL
MY_N4553240899,103.5536218,1.3768311,UNKNOWN,264.90580050615756,2.748123646,3.229872395682544,4.164870066442676,,189.65362895937415,,,6.569034099578857,Johor,node,4553240899,,OpenStreetMap contributors / ODbL,Copernicus DEM GLO-30 via Microsoft Planetary Computer,ASF Global 30m HAND v1,OpenStreetMap contributors / ODbL
MY_N4553240947,103.5543907,1.3723461,UNKNOWN,166.5542298854288,0.0,2.5011359717387283,2.5780028543172353,,92.48377267109383,,,4.346548080444336,Johor,node,4553240947,,OpenStreetMap contributors / ODbL,Copernicus DEM GLO-30 via Microsoft Planetary Computer,ASF Global 30m HAND v1,OpenStreetMap contributors / ODbL
MY_N4540536734,103.5592916,1.3814116,UNKNOWN,520.9226579174199,3.014469147,2.9226808994718905,3.735532826748542,,461.85107127223444,,,5.82131290435791,Johor,node,4540536734,,OpenStreetMap contributors / ODbL,Copernicus DEM GLO-30 via Microsoft Planetary Computer,ASF Global 30m HAND v1,OpenStreetMap contributors / ODbL
MY_N4540518868,103.5718841,1.3859124,UNKNOWN,268.6927273593333,6e-05,0.7864024711038298,4.923528309975279,,553.4113567627622,,,7.767776966094971,Johor,node,4540518868,,OpenStreetMap contributors / ODbL,Copernicus DEM GLO-30 via Microsoft Planetary Computer,ASF Global 30m HAND v1,OpenStreetMap contributors / ODbL
MY_N9040373402,103.5722405,1.6806376,UNKNOWN,438.3100771086287,6.458181381,5.5423177358336915,8.670092337890202,,836.3105887640722,,,46.808292388916016,Johor,node,9040373402,,OpenStreetMap contributors / ODbL,Copernicus DEM GLO-30 via Microsoft Planetary Computer,ASF Global 30m HAND v1,OpenStreetMap contributors / ODbL
MY_N9040090263,103.5726321,1.6269702,UNKNOWN,101.41314480041582,33.494621277,6.2999796438979,18.959264180348455,,710.484426545845,,,97.65052032470703,Johor,node,9040090263,,OpenStreetMap contributors / ODbL,Copernicus DEM GLO-30 via Microsoft Planetary Computer,ASF Global 30m HAND v1,OpenStreetMap contributors / ODbL
MY_N11158439300,103.5761565,1.6190743,UNKNOWN,228.1005952115002,70.495193481,18.252620590424133,24.28087314325211,,1550.1858629347198,,,148.38436889648438,Johor,node,11158439300,,OpenStreetMap contributors / ODbL,Copernicus DEM GLO-30 via Microsoft Planetary Computer,ASF Global 30m HAND v1,OpenStreetMap contributors / ODbL
MY_N8194411065,103.5780475,1.5377618,UNKNOWN,35.35610559057218,1.926064849,4.002061189835119,5.021348357781864,,85.21315559978287,,,30.195817947387695,Johor,node,8194411065,,OpenStreetMap contributors / ODbL,Copernicus DEM GLO-30 via Microsoft Planetary Computer,ASF Global 30m HAND v1,OpenStreetMap contributors / ODbL
MY_N8194411066,103.5786644,1.5377565,UNKNOWN,22.401647701635415,0.137518302,2.4975806458219507,4.585025351372949,,17.008201526307293,,,27.961576461791992,Johor,node,8194411066,,OpenStreetMap contributors / ODbL,Copernicus DEM GLO-30 via Microsoft Planetary Computer,ASF Global 30m HAND v1,OpenStreetMap contributors / ODbL
MY_N8194478063,103.5839698,1.5497872,UNKNOWN,510.88297915113816,25.309391022,7.919943197769218,10.173176162344944,,198.5189029289338,,,61.033897399902344,Johor,node,8194478063,,OpenStreetMap contributors / ODbL,Copernicus DEM GLO-30 via Microsoft Planetary Computer,ASF Global 30m HAND v1,OpenStreetMap contributors / ODbL
MY_N4540518856,103.5845653,1.3949569,UNKNOWN,892.2309782858954,20.048206329,6.5851560210405315,8.742928496453791,,1724.763349666202,,,35.56795883178711,Johor,node,4540518856,,OpenStreetMap contributors / ODbL,Copernicus DEM GLO-30 via Microsoft Planetary Computer,ASF Global 30m HAND v1,OpenStreetMap contributors / ODbL
MY_N8194554171,103.5859224,1.5389013,UNKNOWN,173.12751991714148,8.710917473,2.0252825138127792,2.16602700236276,,155.6404907382328,,,36.869239807128906,Johor,node,8194554171,,OpenStreetMap contributors / ODbL,Copernicus DEM GLO-30 via Microsoft Planetary Computer,ASF Global 30m HAND v1,OpenStreetMap contributors / ODbL
MY_N8194311012,103.5862094,1.5665474,UNKNOWN,177.08410667346976,0.0,1.733746140093356,2.839558829752972,,401.6266902255548,,,46.067481994628906,Johor,node,8194311012,,OpenStreetMap contributors / ODbL,Copernicus DEM GLO-30 via Microsoft Planetary Computer,ASF Global 30m HAND v1,OpenStreetMap contributors / ODbL
MY_N8194411113,103.5877973,1.5410651,UNKNOWN,59.63182478687364,1.87355423,2.9410754547228755,4.795475355474187,,14.283429930795556,,,37.39563751220703,Johor,node,8194411113,,OpenStreetMap contributors / ODbL,Copernicus DEM GLO-30 via Microsoft Planetary Computer,ASF Global 30m HAND v1,OpenStreetMap contributors / ODbL
MY_N8296464154,103.5890713,1.4591571,UNKNOWN,113.95127979170172,9.255867004,4.737844687482587,6.3463543482910625,,670.9144279388511,,,19.049114227294922,Johor,node,8296464154,,OpenStreetMap contributors / ODbL,Copernicus DEM GLO-30 via Microsoft Planetary Computer,ASF Global 30m HAND v1,OpenStreetMap contributors / ODbL
MY_N4540518855,103.5890899,1.3912877,UNKNOWN,394.4689753218634,25.502681732,14.886510018870737,20.676867420738866,,2156.4449312515985,,,56.053733825683594,Johor,node,4540518855,,OpenStreetMap contributors / ODbL,Copernicus DEM GLO-30 via Microsoft Planetary Computer,ASF Global 30m HAND v1,OpenStreetMap contributors / ODbL
MY_N8296464134,103.5893208,1.4663323,UNKNOWN,573.5852030894754,1.43979454,0.2626808579425363,0.6549678348741472,,1127.6875327421467,,,21.886207580566406,Johor,node,8296464134,,OpenStreetMap contributors / ODbL,Copernicus DEM GLO-30 via Microsoft Planetary Computer,ASF Global 30m HAND v1,OpenStreetMap contributors / ODbL
MY_N8242471252,103.5905465,1.6489165,UNKNOWN,202.20333639855062,16.905426025,1.4185853377978823,4.501349686011163,,208.91550638027712,,,52.39121627807617,Johor,node,8242471252,,OpenStreetMap contributors / ODbL,Copernicus DEM GLO-30 via Microsoft Planetary Computer,ASF Global 30m HAND v1,OpenStreetMap contributors / ODbL
MY_N8242031174,103.5924375,1.6602508,UNKNOWN,321.3975892072204,11.747322083,3.4268909243422496,5.140357096011204,,1041.003922284584,,,41.231266021728516,Johor,node,8242031174,,OpenStreetMap contributors / ODbL,Copernicus DEM GLO-30 via Microsoft Planetary Computer,ASF Global 30m HAND v1,OpenStreetMap contributors / ODbL
MY_N8194880382,103.5928237,1.558729,UNKNOWN,151.2553056357392,4.776803017,1.4693365083309327,6.494088369092938,,529.1310152787728,,,36.34220504760742,Johor,node,8194880382,,OpenStreetMap contributors / ODbL,Copernicus DEM GLO-30 via Microsoft Planetary Computer,ASF Global 30m HAND v1,OpenStreetMap contributors / ODbL
MY_N8194310997,103.5943633,1.5679041,UNKNOWN,425.4154722769247,12.219516754,4.804997225179441,6.435291118248228,,191.50427487128113,,,53.14336013793945,Johor,node,8194310997,,OpenStreetMap contributors / ODbL,Copernicus DEM GLO-30 via Microsoft Planetary Computer,ASF Global 30m HAND v1,OpenStreetMap contributors / ODbL
MY_N5046482112,103.5974462,1.492749,UNKNOWN,1031.5722340394082,135.420730591,7.285744590334058,15.403610474632599,,452.850910093144,,,154.6657257080078,Johor,node,5046482112,,OpenStreetMap contributors / ODbL,Copernicus DEM GLO-30 via Microsoft Planetary Computer,ASF Global 30m HAND v1,OpenStreetMap contributors / ODbL
MY_N9040477852,103.6013974,1.6663744,UNKNOWN,169.6965182946128,1.93515873,2.7667239345518557,4.968544991219912,,1336.0516840457299,,,26.581647872924805,Johor,node,9040477852,,OpenStreetMap contributors / ODbL,Copernicus DEM GLO-30 via Microsoft Planetary Computer,ASF Global 30m HAND v1,OpenStreetMap contributors / ODbL
MY_N8242137991,103.6064306,1.6440034,UNKNOWN,404.85010647577434,2.261914015,0.3498094049741007,2.4845017306633146,,161.84725443807523,,,36.90469741821289,Johor,node,8242137991,,OpenStreetMap contributors / ODbL,Copernicus DEM GLO-30 via Microsoft Planetary Computer,ASF Global 30m HAND v1,OpenStreetMap contributors / ODbL
MY_N3902995226,103.6101796,1.4533307,UNKNOWN,1167.7372612558183,48.366146088,1.5369045510007122,6.128386289477342,,196.57803871617392,,,66.98896026611328,Johor,node,3902995226,,OpenStreetMap contributors / ODbL,Copernicus DEM GLO-30 via Microsoft Planetary Computer,ASF Global 30m HAND v1,OpenStreetMap contributors / ODbL
MY_N8248283073,103.6102192,1.6290454,UNKNOWN,64.56418726680755,0.0,1.6710601679477468,3.051701939304997,,641.9173785044005,,,33.52532196044922,Johor,node,8248283073,,OpenStreetMap contributors / ODbL,Copernicus DEM GLO-30 via Microsoft Planetary Computer,ASF Global 30m HAND v1,OpenStreetMap contributors / ODbL
MY_N5249581791,103.6122201,1.3618865,UNKNOWN,78.0141453196371,15.455732346,6.448250731209542,14.418990306292537,,2888.6936225092772,,,24.640520095825195,Johor,node,5249581791,,OpenStreetMap contributors / ODbL,Copernicus DEM GLO-30 via Microsoft Planetary Computer,ASF Global 30m HAND v1,OpenStreetMap contributors / ODbL
MY_N7010113806,103.613602,1.6589239,UNKNOWN,317.07179888818047,28.521940231,7.1316660210694796,9.714504084669047,,1077.880153103258,,,53.96086120605469,Johor,node,7010113806,,OpenStreetMap contributors / ODbL,Copernicus DEM GLO-30 via Microsoft Planetary Computer,ASF Global 30m HAND v1,OpenStreetMap contributors / ODbL
MY_N9038753537,103.6137329,1.6591623,UNKNOWN,343.96471257482364,33.289070129,7.965729108110969,8.580475586509948,,1083.9425225820996,,,57.72544479370117,Johor,node,9038753537,,OpenStreetMap contributors / ODbL,Copernicus DEM GLO-30 via Microsoft Planetary Computer,ASF Global 30m HAND v1,OpenStreetMap contributors / ODbL
MY_N10290743704,103.6141916,1.6060962,UNKNOWN,1244.879783498227,13.847229004,7.7279317453003555,12.08457060473972,,448.04656297700063,,,45.69935989379883,Johor,node,10290743704,,OpenStreetMap contributors / ODbL,Copernicus DEM GLO-30 via Microsoft Planetary Computer,ASF Global 30m HAND v1,OpenStreetMap contributors / ODbL
MY_N13142317645,103.6158183,2.6684175,UNKNOWN,648.3856728343256,0.0001,4.0388023106612625,5.234661607679507,,1146.7051241062136,,,5.447393894195557,Pahang,node,13142317645,,OpenStreetMap contributors / ODbL,Copernicus DEM GLO-30 via Microsoft Planetary Computer,ASF Global 30m HAND v1,OpenStreetMap contributors / ODbL
MY_N8850585799,103.6218372,2.6489683,UNKNOWN,497.21907307498367,1.235357285,1.012672844939078,3.3658260447125996,,61.925122744864176,,,6.959914207458496,Johor,node,8850585799,,OpenStreetMap contributors / ODbL,Copernicus DEM GLO-30 via Microsoft Planetary Computer,ASF Global 30m HAND v1,OpenStreetMap contributors / ODbL
MY_N8297204273,103.6231877,1.5018154,UNKNOWN,890.2939557655129,14.022486687,1.4234237582511602,4.9448097386000835,,673.3206252063961,,,28.247100830078125,Johor,node,8297204273,,OpenStreetMap contributors / ODbL,Copernicus DEM GLO-30 via Microsoft Planetary Computer,ASF Global 30m HAND v1,OpenStreetMap contributors / ODbL
MY_N8297308060,103.6237818,1.5022444,UNKNOWN,853.2281080411404,4.564095497,7.343766515467738,8.536272778581393,,606.239022941947,,,23.548864364624023,Johor,node,8297308060,,OpenStreetMap contributors / ODbL,Copernicus DEM GLO-30 via Microsoft Planetary Computer,ASF Global 30m HAND v1,OpenStreetMap contributors / ODbL
MY_N8297308061,103.6240366,1.5024764,UNKNOWN,834.0803192467378,4.209113121,2.4952208811781547,4.529970169482179,,573.4842264583685,,,20.060211181640625,Johor,node,8297308061,,OpenStreetMap contributors / ODbL,Copernicus DEM GLO-30 via Microsoft Planetary Computer,ASF Global 30m HAND v1,OpenStreetMap contributors / ODbL
MY_N9040373401,103.6240903,1.5379428,UNKNOWN,52.96111724792532,0.967708588,0.914915893473813,2.8954851085117883,,659.49464546832,,,21.081134796142578,Johor,node,9040373401,,OpenStreetMap contributors / ODbL,Copernicus DEM GLO-30 via Microsoft Planetary Computer,ASF Global 30m HAND v1,OpenStreetMap contributors / ODbL
MY_N8300544984,103.6378191,1.5121317,UNKNOWN,379.99605501136443,21.187839508,6.000135796365178,6.921681315477118,,1460.338431274361,,,29.34598159790039,Johor,node,8300544984,,OpenStreetMap contributors / ODbL,Copernicus DEM GLO-30 via Microsoft Planetary Computer,ASF Global 30m HAND v1,OpenStreetMap contributors / ODbL
MY_N8300543972,103.6501667,1.5156897,UNKNOWN,122.74422907278708,6.780154228,1.3970414604941896,2.2345584641873852,,635.6832509968076,,,25.459367752075195,Johor,node,8300543972,,OpenStreetMap contributors / ODbL,Copernicus DEM GLO-30 via Microsoft Planetary Computer,ASF Global 30m HAND v1,OpenStreetMap contributors / ODbL
MY_N8254539319,103.6569084,1.6104745,UNKNOWN,445.10877804660583,5.265471458,2.755774054558998,4.320119956698363,,114.79942362201275,,,24.805782318115234,Johor,node,8254539319,,OpenStreetMap contributors / ODbL,Copernicus DEM GLO-30 via Microsoft Planetary Computer,ASF Global 30m HAND v1,OpenStreetMap contributors / ODbL
MY_N9038719772,103.6642818,1.6432701,UNKNOWN,723.419547129896,1.032737732,0.547152994273007,0.9607296175745986,,479.24325082234736,,,36.31515884399414,Johor,node,9038719772,,OpenStreetMap contributors / ODbL,Copernicus DEM GLO-30 via Microsoft Planetary Computer,ASF Global 30m HAND v1,OpenStreetMap contributors / ODbL
MY_N9038719774,103.6647364,1.6417445,UNKNOWN,695.3071241602495,6.421883583,6.226486091057951,7.456978099607878,,337.0721624093953,,,39.427406311035156,Johor,node,9038719774,,OpenStreetMap contributors / ODbL,Copernicus DEM GLO-30 via Microsoft Planetary Computer,ASF Global 30m HAND v1,OpenStreetMap contributors / ODbL
MY_N9038719773,103.6647371,1.6420328,UNKNOWN,687.8773798223563,3.022258759,2.6174748332338273,5.315136199271682,,365.66437828134957,,,36.57427215576172,Johor,node,9038719773,,OpenStreetMap contributors / ODbL,Copernicus DEM GLO-30 via Microsoft Planetary Computer,ASF Global 30m HAND v1,OpenStreetMap contributors / ODbL
MY_N9038719827,103.6653013,1.6405688,UNKNOWN,682.1594110188685,4.943486214,1.890910841010414,2.9863802406840763,,276.37117036560437,,,37.62476348876953,Johor,node,9038719827,,OpenStreetMap contributors / ODbL,Copernicus DEM GLO-30 via Microsoft Planetary Computer,ASF Global 30m HAND v1,OpenStreetMap contributors / ODbL
MY_N9038719771,103.6656752,1.6401841,UNKNOWN,666.419201011086,3.816486359,2.2307690750703935,2.755108266601438,,289.4266868473638,,,37.024688720703125,Johor,node,9038719771,,OpenStreetMap contributors / ODbL,Copernicus DEM GLO-30 via Microsoft Planetary Computer,ASF Global 30m HAND v1,OpenStreetMap contributors / ODbL
MY_N11388841309,103.6660546,1.6392041,UNKNOWN,696.4728023449543,3.980064392,2.832967766339494,4.31637472376615,,299.6734741830448,,,37.236148834228516,Johor,node,11388841309,,OpenStreetMap contributors / ODbL,Copernicus DEM GLO-30 via Microsoft Planetary Computer,ASF Global 30m HAND v1,OpenStreetMap contributors / ODbL
MY_N11388880572,103.6662638,1.6380864,UNKNOWN,767.5950788575201,2.919654846,0.3222160983814318,1.8582407587073466,,334.5500773649291,,,36.25989532470703,Johor,node,11388880572,,OpenStreetMap contributors / ODbL,Copernicus DEM GLO-30 via Microsoft Planetary Computer,ASF Global 30m HAND v1,OpenStreetMap contributors / ODbL
MY_N8254392355,103.666614,1.6107333,UNKNOWN,1085.1192737127801,8.061725616,4.944579163362838,6.80534928716527,,1128.8331922624798,,,29.762250900268555,Johor,node,8254392355,,OpenStreetMap contributors / ODbL,Copernicus DEM GLO-30 via Microsoft Planetary Computer,ASF Global 30m HAND v1,OpenStreetMap contributors / ODbL
MY_N10948802708,103.6668932,1.6374518,UNKNOWN,781.0176027317075,1.498208046,1.1687170286802349,4.66785322847807,,424.0470795674977,,,35.03419494628906,Johor,node,10948802708,,OpenStreetMap contributors / ODbL,Copernicus DEM GLO-30 via Microsoft Planetary Computer,ASF Global 30m HAND v1,OpenStreetMap contributors / ODbL
MY_N11388862435,103.6675487,1.6344214,UNKNOWN,684.535697637581,3.64464879,0.6084589671731002,2.6200720656428205,,582.4996180933716,,,34.49001693725586,Johor,node,11388862435,,OpenStreetMap contributors / ODbL,Copernicus DEM GLO-30 via Microsoft Planetary Computer,ASF Global 30m HAND v1,OpenStreetMap contributors / ODbL
MY_N11388862434,103.6677822,1.6337726,UNKNOWN,609.7349123661306,3.612878084,2.2846695774154537,3.0282854531759056,,593.9150187669038,,,33.429019927978516,Johor,node,11388862434,,OpenStreetMap contributors / ODbL,Copernicus DEM GLO-30 via Microsoft Planetary Computer,ASF Global 30m HAND v1,OpenStreetMap contributors / ODbL
MY_N11360752509,103.6709121,1.4948546,NR,590.3848518136115,2.894065857,0.7799870600592753,2.184337654104709,,163.8365684856039,,,23.846811294555664,Johor,node,11360752509,,OpenStreetMap contributors / ODbL,Copernicus DEM GLO-30 via Microsoft Planetary Computer,ASF Global 30m HAND v1,OpenStreetMap contributors / ODbL
MY_N13325808685,103.6766831,1.5418602,UNKNOWN,481.2459345410864,51.840690613,8.969117043476201,11.401609082006937,,1218.6842080597623,,,77.15168762207031,Johor,node,13325808685,,OpenStreetMap contributors / ODbL,Copernicus DEM GLO-30 via Microsoft Planetary Computer,ASF Global 30m HAND v1,OpenStreetMap contributors / ODbL
MY_N11360752510,103.6769296,1.4948844,LTE,493.2889337308483,9.468004227,2.4734832389780848,3.835326286156306,,277.5172768141737,,,24.730392456054688,Johor,node,11360752510,,OpenStreetMap contributors / ODbL,Copernicus DEM GLO-30 via Microsoft Planetary Computer,ASF Global 30m HAND v1,OpenStreetMap contributors / ODbL
MY_N9040072038,103.7029083,1.5369762,UNKNOWN,425.50256628580604,25.276550293,7.45289012554589,10.436812673212767,,1393.577628706413,,,69.4889144897461,Johor,node,9040072038,,OpenStreetMap contributors / ODbL,Copernicus DEM GLO-30 via Microsoft Planetary Computer,ASF Global 30m HAND v1,OpenStreetMap contributors / ODbL
MY_N9040477851,103.7035105,1.5478138,UNKNOWN,476.5188699523702,10.298812866,5.868429828206874,11.376974052416635,,1377.49080239518,,,38.99391555786133,Johor,node,9040477851,,OpenStreetMap contributors / ODbL,Copernicus DEM GLO-30 via Microsoft Planetary Computer,ASF Global 30m HAND v1,OpenStreetMap contributors / ODbL
MY_N9040477850,103.7040228,1.5378476,UNKNOWN,582.554806202485,32.62241745,16.77759947331213,19.802247597050954,,1374.6355827727637,,,64.05467987060547,Johor,node,9040477850,,OpenStreetMap contributors / ODbL,Copernicus DEM GLO-30 via Microsoft Planetary Computer,ASF Global 30m HAND v1,OpenStreetMap contributors / ODbL
MY_N9040016330,103.7283222,1.5073147,UNKNOWN,1280.2746992768461,12.437988281,5.330162391149019,7.725139062455551,,885.828214154561,,,42.762855529785156,Johor,node,9040016330,,OpenStreetMap contributors / ODbL,Copernicus DEM GLO-30 via Microsoft Planetary Computer,ASF Global 30m HAND v1,OpenStreetMap contributors / ODbL
MY_N10948101724,103.7492616,1.5788316,UNKNOWN,51.04306180368342,0.0,0.6769890247979221,1.9884860645834574,,191.67069056722409,,,30.949405670166016,Johor,node,10948101724,,OpenStreetMap contributors / ODbL,Copernicus DEM GLO-30 via Microsoft Planetary Computer,ASF Global 30m HAND v1,OpenStreetMap contributors / ODbL
MY_N8302956903,103.7508099,1.4982185,UNKNOWN,439.05835053617113,13.111524582,6.338343810458725,12.289766836795208,,506.90835487034855,,,29.53973388671875,Johor,node,8302956903,,OpenStreetMap contributors / ODbL,Copernicus DEM GLO-30 via Microsoft Planetary Computer,ASF Global 30m HAND v1,OpenStreetMap contributors / ODbL
MY_N8302956904,103.7509011,1.4967035,UNKNOWN,279.36707894575943,11.942903519,1.5896925305588985,3.8765625041061904,,339.14289342873377,,,28.693958282470703,Johor,node,8302956904,,OpenStreetMap contributors / ODbL,Copernicus DEM GLO-30 via Microsoft Planetary Computer,ASF Global 30m HAND v1,OpenStreetMap contributors / ODbL
MY_N10948101740,103.7520538,1.5893058,UNKNOWN,73.99113973186466,13.646987915,5.4867683904074935,7.840243924398287,,52.522620510748,,,38.723793029785156,Johor,node,10948101740,,OpenStreetMap contributors / ODbL,Copernicus DEM GLO-30 via Microsoft Planetary Computer,ASF Global 30m HAND v1,OpenStreetMap contributors / ODbL
MY_N8302956902,103.7521496,1.4981689,UNKNOWN,335.2235613950682,13.370473862,4.013734004738837,5.6480903254662564,,511.07568818471844,,,28.802202224731445,Johor,node,8302956902,,OpenStreetMap contributors / ODbL,Copernicus DEM GLO-30 via Microsoft Planetary Computer,ASF Global 30m HAND v1,OpenStreetMap contributors / ODbL
MY_N8302956901,103.7521765,1.4968349,UNKNOWN,308.5276750937539,15.669298172,8.148387492225718,8.25450777285611,,369.0415315915208,,,28.29049301147461,Johor,node,8302956901,,OpenStreetMap contributors / ODbL,Copernicus DEM GLO-30 via Microsoft Planetary Computer,ASF Global 30m HAND v1,OpenStreetMap contributors / ODbL
MY_N8302956900,103.7522851,1.4965547,UNKNOWN,283.16735496940123,10.449043274,5.338224561368316,7.453243408543978,,343.7131250472449,,,26.885719299316406,Johor,node,8302956900,,OpenStreetMap contributors / ODbL,Copernicus DEM GLO-30 via Microsoft Planetary Computer,ASF Global 30m HAND v1,OpenStreetMap contributors / ODbL
MY_N10948101726,103.7557291,1.6004114,UNKNOWN,239.31078787305879,15.848588943,13.407917558176221,16.129354701380798,,208.86253508242783,,,51.98527526855469,Johor,node,10948101726,,OpenStreetMap contributors / ODbL,Copernicus DEM GLO-30 via Microsoft Planetary Computer,ASF Global 30m HAND v1,OpenStreetMap contributors / ODbL
MY_N10948101725,103.7636669,1.5879361,UNKNOWN,47.868819767998566,1.443996429,0.9993591053810169,1.1887040542828573,,238.83120852992957,,,33.18372344970703,Johor,node,10948101725,,OpenStreetMap contributors / ODbL,Copernicus DEM GLO-30 via Microsoft Planetary Computer,ASF Global 30m HAND v1,OpenStreetMap contributors / ODbL
MY_N9040016331,103.7865154,1.5400034,UNKNOWN,713.590913898974,3.424564362,3.8125706435701807,7.1174046288039206,,179.4963169655573,,,23.08126449584961,Johor,node,9040016331,,OpenStreetMap contributors / ODbL,Copernicus DEM GLO-30 via Microsoft Planetary Computer,ASF Global 30m HAND v1,OpenStreetMap contributors / ODbL
MY_W1388820991,103.80241,2.5766168,UNKNOWN,191.43848826807695,0.478616774,1.4299464420745527,2.325230611793018,,316.6797845969435,,,6.542862892150879,Johor,way,1388820991,,OpenStreetMap contributors / ODbL,Copernicus DEM GLO-30 via Microsoft Planetary Computer,ASF Global 30m HAND v1,OpenStreetMap contributors / ODbL
MY_N9040431790,103.8152137,1.7710648,UNKNOWN,2220.022375398393,141.794509888,14.313663528447677,17.561377614063183,,8085.348594453701,,,192.5619354248047,Johor,node,9040431790,,OpenStreetMap contributors / ODbL,Copernicus DEM GLO-30 via Microsoft Planetary Computer,ASF Global 30m HAND v1,OpenStreetMap contributors / ODbL
MY_N8387910052,103.8171557,2.4663955,UNKNOWN,362.6311853900846,13.756211281,5.593482430893645,8.943887704366686,,333.5056649854206,,,22.43572998046875,Johor,node,8387910052,,OpenStreetMap contributors / ODbL,Copernicus DEM GLO-30 via Microsoft Planetary Computer,ASF Global 30m HAND v1,OpenStreetMap contributors / ODbL
MY_W1315843998,103.8237152,1.6106312,UNKNOWN,172.0359769864887,17.177848816,7.156801618813035,9.09855500463219,,77.66348392180782,,,63.45025634765625,Johor,way,1315843998,,OpenStreetMap contributors / ODbL,Copernicus DEM GLO-30 via Microsoft Planetary Computer,ASF Global 30m HAND v1,OpenStreetMap contributors / ODbL
MY_N8182722420,103.826935,2.520431,UNKNOWN,95.2111721691469,21.293828964,4.420537804932922,9.470364727300533,,3922.4316023578112,,,25.53119468688965,Johor,node,8182722420,,OpenStreetMap contributors / ODbL,Copernicus DEM GLO-30 via Microsoft Planetary Computer,ASF Global 30m HAND v1,OpenStreetMap contributors / ODbL
MY_N8387123936,103.8360311,1.8266845,UNKNOWN,32.9028665027515,6e-05,2.5427908684494556,3.4481994881539344,,11959.018915603367,,,31.98255729675293,Johor,node,8387123936,,OpenStreetMap contributors / ODbL,Copernicus DEM GLO-30 via Microsoft Planetary Computer,ASF Global 30m HAND v1,OpenStreetMap contributors / ODbL
MY_N11167076406,103.8462613,1.8082042,UNKNOWN,202.21287823950075,8e-05,2.1169378460051647,5.248189917775491,,9663.963750659505,,,25.075122833251953,Johor,node,11167076406,,OpenStreetMap contributors / ODbL,Copernicus DEM GLO-30 via Microsoft Planetary Computer,ASF Global 30m HAND v1,OpenStreetMap contributors / ODbL
MY_N8381293209,103.851791,1.6629104,UNKNOWN,168.9166638201962,15.451750755,11.53273585347493,13.645119401877919,,771.8913796849047,,,56.122528076171875,Johor,node,8381293209,,OpenStreetMap contributors / ODbL,Copernicus DEM GLO-30 via Microsoft Planetary Computer,ASF Global 30m HAND v1,OpenStreetMap contributors / ODbL
MY_N8381065572,103.9152628,1.5483111,UNKNOWN,219.5902494971289,1.918020248,7.244967323900227,13.813264461628616,,738.8036708093956,,,18.41652488708496,Johor,node,8381065572,,OpenStreetMap contributors / ODbL,Copernicus DEM GLO-30 via Microsoft Planetary Computer,ASF Global 30m HAND v1,OpenStreetMap contributors / ODbL
MY_N9841737653,103.9231619,1.5159096,UNKNOWN,384.9561662465947,14.61166954,2.019547963697638,4.10040123934898,,297.5116944046009,,,39.09081268310547,Johor,node,9841737653,,OpenStreetMap contributors / ODbL,Copernicus DEM GLO-30 via Microsoft Planetary Computer,ASF Global 30m HAND v1,OpenStreetMap contributors / ODbL
MY_N9040072039,103.938024,1.4489465,UNKNOWN,455.5924244323664,7.527382851,2.811383818646454,6.735609783711643,,1280.831790855751,,,27.07443618774414,Johor,node,9040072039,,OpenStreetMap contributors / ODbL,Copernicus DEM GLO-30 via Microsoft Planetary Computer,ASF Global 30m HAND v1,OpenStreetMap contributors / ODbL
MY_N8377840940,103.9510488,1.8502524,UNKNOWN,286.1613504547252,7.914795876,3.375847607573917,15.657883228994532,,10436.786381727,,,14.923378944396973,Johor,node,8377840940,,OpenStreetMap contributors / ODbL,Copernicus DEM GLO-30 via Microsoft Planetary Computer,ASF Global 30m HAND v1,OpenStreetMap contributors / ODbL
MY_N13722751040,103.9811003,2.4297256,UNKNOWN,11351.25124679338,6.102140427,5.93951932580338,6.277004846440162,,12357.04727431556,,,15.44191837310791,Johor,node,13722751040,,OpenStreetMap contributors / ODbL,Copernicus DEM GLO-30 via Microsoft Planetary Computer,ASF Global 30m HAND v1,OpenStreetMap contributors / ODbL
MY_N11147435458,104.0708873,1.4555292,UNKNOWN,654.3570016786274,28.911804199,10.980236440390915,16.013982245843057,,3875.1136020973586,,,34.941104888916016,Johor,node,11147435458,,OpenStreetMap contributors / ODbL,Copernicus DEM GLO-30 via Microsoft Planetary Computer,ASF Global 30m HAND v1,OpenStreetMap contributors / ODbL
MY_W1387401029,104.1004315,1.3771165,UNKNOWN,1688.224306458049,177.013305664,5.240926711142779,19.196521786895694,,6345.376296459776,,,183.99188232421875,Johor,way,1387401029,,OpenStreetMap contributors / ODbL,Copernicus DEM GLO-30 via Microsoft Planetary Computer,ASF Global 30m HAND v1,OpenStreetMap contributors / ODbL
MY_W446330609,104.2011729,2.7940392,UNKNOWN,221.8326388846447,11.177627563,12.19774196507817,18.69528404240974,,1887.2925958584851,,,11.505600929260254,Johor,way,446330609,,OpenStreetMap contributors / ODbL,Copernicus DEM GLO-30 via Microsoft Planetary Computer,ASF Global 30m HAND v1,OpenStreetMap contributors / ODbL
MY_N12889290985,104.2715205,1.5281241,UNKNOWN,444.2631681995583,12.049262047,3.2867608773576924,6.389233674412559,,835.1342393904006,,,26.908994674682617,Johor,node,12889290985,,OpenStreetMap contributors / ODbL,Copernicus DEM GLO-30 via Microsoft Planetary Computer,ASF Global 30m HAND v1,OpenStreetMap contributors / ODbL
MY_N12889290986,104.2717499,1.5280409,UNKNOWN,417.1331404938725,11.131379128,3.2867608773576924,6.389233674412559,,809.9227116017024,,,26.908994674682617,Johor,node,12889290986,,OpenStreetMap contributors / ODbL,Copernicus DEM GLO-30 via Microsoft Planetary Computer,ASF Global 30m HAND v1,OpenStreetMap contributors / ODbL
MY_N12889290231,104.284654,1.5166523,UNKNOWN,993.2252154104038,0.00011,0.0,0.0,,1042.532683619656,,,0.0,,node,12889290231,,OpenStreetMap contributors / ODbL,Copernicus DEM GLO-30 via Microsoft Planetary Computer,ASF Global 30m HAND v1,OpenStreetMap contributors / ODbL
MY_W1450150668,110.1936101,1.5862689,UNKNOWN,2276.2394732608805,150.418640137,15.976990093738234,24.85654108500158,,9305.429917401385,,,796.1572875976562,Sarawak,way,1450150668,Telekom Malaysia,OpenStreetMap contributors / ODbL,Copernicus DEM GLO-30 via Microsoft Planetary Computer,ASF Global 30m HAND v1,OpenStreetMap contributors / ODbL
MY_N13889784607,110.3220014,1.4398446,UNKNOWN,16.225453764083653,0.0,1.0863102485813547,3.2393567446994163,,2877.46057105973,,,10.66386604309082,Sarawak,node,13889784607,,OpenStreetMap contributors / ODbL,Copernicus DEM GLO-30 via Microsoft Planetary Computer,ASF Global 30m HAND v1,OpenStreetMap contributors / ODbL
MY_N3623334350,110.3375312,1.5309838,UNKNOWN,226.9715056405242,0.268604338,2.1131906443786757,6.453723948931868,,366.6119076672493,,,8.61862564086914,Sarawak,node,3623334350,,OpenStreetMap contributors / ODbL,Copernicus DEM GLO-30 via Microsoft Planetary Computer,ASF Global 30m HAND v1,OpenStreetMap contributors / ODbL
MY_N3623367413,110.339987,1.5221237,UNKNOWN,81.70281987057604,3.531235456,6.944449544370074,8.916405372389713,,765.704666822187,,,10.676990509033203,Sarawak,node,3623367413,,OpenStreetMap contributors / ODbL,Copernicus DEM GLO-30 via Microsoft Planetary Computer,ASF Global 30m HAND v1,OpenStreetMap contributors / ODbL
MY_N12773184677,110.3414364,1.6248158,UNKNOWN,150.60082903134366,0.206090033,1.603801013980095,1.5997811099710773,,7366.385853228996,,,3.7227466106414795,Sarawak,node,12773184677,,OpenStreetMap contributors / ODbL,Copernicus DEM GLO-30 via Microsoft Planetary Computer,ASF Global 30m HAND v1,OpenStreetMap contributors / ODbL
MY_N3573581293,110.359805,1.5197334,UNKNOWN,358.5404529054416,6.432858467,0.647815660581128,2.528930523560593,,668.3822238115898,,,11.569993019104004,Sarawak,node,3573581293,,OpenStreetMap contributors / ODbL,Copernicus DEM GLO-30 via Microsoft Planetary Computer,ASF Global 30m HAND v1,OpenStreetMap contributors / ODbL
MY_N2782631993,110.3808063,1.5197394,UNKNOWN,335.49204985724924,6.597505569,1.3194108058200216,1.8793853505985494,,1038.0765315641863,,,12.375391960144043,Sarawak,node,2782631993,,OpenStreetMap contributors / ODbL,Copernicus DEM GLO-30 via Microsoft Planetary Computer,ASF Global 30m HAND v1,OpenStreetMap contributors / ODbL
MY_N13889774655,110.4059914,1.3573551,UNKNOWN,35.901140832608796,2e-05,1.403032818688505,2.1156867614907395,,1907.8519630690794,,,8.499772071838379,Sarawak,node,13889774655,,OpenStreetMap contributors / ODbL,Copernicus DEM GLO-30 via Microsoft Planetary Computer,ASF Global 30m HAND v1,OpenStreetMap contributors / ODbL
MY_N13889776578,110.4167336,1.2694473,UNKNOWN,209.79745213525692,14.951726913,3.8600456451766676,7.096248074255917,,397.8400189246733,,,26.055160522460938,Sarawak,node,13889776578,,OpenStreetMap contributors / ODbL,Copernicus DEM GLO-30 via Microsoft Planetary Computer,ASF Global 30m HAND v1,OpenStreetMap contributors / ODbL
MY_N13891743611,110.4373384,1.3443151,UNKNOWN,282.59085301558446,8e-05,0.15280152951118636,1.5721910674122779,,4310.480120820213,,,6.627858638763428,Sarawak,node,13891743611,,OpenStreetMap contributors / ODbL,Copernicus DEM GLO-30 via Microsoft Planetary Computer,ASF Global 30m HAND v1,OpenStreetMap contributors / ODbL
MY_N6745537235,110.6218308,1.1533086,UNKNOWN,3530.4495798995795,205.82598877,15.786614105846155,19.475262871584583,,3055.6447840151864,,,723.0599365234375,Sarawak,node,6745537235,,OpenStreetMap contributors / ODbL,Copernicus DEM GLO-30 via Microsoft Planetary Computer,ASF Global 30m HAND v1,OpenStreetMap contributors / ODbL
MY_N6745537234,110.6218459,1.1523971,UNKNOWN,3609.4515844729012,75.303733826,10.844854148104533,17.29567130235121,,2973.615262435536,,,705.590087890625,Sarawak,node,6745537234,,OpenStreetMap contributors / ODbL,Copernicus DEM GLO-30 via Microsoft Planetary Computer,ASF Global 30m HAND v1,OpenStreetMap contributors / ODbL
MY_N6745537233,110.6219939,1.1520508,UNKNOWN,3649.620860191899,77.724693298,19.4489743544653,29.779811359116216,,2951.441490246308,,,710.9556884765625,Sarawak,node,6745537233,,OpenStreetMap contributors / ODbL,Copernicus DEM GLO-30 via Microsoft Planetary Computer,ASF Global 30m HAND v1,OpenStreetMap contributors / ODbL
MY_N6759131549,110.9335986,1.514715,UNKNOWN,392.20335364079904,168.10496521,6.147774207699012,12.171513849965589,,20000.0,,,170.01930236816406,Sarawak,node,6759131549,,OpenStreetMap contributors / ODbL,Copernicus DEM GLO-30 via Microsoft Planetary Computer,ASF Global 30m HAND v1,OpenStreetMap contributors / ODbL
MY_N12548986934,111.0002715,1.5309519,UNKNOWN,379.9808834193911,8e-05,2.474900105484006,2.775709691448722,,20000.0,,,5.041948318481445,Sarawak,node,12548986934,,OpenStreetMap contributors / ODbL,Copernicus DEM GLO-30 via Microsoft Planetary Computer,ASF Global 30m HAND v1,OpenStreetMap contributors / ODbL
MY_N6451638812,111.3305529,2.1522666,UNKNOWN,165.9358892181079,0.82935977,0.7590909457332935,1.2396278515919457,,69.44738265271282,,,4.180513381958008,Sarawak,node,6451638812,,OpenStreetMap contributors / ODbL,Copernicus DEM GLO-30 via Microsoft Planetary Computer,ASF Global 30m HAND v1,OpenStreetMap contributors / ODbL
MY_N10802588447,111.3704325,2.4888448,UNKNOWN,868.6310832533518,4.064009666,2.401200141782033,5.30974819894834,,7742.836423447282,,,8.673833847045898,Sarawak,node,10802588447,,OpenStreetMap contributors / ODbL,Copernicus DEM GLO-30 via Microsoft Planetary Computer,ASF Global 30m HAND v1,OpenStreetMap contributors / ODbL
MY_N10802588425,111.3749561,2.5328583,UNKNOWN,2406.7523535781106,8.226173401,1.1128709899194278,3.765078481466714,,6030.850424874307,,,11.975325584411621,Sarawak,node,10802588425,,OpenStreetMap contributors / ODbL,Copernicus DEM GLO-30 via Microsoft Planetary Computer,ASF Global 30m HAND v1,OpenStreetMap contributors / ODbL
MY_N10801806749,111.3969062,2.417984,UNKNOWN,43.86813277753572,2.042122841,5.436041433027979,7.323705836494624,,12392.553816103451,,,4.516800880432129,Sarawak,node,10801806749,,OpenStreetMap contributors / ODbL,Copernicus DEM GLO-30 via Microsoft Planetary Computer,ASF Global 30m HAND v1,OpenStreetMap contributors / ODbL
MY_N5067194637,111.4044531,1.2629513,UNKNOWN,22.526226636252492,5e-05,4.649012412295741,6.873403239144594,,4439.148108007608,,,5.863105297088623,Sarawak,node,5067194637,,OpenStreetMap contributors / ODbL,Copernicus DEM GLO-30 via Microsoft Planetary Computer,ASF Global 30m HAND v1,OpenStreetMap contributors / ODbL
MY_N11526632808,111.4294982,1.9404999,UNKNOWN,4140.680132069606,123.467056274,4.303411165034183,12.746025506837414,,15241.489413614734,,,179.94891357421875,Sarawak,node,11526632808,,OpenStreetMap contributors / ODbL,Copernicus DEM GLO-30 via Microsoft Planetary Computer,ASF Global 30m HAND v1,OpenStreetMap contributors / ODbL
MY_N6457937009,111.4320763,2.5112264,UNKNOWN,196.87364713279183,1.901024222,0.7594756571795551,1.713389501915457,,1537.233117811454,,,3.3603289127349854,Sarawak,node,6457937009,,OpenStreetMap contributors / ODbL,Copernicus DEM GLO-30 via Microsoft Planetary Computer,ASF Global 30m HAND v1,OpenStreetMap contributors / ODbL
MY_N10746755999,111.4340319,1.9704863,UNKNOWN,6480.991575527082,51.265335083,8.665875324608125,19.36947763207895,,12404.292732279078,,,169.85023498535156,Sarawak,node,10746755999,,OpenStreetMap contributors / ODbL,Copernicus DEM GLO-30 via Microsoft Planetary Computer,ASF Global 30m HAND v1,OpenStreetMap contributors / ODbL
MY_N10746755997,111.4341438,1.9715791,UNKNOWN,6585.331035101347,23.60443306,4.736738640599891,8.23588969239087,,12310.012884070464,,,161.48123168945312,Sarawak,node,10746755997,,OpenStreetMap contributors / ODbL,Copernicus DEM GLO-30 via Microsoft Planetary Computer,ASF Global 30m HAND v1,OpenStreetMap contributors / ODbL
MY_N10746755998,111.4361575,1.9710489,UNKNOWN,6441.088389346873,36.707138062,5.981284167058227,19.739600164397416,,12194.108267043384,,,147.5887908935547,Sarawak,node,10746755998,,OpenStreetMap contributors / ODbL,Copernicus DEM GLO-30 via Microsoft Planetary Computer,ASF Global 30m HAND v1,OpenStreetMap contributors / ODbL
MY_W1425495547,111.4623347,1.2326335,UNKNOWN,659.6002934355819,3.397586346,2.1164056261045308,7.403139032449439,,1182.4735691915366,,,15.269044876098633,Sarawak,way,1425495547,,OpenStreetMap contributors / ODbL,Copernicus DEM GLO-30 via Microsoft Planetary Computer,ASF Global 30m HAND v1,OpenStreetMap contributors / ODbL
MY_N10780423481,111.4990916,1.6290076,UNKNOWN,487.1328094818465,23.173038483,7.008726179757715,13.92551489244828,,8080.861560149286,,,68.13156127929688,Sarawak,node,10780423481,,OpenStreetMap contributors / ODbL,Copernicus DEM GLO-30 via Microsoft Planetary Computer,ASF Global 30m HAND v1,OpenStreetMap contributors / ODbL
MY_N5257595022,111.5199367,2.131413,UNKNOWN,365.2412980719355,7.775942326,2.823685703366582,7.336337905398899,,2841.892098740956,,,11.162501335144043,Sarawak,node,5257595022,,OpenStreetMap contributors / ODbL,Copernicus DEM GLO-30 via Microsoft Planetary Computer,ASF Global 30m HAND v1,OpenStreetMap contributors / ODbL
MY_N10771843285,111.5542928,1.0267176,UNKNOWN,270.458228573039,15.519480705,5.607817548281644,9.430439785593038,,9497.971804749153,,,53.55704116821289,Sarawak,node,10771843285,,OpenStreetMap contributors / ODbL,Copernicus DEM GLO-30 via Microsoft Planetary Computer,ASF Global 30m HAND v1,OpenStreetMap contributors / ODbL
MY_N11962284837,111.6326507,2.166531,UNKNOWN,180.08283767499952,1.04258728,2.162892379696815,2.8046295287251755,,11142.897433499267,,,5.599926471710205,Sarawak,node,11962284837,,OpenStreetMap contributors / ODbL,Copernicus DEM GLO-30 via Microsoft Planetary Computer,ASF Global 30m HAND v1,OpenStreetMap contributors / ODbL
MY_N10780417393,111.648681,1.1541936,UNKNOWN,54.788952638406606,2.654363871,4.3355617088320795,5.730989369034892,,256.635875493853,,,7.772021770477295,Sarawak,node,10780417393,,OpenStreetMap contributors / ODbL,Copernicus DEM GLO-30 via Microsoft Planetary Computer,ASF Global 30m HAND v1,OpenStreetMap contributors / ODbL
MY_N9696620835,111.6561519,1.2219468,UNKNOWN,831.0736746873541,20.826192856,4.318882944395638,7.694917441176364,,1119.753046812438,,,38.41780471801758,Sarawak,node,9696620835,,OpenStreetMap contributors / ODbL,Copernicus DEM GLO-30 via Microsoft Planetary Computer,ASF Global 30m HAND v1,OpenStreetMap contributors / ODbL
MY_N5063253063,111.6779123,1.1290095,UNKNOWN,245.09214283038617,0.968428671,0.5630519656076718,1.0820499423172758,,1815.2860969443234,,,10.468551635742188,Sarawak,node,5063253063,,OpenStreetMap contributors / ODbL,Copernicus DEM GLO-30 via Microsoft Planetary Computer,ASF Global 30m HAND v1,OpenStreetMap contributors / ODbL
MY_N6628565568,111.8478177,2.2691593,UNKNOWN,442.46198769369187,5.409882545,1.6977823881155816,7.924488761760031,,1671.2259828219824,,,8.486841201782227,Sarawak,node,6628565568,,OpenStreetMap contributors / ODbL,Copernicus DEM GLO-30 via Microsoft Planetary Computer,ASF Global 30m HAND v1,OpenStreetMap contributors / ODbL
MY_N9810094393,111.9015007,2.0625819,UNKNOWN,1262.9689822056976,8.258764267,4.27429989662361,10.518708766777149,,171.92703774475274,,,40.063133239746094,Sarawak,node,9810094393,,OpenStreetMap contributors / ODbL,Copernicus DEM GLO-30 via Microsoft Planetary Computer,ASF Global 30m HAND v1,OpenStreetMap contributors / ODbL
MY_N14017237793,112.7151749,2.0132098,UNKNOWN,171.53214448550568,73.988861084,10.240789546527838,16.935991917761946,,793.6928681833331,,,82.4576187133789,Sarawak,node,14017237793,,OpenStreetMap contributors / ODbL,Copernicus DEM GLO-30 via Microsoft Planetary Computer,ASF Global 30m HAND v1,OpenStreetMap contributors / ODbL
MY_N3765699308,113.0806067,3.2175726,UNKNOWN,609.0018274101668,82.816543579,4.9597846758939195,9.847842773699059,,2987.6712002167674,,,154.77935791015625,Sarawak,node,3765699308,,OpenStreetMap contributors / ODbL,Copernicus DEM GLO-30 via Microsoft Planetary Computer,ASF Global 30m HAND v1,OpenStreetMap contributors / ODbL
MY_N3765699325,113.0808642,3.217278,UNKNOWN,567.5489349761366,91.52255249,4.249178746501162,7.351981628911958,,2968.270891021944,,,153.40980529785156,Sarawak,node,3765699325,,OpenStreetMap contributors / ODbL,Copernicus DEM GLO-30 via Microsoft Planetary Computer,ASF Global 30m HAND v1,OpenStreetMap contributors / ODbL
MY_N3765699324,113.0811646,3.2181671,UNKNOWN,648.0348284893813,111.000854492,12.152255278187967,20.0501455016803,,3071.8796098585062,,,171.31727600097656,Sarawak,node,3765699324,,OpenStreetMap contributors / ODbL,Copernicus DEM GLO-30 via Microsoft Planetary Computer,ASF Global 30m HAND v1,OpenStreetMap contributors / ODbL
MY_N3765691973,113.0823502,3.2183679,UNKNOWN,643.5248733301847,132.984573364,6.705721138127434,9.685744376756924,,3144.5974489926107,,,165.97653198242188,Sarawak,node,3765691973,,OpenStreetMap contributors / ODbL,Copernicus DEM GLO-30 via Microsoft Planetary Computer,ASF Global 30m HAND v1,OpenStreetMap contributors / ODbL
MY_N3765686551,113.0861777,3.2199319,UNKNOWN,777.0994491441201,87.52205658,8.75056594518585,13.826884928533394,,3492.279914134005,,,164.18588256835938,Sarawak,node,3765686551,,OpenStreetMap contributors / ODbL,Copernicus DEM GLO-30 via Microsoft Planetary Computer,ASF Global 30m HAND v1,OpenStreetMap contributors / ODbL
MY_N12265504950,113.4353616,3.3699375,UNKNOWN,8549.457534145295,45.340419769,6.650429906142475,15.723507156438815,,546.7816926281635,,,86.10853576660156,Sarawak,node,12265504950,,OpenStreetMap contributors / ODbL,Copernicus DEM GLO-30 via Microsoft Planetary Computer,ASF Global 30m HAND v1,OpenStreetMap contributors / ODbL
MY_N12265504949,113.4359258,3.3695948,UNKNOWN,8477.91584923161,45.015220642,2.004283997984096,11.553888398654149,,506.33847976653396,,,87.73698425292969,Sarawak,node,12265504949,,OpenStreetMap contributors / ODbL,Copernicus DEM GLO-30 via Microsoft Planetary Computer,ASF Global 30m HAND v1,OpenStreetMap contributors / ODbL
MY_N13104827528,113.5112131,2.6639979,LTE,683.8621566855911,46.632392883,2.904478515274303,11.737691920636882,,20000.0,,,119.33113861083984,Sarawak,node,13104827528,,OpenStreetMap contributors / ODbL,Copernicus DEM GLO-30 via Microsoft Planetary Computer,ASF Global 30m HAND v1,OpenStreetMap contributors / ODbL
MY_N12266043339,113.5577804,3.4499893,UNKNOWN,4657.05253149545,50.310001373,8.927066423949526,12.701365194629163,,2986.7338468112503,,,73.41825866699219,Sarawak,node,12266043339,,OpenStreetMap contributors / ODbL,Copernicus DEM GLO-30 via Microsoft Planetary Computer,ASF Global 30m HAND v1,OpenStreetMap contributors / ODbL
MY_N4971032710,113.7476067,2.7257854,UNKNOWN,2399.9024922455533,136.022583008,3.1252678505214764,13.601446193003886,,20000.0,,,680.37744140625,Sarawak,node,4971032710,,OpenStreetMap contributors / ODbL,Copernicus DEM GLO-30 via Microsoft Planetary Computer,ASF Global 30m HAND v1,OpenStreetMap contributors / ODbL
MY_N12270851329,113.793027,4.0640694,UNKNOWN,162.1843316999174,0.0,7.168427277118335,12.015381980271162,,4906.168067623942,,,5.179388999938965,Sarawak,node,12270851329,,OpenStreetMap contributors / ODbL,Copernicus DEM GLO-30 via Microsoft Planetary Computer,ASF Global 30m HAND v1,OpenStreetMap contributors / ODbL
MY_N11482095447,113.8413294,4.0603736,UNKNOWN,740.2828292516309,0.476470977,3.8607845185334866,5.169781747232521,,4601.261275630724,,,4.637875080108643,Sarawak,node,11482095447,,OpenStreetMap contributors / ODbL,Copernicus DEM GLO-30 via Microsoft Planetary Computer,ASF Global 30m HAND v1,OpenStreetMap contributors / ODbL
MY_N11484371222,113.8485145,4.0625887,UNKNOWN,311.2548900714855,8e-05,5.765775438535211,10.553348946936323,,4820.414984958654,,,2.890620231628418,Sarawak,node,11484371222,,OpenStreetMap contributors / ODbL,Copernicus DEM GLO-30 via Microsoft Planetary Computer,ASF Global 30m HAND v1,OpenStreetMap contributors / ODbL
MY_N12124802651,113.8843277,3.8695236,UNKNOWN,9395.499922443161,8.450296402,2.8431300070728787,5.572272103961905,,877.599357963434,,,31.422910690307617,Sarawak,node,12124802651,,OpenStreetMap contributors / ODbL,Copernicus DEM GLO-30 via Microsoft Planetary Computer,ASF Global 30m HAND v1,OpenStreetMap contributors / ODbL
MY_N11482649670,113.9238949,4.244054,UNKNOWN,223.45286923646051,5.108673573,5.123133060494585,6.687990187392816,,795.5195048573282,,,12.25966739654541,Sarawak,node,11482649670,,OpenStreetMap contributors / ODbL,Copernicus DEM GLO-30 via Microsoft Planetary Computer,ASF Global 30m HAND v1,OpenStreetMap contributors / ODbL
MY_N12419607083,113.9240811,4.2452329,UNKNOWN,103.9920448484117,4.061299801,2.7768344403049006,4.24470690870777,,670.4236332791979,,,7.843633651733398,Sarawak,node,12419607083,,OpenStreetMap contributors / ODbL,Copernicus DEM GLO-30 via Microsoft Planetary Computer,ASF Global 30m HAND v1,OpenStreetMap contributors / ODbL
MY_N12120294219,113.9356416,4.2609182,UNKNOWN,146.46272470146621,14.711896896,5.786414019451485,7.997555206573146,,1485.805453137681,,,19.898269653320312,Sarawak,node,12120294219,,OpenStreetMap contributors / ODbL,Copernicus DEM GLO-30 via Microsoft Planetary Computer,ASF Global 30m HAND v1,OpenStreetMap contributors / ODbL
MY_N12116945444,113.9586528,4.3013622,UNKNOWN,131.05473060389758,0.304303169,0.6537477354566157,2.0378041125065556,,396.2968957153323,,,3.722043991088867,Sarawak,node,12116945444,,OpenStreetMap contributors / ODbL,Copernicus DEM GLO-30 via Microsoft Planetary Computer,ASF Global 30m HAND v1,OpenStreetMap contributors / ODbL
MY_N11730767539,113.9654239,4.3085974,UNKNOWN,365.72819453133263,8.264133453,1.362212177072389,2.2190428923412093,,356.4789434906719,,,12.573683738708496,Sarawak,node,11730767539,,OpenStreetMap contributors / ODbL,Copernicus DEM GLO-30 via Microsoft Planetary Computer,ASF Global 30m HAND v1,OpenStreetMap contributors / ODbL
MY_N12260551262,113.9659704,4.0947331,UNKNOWN,500.35042995952176,6.949315548,1.0219613245949983,1.9008591025639003,,231.963418013074,,,25.7128963470459,Sarawak,node,12260551262,,OpenStreetMap contributors / ODbL,Copernicus DEM GLO-30 via Microsoft Planetary Computer,ASF Global 30m HAND v1,OpenStreetMap contributors / ODbL
MY_N11463362309,113.9669279,4.3192878,UNKNOWN,479.94930521710813,0.251083225,1.3298106777363625,1.917897235865524,,295.03855311430925,,,4.731343746185303,Sarawak,node,11463362309,,OpenStreetMap contributors / ODbL,Copernicus DEM GLO-30 via Microsoft Planetary Computer,ASF Global 30m HAND v1,OpenStreetMap contributors / ODbL
MY_N11496601911,113.9726797,4.3624345,UNKNOWN,566.1346045346271,47.291374207,3.8740873890743273,9.965465761446998,,494.14705735543475,,,69.7734603881836,Sarawak,node,11496601911,,OpenStreetMap contributors / ODbL,Copernicus DEM GLO-30 via Microsoft Planetary Computer,ASF Global 30m HAND v1,OpenStreetMap contributors / ODbL
MY_N11496601910,113.9727112,4.3619872,UNKNOWN,578.476955629631,40.634010315,8.839496021699324,12.7301176128239,,537.6461077765996,,,60.296566009521484,Sarawak,node,11496601910,,OpenStreetMap contributors / ODbL,Copernicus DEM GLO-30 via Microsoft Planetary Computer,ASF Global 30m HAND v1,OpenStreetMap contributors / ODbL
MY_N11727753196,113.972722,4.3237263,UNKNOWN,109.77113190944817,3.342495918,0.9441710282572899,6.15626774741038,,221.59822534498844,,,8.372502326965332,Sarawak,node,11727753196,,OpenStreetMap contributors / ODbL,Copernicus DEM GLO-30 via Microsoft Planetary Computer,ASF Global 30m HAND v1,OpenStreetMap contributors / ODbL
MY_N12084295135,113.9729175,4.3726288,UNKNOWN,44.63405168252727,4e-05,0.8872095018891454,3.3156749780236097,,252.19949210722004,,,5.328029632568359,Sarawak,node,12084295135,,OpenStreetMap contributors / ODbL,Copernicus DEM GLO-30 via Microsoft Planetary Computer,ASF Global 30m HAND v1,OpenStreetMap contributors / ODbL
MY_N12407437060,113.9739523,4.3446442,UNKNOWN,145.4171034278293,2.739553928,2.542612588077214,3.7759628998284667,,2.936223332701396,,,5.961918354034424,Sarawak,node,12407437060,,OpenStreetMap contributors / ODbL,Copernicus DEM GLO-30 via Microsoft Planetary Computer,ASF Global 30m HAND v1,OpenStreetMap contributors / ODbL
MY_N11794540712,113.974329,4.3174933,UNKNOWN,703.7990132167123,1.049107671,0.5972666920892252,2.3367371275877256,,8.76723292665591,,,13.924949645996094,Sarawak,node,11794540712,,OpenStreetMap contributors / ODbL,Copernicus DEM GLO-30 via Microsoft Planetary Computer,ASF Global 30m HAND v1,OpenStreetMap contributors / ODbL
MY_N12058759613,113.9743319,4.3883591,UNKNOWN,206.93191217718652,5.454520702,2.8687005832061088,4.473276700137526,,113.23690393788169,,,6.2380805015563965,Sarawak,node,12058759613,,OpenStreetMap contributors / ODbL,Copernicus DEM GLO-30 via Microsoft Planetary Computer,ASF Global 30m HAND v1,OpenStreetMap contributors / ODbL
MY_N11496879857,113.975761,4.3643009,UNKNOWN,205.242207592436,11.034040451,1.238567421488685,10.35259582359713,,639.7547062508196,,,62.2354850769043,Sarawak,node,11496879857,,OpenStreetMap contributors / ODbL,Copernicus DEM GLO-30 via Microsoft Planetary Computer,ASF Global 30m HAND v1,OpenStreetMap contributors / ODbL
MY_N12110472263,113.977493,4.3984058,UNKNOWN,102.56133248057908,6.637842655,7.6343588811180245,9.321753639220283,,555.3493957367807,,,2.412851572036743,Sarawak,node,12110472263,,OpenStreetMap contributors / ODbL,Copernicus DEM GLO-30 via Microsoft Planetary Computer,ASF Global 30m HAND v1,OpenStreetMap contributors / ODbL
MY_N12238462274,113.9794338,4.33518,UNKNOWN,8.359359903308343,0.31835568,1.5097282456802625,2.023793821693538,,5.779070704487877,,,11.239130020141602,Sarawak,node,12238462274,,OpenStreetMap contributors / ODbL,Copernicus DEM GLO-30 via Microsoft Planetary Computer,ASF Global 30m HAND v1,OpenStreetMap contributors / ODbL
MY_N12063268241,113.9798875,4.3480886,UNKNOWN,437.76017274527334,9.400634766,6.632721876990209,11.401139051982979,,199.11209151827902,,,14.4242525100708,Sarawak,node,12063268241,,OpenStreetMap contributors / ODbL,Copernicus DEM GLO-30 via Microsoft Planetary Computer,ASF Global 30m HAND v1,OpenStreetMap contributors / ODbL
MY_N11795630828,113.9806056,4.3678684,UNKNOWN,138.45751482335137,21.353788376,3.2325485421079176,5.468832226320271,,470.93594681797254,,,61.622222900390625,Sarawak,node,11795630828,,OpenStreetMap contributors / ODbL,Copernicus DEM GLO-30 via Microsoft Planetary Computer,ASF Global 30m HAND v1,OpenStreetMap contributors / ODbL
MY_N11487000566,113.9809671,4.3783346,UNKNOWN,431.2978278511039,4.37166214,3.6706200992491365,6.401998962438463,,207.2098491385632,,,38.74442672729492,Sarawak,node,11487000566,,OpenStreetMap contributors / ODbL,Copernicus DEM GLO-30 via Microsoft Planetary Computer,ASF Global 30m HAND v1,OpenStreetMap contributors / ODbL
MY_N12273248580,113.9824349,4.3486718,UNKNOWN,356.49173578142864,3.954341888,0.4461798953342813,3.1927519254907355,,154.85192274204127,,,14.82282829284668,Sarawak,node,12273248580,,OpenStreetMap contributors / ODbL,Copernicus DEM GLO-30 via Microsoft Planetary Computer,ASF Global 30m HAND v1,OpenStreetMap contributors / ODbL
MY_N11496907513,113.9826861,4.1255055,UNKNOWN,194.81583481678774,2e-05,0.7027796053900615,1.2022184568313623,,1299.39514774201,,,22.667736053466797,Sarawak,node,11496907513,,OpenStreetMap contributors / ODbL,Copernicus DEM GLO-30 via Microsoft Planetary Computer,ASF Global 30m HAND v1,OpenStreetMap contributors / ODbL
MY_N11584058118,113.9829595,4.3738691,UNKNOWN,346.2138604850567,9.834112167,0.5822790729071401,2.9702979592898178,,57.5485699691208,,,46.5984001159668,Sarawak,node,11584058118,,OpenStreetMap contributors / ODbL,Copernicus DEM GLO-30 via Microsoft Planetary Computer,ASF Global 30m HAND v1,OpenStreetMap contributors / ODbL
MY_N12205012364,113.9832681,4.3230831,UNKNOWN,605.5047919178564,0.0001,0.9742549432058744,1.2751607957644682,,163.70291507035162,,,15.342188835144043,Sarawak,node,12205012364,,OpenStreetMap contributors / ODbL,Copernicus DEM GLO-30 via Microsoft Planetary Computer,ASF Global 30m HAND v1,OpenStreetMap contributors / ODbL
MY_N12408552579,113.9834656,4.3281521,UNKNOWN,45.4906656948137,3.030913115,3.3696407764638714,5.675129979855517,,100.28311782564869,,,17.91201400756836,Sarawak,node,12408552579,,OpenStreetMap contributors / ODbL,Copernicus DEM GLO-30 via Microsoft Planetary Computer,ASF Global 30m HAND v1,OpenStreetMap contributors / ODbL
MY_N12177011821,113.9836072,4.3238229,UNKNOWN,524.0571305797654,3.450555801,3.0692065978288903,3.745267303776426,,225.31814841959846,,,18.54787826538086,Sarawak,node,12177011821,,OpenStreetMap contributors / ODbL,Copernicus DEM GLO-30 via Microsoft Planetary Computer,ASF Global 30m HAND v1,OpenStreetMap contributors / ODbL
MY_N12177011820,113.98376,4.3241712,UNKNOWN,486.69739864200517,1.126322031,4.516480570070399,6.244400206536426,,259.4946823229312,,,20.14466094970703,Sarawak,node,12177011820,,OpenStreetMap contributors / ODbL,Copernicus DEM GLO-30 via Microsoft Planetary Computer,ASF Global 30m HAND v1,OpenStreetMap contributors / ODbL
MY_N12177011819,113.984064,4.3245991,UNKNOWN,443.84423711524306,1.147381067,6.064479939336595,9.776606443012232,,314.3883559004003,,,17.998661041259766,Sarawak,node,12177011819,,OpenStreetMap contributors / ODbL,Copernicus DEM GLO-30 via Microsoft Planetary Computer,ASF Global 30m HAND v1,OpenStreetMap contributors / ODbL
MY_N11875484220,113.9841106,4.5732675,NR,463.47956694699354,7.536465168,3.207744524498023,4.397656574744035,,2488.6147910235413,,,8.705376625061035,Sarawak,node,11875484220,,OpenStreetMap contributors / ODbL,Copernicus DEM GLO-30 via Microsoft Planetary Computer,ASF Global 30m HAND v1,OpenStreetMap contributors / ODbL
MY_W1235093106,113.9841253,4.3266536,UNKNOWN,222.25690978380916,2.119643688,1.0036554487819722,3.3235086445098396,,260.28055129445914,,,18.98122787475586,Sarawak,way,1235093106,,OpenStreetMap contributors / ODbL,Copernicus DEM GLO-30 via Microsoft Planetary Computer,ASF Global 30m HAND v1,OpenStreetMap contributors / ODbL
MY_N12177011818,113.9842106,4.324918,UNKNOWN,411.4550348364718,4.395401478,4.568134541821991,6.567066554345143,,334.4143845713805,,,17.402231216430664,Sarawak,node,12177011818,,OpenStreetMap contributors / ODbL,Copernicus DEM GLO-30 via Microsoft Planetary Computer,ASF Global 30m HAND v1,OpenStreetMap contributors / ODbL
MY_N12408785870,113.98479,4.341766,UNKNOWN,242.2414557819694,2.325263023,1.8850316957383548,2.3881720714476766,,144.52053597952752,,,16.373079299926758,Sarawak,node,12408785870,,OpenStreetMap contributors / ODbL,Copernicus DEM GLO-30 via Microsoft Planetary Computer,ASF Global 30m HAND v1,OpenStreetMap contributors / ODbL
MY_N12121993477,113.9855285,4.3309554,UNKNOWN,177.10380024512236,1.518050194,2.996282776621524,3.7469039065291847,,327.4715950262295,,,18.894847869873047,Sarawak,node,12121993477,,OpenStreetMap contributors / ODbL,Copernicus DEM GLO-30 via Microsoft Planetary Computer,ASF Global 30m HAND v1,OpenStreetMap contributors / ODbL
MY_N12231992517,113.9860284,4.3016354,UNKNOWN,1021.8269523489951,0.450511336,1.1730341601454488,1.8048823111281416,,273.4897158358696,,,20.710891723632812,Sarawak,node,12231992517,,OpenStreetMap contributors / ODbL,Copernicus DEM GLO-30 via Microsoft Planetary Computer,ASF Global 30m HAND v1,OpenStreetMap contributors / ODbL
MY_N11502197115,113.9868605,4.3992464,UNKNOWN,133.9348137534289,4.422142982,1.725483510413934,5.591832920829329,,117.45704710403834,,,7.730113983154297,Sarawak,node,11502197115,,OpenStreetMap contributors / ODbL,Copernicus DEM GLO-30 via Microsoft Planetary Computer,ASF Global 30m HAND v1,OpenStreetMap contributors / ODbL
MY_N11774742821,113.9871581,4.3824867,UNKNOWN,657.7877747773467,10.144042015,1.1125852995197159,2.0548835119414934,,427.67214366139007,,,42.240848541259766,Sarawak,node,11774742821,,OpenStreetMap contributors / ODbL,Copernicus DEM GLO-30 via Microsoft Planetary Computer,ASF Global 30m HAND v1,OpenStreetMap contributors / ODbL
MY_N11774742770,113.9879418,4.3826325,UNKNOWN,639.576918886495,35.52822113,5.426242627154903,6.82834786611734,,469.48931484384354,,,44.320167541503906,Sarawak,node,11774742770,,OpenStreetMap contributors / ODbL,Copernicus DEM GLO-30 via Microsoft Planetary Computer,ASF Global 30m HAND v1,OpenStreetMap contributors / ODbL
MY_N12141554109,113.988112,4.3889176,UNKNOWN,1128.9250291354126,3e-05,9.801160700920295,15.900007473432096,,167.40793686785375,,,7.125782012939453,Sarawak,node,12141554109,,OpenStreetMap contributors / ODbL,Copernicus DEM GLO-30 via Microsoft Planetary Computer,ASF Global 30m HAND v1,OpenStreetMap contributors / ODbL
MY_N12222591751,113.9881578,4.3332582,UNKNOWN,377.5158567240942,0.882248998,2.0813489688740536,2.6464602592735518,,242.8333833608323,,,17.145885467529297,Sarawak,node,12222591751,,OpenStreetMap contributors / ODbL,Copernicus DEM GLO-30 via Microsoft Planetary Computer,ASF Global 30m HAND v1,OpenStreetMap contributors / ODbL
MY_N11802478955,113.9884963,4.3547046,UNKNOWN,476.3758583521439,8e-05,3.784871964906954,4.768101872697266,,25.488503713915513,,,19.610183715820312,Sarawak,node,11802478955,,OpenStreetMap contributors / ODbL,Copernicus DEM GLO-30 via Microsoft Planetary Computer,ASF Global 30m HAND v1,OpenStreetMap contributors / ODbL
MY_N12222591771,113.9887491,4.3345359,UNKNOWN,480.0088460328299,0.019541822,1.991168403924885,3.876627225261811,,181.3990137989799,,,16.703222274780273,Sarawak,node,12222591771,,OpenStreetMap contributors / ODbL,Copernicus DEM GLO-30 via Microsoft Planetary Computer,ASF Global 30m HAND v1,OpenStreetMap contributors / ODbL
MY_N12284563602,113.9891459,4.3895382,UNKNOWN,1028.0488703646492,5.569782257,9.676623394629813,12.918956076182736,,252.76848041918547,,,8.723016738891602,Sarawak,node,12284563602,,OpenStreetMap contributors / ODbL,Copernicus DEM GLO-30 via Microsoft Planetary Computer,ASF Global 30m HAND v1,OpenStreetMap contributors / ODbL
MY_N11653038151,113.9893697,4.3999655,UNKNOWN,278.83226556367316,1.587479711,2.2501183033703893,4.895945412375963,,69.07665883490067,,,9.716096878051758,Sarawak,node,11653038151,,OpenStreetMap contributors / ODbL,Copernicus DEM GLO-30 via Microsoft Planetary Computer,ASF Global 30m HAND v1,OpenStreetMap contributors / ODbL
MY_N12222591752,113.9894534,4.3361922,UNKNOWN,533.3984691260234,0.443373352,0.8249435784500327,1.9751429620156609,,61.283807646373006,,,16.352270126342773,Sarawak,node,12222591752,,OpenStreetMap contributors / ODbL,Copernicus DEM GLO-30 via Microsoft Planetary Computer,ASF Global 30m HAND v1,OpenStreetMap contributors / ODbL
MY_N11465075859,113.9897022,4.3223039,UNKNOWN,973.1510691886907,4.48867321,1.9817721650612823,2.9254719655163974,,545.7210784893005,,,20.99747085571289,Sarawak,node,11465075859,,OpenStreetMap contributors / ODbL,Copernicus DEM GLO-30 via Microsoft Planetary Computer,ASF Global 30m HAND v1,OpenStreetMap contributors / ODbL
MY_N12222591753,113.9899372,4.3372386,UNKNOWN,552.7626130607638,0.057828493,4.055937599507208,5.033693345041169,,161.87126119436053,,,18.5460262298584,Sarawak,node,12222591753,,OpenStreetMap contributors / ODbL,Copernicus DEM GLO-30 via Microsoft Planetary Computer,ASF Global 30m HAND v1,OpenStreetMap contributors / ODbL
MY_N12112838716,113.9900021,4.3603929,UNKNOWN,883.6918487883859,1.159576416,0.1085696148372856,1.2592289556789962,,634.7880369412298,,,21.706022262573242,Sarawak,node,12112838716,,OpenStreetMap contributors / ODbL,Copernicus DEM GLO-30 via Microsoft Planetary Computer,ASF Global 30m HAND v1,OpenStreetMap contributors / ODbL
MY_N12243059849,113.9902481,4.523302,UNKNOWN,178.00422340340992,8e-05,0.8966642615313766,1.6322163086114105,,2870.6162546680634,,,2.3342947959899902,Sarawak,node,12243059849,,OpenStreetMap contributors / ODbL,Copernicus DEM GLO-30 via Microsoft Planetary Computer,ASF Global 30m HAND v1,OpenStreetMap contributors / ODbL
MY_N11528285260,113.9911028,4.3486017,UNKNOWN,250.48811285362066,1.276643753,0.7168835549690671,1.3284298881056242,,133.85158196058418,,,17.773887634277344,Sarawak,node,11528285260,,OpenStreetMap contributors / ODbL,Copernicus DEM GLO-30 via Microsoft Planetary Computer,ASF Global 30m HAND v1,OpenStreetMap contributors / ODbL
MY_N11536997187,113.9912062,4.3046637,UNKNOWN,377.5246685230106,2.777420044,1.4331245837258573,2.266704507947267,,183.67740443690104,,,25.355209350585938,Sarawak,node,11536997187,,OpenStreetMap contributors / ODbL,Copernicus DEM GLO-30 via Microsoft Planetary Computer,ASF Global 30m HAND v1,OpenStreetMap contributors / ODbL
MY_N12105659133,113.9914314,4.3757588,UNKNOWN,123.59050310685542,3.916948318,2.9939744843023104,4.3905331574615465,,138.86644106730225,,,16.519010543823242,Sarawak,node,12105659133,,OpenStreetMap contributors / ODbL,Copernicus DEM GLO-30 via Microsoft Planetary Computer,ASF Global 30m HAND v1,OpenStreetMap contributors / ODbL
MY_N12433988983,113.9916201,4.3983889,UNKNOWN,12.509779229487231,0.0,3.5612013158006244,4.627041968323356,,156.16500679407582,,,7.27900505065918,Sarawak,node,12433988983,,OpenStreetMap contributors / ODbL,Copernicus DEM GLO-30 via Microsoft Planetary Computer,ASF Global 30m HAND v1,OpenStreetMap contributors / ODbL
MY_N12284680509,113.9920731,4.3036217,UNKNOWN,317.65504131979253,5.31829834,4.507207828469557,5.230960516871492,,126.20670290517658,,,27.38943099975586,Sarawak,node,12284680509,,OpenStreetMap contributors / ODbL,Copernicus DEM GLO-30 via Microsoft Planetary Computer,ASF Global 30m HAND v1,OpenStreetMap contributors / ODbL
MY_N12284680513,113.9921845,4.3038641,UNKNOWN,295.790848897162,2.67757988,3.504923491439544,5.229101275397088,,126.37498074488315,,,26.453296661376953,Sarawak,node,12284680513,,OpenStreetMap contributors / ODbL,Copernicus DEM GLO-30 via Microsoft Planetary Computer,ASF Global 30m HAND v1,OpenStreetMap contributors / ODbL
MY_N12513784874,113.9923887,4.3428212,UNKNOWN,338.82391515961604,10.364200592,7.499606533687267,9.160560977355066,,31.009367148469877,,,23.47901153564453,Sarawak,node,12513784874,,OpenStreetMap contributors / ODbL,Copernicus DEM GLO-30 via Microsoft Planetary Computer,ASF Global 30m HAND v1,OpenStreetMap contributors / ODbL
MY_N11524986796,113.9929122,4.3177837,UNKNOWN,510.2365323201146,3.659852028,0.8232240550802095,2.992187238207766,,4.155996926089311,,,23.371631622314453,Sarawak,node,11524986796,,OpenStreetMap contributors / ODbL,Copernicus DEM GLO-30 via Microsoft Planetary Computer,ASF Global 30m HAND v1,OpenStreetMap contributors / ODbL
MY_N12103811729,113.9933183,4.3034129,UNKNOWN,200.39426434098382,0.0,0.5910412801350738,0.911503845667606,,13.969312311371304,,,25.248483657836914,Sarawak,node,12103811729,,OpenStreetMap contributors / ODbL,Copernicus DEM GLO-30 via Microsoft Planetary Computer,ASF Global 30m HAND v1,OpenStreetMap contributors / ODbL
MY_N12102882755,113.9937337,4.2965617,UNKNOWN,189.19698465361384,6.551150322,1.315324714708642,2.096085183949389,,77.6706021907932,,,31.90720558166504,Sarawak,node,12102882755,,OpenStreetMap contributors / ODbL,Copernicus DEM GLO-30 via Microsoft Planetary Computer,ASF Global 30m HAND v1,OpenStreetMap contributors / ODbL
MY_N12001114536,113.9944022,4.3856666,UNKNOWN,1045.9117668693218,72.234573364,3.768135431298723,4.543650649895263,,578.5654114835263,,,85.15766143798828,Sarawak,node,12001114536,,OpenStreetMap contributors / ODbL,Copernicus DEM GLO-30 via Microsoft Planetary Computer,ASF Global 30m HAND v1,OpenStreetMap contributors / ODbL
MY_N12001114555,113.9945017,4.3864669,UNKNOWN,1130.288514630023,61.19303894,1.4397330842042022,2.186306339138738,,667.6641756449209,,,85.64405822753906,Sarawak,node,12001114555,,OpenStreetMap contributors / ODbL,Copernicus DEM GLO-30 via Microsoft Planetary Computer,ASF Global 30m HAND v1,OpenStreetMap contributors / ODbL
MY_N12273280525,113.9949588,4.3520406,UNKNOWN,494.73152846807636,6.442414284,1.658814510091369,1.565450710006294,,82.29872823014443,,,20.535017013549805,Sarawak,node,12273280525,,OpenStreetMap contributors / ODbL,Copernicus DEM GLO-30 via Microsoft Planetary Computer,ASF Global 30m HAND v1,OpenStreetMap contributors / ODbL
MY_N12090303865,113.9951198,4.4002467,UNKNOWN,280.8638823534162,5.814805984,1.9235211161507442,4.4210504943724205,,99.93029198222487,,,8.9813814163208,Sarawak,node,12090303865,,OpenStreetMap contributors / ODbL,Copernicus DEM GLO-30 via Microsoft Planetary Computer,ASF Global 30m HAND v1,OpenStreetMap contributors / ODbL
MY_N11875484221,113.9955801,4.571927,NR,258.5710035530221,3e-05,3.7098717379402544,6.245199942540876,,1371.2999580336668,,,3.0020852088928223,Sarawak,node,11875484221,,OpenStreetMap contributors / ODbL,Copernicus DEM GLO-30 via Microsoft Planetary Computer,ASF Global 30m HAND v1,OpenStreetMap contributors / ODbL
MY_N12275922702,113.995933,4.4055863,UNKNOWN,151.4855055311454,8e-05,3.1110500690322653,4.663587741650068,,96.78001985469804,,,5.167300701141357,Sarawak,node,12275922702,,OpenStreetMap contributors / ODbL,Copernicus DEM GLO-30 via Microsoft Planetary Computer,ASF Global 30m HAND v1,OpenStreetMap contributors / ODbL
MY_N11494365614,113.9966757,4.3459945,UNKNOWN,219.54745554531883,1.913428307,7.999524201556765,11.109985322060082,,353.96512167761495,,,13.691547393798828,Sarawak,node,11494365614,,OpenStreetMap contributors / ODbL,Copernicus DEM GLO-30 via Microsoft Planetary Computer,ASF Global 30m HAND v1,OpenStreetMap contributors / ODbL
MY_N11530928262,113.9976889,4.3282389,UNKNOWN,693.5298881446873,3.965911865,1.6213886491874223,3.731318918274292,,58.12266570222746,,,23.25408172607422,Sarawak,node,11530928262,,OpenStreetMap contributors / ODbL,Copernicus DEM GLO-30 via Microsoft Planetary Computer,ASF Global 30m HAND v1,OpenStreetMap contributors / ODbL
MY_N11513739731,113.9980186,4.4163228,UNKNOWN,252.6412911555971,0.777564287,3.0446295574174127,4.530958508478086,,116.61001018376022,,,6.841607570648193,Sarawak,node,11513739731,,OpenStreetMap contributors / ODbL,Copernicus DEM GLO-30 via Microsoft Planetary Computer,ASF Global 30m HAND v1,OpenStreetMap contributors / ODbL
MY_N11536997297,113.99861,4.3197693,UNKNOWN,121.34425195383862,1.137681961,1.1851088787540678,2.2635967432780637,,362.91817003384153,,,20.412376403808594,Sarawak,node,11536997297,,OpenStreetMap contributors / ODbL,Copernicus DEM GLO-30 via Microsoft Planetary Computer,ASF Global 30m HAND v1,OpenStreetMap contributors / ODbL
MY_N12146143720,113.9987733,4.4090744,UNKNOWN,106.42422611296888,1.305729985,1.4481602131500293,2.227983502297595,,59.68139904014962,,,4.922866344451904,Sarawak,node,12146143720,,OpenStreetMap contributors / ODbL,Copernicus DEM GLO-30 via Microsoft Planetary Computer,ASF Global 30m HAND v1,OpenStreetMap contributors / ODbL
MY_N11747587796,113.9997821,4.4030563,UNKNOWN,9.646792798952282,0.962982833,1.9407092135883366,2.2810398762914788,,184.83396846153158,,,6.534907341003418,Sarawak,node,11747587796,,OpenStreetMap contributors / ODbL,Copernicus DEM GLO-30 via Microsoft Planetary Computer,ASF Global 30m HAND v1,OpenStreetMap contributors / ODbL
MY_N11478359637,114.0004077,4.493632,UNKNOWN,73.59252171406736,0.777270675,0.5618491422119563,1.1794426166385306,,376.938606886619,,,3.2656140327453613,Sarawak,node,11478359637,,OpenStreetMap contributors / ODbL,Copernicus DEM GLO-30 via Microsoft Planetary Computer,ASF Global 30m HAND v1,OpenStreetMap contributors / ODbL
MY_N11500414303,114.0004661,4.4083148,UNKNOWN,177.9511238566304,5e-05,0.6140395468115519,2.332710936905609,,138.00614611632875,,,4.880152702331543,Sarawak,node,11500414303,,OpenStreetMap contributors / ODbL,Copernicus DEM GLO-30 via Microsoft Planetary Computer,ASF Global 30m HAND v1,OpenStreetMap contributors / ODbL
MY_N11806114326,114.0012255,4.4106551,UNKNOWN,8.85121691070945,4e-05,2.6965898285054695,3.0539582273605093,,17.952692012908642,,,5.396717071533203,Sarawak,node,11806114326,,OpenStreetMap contributors / ODbL,Copernicus DEM GLO-30 via Microsoft Planetary Computer,ASF Global 30m HAND v1,OpenStreetMap contributors / ODbL
MY_N11770524376,114.0012823,4.4052733,UNKNOWN,294.85501880331924,3.001797915,3.675194437999484,7.6866374823519825,,95.71563264440638,,,10.136828422546387,Sarawak,node,11770524376,,OpenStreetMap contributors / ODbL,Copernicus DEM GLO-30 via Microsoft Planetary Computer,ASF Global 30m HAND v1,OpenStreetMap contributors / ODbL
MY_N12117702098,114.0015778,4.4618829,UNKNOWN,135.13220824527724,0.00014,0.7682398835213751,1.4938045480522306,,126.66019175775007,,,2.8269457817077637,Sarawak,node,12117702098,,OpenStreetMap contributors / ODbL,Copernicus DEM GLO-30 via Microsoft Planetary Computer,ASF Global 30m HAND v1,OpenStreetMap contributors / ODbL
MY_N12097503031,114.0017302,4.422365,UNKNOWN,13.434159941154473,2e-05,1.5343417691647798,2.0788594130994604,,101.19421235839259,,,4.36595344543457,Sarawak,node,12097503031,,OpenStreetMap contributors / ODbL,Copernicus DEM GLO-30 via Microsoft Planetary Computer,ASF Global 30m HAND v1,OpenStreetMap contributors / ODbL
MY_N11755867459,114.002277,4.3729448,UNKNOWN,18.53402086111726,0.724999011,1.0827601784804284,2.0242184595783836,,111.69336737614081,,,5.7972092628479,Sarawak,node,11755867459,,OpenStreetMap contributors / ODbL,Copernicus DEM GLO-30 via Microsoft Planetary Computer,ASF Global 30m HAND v1,OpenStreetMap contributors / ODbL
MY_N12106117448,114.0041285,4.4191986,UNKNOWN,449.3576168735168,0.0,1.180593015631908,1.4493059577301763,,220.09801291371176,,,4.573054790496826,Sarawak,node,12106117448,,OpenStreetMap contributors / ODbL,Copernicus DEM GLO-30 via Microsoft Planetary Computer,ASF Global 30m HAND v1,OpenStreetMap contributors / ODbL
MY_N12312150904,114.0043664,4.4655702,UNKNOWN,343.6036566722117,1.975445867,0.751530064442955,1.1320295074026616,,157.6144870262972,,,3.730652093887329,Sarawak,node,12312150904,,OpenStreetMap contributors / ODbL,Copernicus DEM GLO-30 via Microsoft Planetary Computer,ASF Global 30m HAND v1,OpenStreetMap contributors / ODbL
MY_N12304257938,114.0051284,4.4330443,UNKNOWN,327.69470926441426,1.295209527,1.9004695839884274,2.0178023867144024,,518.8510920410363,,,5.193342208862305,Sarawak,node,12304257938,,OpenStreetMap contributors / ODbL,Copernicus DEM GLO-30 via Microsoft Planetary Computer,ASF Global 30m HAND v1,OpenStreetMap contributors / ODbL
MY_N11475792788,114.0052521,4.4267392,UNKNOWN,625.655692504136,1.296773791,2.1744728790924546,3.8755458313965767,,202.7254797405877,,,7.479135036468506,Sarawak,node,11475792788,,OpenStreetMap contributors / ODbL,Copernicus DEM GLO-30 via Microsoft Planetary Computer,ASF Global 30m HAND v1,OpenStreetMap contributors / ODbL
MY_N12309364294,114.0056497,4.4703322,UNKNOWN,376.5340465215692,6e-05,3.828714988116801,6.994756689129589,,62.64616746459844,,,3.1298670768737793,Sarawak,node,12309364294,,OpenStreetMap contributors / ODbL,Copernicus DEM GLO-30 via Microsoft Planetary Computer,ASF Global 30m HAND v1,OpenStreetMap contributors / ODbL
MY_N12040151716,114.005684,4.4149461,UNKNOWN,545.7459738145488,0.52276051,3.308450465200884,6.796552641318059,,50.41725152613588,,,4.970844745635986,Sarawak,node,12040151716,,OpenStreetMap contributors / ODbL,Copernicus DEM GLO-30 via Microsoft Planetary Computer,ASF Global 30m HAND v1,OpenStreetMap contributors / ODbL
MY_N11479281286,114.0058144,4.3494414,UNKNOWN,94.17093703647623,5.335641384,5.155415727638096,7.484467538084447,,271.7365426807274,,,11.255590438842773,Sarawak,node,11479281286,,OpenStreetMap contributors / ODbL,Copernicus DEM GLO-30 via Microsoft Planetary Computer,ASF Global 30m HAND v1,OpenStreetMap contributors / ODbL
MY_N12309364295,114.0060543,4.4707962,UNKNOWN,336.1042195621818,4e-05,3.069884429748969,5.435730746976732,,109.59268496004353,,,3.332003355026245,Sarawak,node,12309364295,,OpenStreetMap contributors / ODbL,Copernicus DEM GLO-30 via Microsoft Planetary Computer,ASF Global 30m HAND v1,OpenStreetMap contributors / ODbL
MY_N12309364296,114.0062307,4.4698296,UNKNOWN,386.8363812886055,0.45458737,0.5699203135763119,1.1900662489386336,,106.83444024417581,,,3.5469822883605957,Sarawak,node,12309364296,,OpenStreetMap contributors / ODbL,Copernicus DEM GLO-30 via Microsoft Planetary Computer,ASF Global 30m HAND v1,OpenStreetMap contributors / ODbL
MY_N11815789148,114.0063589,4.4281066,UNKNOWN,714.4054307488815,1.168750405,0.8357480091369129,1.2896912235774163,,271.05925388078384,,,5.644396781921387,Sarawak,node,11815789148,,OpenStreetMap contributors / ODbL,Copernicus DEM GLO-30 via Microsoft Planetary Computer,ASF Global 30m HAND v1,OpenStreetMap contributors / ODbL
MY_N12309364297,114.0066241,4.4703115,UNKNOWN,383.0436664690321,1.917305827,2.0933510909035267,2.4930250010422084,,131.0863071130366,,,3.2832891941070557,Sarawak,node,12309364297,,OpenStreetMap contributors / ODbL,Copernicus DEM GLO-30 via Microsoft Planetary Computer,ASF Global 30m HAND v1,OpenStreetMap contributors / ODbL
MY_N12135759497,114.0067353,4.5510242,UNKNOWN,1527.06459706963,0.058428701,1.0417314879336486,2.1188498899629886,,86.96194305686456,,,3.9621968269348145,Sarawak,node,12135759497,,OpenStreetMap contributors / ODbL,Copernicus DEM GLO-30 via Microsoft Planetary Computer,ASF Global 30m HAND v1,OpenStreetMap contributors / ODbL
MY_N11808712034,114.007542,4.4212001,UNKNOWN,654.0881345389333,1.571465611,1.9444961196067798,2.723984874044458,,260.01466713778626,,,7.060290813446045,Sarawak,node,11808712034,,OpenStreetMap contributors / ODbL,Copernicus DEM GLO-30 via Microsoft Planetary Computer,ASF Global 30m HAND v1,OpenStreetMap contributors / ODbL
MY_N12160448277,114.0075466,4.4485481,UNKNOWN,102.7983875633047,2.99794507,1.892799263875305,2.191988387188483,,145.99961006678308,,,4.07681131362915,Sarawak,node,12160448277,,OpenStreetMap contributors / ODbL,Copernicus DEM GLO-30 via Microsoft Planetary Computer,ASF Global 30m HAND v1,OpenStreetMap contributors / ODbL
MY_N12411576424,114.0082968,4.4322553,UNKNOWN,652.7109033393043,1.450570107,0.25457597651762315,1.5006622908178766,,511.2137908997525,,,5.695807456970215,Sarawak,node,12411576424,,OpenStreetMap contributors / ODbL,Copernicus DEM GLO-30 via Microsoft Planetary Computer,ASF Global 30m HAND v1,OpenStreetMap contributors / ODbL
MY_N12093626517,114.0083253,4.4915528,UNKNOWN,540.6320491168141,2.011425495,1.5822930101400636,2.3318173327240386,,179.49777513287142,,,4.803763389587402,Sarawak,node,12093626517,,OpenStreetMap contributors / ODbL,Copernicus DEM GLO-30 via Microsoft Planetary Computer,ASF Global 30m HAND v1,OpenStreetMap contributors / ODbL
MY_N12250265699,114.0086003,4.4673304,UNKNOWN,23.30290390726502,2.962635756,5.84134182657888,6.346947780099628,,182.8955743848636,,,2.9392282962799072,Sarawak,node,12250265699,,OpenStreetMap contributors / ODbL,Copernicus DEM GLO-30 via Microsoft Planetary Computer,ASF Global 30m HAND v1,OpenStreetMap contributors / ODbL
MY_N11479281285,114.0091589,4.3517485,UNKNOWN,226.9507228690073,0.495824039,0.14899740968468286,0.4637143595037497,,473.3562799426532,,,5.493792533874512,Sarawak,node,11479281285,,OpenStreetMap contributors / ODbL,Copernicus DEM GLO-30 via Microsoft Planetary Computer,ASF Global 30m HAND v1,OpenStreetMap contributors / ODbL
MY_N12316486573,114.0096411,4.4357208,UNKNOWN,674.0659058887037,2.59073019,2.342478737749246,3.1521211708953696,,297.9792425878179,,,6.7127838134765625,Sarawak,node,12316486573,,OpenStreetMap contributors / ODbL,Copernicus DEM GLO-30 via Microsoft Planetary Computer,ASF Global 30m HAND v1,OpenStreetMap contributors / ODbL
MY_N11610007739,114.0096496,4.4225432,UNKNOWN,489.3354321253763,0.0,2.7234911358851117,3.2831172229414203,,146.0834339898866,,,4.2643914222717285,Sarawak,node,11610007739,,OpenStreetMap contributors / ODbL,Copernicus DEM GLO-30 via Microsoft Planetary Computer,ASF Global 30m HAND v1,OpenStreetMap contributors / ODbL
MY_N12240441026,114.0100111,4.3605954,UNKNOWN,41.129748272576435,0.00012,0.582063653042792,0.9425356855878791,,179.55532789214743,,,4.606639862060547,Sarawak,node,12240441026,,OpenStreetMap contributors / ODbL,Copernicus DEM GLO-30 via Microsoft Planetary Computer,ASF Global 30m HAND v1,OpenStreetMap contributors / ODbL
MY_N11556619144,114.0100595,4.5054105,UNKNOWN,42.529266167393374,0.192616329,0.6024796205262519,1.8194217416730603,,198.8783622806168,,,4.0470452308654785,Sarawak,node,11556619144,,OpenStreetMap contributors / ODbL,Copernicus DEM GLO-30 via Microsoft Planetary Computer,ASF Global 30m HAND v1,OpenStreetMap contributors / ODbL
MY_N12420165772,114.0108116,4.4221608,UNKNOWN,359.5050000919765,2e-05,1.4769381339319878,2.490000098740354,,244.801938638395,,,6.477651119232178,Sarawak,node,12420165772,,OpenStreetMap contributors / ODbL,Copernicus DEM GLO-30 via Microsoft Planetary Computer,ASF Global 30m HAND v1,OpenStreetMap contributors / ODbL
MY_N11584348427,114.011059,4.4420862,UNKNOWN,816.5654193748437,0.68117553,0.6512786272221612,2.3069551333017344,,224.51722124572603,,,4.508154392242432,Sarawak,node,11584348427,,OpenStreetMap contributors / ODbL,Copernicus DEM GLO-30 via Microsoft Planetary Computer,ASF Global 30m HAND v1,OpenStreetMap contributors / ODbL
MY_N11990327538,114.0133641,4.4897328,UNKNOWN,32.30358812358406,8e-05,0.37595937512202593,1.037614454219802,,350.5326524350565,,,3.343118906021118,Sarawak,node,11990327538,,OpenStreetMap contributors / ODbL,Copernicus DEM GLO-30 via Microsoft Planetary Computer,ASF Global 30m HAND v1,OpenStreetMap contributors / ODbL
MY_N11470209272,114.0134158,4.4848111,UNKNOWN,327.5342968288186,0.956290364,3.5952074425636904,5.3126639317916196,,184.38752092321826,,,4.954054832458496,Sarawak,node,11470209272,,OpenStreetMap contributors / ODbL,Copernicus DEM GLO-30 via Microsoft Planetary Computer,ASF Global 30m HAND v1,OpenStreetMap contributors / ODbL
MY_N12050962639,114.0139141,4.4253474,UNKNOWN,563.9055264260077,6e-05,0.42206797967074877,0.8319767487453852,,304.9444924929461,,,4.5623087882995605,Sarawak,node,12050962639,,OpenStreetMap contributors / ODbL,Copernicus DEM GLO-30 via Microsoft Planetary Computer,ASF Global 30m HAND v1,OpenStreetMap contributors / ODbL
MY_N12035797862,114.014962,4.4155275,UNKNOWN,490.972801451026,0.0,0.900044158332096,2.060634196958892,,210.65730221066977,,,4.902308940887451,Sarawak,node,12035797862,,OpenStreetMap contributors / ODbL,Copernicus DEM GLO-30 via Microsoft Planetary Computer,ASF Global 30m HAND v1,OpenStreetMap contributors / ODbL
MY_N12145362317,114.0154978,4.4359184,UNKNOWN,905.1778613040115,2.441396713,1.4128303349234428,1.5558018278583114,,315.67300911439975,,,6.027310371398926,Sarawak,node,12145362317,,OpenStreetMap contributors / ODbL,Copernicus DEM GLO-30 via Microsoft Planetary Computer,ASF Global 30m HAND v1,OpenStreetMap contributors / ODbL
MY_N12118515279,114.0158007,4.4959009,UNKNOWN,106.3398961066272,2.481255054,0.6171155139953783,2.931561035848236,,790.6803435217444,,,5.036150932312012,Sarawak,node,12118515279,,OpenStreetMap contributors / ODbL,Copernicus DEM GLO-30 via Microsoft Planetary Computer,ASF Global 30m HAND v1,OpenStreetMap contributors / ODbL
MY_N12227780480,114.0158803,4.4160833,UNKNOWN,451.2315209726202,1.288041115,2.3384900156681043,2.901101333127552,,327.84484674508064,,,5.976962089538574,Sarawak,node,12227780480,,OpenStreetMap contributors / ODbL,Copernicus DEM GLO-30 via Microsoft Planetary Computer,ASF Global 30m HAND v1,OpenStreetMap contributors / ODbL
MY_N12035797853,114.0161143,4.4168845,UNKNOWN,417.3999318395396,2.189784288,0.8284140934502595,3.1240872061119744,,311.17331016927807,,,6.924959659576416,Sarawak,node,12035797853,,OpenStreetMap contributors / ODbL,Copernicus DEM GLO-30 via Microsoft Planetary Computer,ASF Global 30m HAND v1,OpenStreetMap contributors / ODbL
MY_N6354464187,114.0166645,4.4813238,UNKNOWN,172.03231401087857,3e-05,0.4516188383240402,0.6713627580864477,,485.5022175916346,,,3.543165445327759,Sarawak,node,6354464187,,OpenStreetMap contributors / ODbL,Copernicus DEM GLO-30 via Microsoft Planetary Computer,ASF Global 30m HAND v1,OpenStreetMap contributors / ODbL
MY_N12035797852,114.0168012,4.417369,UNKNOWN,402.93938711079835,2.021589279,1.854872847782654,3.766469209787248,,285.1759220139973,,,7.845212459564209,Sarawak,node,12035797852,,OpenStreetMap contributors / ODbL,Copernicus DEM GLO-30 via Microsoft Planetary Computer,ASF Global 30m HAND v1,OpenStreetMap contributors / ODbL
MY_N12035797854,114.0169415,4.4181408,UNKNOWN,384.5912082328052,0.371896625,3.1734843627403846,3.9233415104740024,,222.82099410673098,,,4.984896183013916,Sarawak,node,12035797854,,OpenStreetMap contributors / ODbL,Copernicus DEM GLO-30 via Microsoft Planetary Computer,ASF Global 30m HAND v1,OpenStreetMap contributors / ODbL
MY_N11581896101,114.0171893,4.4149448,UNKNOWN,275.6354781916091,1.56186676,1.9558018009602378,3.582133998615014,,234.51157023573805,,,6.118032932281494,Sarawak,node,11581896101,,OpenStreetMap contributors / ODbL,Copernicus DEM GLO-30 via Microsoft Planetary Computer,ASF Global 30m HAND v1,OpenStreetMap contributors / ODbL
MY_N12035797857,114.017284,4.4203784,UNKNOWN,355.25989876822194,0.338861555,2.3774461403060454,4.162548598783771,,63.012650839670336,,,4.638803958892822,Sarawak,node,12035797857,,OpenStreetMap contributors / ODbL,Copernicus DEM GLO-30 via Microsoft Planetary Computer,ASF Global 30m HAND v1,OpenStreetMap contributors / ODbL
MY_N12035797856,114.0173634,4.4193876,UNKNOWN,372.5319864058796,0.648190141,0.9816751086512355,3.574216882738559,,80.9866092850616,,,5.006926536560059,Sarawak,node,12035797856,,OpenStreetMap contributors / ODbL,Copernicus DEM GLO-30 via Microsoft Planetary Computer,ASF Global 30m HAND v1,OpenStreetMap contributors / ODbL
MY_N12035797855,114.0177542,4.4184989,UNKNOWN,384.83513393921913,1.263246536,1.8751401279998292,2.4813623700437644,,160.0400999147328,,,5.621062278747559,Sarawak,node,12035797855,,OpenStreetMap contributors / ODbL,Copernicus DEM GLO-30 via Microsoft Planetary Computer,ASF Global 30m HAND v1,OpenStreetMap contributors / ODbL
MY_N12128924931,114.0178818,4.3035847,UNKNOWN,541.5505508860156,17.510799408,4.711831610589889,8.234294835773536,,763.4594576963002,,,43.80533981323242,Sarawak,node,12128924931,,OpenStreetMap contributors / ODbL,Copernicus DEM GLO-30 via Microsoft Planetary Computer,ASF Global 30m HAND v1,OpenStreetMap contributors / ODbL
MY_N11472433066,114.0187247,4.51504,UNKNOWN,461.09631085227585,1.233823419,0.9738752857272607,1.3850705355358932,,177.5920710166612,,,4.2311811447143555,Sarawak,node,11472433066,,OpenStreetMap contributors / ODbL,Copernicus DEM GLO-30 via Microsoft Planetary Computer,ASF Global 30m HAND v1,OpenStreetMap contributors / ODbL
MY_N11608082001,114.0189806,4.4198786,UNKNOWN,282.52123572036777,0.928809226,1.2704793880819616,1.595218502447768,,29.029248207498917,,,4.715569019317627,Sarawak,node,11608082001,,OpenStreetMap contributors / ODbL,Copernicus DEM GLO-30 via Microsoft Planetary Computer,ASF Global 30m HAND v1,OpenStreetMap contributors / ODbL
MY_N11476096501,114.019136,4.4302978,UNKNOWN,621.5452084066101,1.009316921,0.8619404074901621,3.0784558428529443,,33.92547711037024,,,6.038723468780518,Sarawak,node,11476096501,,OpenStreetMap contributors / ODbL,Copernicus DEM GLO-30 via Microsoft Planetary Computer,ASF Global 30m HAND v1,OpenStreetMap contributors / ODbL
MY_N11659562128,114.0195026,4.4382979,UNKNOWN,515.5117601540253,0.471477538,0.12447627274862517,1.0889341369747052,,727.7946955706692,,,3.8872220516204834,Sarawak,node,11659562128,,OpenStreetMap contributors / ODbL,Copernicus DEM GLO-30 via Microsoft Planetary Computer,ASF Global 30m HAND v1,OpenStreetMap contributors / ODbL
MY_N11659562129,114.0196393,4.4374155,UNKNOWN,512.882613427495,0.019776016,0.6350726367687969,1.1824559185039956,,765.7977657022286,,,3.1884658336639404,Sarawak,node,11659562129,,OpenStreetMap contributors / ODbL,Copernicus DEM GLO-30 via Microsoft Planetary Computer,ASF Global 30m HAND v1,OpenStreetMap contributors / ODbL
MY_N11659562130,114.0199304,4.4371827,UNKNOWN,484.12676983826515,0.00014,0.11104362747282462,0.1037845206546395,,795.3575604356839,,,3.1965341567993164,Sarawak,node,11659562130,,OpenStreetMap contributors / ODbL,Copernicus DEM GLO-30 via Microsoft Planetary Computer,ASF Global 30m HAND v1,OpenStreetMap contributors / ODbL
MY_N11659562131,114.0202238,4.4369618,UNKNOWN,454.93389407502383,0.252299219,0.16350011361699876,0.2775008257885369,,774.7409358566763,,,3.1909995079040527,Sarawak,node,11659562131,,OpenStreetMap contributors / ODbL,Copernicus DEM GLO-30 via Microsoft Planetary Computer,ASF Global 30m HAND v1,OpenStreetMap contributors / ODbL
MY_N11659562132,114.0204575,4.4367655,UNKNOWN,431.93475582719054,0.0002,1.0381878542221925,1.4112592551689167,,757.264064027412,,,3.3775758743286133,Sarawak,node,11659562132,,OpenStreetMap contributors / ODbL,Copernicus DEM GLO-30 via Microsoft Planetary Computer,ASF Global 30m HAND v1,OpenStreetMap contributors / ODbL
MY_N11659562133,114.021051,4.4389791,UNKNOWN,335.45509246770126,0.0,0.15037403606489474,0.9058511501064638,,794.4646238844555,,,3.013591766357422,Sarawak,node,11659562133,,OpenStreetMap contributors / ODbL,Copernicus DEM GLO-30 via Microsoft Planetary Computer,ASF Global 30m HAND v1,OpenStreetMap contributors / ODbL
MY_N11659562141,114.0212837,4.4382456,UNKNOWN,320.1843044792515,0.116286427,0.3218170616396258,0.6436051263702554,,866.8677945206454,,,3.515820264816284,Sarawak,node,11659562141,,OpenStreetMap contributors / ODbL,Copernicus DEM GLO-30 via Microsoft Planetary Computer,ASF Global 30m HAND v1,OpenStreetMap contributors / ODbL
MY_N11659562142,114.0215496,4.4381135,UNKNOWN,293.1013376228534,0.631490529,0.40356250171200536,0.5060509469746167,,898.5955157271941,,,3.5888214111328125,Sarawak,node,11659562142,,OpenStreetMap contributors / ODbL,Copernicus DEM GLO-30 via Microsoft Planetary Computer,ASF Global 30m HAND v1,OpenStreetMap contributors / ODbL
MY_N11875484227,114.0226034,4.499806,NR,638.118682542142,0.402634472,0.4889593404050565,1.854911588569992,,306.5383020219147,,,3.236386299133301,Sarawak,node,11875484227,,OpenStreetMap contributors / ODbL,Copernicus DEM GLO-30 via Microsoft Planetary Computer,ASF Global 30m HAND v1,OpenStreetMap contributors / ODbL
MY_N12138116212,114.0227995,4.5073686,UNKNOWN,23.205036793243142,0.183814988,1.7041973545638394,2.376312215561625,,228.92100080640213,,,3.334545135498047,Sarawak,node,12138116212,,OpenStreetMap contributors / ODbL,Copernicus DEM GLO-30 via Microsoft Planetary Computer,ASF Global 30m HAND v1,OpenStreetMap contributors / ODbL
MY_N11493783227,114.024125,4.30327,UNKNOWN,151.45970884474525,6.496936798,8.799245545827699,13.524670844063404,,69.73582843624119,,,33.171966552734375,Sarawak,node,11493783227,,OpenStreetMap contributors / ODbL,Copernicus DEM GLO-30 via Microsoft Planetary Computer,ASF Global 30m HAND v1,OpenStreetMap contributors / ODbL
MY_N11875484226,114.028309,4.4937175,NR,499.5223591967066,0.0,0.8036780207539618,0.9119960394186262,,449.65015418604725,,,3.472465753555298,Sarawak,node,11875484226,,OpenStreetMap contributors / ODbL,Copernicus DEM GLO-30 via Microsoft Planetary Computer,ASF Global 30m HAND v1,OpenStreetMap contributors / ODbL
MY_N12109825595,114.0283681,4.4799173,UNKNOWN,707.3826307102571,0.583330631,1.3815889284284883,2.186932014010635,,176.4646699297605,,,4.334934711456299,Sarawak,node,12109825595,,OpenStreetMap contributors / ODbL,Copernicus DEM GLO-30 via Microsoft Planetary Computer,ASF Global 30m HAND v1,OpenStreetMap contributors / ODbL
MY_N12334436706,114.0286132,4.5011493,UNKNOWN,345.69441927329115,2e-05,0.48366647269728136,0.9055600825054675,,177.6472552979159,,,3.372079849243164,Sarawak,node,12334436706,,OpenStreetMap contributors / ODbL,Copernicus DEM GLO-30 via Microsoft Planetary Computer,ASF Global 30m HAND v1,OpenStreetMap contributors / ODbL
MY_N11875484222,114.0290905,4.5607225,NR,33.18705817937711,0.0,1.229220765910215,4.5711460694595,,1217.8270165586293,,,2.1975159645080566,Sarawak,node,11875484222,,OpenStreetMap contributors / ODbL,Copernicus DEM GLO-30 via Microsoft Planetary Computer,ASF Global 30m HAND v1,OpenStreetMap contributors / ODbL
MY_N12270341400,114.0291826,4.4626973,UNKNOWN,442.5514763318538,0.0,0.16756012458453765,0.5926675200336188,,318.26274560197675,,,3.880493640899658,Sarawak,node,12270341400,,OpenStreetMap contributors / ODbL,Copernicus DEM GLO-30 via Microsoft Planetary Computer,ASF Global 30m HAND v1,OpenStreetMap contributors / ODbL
MY_N12132195205,114.0334242,4.4568652,UNKNOWN,300.26015542965814,3.649298906,0.9521793745485515,2.923299362480069,,105.06857940202468,,,7.337028503417969,Sarawak,node,12132195205,,OpenStreetMap contributors / ODbL,Copernicus DEM GLO-30 via Microsoft Planetary Computer,ASF Global 30m HAND v1,OpenStreetMap contributors / ODbL
MY_N12278677313,114.0344669,4.3175003,UNKNOWN,10.27925211344228,9.536040306,0.8311414910884882,4.586078207045761,,263.7026333946134,,,20.433944702148438,Sarawak,node,12278677313,,OpenStreetMap contributors / ODbL,Copernicus DEM GLO-30 via Microsoft Planetary Computer,ASF Global 30m HAND v1,OpenStreetMap contributors / ODbL
MY_N11991939583,114.0359058,4.5009869,UNKNOWN,366.37238178212897,9e-05,0.3980540141424141,0.6881393264429282,,154.91596197009002,,,2.73445725440979,Sarawak,node,11991939583,,OpenStreetMap contributors / ODbL,Copernicus DEM GLO-30 via Microsoft Planetary Computer,ASF Global 30m HAND v1,OpenStreetMap contributors / ODbL
MY_N12258694524,114.0364562,4.4747763,UNKNOWN,943.5027769733259,3.605838776,0.44761010495637465,3.973848116940782,,231.02374741898137,,,7.928474426269531,Sarawak,node,12258694524,,OpenStreetMap contributors / ODbL,Copernicus DEM GLO-30 via Microsoft Planetary Computer,ASF Global 30m HAND v1,OpenStreetMap contributors / ODbL
MY_N12227903176,114.0366369,4.470016,UNKNOWN,600.356408262324,0.918543577,1.214578087524515,1.588125050199609,,344.24127781209665,,,5.140948295593262,Sarawak,node,12227903176,,OpenStreetMap contributors / ODbL,Copernicus DEM GLO-30 via Microsoft Planetary Computer,ASF Global 30m HAND v1,OpenStreetMap contributors / ODbL
MY_N12258461026,114.0373516,4.4647148,UNKNOWN,676.9744280374555,0.512362719,2.424714384861632,2.693839496565897,,192.24240066670376,,,5.659519672393799,Sarawak,node,12258461026,,OpenStreetMap contributors / ODbL,Copernicus DEM GLO-30 via Microsoft Planetary Computer,ASF Global 30m HAND v1,OpenStreetMap contributors / ODbL
MY_N11463098096,114.038668,4.4512795,UNKNOWN,641.1894588993666,2.077195168,2.2742054570620516,6.947387997868798,,22.305984574182666,,,4.487524509429932,Sarawak,node,11463098096,,OpenStreetMap contributors / ODbL,Copernicus DEM GLO-30 via Microsoft Planetary Computer,ASF Global 30m HAND v1,OpenStreetMap contributors / ODbL
MY_N11609644622,114.038765,4.4434854,UNKNOWN,37.232257360033834,0.090724394,0.7457460744102812,1.8868471796763868,,191.7073267552261,,,3.640186309814453,Sarawak,node,11609644622,,OpenStreetMap contributors / ODbL,Copernicus DEM GLO-30 via Microsoft Planetary Computer,ASF Global 30m HAND v1,OpenStreetMap contributors / ODbL
MY_N11875484225,114.0388866,4.4952623,NR,978.2641599890378,0.491114318,0.751582335000578,1.4746544670410342,,472.51799275721226,,,3.822493076324463,Sarawak,node,11875484225,,OpenStreetMap contributors / ODbL,Copernicus DEM GLO-30 via Microsoft Planetary Computer,ASF Global 30m HAND v1,OpenStreetMap contributors / ODbL
MY_N12258444889,114.0392387,4.4644412,UNKNOWN,883.5416193122772,2e-05,0.4971659132845551,0.7232041242974323,,9.045357224699435,,,4.835792541503906,Sarawak,node,12258444889,,OpenStreetMap contributors / ODbL,Copernicus DEM GLO-30 via Microsoft Planetary Computer,ASF Global 30m HAND v1,OpenStreetMap contributors / ODbL
MY_N11787027806,114.0394298,4.4824153,UNKNOWN,1793.3932693672773,2e-05,0.23177123374314776,1.1184319933205118,,261.3846672560654,,,4.609898567199707,Sarawak,node,11787027806,,OpenStreetMap contributors / ODbL,Copernicus DEM GLO-30 via Microsoft Planetary Computer,ASF Global 30m HAND v1,OpenStreetMap contributors / ODbL
MY_N11463098097,114.0406173,4.4568293,UNKNOWN,731.2399555623003,0.625854075,2.717874264055493,3.683887107687044,,240.8867780855012,,,6.514854431152344,Sarawak,node,11463098097,,OpenStreetMap contributors / ODbL,Copernicus DEM GLO-30 via Microsoft Planetary Computer,ASF Global 30m HAND v1,OpenStreetMap contributors / ODbL
MY_N11637810092,114.0425654,4.4748662,UNKNOWN,1439.4359492933918,0.0,0.820582381050463,1.6993435885992128,,279.2492788142757,,,4.2291669845581055,Sarawak,node,11637810092,,OpenStreetMap contributors / ODbL,Copernicus DEM GLO-30 via Microsoft Planetary Computer,ASF Global 30m HAND v1,OpenStreetMap contributors / ODbL
MY_N11515263684,114.0432985,4.4723806,UNKNOWN,1382.5136709920866,0.0001,0.830546883202391,3.434864030258342,,8.799499954955833,,,3.882263422012329,Sarawak,node,11515263684,,OpenStreetMap contributors / ODbL,Copernicus DEM GLO-30 via Microsoft Planetary Computer,ASF Global 30m HAND v1,OpenStreetMap contributors / ODbL
MY_N11515263700,114.0439391,4.4569909,UNKNOWN,436.87883786372447,5.829185486,3.9792173326511504,5.518018300458582,,126.98326324845682,,,6.452142715454102,Sarawak,node,11515263700,,OpenStreetMap contributors / ODbL,Copernicus DEM GLO-30 via Microsoft Planetary Computer,ASF Global 30m HAND v1,OpenStreetMap contributors / ODbL
MY_N11637810090,114.045437,4.4766689,UNKNOWN,1815.2099830889297,0.545618653,0.5580332825639064,1.3514891944115361,,495.38035026013944,,,4.563415050506592,Sarawak,node,11637810090,,OpenStreetMap contributors / ODbL,Copernicus DEM GLO-30 via Microsoft Planetary Computer,ASF Global 30m HAND v1,OpenStreetMap contributors / ODbL
MY_N12270101746,114.0463921,4.2138306,UNKNOWN,1131.2950272586768,76.347381592,11.129869567914637,13.792942405135419,,1018.5328758317033,,,209.4090576171875,Sarawak,node,12270101746,,OpenStreetMap contributors / ODbL,Copernicus DEM GLO-30 via Microsoft Planetary Computer,ASF Global 30m HAND v1,OpenStreetMap contributors / ODbL
MY_N12118428198,114.0465831,4.4663769,UNKNOWN,1081.817321618298,0.857451439,0.6169139809803786,1.5971352308851419,,7.943638836178016,,,5.452394962310791,Sarawak,node,12118428198,,OpenStreetMap contributors / ODbL,Copernicus DEM GLO-30 via Microsoft Planetary Computer,ASF Global 30m HAND v1,OpenStreetMap contributors / ODbL
MY_N12097355159,114.0467839,4.4682819,UNKNOWN,1173.2896174868515,6e-05,1.068239060840852,1.6490171283040769,,196.01410880312594,,,5.05858850479126,Sarawak,node,12097355159,,OpenStreetMap contributors / ODbL,Copernicus DEM GLO-30 via Microsoft Planetary Computer,ASF Global 30m HAND v1,OpenStreetMap contributors / ODbL
MY_N12000683989,114.0471397,4.4378669,UNKNOWN,381.8726484994716,3e-05,0.9501746278078581,1.4752535788974226,,161.85516605268248,,,4.74061918258667,Sarawak,node,12000683989,,OpenStreetMap contributors / ODbL,Copernicus DEM GLO-30 via Microsoft Planetary Computer,ASF Global 30m HAND v1,OpenStreetMap contributors / ODbL
MY_N12270101729,114.0474044,4.2140495,UNKNOWN,1196.7050793501173,51.445175171,13.457506649896128,22.943404458144265,,905.8991549199712,,,184.48231506347656,Sarawak,node,12270101729,,OpenStreetMap contributors / ODbL,Copernicus DEM GLO-30 via Microsoft Planetary Computer,ASF Global 30m HAND v1,OpenStreetMap contributors / ODbL
MY_N11998923957,114.0479641,4.4271037,UNKNOWN,1330.6753112100866,0.307416588,0.056077720234623964,0.2809428638837095,,176.71740449112534,,,4.953648567199707,Sarawak,node,11998923957,,OpenStreetMap contributors / ODbL,Copernicus DEM GLO-30 via Microsoft Planetary Computer,ASF Global 30m HAND v1,OpenStreetMap contributors / ODbL
MY_N12118412113,114.0493394,4.4541654,UNKNOWN,143.37057202292814,6e-05,1.4741814833812106,2.062493600380666,,392.33911011506774,,,3.7502214908599854,Sarawak,node,12118412113,,OpenStreetMap contributors / ODbL,Copernicus DEM GLO-30 via Microsoft Planetary Computer,ASF Global 30m HAND v1,OpenStreetMap contributors / ODbL
MY_N12131514589,114.0493617,4.4461796,UNKNOWN,163.37762278600155,2e-05,0.35171604111745824,0.5446878364742077,,124.9102661133665,,,3.8505187034606934,Sarawak,node,12131514589,,OpenStreetMap contributors / ODbL,Copernicus DEM GLO-30 via Microsoft Planetary Computer,ASF Global 30m HAND v1,OpenStreetMap contributors / ODbL
MY_N12131514594,114.0493715,4.4456105,UNKNOWN,113.41198725091382,6e-05,0.9889779290710641,1.9489104352642428,,187.0183837329756,,,3.9960877895355225,Sarawak,node,12131514594,,OpenStreetMap contributors / ODbL,Copernicus DEM GLO-30 via Microsoft Planetary Computer,ASF Global 30m HAND v1,OpenStreetMap contributors / ODbL
MY_N12131514586,114.0495505,4.447134,UNKNOWN,204.34396010681354,0.14067094,0.7043777684165878,1.1753556547218948,,49.76209406542985,,,4.029589653015137,Sarawak,node,12131514586,,OpenStreetMap contributors / ODbL,Copernicus DEM GLO-30 via Microsoft Planetary Computer,ASF Global 30m HAND v1,OpenStreetMap contributors / ODbL
MY_N12131514588,114.0499113,4.4460928,UNKNOWN,191.8859841792454,0.0001,0.9896529404474281,0.9910954706239055,,158.20447718078105,,,4.367101669311523,Sarawak,node,12131514588,,OpenStreetMap contributors / ODbL,Copernicus DEM GLO-30 via Microsoft Planetary Computer,ASF Global 30m HAND v1,OpenStreetMap contributors / ODbL
MY_N12131514585,114.0501532,4.4476375,UNKNOWN,189.33882723856553,0.0001,0.7719798540180977,0.8704101585977665,,115.80032629916387,,,4.161467552185059,Sarawak,node,12131514585,,OpenStreetMap contributors / ODbL,Copernicus DEM GLO-30 via Microsoft Planetary Computer,ASF Global 30m HAND v1,OpenStreetMap contributors / ODbL
MY_N12131514587,114.0502546,4.446791,UNKNOWN,254.37445084770297,0.327379942,0.9278598529739241,0.960041221392152,,136.60802151678524,,,4.0896782875061035,Sarawak,node,12131514587,,OpenStreetMap contributors / ODbL,Copernicus DEM GLO-30 via Microsoft Planetary Computer,ASF Global 30m HAND v1,OpenStreetMap contributors / ODbL
MY_N11875484223,114.0550853,4.5582643,NR,624.7856981140532,1.225611806,2.9837272229413787,3.5256242446288453,,2600.781630882631,,,4.436529159545898,Sarawak,node,11875484223,,OpenStreetMap contributors / ODbL,Copernicus DEM GLO-30 via Microsoft Planetary Computer,ASF Global 30m HAND v1,OpenStreetMap contributors / ODbL
MY_N11875484224,114.0741508,4.5564285,NR,595.1031145034607,0.00016,0.9328274496879527,1.7477915123115575,,1798.6338930485515,,,3.328697443008423,Sarawak,node,11875484224,,OpenStreetMap contributors / ODbL,Copernicus DEM GLO-30 via Microsoft Planetary Computer,ASF Global 30m HAND v1,OpenStreetMap contributors / ODbL
MY_N12135375724,114.0744328,4.5841393,UNKNOWN,163.36520043921362,0.882616639,0.8842812022522668,2.1557076474825685,,95.57493526192246,,,3.4976754188537598,Sarawak,node,12135375724,,OpenStreetMap contributors / ODbL,Copernicus DEM GLO-30 via Microsoft Planetary Computer,ASF Global 30m HAND v1,OpenStreetMap contributors / ODbL
MY_N12135375710,114.0746095,4.5824468,UNKNOWN,350.88572578069613,0.00012,1.4919953089496594,1.5963216274707386,,164.36493994851838,,,3.6804490089416504,Sarawak,node,12135375710,,OpenStreetMap contributors / ODbL,Copernicus DEM GLO-30 via Microsoft Planetary Computer,ASF Global 30m HAND v1,OpenStreetMap contributors / ODbL
MY_N12135373696,114.0756895,4.5843416,UNKNOWN,196.28976579240353,1.02751708,0.9698160020030796,1.750484089519258,,194.45169056706456,,,4.825338840484619,Sarawak,node,12135373696,,OpenStreetMap contributors / ODbL,Copernicus DEM GLO-30 via Microsoft Planetary Computer,ASF Global 30m HAND v1,OpenStreetMap contributors / ODbL
MY_N12135375711,114.0757075,4.5828503,UNKNOWN,335.8019250316088,4e-05,0.9550711887232615,2.8697893027641417,,256.70088208976637,,,4.352555274963379,Sarawak,node,12135375711,,OpenStreetMap contributors / ODbL,Copernicus DEM GLO-30 via Microsoft Planetary Computer,ASF Global 30m HAND v1,OpenStreetMap contributors / ODbL
MY_N13335389686,114.5074657,3.1583938,UNKNOWN,139.50090910493185,0.99685955,2.166357277023003,4.609926555025763,,20000.0,,,89.51686096191406,Sarawak,node,13335389686,,OpenStreetMap contributors / ODbL,Copernicus DEM GLO-30 via Microsoft Planetary Computer,ASF Global 30m HAND v1,OpenStreetMap contributors / ODbL
MY_N2669688740,114.594021,3.8420225,UNKNOWN,529.2185036617702,17.589944839,5.82644682416596,9.129329951486628,,20000.0,,,33.19758987426758,Sarawak,node,2669688740,Celcom,OpenStreetMap contributors / ODbL,Copernicus DEM GLO-30 via Microsoft Planetary Computer,ASF Global 30m HAND v1,OpenStreetMap contributors / ODbL
MY_N13335390186,114.9262624,2.8572152,UNKNOWN,157.4918087904493,59.46944809,28.5102397570269,42.996025181673346,,591.207293797752,,,241.60726928710938,Sarawak,node,13335390186,,OpenStreetMap contributors / ODbL,Copernicus DEM GLO-30 via Microsoft Planetary Computer,ASF Global 30m HAND v1,OpenStreetMap contributors / ODbL
MY_N11875484219,114.9994393,4.7348138,NR,213.1911442332966,2.425993919,1.9527215945934335,3.856954201901482,,4706.189487824863,,,6.511775970458984,Sarawak,node,11875484219,,OpenStreetMap contributors / ODbL,Copernicus DEM GLO-30 via Microsoft Planetary Computer,ASF Global 30m HAND v1,OpenStreetMap contributors / ODbL
MY_N11875484217,115.0007054,4.7731648,NR,337.4412689196732,6.77914238,2.2571606107206375,3.3374641543778516,,1634.1167876289442,,,7.253837585449219,Sarawak,node,11875484217,,OpenStreetMap contributors / ODbL,Copernicus DEM GLO-30 via Microsoft Planetary Computer,ASF Global 30m HAND v1,OpenStreetMap contributors / ODbL
MY_N11806207720,115.0028491,4.8052758,UNKNOWN,139.9867732173344,0.817792475,2.5644965095223675,6.40170104289245,,2079.3818702055432,,,4.714321613311768,Sarawak,node,11806207720,,OpenStreetMap contributors / ODbL,Copernicus DEM GLO-30 via Microsoft Planetary Computer,ASF Global 30m HAND v1,OpenStreetMap contributors / ODbL
MY_N3458624509,115.0087746,4.740994,UNKNOWN,479.18084259965826,133.563461304,12.21347788807254,15.599509942374393,,3596.561763948678,,,186.556396484375,Sarawak,node,3458624509,,OpenStreetMap contributors / ODbL,Copernicus DEM GLO-30 via Microsoft Planetary Computer,ASF Global 30m HAND v1,OpenStreetMap contributors / ODbL
MY_N11875484218,115.0089093,4.7553069,NR,98.34360152303901,0.0,5.23359282276729,11.583717751015044,,2267.3742417356807,,,-0.6328158378601074,Sarawak,node,11875484218,,OpenStreetMap contributors / ODbL,Copernicus DEM GLO-30 via Microsoft Planetary Computer,ASF Global 30m HAND v1,OpenStreetMap contributors / ODbL
MY_N3458624508,115.0102682,4.7437593,UNKNOWN,387.93983300537354,97.455909729,9.754518651080577,15.140311896377701,,3249.1550323175843,,,183.49945068359375,Sarawak,node,3458624508,,OpenStreetMap contributors / ODbL,Copernicus DEM GLO-30 via Microsoft Planetary Computer,ASF Global 30m HAND v1,OpenStreetMap contributors / ODbL
MY_N4798173661,115.0700936,4.544374,UNKNOWN,118.38375728646638,21.309038162,1.6241825574850512,2.7115543843342507,,14445.303419904247,,,49.25942611694336,Sarawak,node,4798173661,,OpenStreetMap contributors / ODbL,Copernicus DEM GLO-30 via Microsoft Planetary Computer,ASF Global 30m HAND v1,OpenStreetMap contributors / ODbL
MY_N4822914443,115.1642575,5.2616951,UNKNOWN,1268.5659058825713,32.874835968,9.85752853013956,15.837764846622061,,6591.698064541985,,,31.993377685546875,Labuan,node,4822914443,,OpenStreetMap contributors / ODbL,Copernicus DEM GLO-30 via Microsoft Planetary Computer,ASF Global 30m HAND v1,OpenStreetMap contributors / ODbL
MY_N7033248825,115.2093483,4.8859239,UNKNOWN,361.2694558098159,0.00012,0.5115547324757344,1.1184183751857038,,15674.6491522764,,,2.04325795173645,Sarawak,node,7033248825,,OpenStreetMap contributors / ODbL,Copernicus DEM GLO-30 via Microsoft Planetary Computer,ASF Global 30m HAND v1,OpenStreetMap contributors / ODbL
MY_N11521176120,115.2380949,5.2573822,UNKNOWN,256.19608426258384,2.32237649,0.5701584875712473,5.598597685508806,,701.910076933292,,,4.2075347900390625,Labuan,node,11521176120,Asian Supply Base,OpenStreetMap contributors / ODbL,Copernicus DEM GLO-30 via Microsoft Planetary Computer,ASF Global 30m HAND v1,OpenStreetMap contributors / ODbL
MY_N3269166213,115.8785251,5.1293686,UNKNOWN,329.48281401001486,116.455329895,13.76454172079204,22.277421027779134,,12.49011786212602,,,227.64569091796875,Sabah,node,3269166213,,OpenStreetMap contributors / ODbL,Copernicus DEM GLO-30 via Microsoft Planetary Computer,ASF Global 30m HAND v1,OpenStreetMap contributors / ODbL
MY_N10125233295,116.067224,5.9534048,UNKNOWN,151.80769421736866,79.205886841,12.555713301003557,23.721065726882625,,318.5250096882769,,,86.14482116699219,Sabah,node,10125233295,,OpenStreetMap contributors / ODbL,Copernicus DEM GLO-30 via Microsoft Planetary Computer,ASF Global 30m HAND v1,OpenStreetMap contributors / ODbL
MY_N10125233294,116.0675271,5.9534155,UNKNOWN,142.5599438357654,82.587005615,3.7282531137000032,16.218921537370154,,334.88135016395,,,88.33918762207031,Sabah,node,10125233294,,OpenStreetMap contributors / ODbL,Copernicus DEM GLO-30 via Microsoft Planetary Computer,ASF Global 30m HAND v1,OpenStreetMap contributors / ODbL
MY_N10251772774,116.0864836,5.9769392,UNKNOWN,18.398552123656987,0.606299579,3.837838280087128,5.765052850942838,,210.0508728498045,,,4.685513496398926,Sabah,node,10251772774,,OpenStreetMap contributors / ODbL,Copernicus DEM GLO-30 via Microsoft Planetary Computer,ASF Global 30m HAND v1,OpenStreetMap contributors / ODbL
MY_N10137863759,116.1046475,5.95468,UNKNOWN,10.71834747112484,1.648242354,1.975113086412432,2.8010680866250994,,70.95569525114976,,,6.360894203186035,Sabah,node,10137863759,,OpenStreetMap contributors / ODbL,Copernicus DEM GLO-30 via Microsoft Planetary Computer,ASF Global 30m HAND v1,OpenStreetMap contributors / ODbL
MY_N10263911645,116.1046918,5.9542612,UNKNOWN,37.95656506531247,4e-05,1.4757269210195696,1.7532312170236841,,55.190271745902784,,,6.213648796081543,Sabah,node,10263911645,,OpenStreetMap contributors / ODbL,Copernicus DEM GLO-30 via Microsoft Planetary Computer,ASF Global 30m HAND v1,OpenStreetMap contributors / ODbL
MY_N10264085957,116.1070508,5.9547427,UNKNOWN,83.92446794040875,6e-05,1.469054254595344,4.804374978774863,,155.7701805555487,,,6.5306291580200195,Sabah,node,10264085957,,OpenStreetMap contributors / ODbL,Copernicus DEM GLO-30 via Microsoft Planetary Computer,ASF Global 30m HAND v1,OpenStreetMap contributors / ODbL
MY_N10264190520,116.1129114,5.954528,UNKNOWN,270.07914027743493,15.266116142,0.7459519141971998,5.444013544134589,,734.0775046793285,,,27.185897827148438,Sabah,node,10264190520,,OpenStreetMap contributors / ODbL,Copernicus DEM GLO-30 via Microsoft Planetary Computer,ASF Global 30m HAND v1,OpenStreetMap contributors / ODbL
MY_N10179178545,116.1169428,6.0017349,UNKNOWN,6.092116199551962,2.460819721,0.858851699128158,2.7118441927887127,,46.73223779584002,,,3.4376158714294434,Sabah,node,10179178545,,OpenStreetMap contributors / ODbL,Copernicus DEM GLO-30 via Microsoft Planetary Computer,ASF Global 30m HAND v1,OpenStreetMap contributors / ODbL
MY_N12462362562,116.1217036,6.0687708,UNKNOWN,1025.8074786261145,0.00033,2.7556832412543395,3.4364393548860934,,398.5966095649519,,,0.5701096057891846,Sabah,node,12462362562,,OpenStreetMap contributors / ODbL,Copernicus DEM GLO-30 via Microsoft Planetary Computer,ASF Global 30m HAND v1,OpenStreetMap contributors / ODbL
MY_N12462421365,116.1219144,6.0670439,UNKNOWN,833.4622174639926,4e-05,2.235979775787068,4.915886418049942,,299.5493254094716,,,0.45664507150650024,Sabah,node,12462421365,,OpenStreetMap contributors / ODbL,Copernicus DEM GLO-30 via Microsoft Planetary Computer,ASF Global 30m HAND v1,OpenStreetMap contributors / ODbL
MY_N12462360044,116.1220885,6.0663475,UNKNOWN,754.5826477280672,5.28617382,4.974075147608833,7.393027147414747,,277.92207847049406,,,1.2620656490325928,Sabah,node,12462360044,,OpenStreetMap contributors / ODbL,Copernicus DEM GLO-30 via Microsoft Planetary Computer,ASF Global 30m HAND v1,OpenStreetMap contributors / ODbL
MY_N12462366356,116.1225968,6.0679841,UNKNOWN,920.2594818583412,4.0195117,1.0825903013806946,1.7158275536983736,,267.5757274891752,,,3.8213226795196533,Sabah,node,12462366356,,OpenStreetMap contributors / ODbL,Copernicus DEM GLO-30 via Microsoft Planetary Computer,ASF Global 30m HAND v1,OpenStreetMap contributors / ODbL
MY_N12462397948,116.1227864,6.0692542,UNKNOWN,1021.9628924603368,2.544531584,0.3993541849795816,2.7768116522885626,,351.5687855354913,,,2.9535601139068604,Sabah,node,12462397948,,OpenStreetMap contributors / ODbL,Copernicus DEM GLO-30 via Microsoft Planetary Computer,ASF Global 30m HAND v1,OpenStreetMap contributors / ODbL
MY_N12462360043,116.1228103,6.0663636,UNKNOWN,750.407302242916,3.555197239,1.8680634407291616,3.7892035108432665,,198.44422421274083,,,3.9949421882629395,Sabah,node,12462360043,,OpenStreetMap contributors / ODbL,Copernicus DEM GLO-30 via Microsoft Planetary Computer,ASF Global 30m HAND v1,OpenStreetMap contributors / ODbL
MY_N12462360045,116.1230036,6.0656816,UNKNOWN,674.8423433622188,2.122129202,4.1585306420511285,5.055150717260586,,203.0133350834979,,,4.760101795196533,Sabah,node,12462360045,,OpenStreetMap contributors / ODbL,Copernicus DEM GLO-30 via Microsoft Planetary Computer,ASF Global 30m HAND v1,OpenStreetMap contributors / ODbL
MY_N12462362561,116.1230742,6.0705978,UNKNOWN,1134.491545492678,2.525490522,2.9288381578052647,4.297818635046822,,454.28953587091013,,,2.671844959259033,Sabah,node,12462362561,,OpenStreetMap contributors / ODbL,Copernicus DEM GLO-30 via Microsoft Planetary Computer,ASF Global 30m HAND v1,OpenStreetMap contributors / ODbL
MY_N12462366355,116.1232976,6.067465,UNKNOWN,827.3335330511023,3.4580369,0.855444585787597,1.493381633039832,,171.20802535706864,,,3.315058708190918,Sabah,node,12462366355,,OpenStreetMap contributors / ODbL,Copernicus DEM GLO-30 via Microsoft Planetary Computer,ASF Global 30m HAND v1,OpenStreetMap contributors / ODbL
MY_N12462397947,116.1235193,6.0687216,UNKNOWN,929.1783701599384,3.999342203,1.241676919687874,3.435876481802441,,258.5780417659767,,,3.457894802093506,Sabah,node,12462397947,,OpenStreetMap contributors / ODbL,Copernicus DEM GLO-30 via Microsoft Planetary Computer,ASF Global 30m HAND v1,OpenStreetMap contributors / ODbL
MY_N12462445716,116.1237502,6.0656688,UNKNOWN,643.6510436397672,3.024593353,0.9183899690448003,1.5948245821373719,,138.09493792751968,,,2.9099133014678955,Sabah,node,12462445716,,OpenStreetMap contributors / ODbL,Copernicus DEM GLO-30 via Microsoft Planetary Computer,ASF Global 30m HAND v1,OpenStreetMap contributors / ODbL
MY_N12462366354,116.1240107,6.0669388,UNKNOWN,733.8933489853246,4.644692898,1.9014079840869311,3.3522263831161214,,73.48246809802791,,,4.145870685577393,Sabah,node,12462366354,,OpenStreetMap contributors / ODbL,Copernicus DEM GLO-30 via Microsoft Planetary Computer,ASF Global 30m HAND v1,OpenStreetMap contributors / ODbL
MY_N12462397946,116.1242383,6.0681893,UNKNOWN,838.8537413166572,3.625662327,0.631166959545439,1.0819252526506793,,174.19716641798556,,,3.8548808097839355,Sabah,node,12462397946,,OpenStreetMap contributors / ODbL,Copernicus DEM GLO-30 via Microsoft Planetary Computer,ASF Global 30m HAND v1,OpenStreetMap contributors / ODbL
MY_N12462445717,116.1243832,6.0652034,UNKNOWN,558.1335942435512,0.784542501,0.474414105476656,1.7264452048799985,,146.649560311256,,,2.975386619567871,Sabah,node,12462445717,,OpenStreetMap contributors / ODbL,Copernicus DEM GLO-30 via Microsoft Planetary Computer,ASF Global 30m HAND v1,OpenStreetMap contributors / ODbL
MY_N12462362564,116.1243951,6.0674995,UNKNOWN,763.6672940896448,3.625682354,0.27724902629672854,1.811762388285843,,96.02707919877483,,,3.4993131160736084,Sabah,node,12462362564,,OpenStreetMap contributors / ODbL,Copernicus DEM GLO-30 via Microsoft Planetary Computer,ASF Global 30m HAND v1,OpenStreetMap contributors / ODbL
MY_N12462388214,116.12495,6.0684875,UNKNOWN,835.2464806349318,3.575362682,2.667086667111556,3.0823185040199195,,204.85407658857946,,,3.6353135108947754,Sabah,node,12462388214,,OpenStreetMap contributors / ODbL,Copernicus DEM GLO-30 via Microsoft Planetary Computer,ASF Global 30m HAND v1,OpenStreetMap contributors / ODbL
MY_N12462362563,116.1249813,6.0692189,UNKNOWN,909.4290663575433,3.545318842,0.6088128678015735,1.6203201796530404,,227.14369884316432,,,3.6125831604003906,Sabah,node,12462362563,,OpenStreetMap contributors / ODbL,Copernicus DEM GLO-30 via Microsoft Planetary Computer,ASF Global 30m HAND v1,OpenStreetMap contributors / ODbL
MY_N13759043085,116.2131791,6.0442099,UNKNOWN,1952.4565725717996,258.212158203,7.697116618622003,15.602859652195143,,1588.7252272499452,,,840.07763671875,Sabah,node,13759043085,,OpenStreetMap contributors / ODbL,Copernicus DEM GLO-30 via Microsoft Planetary Computer,ASF Global 30m HAND v1,OpenStreetMap contributors / ODbL
MY_W1496819391,116.3295047,5.7010837,UNKNOWN,173.47407102093962,62.047691345,19.96357122172022,30.377830413848436,,4938.569838149927,,,786.0635986328125,Sabah,way,1496819391,,OpenStreetMap contributors / ODbL,Copernicus DEM GLO-30 via Microsoft Planetary Computer,ASF Global 30m HAND v1,OpenStreetMap contributors / ODbL
MY_W1183622030,116.3505406,5.6552332,UNKNOWN,482.40042937491813,0.0,6.9665457513773745,9.79727903016646,,2265.800752933532,,,588.0210571289062,Sabah,way,1183622030,,OpenStreetMap contributors / ODbL,Copernicus DEM GLO-30 via Microsoft Planetary Computer,ASF Global 30m HAND v1,OpenStreetMap contributors / ODbL
MY_N5202494203,116.3825687,6.3058522,UNKNOWN,2067.751816635687,198.997741699,5.152187041859252,15.257827637985248,,2187.659374494123,,,476.2969970703125,Sabah,node,5202494203,,OpenStreetMap contributors / ODbL,Copernicus DEM GLO-30 via Microsoft Planetary Computer,ASF Global 30m HAND v1,OpenStreetMap contributors / ODbL
MY_N13719964947,116.4208153,6.3593607,UNKNOWN,362.2483166149872,70.854553223,4.517439890324184,10.584973711157003,,1033.8793341348305,,,77.95697021484375,Sabah,node,13719964947,,OpenStreetMap contributors / ODbL,Copernicus DEM GLO-30 via Microsoft Planetary Computer,ASF Global 30m HAND v1,OpenStreetMap contributors / ODbL
MY_N13719053843,116.4325394,6.3551578,UNKNOWN,341.5462775209395,36.871673584,9.240403602192949,15.333359900789665,,454.49197732584656,,,47.162574768066406,Sabah,node,13719053843,,OpenStreetMap contributors / ODbL,Copernicus DEM GLO-30 via Microsoft Planetary Computer,ASF Global 30m HAND v1,OpenStreetMap contributors / ODbL
MY_N5115603531,116.446022,6.2291445,UNKNOWN,496.9555425226324,84.664512634,18.546655863502643,20.773827554081844,,11475.721429716239,,,173.13771057128906,Sabah,node,5115603531,,OpenStreetMap contributors / ODbL,Copernicus DEM GLO-30 via Microsoft Planetary Computer,ASF Global 30m HAND v1,OpenStreetMap contributors / ODbL
MY_N5159160718,116.4488817,6.1424953,UNKNOWN,127.17677441179919,56.522651672,1.2605260974470187,8.007245581696864,,17481.113317775293,,,234.8563995361328,Sabah,node,5159160718,,OpenStreetMap contributors / ODbL,Copernicus DEM GLO-30 via Microsoft Planetary Computer,ASF Global 30m HAND v1,OpenStreetMap contributors / ODbL
MY_N5188734187,116.4524872,5.0638378,UNKNOWN,139.2572776014994,3e-05,1.1846342749878371,2.6202350135695984,,1946.3327515827114,,,458.39385986328125,Sabah,node,5188734187,,OpenStreetMap contributors / ODbL,Copernicus DEM GLO-30 via Microsoft Planetary Computer,ASF Global 30m HAND v1,OpenStreetMap contributors / ODbL
MY_N1662637919,116.49327,5.8883975,UNKNOWN,454.754504712766,183.840209961,25.20568642607317,36.54553444998147,,3353.1779834866543,,,1043.7952880859375,Sabah,node,1662637919,,OpenStreetMap contributors / ODbL,Copernicus DEM GLO-30 via Microsoft Planetary Computer,ASF Global 30m HAND v1,OpenStreetMap contributors / ODbL
MY_N1662564012,116.5494701,6.0404691,UNKNOWN,164.22495126303684,178.815429688,29.374422108095064,53.025052839218674,,5423.120018007637,,,2234.73046875,Sabah,node,1662564012,,OpenStreetMap contributors / ODbL,Copernicus DEM GLO-30 via Microsoft Planetary Computer,ASF Global 30m HAND v1,OpenStreetMap contributors / ODbL
MY_N9935128396,116.6649544,5.9505122,UNKNOWN,735.2098729773433,23.49420166,10.110663249556156,13.674683545330694,,4084.3510970783977,,,560.2220458984375,Sabah,node,9935128396,,OpenStreetMap contributors / ODbL,Copernicus DEM GLO-30 via Microsoft Planetary Computer,ASF Global 30m HAND v1,OpenStreetMap contributors / ODbL
MY_N1648142937,116.837438,6.8919583,UNKNOWN,668.9151189860135,41.394775391,5.3183727217901655,9.634028286306222,,1638.8095866605977,,,51.54953384399414,Sabah,node,1648142937,,OpenStreetMap contributors / ODbL,Copernicus DEM GLO-30 via Microsoft Planetary Computer,ASF Global 30m HAND v1,OpenStreetMap contributors / ODbL
MY_N1648142940,116.8378178,6.8921946,UNKNOWN,655.7393742608542,50.397216797,7.373490670164399,9.995978537653476,,1589.3592906777344,,,53.47196960449219,Sabah,node,1648142940,,OpenStreetMap contributors / ODbL,Copernicus DEM GLO-30 via Microsoft Planetary Computer,ASF Global 30m HAND v1,OpenStreetMap contributors / ODbL
MY_N1648142939,116.8384445,6.892184,UNKNOWN,607.5794324781417,48.418914795,1.786421172692107,6.680963323545844,,1530.4710321398413,,,52.09840774536133,Sabah,node,1648142939,,OpenStreetMap contributors / ODbL,Copernicus DEM GLO-30 via Microsoft Planetary Computer,ASF Global 30m HAND v1,OpenStreetMap contributors / ODbL
MY_N13531662855,117.3080152,7.2086443,UNKNOWN,6412.463922523021,9.109681129,6.76345476346807,8.42457506454786,,20000.0,,,8.682732582092285,Sabah,node,13531662855,,OpenStreetMap contributors / ODbL,Copernicus DEM GLO-30 via Microsoft Planetary Computer,ASF Global 30m HAND v1,OpenStreetMap contributors / ODbL
MY_N4824910112,117.3951651,6.0099021,UNKNOWN,1854.2954576317593,21.970960617,2.337414130262248,8.491727897970282,,20000.0,,,30.439321517944336,Sabah,node,4824910112,,OpenStreetMap contributors / ODbL,Copernicus DEM GLO-30 via Microsoft Planetary Computer,ASF Global 30m HAND v1,OpenStreetMap contributors / ODbL
MY_N13809732758,117.8306946,4.4253475,UNKNOWN,1756.388987276563,178.1277771,11.27609295342997,15.548580080070462,,16532.391453994416,,,383.0067443847656,Sabah,node,13809732758,,OpenStreetMap contributors / ODbL,Copernicus DEM GLO-30 via Microsoft Planetary Computer,ASF Global 30m HAND v1,OpenStreetMap contributors / ODbL
MY_N4405530070,117.8441578,4.980252,UNKNOWN,4031.259305897366,126.891265869,6.995360175727773,11.337069499175662,,4682.041551632189,,,443.1866455078125,Sabah,node,4405530070,,OpenStreetMap contributors / ODbL,Copernicus DEM GLO-30 via Microsoft Planetary Computer,ASF Global 30m HAND v1,OpenStreetMap contributors / ODbL
MY_N6727065189,117.9751223,4.3335022,UNKNOWN,1476.4018917269893,196.807159424,5.294490410869093,12.499008798788127,,3902.211648868842,,,636.7927856445312,Sabah,node,6727065189,,OpenStreetMap contributors / ODbL,Copernicus DEM GLO-30 via Microsoft Planetary Computer,ASF Global 30m HAND v1,OpenStreetMap contributors / ODbL
MY_N13809732305,117.9878439,4.2932271,UNKNOWN,23.75938950582052,2.368483067,3.7673312006722846,6.2065997267754875,,663.0532567004641,,,66.83082580566406,Sabah,node,13809732305,,OpenStreetMap contributors / ODbL,Copernicus DEM GLO-30 via Microsoft Planetary Computer,ASF Global 30m HAND v1,OpenStreetMap contributors / ODbL
MY_N13771359079,117.9923218,5.7441971,UNKNOWN,1535.9827591496467,7.182172298,13.855363111123294,23.483827667943416,,7151.23438682667,,,7.698209762573242,Sabah,node,13771359079,,OpenStreetMap contributors / ODbL,Copernicus DEM GLO-30 via Microsoft Planetary Computer,ASF Global 30m HAND v1,OpenStreetMap contributors / ODbL
MY_N9983597281,118.0321183,5.7934668,UNKNOWN,270.07171402060584,3.617231846,0.814892053123072,2.3156850160882376,,322.63381795998947,,,5.663485527038574,Sabah,node,9983597281,,OpenStreetMap contributors / ODbL,Copernicus DEM GLO-30 via Microsoft Planetary Computer,ASF Global 30m HAND v1,OpenStreetMap contributors / ODbL
MY_N9983597288,118.0376403,5.799688,UNKNOWN,881.0210364618894,15.512607574,11.248534355881421,17.22382027945549,,42.95833796891326,,,19.19693374633789,Sabah,node,9983597288,,OpenStreetMap contributors / ODbL,Copernicus DEM GLO-30 via Microsoft Planetary Computer,ASF Global 30m HAND v1,OpenStreetMap contributors / ODbL
MY_N9919057003,118.0937511,5.8418632,UNKNOWN,378.25375309497593,129.332138062,11.353941779496079,23.433222659154755,,2758.453677062467,,,239.54217529296875,Sabah,node,9919057003,,OpenStreetMap contributors / ODbL,Copernicus DEM GLO-30 via Microsoft Planetary Computer,ASF Global 30m HAND v1,OpenStreetMap contributors / ODbL
MY_N1988043288,118.0949045,5.8437158,UNKNOWN,497.1493323352276,109.458183289,5.701029901135603,10.432601558116014,,2654.6615167788073,,,196.4857940673828,Sabah,node,1988043288,,OpenStreetMap contributors / ODbL,Copernicus DEM GLO-30 via Microsoft Planetary Computer,ASF Global 30m HAND v1,OpenStreetMap contributors / ODbL
MY_N9919057004,118.0953128,5.8437345,UNKNOWN,489.0647440517571,111.029563904,10.141513620305437,14.209408397680996,,2610.288091016875,,,196.10350036621094,Sabah,node,9919057004,,OpenStreetMap contributors / ODbL,Copernicus DEM GLO-30 via Microsoft Planetary Computer,ASF Global 30m HAND v1,OpenStreetMap contributors / ODbL
MY_N9919057005,118.095425,5.8427733,UNKNOWN,382.3306292372947,82.810195923,2.052462615198866,7.080887155069426,,2583.3856366346345,,,220.16529846191406,Sabah,node,9919057005,,OpenStreetMap contributors / ODbL,Copernicus DEM GLO-30 via Microsoft Planetary Computer,ASF Global 30m HAND v1,OpenStreetMap contributors / ODbL
MY_N1988043289,118.0957026,5.8439733,UNKNOWN,509.5146837543595,131.759552002,10.231572822354586,13.85714672321526,,2571.9839707649876,,,191.97605895996094,Sabah,node,1988043289,,OpenStreetMap contributors / ODbL,Copernicus DEM GLO-30 via Microsoft Planetary Computer,ASF Global 30m HAND v1,OpenStreetMap contributors / ODbL
MY_N9968171086,118.1197511,5.848764,UNKNOWN,902.665765374627,20.298555374,9.005598486087294,12.353805635029792,,891.8618226195908,,,68.98728942871094,Sabah,node,9968171086,,OpenStreetMap contributors / ODbL,Copernicus DEM GLO-30 via Microsoft Planetary Computer,ASF Global 30m HAND v1,OpenStreetMap contributors / ODbL
MY_N13807032941,118.1724402,4.5533589,UNKNOWN,3442.5362899890206,239.917556763,7.445156736689756,11.63421131865686,,1700.2983261062839,,,369.0705871582031,Sabah,node,13807032941,,OpenStreetMap contributors / ODbL,Copernicus DEM GLO-30 via Microsoft Planetary Computer,ASF Global 30m HAND v1,OpenStreetMap contributors / ODbL
MY_N7852427612,118.2118995,4.6732662,UNKNOWN,3453.6095524006846,43.369873047,5.9015156471818715,7.453003363933024,,177.24129426268158,,,99.04304504394531,Sabah,node,7852427612,,OpenStreetMap contributors / ODbL,Copernicus DEM GLO-30 via Microsoft Planetary Computer,ASF Global 30m HAND v1,OpenStreetMap contributors / ODbL
MY_N1663990392,118.2171688,4.9825048,UNKNOWN,614.028149796963,99.039451599,3.6821269599842417,14.51201136167773,,216.9499697111668,,,170.15106201171875,Sabah,node,1663990392,,OpenStreetMap contributors / ODbL,Copernicus DEM GLO-30 via Microsoft Planetary Computer,ASF Global 30m HAND v1,OpenStreetMap contributors / ODbL
MY_N7853152961,118.247695,4.6852986,UNKNOWN,285.9080992150828,4.906629086,0.9697660749314644,3.7387371874078776,,4351.871171270874,,,7.836719512939453,Sabah,node,7853152961,Telekom Malaysia Berhad,OpenStreetMap contributors / ODbL,Copernicus DEM GLO-30 via Microsoft Planetary Computer,ASF Global 30m HAND v1,OpenStreetMap contributors / ODbL
MY_N11950354037,118.6104959,4.4772918,UNKNOWN,712.2039669880745,0.202225178,0.32873154053977,1.9279478984634795,,5581.186353747749,,,6.438346862792969,Sabah,node,11950354037,,OpenStreetMap contributors / ODbL,Copernicus DEM GLO-30 via Microsoft Planetary Computer,ASF Global 30m HAND v1,OpenStreetMap contributors / ODbL
MY_N8267445980,118.6513944,4.4190148,UNKNOWN,2064.034568184956,6.438421726,3.000395125952923,7.842949819028193,,11581.76536285307,,,7.874292850494385,Sabah,node,8267445980,,OpenStreetMap contributors / ODbL,Copernicus DEM GLO-30 via Microsoft Planetary Computer,ASF Global 30m HAND v1,OpenStreetMap contributors / ODbL
MY_N1662840937,118.8586077,4.3094439,UNKNOWN,20000.0,6.306267262,4.129653465427324,5.404407114226742,,641.5964142933149,,,6.60365629196167,,node,1662840937,,OpenStreetMap contributors / ODbL,Copernicus DEM GLO-30 via Microsoft Planetary Computer,ASF Global 30m HAND v1,OpenStreetMap contributors / ODbL
