{"type":"FeatureCollection","features":[{"type":"Feature","geometry":{"type":"Polygon","coordinates":[[[101.55,3.137971],[101.552031,3.137971],[101.552031,3.14],[101.55,3.14],[101.55,3.137971]]]},"properties":{"hand":0.5}},{"type":"Feature","geometry":{"type":"Polygon","coordinates":[[[101.564219,3.137971],[101.56625,3.137971],[101.56625,3.14],[101.564219,3.14],[101.564219,3.137971]]]},"properties":{"hand":5.0}},{"type":"Feature","geometry":{"type":"Polygon","coordinates":[[[101.56625,3.137971],[101.568281,3.137971],[101.568281,3.14],[101.56625,3.14],[101.56625,3.137971]]]},"properties":{"hand":0.5}},{"type":"Feature","geometry":{"type":"Polygon","coordinates":[[[101.570312,3.137971],[101.572344,3.137971],[101.572344,3.14],[101.570312,3.14],[101.570312,3.137971]]]},"properties":{"hand":0.5}},{"type":"Feature","geometry":{"type":"Polygon","coordinates":[[[101.590625,3.137971],[101.592656,3.137971],[101.592656,3.14],[101.590625,3.14],[101.590625,3.137971]]]},"properties":{"hand":0.5}},{"type":"Feature","geometry":{"type":"Polygon","coordinates":[[[101.606875,3.137971],[101.608906,3.137971],[101.608906,3.14],[101.606875,3.14],[101.606875,3.137971]]]},"properties":{"hand":2.0}},{"type":"Feature","geometry":{"type":"Polygon","coordinates":[[[101.615,3.137971],[101.617031,3.137971],[101.617031,3.14],[101.615,3.14],[101.615,3.137971]]]},"properties":{"hand":2.0}},{"type":"Feature","geometry":{"type":"Polygon","coordinates":[[[101.627188,3.137971],[101.629219,3.137971],[101.629219,3.14],[101.627188,3.14],[101.627188,3.137971]]]},"properties":{"hand":5.0}},{"type":"Feature","geometry":{"type":"Polygon","coordinates":[[[101.629219,3.137971],[101.63125,3.137971],[101.63125,3.14],[101.629219,3.14],[101.629219,3.137971]]]},"properties":{"hand":2.0}},{"type":"Feature","geometry":{"type":"Polygon","coordinates":[[[101.63125,3.137971],[101.633281,3.137971],[101.633281,3.14],[101.63125,3.14],[101.63125,3.137971]]]},"properties":{"hand":2.0}},{"type":"Feature","geometry":{"type":"Polygon","coordinates":[[[101.633281,3.137971],[101.635313,3.137971],[101.635313,3.14],[101.633281,3.14],[101.633281,3.137971]]]},"properties":{"hand":0.5}},{"type":"Feature","geometry":{"type":"Polygon","coordinates":[[[101.635312,3.137971],[101.637344,3.137971],[101.637344,3.14],[101.635312,3.14],[101.635312,3.137971]]]},"properties":{"hand":5.0}},{"type":"Feature","geometry":{"type":"Polygon","coordinates":[[[101.637344,3.137971],[101.639375,3.137971],[101.639375,3.14],[101.637344,3.14],[101.637344,3.137971]]]},"properties":{"hand":5.0}},{"type":"Feature","geometry":{"type":"Polygon","coordinates":[[[101.641406,3.137971],[101.643438,3.137971],[101.643438,3.14],[101.641406,3.14],[101.641406,3.137971]]]},"properties":{"hand":2.0}},{"type":"Feature","geometry":{"type":"Polygon","coordinates":[[[101.671875,3.137971],[101.673906,3.137971],[101.673906,3.14],[101.671875,3.14],[101.671875,3.137971]]]},"properties":{"hand":5.0}},{"type":"Feature","geometry":{"type":"Polygon","coordinates":[[[101.55,3.135942],[101.552031,3.135942],[101.552031,3.137971],[101.55,3.137971],[101.55,3.135942]]]},"properties":{"hand":0.5}},{"type":"Feature","geometry":{"type":"Polygon","coordinates":[[[101.564219,3.135942],[101.56625,3.135942],[101.56625,3.137971],[101.564219,3.137971],[101.564219,3.135942]]]},"properties":{"hand":0.5}},{"type":"Feature","geometry":{"type":"Polygon","coordinates":[[[101.56625,3.135942],[101.568281,3.135942],[101.568281,3.137971],[101.56625,3.137971],[101.56625,3.135942]]]},"properties":{"hand":0.5}},{"type":"Feature","geometry":{"type":"Polygon","coordinates":[[[101.568281,3.135942],[101.570312,3.135942],[101.570312,3.137971],[101.568281,3.137971],[101.568281,3.135942]]]},"properties":{"hand":0.5}},{"type":"Feature","geometry":{"type":"Polygon","coordinates":[[[101.615,3.135942],[101.617031,3.135942],[101.617031,3.137971],[101.615,3.137971],[101.615,3.135942]]]},"properties":{"hand":1.0}},{"type":"Feature","geometry":{"type":"Polygon","coordinates":[[[101.63125,3.135942],[101.633281,3.135942],[101.633281,3.137971],[101.63125,3.137971],[101.63125,3.135942]]]},"properties":{"hand":3.0}},{"type":"Feature","geometry":{"type":"Polygon","coordinates":[[[101.633281,3.135942],[101.635313,3.135942],[101.635313,3.137971],[101.633281,3.137971],[101.633281,3.135942]]]},"properties":{"hand":3.0}},{"type":"Feature","geometry":{"type":"Polygon","coordinates":[[[101.637344,3.135942],[101.639375,3.135942],[101.639375,3.137971],[101.637344,3.137971],[101.637344,3.135942]]]},"properties":{"hand":3.0}},{"type":"Feature","geometry":{"type":"Polygon","coordinates":[[[101.639375,3.135942],[101.641406,3.135942],[101.641406,3.137971],[101.639375,3.137971],[101.639375,3.135942]]]},"properties":{"hand":5.0}},{"type":"Feature","geometry":{"type":"Polygon","coordinates":[[[101.641406,3.135942],[101.643438,3.135942],[101.643438,3.137971],[101.641406,3.137971],[101.641406,3.135942]]]},"properties":{"hand":5.0}},{"type":"Feature","geometry":{"type":"Polygon","coordinates":[[[101.643438,3.135942],[101.645469,3.135942],[101.645469,3.137971],[101.643438,3.137971],[101.643438,3.135942]]]},"properties":{"hand":5.0}},{"type":"Feature","geometry":{"type":"Polygon","coordinates":[[[101.645469,3.135942],[101.6475,3.135942],[101.6475,3.137971],[101.645469,3.137971],[101.645469,3.135942]]]},"properties":{"hand":2.0}},{"type":"Feature","geometry":{"type":"Polygon","coordinates":[[[101.6475,3.135942],[101.649531,3.135942],[101.649531,3.137971],[101.6475,3.137971],[101.6475,3.135942]]]},"properties":{"hand":2.0}},{"type":"Feature","geometry":{"type":"Polygon","coordinates":[[[101.657656,3.135942],[101.659688,3.135942],[101.659688,3.137971],[101.657656,3.137971],[101.657656,3.135942]]]},"properties":{"hand":3.0}},{"type":"Feature","geometry":{"type":"Polygon","coordinates":[[[101.55,3.133913],[101.552031,3.133913],[101.552031,3.135942],[101.55,3.135942],[101.55,3.133913]]]},"properties":{"hand":0.5}},{"type":"Feature","geometry":{"type":"Polygon","coordinates":[[[101.552031,3.133913],[101.554063,3.133913],[101.554063,3.135942],[101.552031,3.135942],[101.552031,3.133913]]]},"properties":{"hand":0.5}},{"type":"Feature","geometry":{"type":"Polygon","coordinates":[[[101.554063,3.133913],[101.556094,3.133913],[101.556094,3.135942],[101.554063,3.135942],[101.554063,3.133913]]]},"properties":{"hand":0.5}},{"type":"Feature","geometry":{"type":"Polygon","coordinates":[[[101.562187,3.133913],[101.564219,3.133913],[101.564219,3.135942],[101.562187,3.135942],[101.562187,3.133913]]]},"properties":{"hand":0.5}},{"type":"Feature","geometry":{"type":"Polygon","coordinates":[[[101.564219,3.133913],[101.56625,3.133913],[101.56625,3.135942],[101.564219,3.135942],[101.564219,3.133913]]]},"properties":{"hand":0.5}},{"type":"Feature","geometry":{"type":"Polygon","coordinates":[[[101.56625,3.133913],[101.568281,3.133913],[101.568281,3.135942],[101.56625,3.135942],[101.56625,3.133913]]]},"properties":{"hand":0.5}},{"type":"Feature","geometry":{"type":"Polygon","coordinates":[[[101.596719,3.133913],[101.59875,3.133913],[101.59875,3.135942],[101.596719,3.135942],[101.596719,3.133913]]]},"properties":{"hand":5.0}},{"type":"Feature","geometry":{"type":"Polygon","coordinates":[[[101.612969,3.133913],[101.615,3.133913],[101.615,3.135942],[101.612969,3.135942],[101.612969,3.133913]]]},"properties":{"hand":3.0}},{"type":"Feature","geometry":{"type":"Polygon","coordinates":[[[101.615,3.133913],[101.617031,3.133913],[101.617031,3.135942],[101.615,3.135942],[101.615,3.133913]]]},"properties":{"hand":2.0}},{"type":"Feature","geometry":{"type":"Polygon","coordinates":[[[101.621094,3.133913],[101.623125,3.133913],[101.623125,3.135942],[101.621094,3.135942],[101.621094,3.133913]]]},"properties":{"hand":2.0}},{"type":"Feature","geometry":{"type":"Polygon","coordinates":[[[101.623125,3.133913],[101.625156,3.133913],[101.625156,3.135942],[101.623125,3.135942],[101.623125,3.133913]]]},"properties":{"hand":3.0}},{"type":"Feature","geometry":{"type":"Polygon","coordinates":[[[101.625156,3.133913],[101.627188,3.133913],[101.627188,3.135942],[101.625156,3.135942],[101.625156,3.133913]]]},"properties":{"hand":5.0}},{"type":"Feature","geometry":{"type":"Polygon","coordinates":[[[101.627188,3.133913],[101.629219,3.133913],[101.629219,3.135942],[101.627188,3.135942],[101.627188,3.133913]]]},"properties":{"hand":5.0}},{"type":"Feature","geometry":{"type":"Polygon","coordinates":[[[101.63125,3.133913],[101.633281,3.133913],[101.633281,3.135942],[101.63125,3.135942],[101.63125,3.133913]]]},"properties":{"hand":5.0}},{"type":"Feature","geometry":{"type":"Polygon","coordinates":[[[101.637344,3.133913],[101.639375,3.133913],[101.639375,3.135942],[101.637344,3.135942],[101.637344,3.133913]]]},"properties":{"hand":5.0}},{"type":"Feature","geometry":{"type":"Polygon","coordinates":[[[101.55,3.131884],[101.552031,3.131884],[101.552031,3.133913],[101.55,3.133913],[101.55,3.131884]]]},"properties":{"hand":0.5}},{"type":"Feature","geometry":{"type":"Polygon","coordinates":[[[101.552031,3.131884],[101.554063,3.131884],[101.554063,3.133913],[101.552031,3.133913],[101.552031,3.131884]]]},"properties":{"hand":0.5}},{"type":"Feature","geometry":{"type":"Polygon","coordinates":[[[101.554063,3.131884],[101.556094,3.131884],[101.556094,3.133913],[101.554063,3.133913],[101.554063,3.131884]]]},"properties":{"hand":0.5}},{"type":"Feature","geometry":{"type":"Polygon","coordinates":[[[101.556094,3.131884],[101.558125,3.131884],[101.558125,3.133913],[101.556094,3.133913],[101.556094,3.131884]]]},"properties":{"hand":0.5}},{"type":"Feature","geometry":{"type":"Polygon","coordinates":[[[101.558125,3.131884],[101.560156,3.131884],[101.560156,3.133913],[101.558125,3.133913],[101.558125,3.131884]]]},"properties":{"hand":1.0}},{"type":"Feature","geometry":{"type":"Polygon","coordinates":[[[101.560156,3.131884],[101.562187,3.131884],[101.562187,3.133913],[101.560156,3.133913],[101.560156,3.131884]]]},"properties":{"hand":0.5}},{"type":"Feature","geometry":{"type":"Polygon","coordinates":[[[101.562187,3.131884],[101.564219,3.131884],[101.564219,3.133913],[101.562187,3.133913],[101.562187,3.131884]]]},"properties":{"hand":0.5}},{"type":"Feature","geometry":{"type":"Polygon","coordinates":[[[101.564219,3.131884],[101.56625,3.131884],[101.56625,3.133913],[101.564219,3.133913],[101.564219,3.131884]]]},"properties":{"hand":0.5}},{"type":"Feature","geometry":{"type":"Polygon","coordinates":[[[101.56625,3.131884],[101.568281,3.131884],[101.568281,3.133913],[101.56625,3.133913],[101.56625,3.131884]]]},"properties":{"hand":0.5}},{"type":"Feature","geometry":{"type":"Polygon","coordinates":[[[101.588594,3.131884],[101.590625,3.131884],[101.590625,3.133913],[101.588594,3.133913],[101.588594,3.131884]]]},"properties":{"hand":5.0}},{"type":"Feature","geometry":{"type":"Polygon","coordinates":[[[101.594688,3.131884],[101.596719,3.131884],[101.596719,3.133913],[101.594688,3.133913],[101.594688,3.131884]]]},"properties":{"hand":5.0}},{"type":"Feature","geometry":{"type":"Polygon","coordinates":[[[101.596719,3.131884],[101.59875,3.131884],[101.59875,3.133913],[101.596719,3.133913],[101.596719,3.131884]]]},"properties":{"hand":5.0}},{"type":"Feature","geometry":{"type":"Polygon","coordinates":[[[101.610938,3.131884],[101.612969,3.131884],[101.612969,3.133913],[101.610938,3.133913],[101.610938,3.131884]]]},"properties":{"hand":5.0}},{"type":"Feature","geometry":{"type":"Polygon","coordinates":[[[101.612969,3.131884],[101.615,3.131884],[101.615,3.133913],[101.612969,3.133913],[101.612969,3.131884]]]},"properties":{"hand":5.0}},{"type":"Feature","geometry":{"type":"Polygon","coordinates":[[[101.615,3.131884],[101.617031,3.131884],[101.617031,3.133913],[101.615,3.133913],[101.615,3.131884]]]},"properties":{"hand":5.0}},{"type":"Feature","geometry":{"type":"Polygon","coordinates":[[[101.621094,3.131884],[101.623125,3.131884],[101.623125,3.133913],[101.621094,3.133913],[101.621094,3.131884]]]},"properties":{"hand":2.0}},{"type":"Feature","geometry":{"type":"Polygon","coordinates":[[[101.623125,3.131884],[101.625156,3.131884],[101.625156,3.133913],[101.623125,3.133913],[101.623125,3.131884]]]},"properties":{"hand":2.0}},{"type":"Feature","geometry":{"type":"Polygon","coordinates":[[[101.625156,3.131884],[101.627188,3.131884],[101.627188,3.133913],[101.625156,3.133913],[101.625156,3.131884]]]},"properties":{"hand":2.0}},{"type":"Feature","geometry":{"type":"Polygon","coordinates":[[[101.629219,3.131884],[101.63125,3.131884],[101.63125,3.133913],[101.629219,3.133913],[101.629219,3.131884]]]},"properties":{"hand":5.0}},{"type":"Feature","geometry":{"type":"Polygon","coordinates":[[[101.63125,3.131884],[101.633281,3.131884],[101.633281,3.133913],[101.63125,3.133913],[101.63125,3.131884]]]},"properties":{"hand":5.0}},{"type":"Feature","geometry":{"type":"Polygon","coordinates":[[[101.639375,3.131884],[101.641406,3.131884],[101.641406,3.133913],[101.639375,3.133913],[101.639375,3.131884]]]},"properties":{"hand":3.0}},{"type":"Feature","geometry":{"type":"Polygon","coordinates":[[[101.657656,3.131884],[101.659688,3.131884],[101.659688,3.133913],[101.657656,3.133913],[101.657656,3.131884]]]},"properties":{"hand":3.0}},{"type":"Feature","geometry":{"type":"Polygon","coordinates":[[[101.673906,3.131884],[101.675938,3.131884],[101.675938,3.133913],[101.673906,3.133913],[101.673906,3.131884]]]},"properties":{"hand":3.0}},{"type":"Feature","geometry":{"type":"Polygon","coordinates":[[[101.55,3.129855],[101.552031,3.129855],[101.552031,3.131884],[101.55,3.131884],[101.55,3.129855]]]},"properties":{"hand":0.5}},{"type":"Feature","geometry":{"type":"Polygon","coordinates":[[[101.552031,3.129855],[101.554063,3.129855],[101.554063,3.131884],[101.552031,3.131884],[101.552031,3.129855]]]},"properties":{"hand":0.5}},{"type":"Feature","geometry":{"type":"Polygon","coordinates":[[[101.554063,3.129855],[101.556094,3.129855],[101.556094,3.131884],[101.554063,3.131884],[101.554063,3.129855]]]},"properties":{"hand":2.0}},{"type":"Feature","geometry":{"type":"Polygon","coordinates":[[[101.556094,3.129855],[101.558125,3.129855],[101.558125,3.131884],[101.556094,3.131884],[101.556094,3.129855]]]},"properties":{"hand":0.5}},{"type":"Feature","geometry":{"type":"Polygon","coordinates":[[[101.560156,3.129855],[101.562187,3.129855],[101.562187,3.131884],[101.560156,3.131884],[101.560156,3.129855]]]},"properties":{"hand":0.5}},{"type":"Feature","geometry":{"type":"Polygon","coordinates":[[[101.562187,3.129855],[101.564219,3.129855],[101.564219,3.131884],[101.562187,3.131884],[101.562187,3.129855]]]},"properties":{"hand":3.0}},{"type":"Feature","geometry":{"type":"Polygon","coordinates":[[[101.564219,3.129855],[101.56625,3.129855],[101.56625,3.131884],[101.564219,3.131884],[101.564219,3.129855]]]},"properties":{"hand":0.5}},{"type":"Feature","geometry":{"type":"Polygon","coordinates":[[[101.56625,3.129855],[101.568281,3.129855],[101.568281,3.131884],[101.56625,3.131884],[101.56625,3.129855]]]},"properties":{"hand":0.5}},{"type":"Feature","geometry":{"type":"Polygon","coordinates":[[[101.568281,3.129855],[101.570312,3.129855],[101.570312,3.131884],[101.568281,3.131884],[101.568281,3.129855]]]},"properties":{"hand":0.5}},{"type":"Feature","geometry":{"type":"Polygon","coordinates":[[[101.570312,3.129855],[101.572344,3.129855],[101.572344,3.131884],[101.570312,3.131884],[101.570312,3.129855]]]},"properties":{"hand":0.5}},{"type":"Feature","geometry":{"type":"Polygon","coordinates":[[[101.572344,3.129855],[101.574375,3.129855],[101.574375,3.131884],[101.572344,3.131884],[101.572344,3.129855]]]},"properties":{"hand":5.0}},{"type":"Feature","geometry":{"type":"Polygon","coordinates":[[[101.596719,3.129855],[101.59875,3.129855],[101.59875,3.131884],[101.596719,3.131884],[101.596719,3.129855]]]},"properties":{"hand":3.0}},{"type":"Feature","geometry":{"type":"Polygon","coordinates":[[[101.610938,3.129855],[101.612969,3.129855],[101.612969,3.131884],[101.610938,3.131884],[101.610938,3.129855]]]},"properties":{"hand":2.0}},{"type":"Feature","geometry":{"type":"Polygon","coordinates":[[[101.612969,3.129855],[101.615,3.129855],[101.615,3.131884],[101.612969,3.131884],[101.612969,3.129855]]]},"properties":{"hand":2.0}},{"type":"Feature","geometry":{"type":"Polygon","coordinates":[[[101.619062,3.129855],[101.621094,3.129855],[101.621094,3.131884],[101.619062,3.131884],[101.619062,3.129855]]]},"properties":{"hand":5.0}},{"type":"Feature","geometry":{"type":"Polygon","coordinates":[[[101.621094,3.129855],[101.623125,3.129855],[101.623125,3.131884],[101.621094,3.131884],[101.621094,3.129855]]]},"properties":{"hand":5.0}},{"type":"Feature","geometry":{"type":"Polygon","coordinates":[[[101.629219,3.129855],[101.63125,3.129855],[101.63125,3.131884],[101.629219,3.131884],[101.629219,3.129855]]]},"properties":{"hand":3.0}},{"type":"Feature","geometry":{"type":"Polygon","coordinates":[[[101.6475,3.129855],[101.649531,3.129855],[101.649531,3.131884],[101.6475,3.131884],[101.6475,3.129855]]]},"properties":{"hand":5.0}},{"type":"Feature","geometry":{"type":"Polygon","coordinates":[[[101.659688,3.129855],[101.661719,3.129855],[101.661719,3.131884],[101.659688,3.131884],[101.659688,3.129855]]]},"properties":{"hand":5.0}},{"type":"Feature","geometry":{"type":"Polygon","coordinates":[[[101.669844,3.129855],[101.671875,3.129855],[101.671875,3.131884],[101.669844,3.131884],[101.669844,3.129855]]]},"properties":{"hand":5.0}},{"type":"Feature","geometry":{"type":"Polygon","coordinates":[[[101.671875,3.129855],[101.673906,3.129855],[101.673906,3.131884],[101.671875,3.131884],[101.671875,3.129855]]]},"properties":{"hand":5.0}},{"type":"Feature","geometry":{"type":"Polygon","coordinates":[[[101.673906,3.129855],[101.675938,3.129855],[101.675938,3.131884],[101.673906,3.131884],[101.673906,3.129855]]]},"properties":{"hand":3.0}},{"type":"Feature","geometry":{"type":"Polygon","coordinates":[[[101.55,3.127826],[101.552031,3.127826],[101.552031,3.129855],[101.55,3.129855],[101.55,3.127826]]]},"properties":{"hand":0.5}},{"type":"Feature","geometry":{"type":"Polygon","coordinates":[[[101.552031,3.127826],[101.554063,3.127826],[101.554063,3.129855],[101.552031,3.129855],[101.552031,3.127826]]]},"properties":{"hand":0.5}},{"type":"Feature","geometry":{"type":"Polygon","coordinates":[[[101.554063,3.127826],[101.556094,3.127826],[101.556094,3.129855],[101.554063,3.129855],[101.554063,3.127826]]]},"properties":{"hand":0.5}},{"type":"Feature","geometry":{"type":"Polygon","coordinates":[[[101.556094,3.127826],[101.558125,3.127826],[101.558125,3.129855],[101.556094,3.129855],[101.556094,3.127826]]]},"properties":{"hand":0.5}},{"type":"Feature","geometry":{"type":"Polygon","coordinates":[[[101.558125,3.127826],[101.560156,3.127826],[101.560156,3.129855],[101.558125,3.129855],[101.558125,3.127826]]]},"properties":{"hand":0.5}},{"type":"Feature","geometry":{"type":"Polygon","coordinates":[[[101.560156,3.127826],[101.562187,3.127826],[101.562187,3.129855],[101.560156,3.129855],[101.560156,3.127826]]]},"properties":{"hand":0.5}},{"type":"Feature","geometry":{"type":"Polygon","coordinates":[[[101.562187,3.127826],[101.564219,3.127826],[101.564219,3.129855],[101.562187,3.129855],[101.562187,3.127826]]]},"properties":{"hand":0.5}},{"type":"Feature","geometry":{"type":"Polygon","coordinates":[[[101.564219,3.127826],[101.56625,3.127826],[101.56625,3.129855],[101.564219,3.129855],[101.564219,3.127826]]]},"properties":{"hand":0.5}},{"type":"Feature","geometry":{"type":"Polygon","coordinates":[[[101.56625,3.127826],[101.568281,3.127826],[101.568281,3.129855],[101.56625,3.129855],[101.56625,3.127826]]]},"properties":{"hand":1.0}},{"type":"Feature","geometry":{"type":"Polygon","coordinates":[[[101.568281,3.127826],[101.570312,3.127826],[101.570312,3.129855],[101.568281,3.129855],[101.568281,3.127826]]]},"properties":{"hand":0.5}},{"type":"Feature","geometry":{"type":"Polygon","coordinates":[[[101.570312,3.127826],[101.572344,3.127826],[101.572344,3.129855],[101.570312,3.129855],[101.570312,3.127826]]]},"properties":{"hand":0.5}},{"type":"Feature","geometry":{"type":"Polygon","coordinates":[[[101.576406,3.127826],[101.578438,3.127826],[101.578438,3.129855],[101.576406,3.129855],[101.576406,3.127826]]]},"properties":{"hand":5.0}},{"type":"Feature","geometry":{"type":"Polygon","coordinates":[[[101.584531,3.127826],[101.586562,3.127826],[101.586562,3.129855],[101.584531,3.129855],[101.584531,3.127826]]]},"properties":{"hand":5.0}},{"type":"Feature","geometry":{"type":"Polygon","coordinates":[[[101.594688,3.127826],[101.596719,3.127826],[101.596719,3.129855],[101.594688,3.129855],[101.594688,3.127826]]]},"properties":{"hand":5.0}},{"type":"Feature","geometry":{"type":"Polygon","coordinates":[[[101.596719,3.127826],[101.59875,3.127826],[101.59875,3.129855],[101.596719,3.129855],[101.596719,3.127826]]]},"properties":{"hand":3.0}},{"type":"Feature","geometry":{"type":"Polygon","coordinates":[[[101.59875,3.127826],[101.600781,3.127826],[101.600781,3.129855],[101.59875,3.129855],[101.59875,3.127826]]]},"properties":{"hand":5.0}},{"type":"Feature","geometry":{"type":"Polygon","coordinates":[[[101.608906,3.127826],[101.610938,3.127826],[101.610938,3.129855],[101.608906,3.129855],[101.608906,3.127826]]]},"properties":{"hand":1.0}},{"type":"Feature","geometry":{"type":"Polygon","coordinates":[[[101.610938,3.127826],[101.612969,3.127826],[101.612969,3.129855],[101.610938,3.129855],[101.610938,3.127826]]]},"properties":{"hand":0.5}},{"type":"Feature","geometry":{"type":"Polygon","coordinates":[[[101.633281,3.127826],[101.635313,3.127826],[101.635313,3.129855],[101.633281,3.129855],[101.633281,3.127826]]]},"properties":{"hand":5.0}},{"type":"Feature","geometry":{"type":"Polygon","coordinates":[[[101.641406,3.127826],[101.643438,3.127826],[101.643438,3.129855],[101.641406,3.129855],[101.641406,3.127826]]]},"properties":{"hand":3.0}},{"type":"Feature","geometry":{"type":"Polygon","coordinates":[[[101.645469,3.127826],[101.6475,3.127826],[101.6475,3.129855],[101.645469,3.129855],[101.645469,3.127826]]]},"properties":{"hand":5.0}},{"type":"Feature","geometry":{"type":"Polygon","coordinates":[[[101.659688,3.127826],[101.661719,3.127826],[101.661719,3.129855],[101.659688,3.129855],[101.659688,3.127826]]]},"properties":{"hand":5.0}},{"type":"Feature","geometry":{"type":"Polygon","coordinates":[[[101.677969,3.127826],[101.68,3.127826],[101.68,3.129855],[101.677969,3.129855],[101.677969,3.127826]]]},"properties":{"hand":5.0}},{"type":"Feature","geometry":{"type":"Polygon","coordinates":[[[101.55,3.125797],[101.552031,3.125797],[101.552031,3.127826],[101.55,3.127826],[101.55,3.125797]]]},"properties":{"hand":1.0}},{"type":"Feature","geometry":{"type":"Polygon","coordinates":[[[101.552031,3.125797],[101.554063,3.125797],[101.554063,3.127826],[101.552031,3.127826],[101.552031,3.125797]]]},"properties":{"hand":0.5}},{"type":"Feature","geometry":{"type":"Polygon","coordinates":[[[101.554063,3.125797],[101.556094,3.125797],[101.556094,3.127826],[101.554063,3.127826],[101.554063,3.125797]]]},"properties":{"hand":1.0}},{"type":"Feature","geometry":{"type":"Polygon","coordinates":[[[101.556094,3.125797],[101.558125,3.125797],[101.558125,3.127826],[101.556094,3.127826],[101.556094,3.125797]]]},"properties":{"hand":3.0}},{"type":"Feature","geometry":{"type":"Polygon","coordinates":[[[101.558125,3.125797],[101.560156,3.125797],[101.560156,3.127826],[101.558125,3.127826],[101.558125,3.125797]]]},"properties":{"hand":5.0}},{"type":"Feature","geometry":{"type":"Polygon","coordinates":[[[101.560156,3.125797],[101.562187,3.125797],[101.562187,3.127826],[101.560156,3.127826],[101.560156,3.125797]]]},"properties":{"hand":3.0}},{"type":"Feature","geometry":{"type":"Polygon","coordinates":[[[101.562187,3.125797],[101.564219,3.125797],[101.564219,3.127826],[101.562187,3.127826],[101.562187,3.125797]]]},"properties":{"hand":0.5}},{"type":"Feature","geometry":{"type":"Polygon","coordinates":[[[101.564219,3.125797],[101.56625,3.125797],[101.56625,3.127826],[101.564219,3.127826],[101.564219,3.125797]]]},"properties":{"hand":0.5}},{"type":"Feature","geometry":{"type":"Polygon","coordinates":[[[101.56625,3.125797],[101.568281,3.125797],[101.568281,3.127826],[101.56625,3.127826],[101.56625,3.125797]]]},"properties":{"hand":0.5}},{"type":"Feature","geometry":{"type":"Polygon","coordinates":[[[101.568281,3.125797],[101.570312,3.125797],[101.570312,3.127826],[101.568281,3.127826],[101.568281,3.125797]]]},"properties":{"hand":0.5}},{"type":"Feature","geometry":{"type":"Polygon","coordinates":[[[101.570312,3.125797],[101.572344,3.125797],[101.572344,3.127826],[101.570312,3.127826],[101.570312,3.125797]]]},"properties":{"hand":0.5}},{"type":"Feature","geometry":{"type":"Polygon","coordinates":[[[101.574375,3.125797],[101.576406,3.125797],[101.576406,3.127826],[101.574375,3.127826],[101.574375,3.125797]]]},"properties":{"hand":5.0}},{"type":"Feature","geometry":{"type":"Polygon","coordinates":[[[101.576406,3.125797],[101.578438,3.125797],[101.578438,3.127826],[101.576406,3.127826],[101.576406,3.125797]]]},"properties":{"hand":2.0}},{"type":"Feature","geometry":{"type":"Polygon","coordinates":[[[101.586562,3.125797],[101.588594,3.125797],[101.588594,3.127826],[101.586562,3.127826],[101.586562,3.125797]]]},"properties":{"hand":5.0}},{"type":"Feature","geometry":{"type":"Polygon","coordinates":[[[101.59875,3.125797],[101.600781,3.125797],[101.600781,3.127826],[101.59875,3.127826],[101.59875,3.125797]]]},"properties":{"hand":3.0}},{"type":"Feature","geometry":{"type":"Polygon","coordinates":[[[101.606875,3.125797],[101.608906,3.125797],[101.608906,3.127826],[101.606875,3.127826],[101.606875,3.125797]]]},"properties":{"hand":5.0}},{"type":"Feature","geometry":{"type":"Polygon","coordinates":[[[101.608906,3.125797],[101.610938,3.125797],[101.610938,3.127826],[101.608906,3.127826],[101.608906,3.125797]]]},"properties":{"hand":0.5}},{"type":"Feature","geometry":{"type":"Polygon","coordinates":[[[101.627188,3.125797],[101.629219,3.125797],[101.629219,3.127826],[101.627188,3.127826],[101.627188,3.125797]]]},"properties":{"hand":2.0}},{"type":"Feature","geometry":{"type":"Polygon","coordinates":[[[101.63125,3.125797],[101.633281,3.125797],[101.633281,3.127826],[101.63125,3.127826],[101.63125,3.125797]]]},"properties":{"hand":5.0}},{"type":"Feature","geometry":{"type":"Polygon","coordinates":[[[101.633281,3.125797],[101.635313,3.125797],[101.635313,3.127826],[101.633281,3.127826],[101.633281,3.125797]]]},"properties":{"hand":3.0}},{"type":"Feature","geometry":{"type":"Polygon","coordinates":[[[101.659688,3.125797],[101.661719,3.125797],[101.661719,3.127826],[101.659688,3.127826],[101.659688,3.125797]]]},"properties":{"hand":2.0}},{"type":"Feature","geometry":{"type":"Polygon","coordinates":[[[101.677969,3.125797],[101.68,3.125797],[101.68,3.127826],[101.677969,3.127826],[101.677969,3.125797]]]},"properties":{"hand":3.0}},{"type":"Feature","geometry":{"type":"Polygon","coordinates":[[[101.55,3.123768],[101.552031,3.123768],[101.552031,3.125797],[101.55,3.125797],[101.55,3.123768]]]},"properties":{"hand":2.0}},{"type":"Feature","geometry":{"type":"Polygon","coordinates":[[[101.552031,3.123768],[101.554063,3.123768],[101.554063,3.125797],[101.552031,3.125797],[101.552031,3.123768]]]},"properties":{"hand":2.0}},{"type":"Feature","geometry":{"type":"Polygon","coordinates":[[[101.554063,3.123768],[101.556094,3.123768],[101.556094,3.125797],[101.554063,3.125797],[101.554063,3.123768]]]},"properties":{"hand":3.0}},{"type":"Feature","geometry":{"type":"Polygon","coordinates":[[[101.556094,3.123768],[101.558125,3.123768],[101.558125,3.125797],[101.556094,3.125797],[101.556094,3.123768]]]},"properties":{"hand":3.0}},{"type":"Feature","geometry":{"type":"Polygon","coordinates":[[[101.558125,3.123768],[101.560156,3.123768],[101.560156,3.125797],[101.558125,3.125797],[101.558125,3.123768]]]},"properties":{"hand":5.0}},{"type":"Feature","geometry":{"type":"Polygon","coordinates":[[[101.560156,3.123768],[101.562187,3.123768],[101.562187,3.125797],[101.560156,3.125797],[101.560156,3.123768]]]},"properties":{"hand":2.0}},{"type":"Feature","geometry":{"type":"Polygon","coordinates":[[[101.562187,3.123768],[101.564219,3.123768],[101.564219,3.125797],[101.562187,3.125797],[101.562187,3.123768]]]},"properties":{"hand":1.0}},{"type":"Feature","geometry":{"type":"Polygon","coordinates":[[[101.564219,3.123768],[101.56625,3.123768],[101.56625,3.125797],[101.564219,3.125797],[101.564219,3.123768]]]},"properties":{"hand":2.0}},{"type":"Feature","geometry":{"type":"Polygon","coordinates":[[[101.56625,3.123768],[101.568281,3.123768],[101.568281,3.125797],[101.56625,3.125797],[101.56625,3.123768]]]},"properties":{"hand":0.5}},{"type":"Feature","geometry":{"type":"Polygon","coordinates":[[[101.568281,3.123768],[101.570312,3.123768],[101.570312,3.125797],[101.568281,3.125797],[101.568281,3.123768]]]},"properties":{"hand":0.5}},{"type":"Feature","geometry":{"type":"Polygon","coordinates":[[[101.570312,3.123768],[101.572344,3.123768],[101.572344,3.125797],[101.570312,3.125797],[101.570312,3.123768]]]},"properties":{"hand":0.5}},{"type":"Feature","geometry":{"type":"Polygon","coordinates":[[[101.572344,3.123768],[101.574375,3.123768],[101.574375,3.125797],[101.572344,3.125797],[101.572344,3.123768]]]},"properties":{"hand":5.0}},{"type":"Feature","geometry":{"type":"Polygon","coordinates":[[[101.574375,3.123768],[101.576406,3.123768],[101.576406,3.125797],[101.574375,3.125797],[101.574375,3.123768]]]},"properties":{"hand":5.0}},{"type":"Feature","geometry":{"type":"Polygon","coordinates":[[[101.576406,3.123768],[101.578438,3.123768],[101.578438,3.125797],[101.576406,3.125797],[101.576406,3.123768]]]},"properties":{"hand":5.0}},{"type":"Feature","geometry":{"type":"Polygon","coordinates":[[[101.586562,3.123768],[101.588594,3.123768],[101.588594,3.125797],[101.586562,3.125797],[101.586562,3.123768]]]},"properties":{"hand":5.0}},{"type":"Feature","geometry":{"type":"Polygon","coordinates":[[[101.59875,3.123768],[101.600781,3.123768],[101.600781,3.125797],[101.59875,3.125797],[101.59875,3.123768]]]},"properties":{"hand":5.0}},{"type":"Feature","geometry":{"type":"Polygon","coordinates":[[[101.606875,3.123768],[101.608906,3.123768],[101.608906,3.125797],[101.606875,3.125797],[101.606875,3.123768]]]},"properties":{"hand":0.5}},{"type":"Feature","geometry":{"type":"Polygon","coordinates":[[[101.608906,3.123768],[101.610938,3.123768],[101.610938,3.125797],[101.608906,3.125797],[101.608906,3.123768]]]},"properties":{"hand":2.0}},{"type":"Feature","geometry":{"type":"Polygon","coordinates":[[[101.612969,3.123768],[101.615,3.123768],[101.615,3.125797],[101.612969,3.125797],[101.612969,3.123768]]]},"properties":{"hand":5.0}},{"type":"Feature","geometry":{"type":"Polygon","coordinates":[[[101.627188,3.123768],[101.629219,3.123768],[101.629219,3.125797],[101.627188,3.125797],[101.627188,3.123768]]]},"properties":{"hand":3.0}},{"type":"Feature","geometry":{"type":"Polygon","coordinates":[[[101.629219,3.123768],[101.63125,3.123768],[101.63125,3.125797],[101.629219,3.125797],[101.629219,3.123768]]]},"properties":{"hand":5.0}},{"type":"Feature","geometry":{"type":"Polygon","coordinates":[[[101.649531,3.123768],[101.651563,3.123768],[101.651563,3.125797],[101.649531,3.125797],[101.649531,3.123768]]]},"properties":{"hand":5.0}},{"type":"Feature","geometry":{"type":"Polygon","coordinates":[[[101.659688,3.123768],[101.661719,3.123768],[101.661719,3.125797],[101.659688,3.125797],[101.659688,3.123768]]]},"properties":{"hand":5.0}},{"type":"Feature","geometry":{"type":"Polygon","coordinates":[[[101.673906,3.123768],[101.675938,3.123768],[101.675938,3.125797],[101.673906,3.125797],[101.673906,3.123768]]]},"properties":{"hand":5.0}},{"type":"Feature","geometry":{"type":"Polygon","coordinates":[[[101.675938,3.123768],[101.677969,3.123768],[101.677969,3.125797],[101.675938,3.125797],[101.675938,3.123768]]]},"properties":{"hand":3.0}},{"type":"Feature","geometry":{"type":"Polygon","coordinates":[[[101.677969,3.123768],[101.68,3.123768],[101.68,3.125797],[101.677969,3.125797],[101.677969,3.123768]]]},"properties":{"hand":2.0}},{"type":"Feature","geometry":{"type":"Polygon","coordinates":[[[101.552031,3.121739],[101.554063,3.121739],[101.554063,3.123768],[101.552031,3.123768],[101.552031,3.121739]]]},"properties":{"hand":2.0}},{"type":"Feature","geometry":{"type":"Polygon","coordinates":[[[101.554063,3.121739],[101.556094,3.121739],[101.556094,3.123768],[101.554063,3.123768],[101.554063,3.121739]]]},"properties":{"hand":1.0}},{"type":"Feature","geometry":{"type":"Polygon","coordinates":[[[101.556094,3.121739],[101.558125,3.121739],[101.558125,3.123768],[101.556094,3.123768],[101.556094,3.121739]]]},"properties":{"hand":5.0}},{"type":"Feature","geometry":{"type":"Polygon","coordinates":[[[101.560156,3.121739],[101.562187,3.121739],[101.562187,3.123768],[101.560156,3.123768],[101.560156,3.121739]]]},"properties":{"hand":5.0}},{"type":"Feature","geometry":{"type":"Polygon","coordinates":[[[101.562187,3.121739],[101.564219,3.121739],[101.564219,3.123768],[101.562187,3.123768],[101.562187,3.121739]]]},"properties":{"hand":5.0}},{"type":"Feature","geometry":{"type":"Polygon","coordinates":[[[101.564219,3.121739],[101.56625,3.121739],[101.56625,3.123768],[101.564219,3.123768],[101.564219,3.121739]]]},"properties":{"hand":0.5}},{"type":"Feature","geometry":{"type":"Polygon","coordinates":[[[101.56625,3.121739],[101.568281,3.121739],[101.568281,3.123768],[101.56625,3.123768],[101.56625,3.121739]]]},"properties":{"hand":0.5}},{"type":"Feature","geometry":{"type":"Polygon","coordinates":[[[101.568281,3.121739],[101.570312,3.121739],[101.570312,3.123768],[101.568281,3.123768],[101.568281,3.121739]]]},"properties":{"hand":0.5}},{"type":"Feature","geometry":{"type":"Polygon","coordinates":[[[101.570312,3.121739],[101.572344,3.121739],[101.572344,3.123768],[101.570312,3.123768],[101.570312,3.121739]]]},"properties":{"hand":0.5}},{"type":"Feature","geometry":{"type":"Polygon","coordinates":[[[101.572344,3.121739],[101.574375,3.121739],[101.574375,3.123768],[101.572344,3.123768],[101.572344,3.121739]]]},"properties":{"hand":0.5}},{"type":"Feature","geometry":{"type":"Polygon","coordinates":[[[101.574375,3.121739],[101.576406,3.121739],[101.576406,3.123768],[101.574375,3.123768],[101.574375,3.121739]]]},"properties":{"hand":3.0}},{"type":"Feature","geometry":{"type":"Polygon","coordinates":[[[101.576406,3.121739],[101.578438,3.121739],[101.578438,3.123768],[101.576406,3.123768],[101.576406,3.121739]]]},"properties":{"hand":5.0}},{"type":"Feature","geometry":{"type":"Polygon","coordinates":[[[101.578437,3.121739],[101.580469,3.121739],[101.580469,3.123768],[101.578437,3.123768],[101.578437,3.121739]]]},"properties":{"hand":5.0}},{"type":"Feature","geometry":{"type":"Polygon","coordinates":[[[101.586562,3.121739],[101.588594,3.121739],[101.588594,3.123768],[101.586562,3.123768],[101.586562,3.121739]]]},"properties":{"hand":5.0}},{"type":"Feature","geometry":{"type":"Polygon","coordinates":[[[101.592656,3.121739],[101.594688,3.121739],[101.594688,3.123768],[101.592656,3.123768],[101.592656,3.121739]]]},"properties":{"hand":5.0}},{"type":"Feature","geometry":{"type":"Polygon","coordinates":[[[101.604844,3.121739],[101.606875,3.121739],[101.606875,3.123768],[101.604844,3.123768],[101.604844,3.121739]]]},"properties":{"hand":5.0}},{"type":"Feature","geometry":{"type":"Polygon","coordinates":[[[101.606875,3.121739],[101.608906,3.121739],[101.608906,3.123768],[101.606875,3.123768],[101.606875,3.121739]]]},"properties":{"hand":3.0}},{"type":"Feature","geometry":{"type":"Polygon","coordinates":[[[101.612969,3.121739],[101.615,3.121739],[101.615,3.123768],[101.612969,3.123768],[101.612969,3.121739]]]},"properties":{"hand":5.0}},{"type":"Feature","geometry":{"type":"Polygon","coordinates":[[[101.621094,3.121739],[101.623125,3.121739],[101.623125,3.123768],[101.621094,3.123768],[101.621094,3.121739]]]},"properties":{"hand":3.0}},{"type":"Feature","geometry":{"type":"Polygon","coordinates":[[[101.625156,3.121739],[101.627188,3.121739],[101.627188,3.123768],[101.625156,3.123768],[101.625156,3.121739]]]},"properties":{"hand":5.0}},{"type":"Feature","geometry":{"type":"Polygon","coordinates":[[[101.627188,3.121739],[101.629219,3.121739],[101.629219,3.123768],[101.627188,3.123768],[101.627188,3.121739]]]},"properties":{"hand":5.0}},{"type":"Feature","geometry":{"type":"Polygon","coordinates":[[[101.637344,3.121739],[101.639375,3.121739],[101.639375,3.123768],[101.637344,3.123768],[101.637344,3.121739]]]},"properties":{"hand":3.0}},{"type":"Feature","geometry":{"type":"Polygon","coordinates":[[[101.639375,3.121739],[101.641406,3.121739],[101.641406,3.123768],[101.639375,3.123768],[101.639375,3.121739]]]},"properties":{"hand":5.0}},{"type":"Feature","geometry":{"type":"Polygon","coordinates":[[[101.675938,3.121739],[101.677969,3.121739],[101.677969,3.123768],[101.675938,3.123768],[101.675938,3.121739]]]},"properties":{"hand":5.0}},{"type":"Feature","geometry":{"type":"Polygon","coordinates":[[[101.55,3.11971],[101.552031,3.11971],[101.552031,3.121739],[101.55,3.121739],[101.55,3.11971]]]},"properties":{"hand":2.0}},{"type":"Feature","geometry":{"type":"Polygon","coordinates":[[[101.552031,3.11971],[101.554063,3.11971],[101.554063,3.121739],[101.552031,3.121739],[101.552031,3.11971]]]},"properties":{"hand":5.0}},{"type":"Feature","geometry":{"type":"Polygon","coordinates":[[[101.554063,3.11971],[101.556094,3.11971],[101.556094,3.121739],[101.554063,3.121739],[101.554063,3.11971]]]},"properties":{"hand":1.0}},{"type":"Feature","geometry":{"type":"Polygon","coordinates":[[[101.556094,3.11971],[101.558125,3.11971],[101.558125,3.121739],[101.556094,3.121739],[101.556094,3.11971]]]},"properties":{"hand":2.0}},{"type":"Feature","geometry":{"type":"Polygon","coordinates":[[[101.558125,3.11971],[101.560156,3.11971],[101.560156,3.121739],[101.558125,3.121739],[101.558125,3.11971]]]},"properties":{"hand":5.0}},{"type":"Feature","geometry":{"type":"Polygon","coordinates":[[[101.562187,3.11971],[101.564219,3.11971],[101.564219,3.121739],[101.562187,3.121739],[101.562187,3.11971]]]},"properties":{"hand":5.0}},{"type":"Feature","geometry":{"type":"Polygon","coordinates":[[[101.564219,3.11971],[101.56625,3.11971],[101.56625,3.121739],[101.564219,3.121739],[101.564219,3.11971]]]},"properties":{"hand":0.5}},{"type":"Feature","geometry":{"type":"Polygon","coordinates":[[[101.56625,3.11971],[101.568281,3.11971],[101.568281,3.121739],[101.56625,3.121739],[101.56625,3.11971]]]},"properties":{"hand":0.5}},{"type":"Feature","geometry":{"type":"Polygon","coordinates":[[[101.568281,3.11971],[101.570312,3.11971],[101.570312,3.121739],[101.568281,3.121739],[101.568281,3.11971]]]},"properties":{"hand":0.5}},{"type":"Feature","geometry":{"type":"Polygon","coordinates":[[[101.570312,3.11971],[101.572344,3.11971],[101.572344,3.121739],[101.570312,3.121739],[101.570312,3.11971]]]},"properties":{"hand":0.5}},{"type":"Feature","geometry":{"type":"Polygon","coordinates":[[[101.572344,3.11971],[101.574375,3.11971],[101.574375,3.121739],[101.572344,3.121739],[101.572344,3.11971]]]},"properties":{"hand":0.5}},{"type":"Feature","geometry":{"type":"Polygon","coordinates":[[[101.574375,3.11971],[101.576406,3.11971],[101.576406,3.121739],[101.574375,3.121739],[101.574375,3.11971]]]},"properties":{"hand":0.5}},{"type":"Feature","geometry":{"type":"Polygon","coordinates":[[[101.576406,3.11971],[101.578438,3.11971],[101.578438,3.121739],[101.576406,3.121739],[101.576406,3.11971]]]},"properties":{"hand":3.0}},{"type":"Feature","geometry":{"type":"Polygon","coordinates":[[[101.594688,3.11971],[101.596719,3.11971],[101.596719,3.121739],[101.594688,3.121739],[101.594688,3.11971]]]},"properties":{"hand":5.0}},{"type":"Feature","geometry":{"type":"Polygon","coordinates":[[[101.600781,3.11971],[101.602812,3.11971],[101.602812,3.121739],[101.600781,3.121739],[101.600781,3.11971]]]},"properties":{"hand":5.0}},{"type":"Feature","geometry":{"type":"Polygon","coordinates":[[[101.604844,3.11971],[101.606875,3.11971],[101.606875,3.121739],[101.604844,3.121739],[101.604844,3.11971]]]},"properties":{"hand":5.0}},{"type":"Feature","geometry":{"type":"Polygon","coordinates":[[[101.610938,3.11971],[101.612969,3.11971],[101.612969,3.121739],[101.610938,3.121739],[101.610938,3.11971]]]},"properties":{"hand":2.0}},{"type":"Feature","geometry":{"type":"Polygon","coordinates":[[[101.612969,3.11971],[101.615,3.11971],[101.615,3.121739],[101.612969,3.121739],[101.612969,3.11971]]]},"properties":{"hand":5.0}},{"type":"Feature","geometry":{"type":"Polygon","coordinates":[[[101.615,3.11971],[101.617031,3.11971],[101.617031,3.121739],[101.615,3.121739],[101.615,3.11971]]]},"properties":{"hand":5.0}},{"type":"Feature","geometry":{"type":"Polygon","coordinates":[[[101.619062,3.11971],[101.621094,3.11971],[101.621094,3.121739],[101.619062,3.121739],[101.619062,3.11971]]]},"properties":{"hand":3.0}},{"type":"Feature","geometry":{"type":"Polygon","coordinates":[[[101.627188,3.11971],[101.629219,3.11971],[101.629219,3.121739],[101.627188,3.121739],[101.627188,3.11971]]]},"properties":{"hand":3.0}},{"type":"Feature","geometry":{"type":"Polygon","coordinates":[[[101.637344,3.11971],[101.639375,3.11971],[101.639375,3.121739],[101.637344,3.121739],[101.637344,3.11971]]]},"properties":{"hand":1.0}},{"type":"Feature","geometry":{"type":"Polygon","coordinates":[[[101.653594,3.11971],[101.655625,3.11971],[101.655625,3.121739],[101.653594,3.121739],[101.653594,3.11971]]]},"properties":{"hand":5.0}},{"type":"Feature","geometry":{"type":"Polygon","coordinates":[[[101.657656,3.11971],[101.659688,3.11971],[101.659688,3.121739],[101.657656,3.121739],[101.657656,3.11971]]]},"properties":{"hand":0.5}},{"type":"Feature","geometry":{"type":"Polygon","coordinates":[[[101.55,3.117681],[101.552031,3.117681],[101.552031,3.11971],[101.55,3.11971],[101.55,3.117681]]]},"properties":{"hand":2.0}},{"type":"Feature","geometry":{"type":"Polygon","coordinates":[[[101.554063,3.117681],[101.556094,3.117681],[101.556094,3.11971],[101.554063,3.11971],[101.554063,3.117681]]]},"properties":{"hand":2.0}},{"type":"Feature","geometry":{"type":"Polygon","coordinates":[[[101.556094,3.117681],[101.558125,3.117681],[101.558125,3.11971],[101.556094,3.11971],[101.556094,3.117681]]]},"properties":{"hand":2.0}},{"type":"Feature","geometry":{"type":"Polygon","coordinates":[[[101.558125,3.117681],[101.560156,3.117681],[101.560156,3.11971],[101.558125,3.11971],[101.558125,3.117681]]]},"properties":{"hand":1.0}},{"type":"Feature","geometry":{"type":"Polygon","coordinates":[[[101.560156,3.117681],[101.562187,3.117681],[101.562187,3.11971],[101.560156,3.11971],[101.560156,3.117681]]]},"properties":{"hand":5.0}},{"type":"Feature","geometry":{"type":"Polygon","coordinates":[[[101.562187,3.117681],[101.564219,3.117681],[101.564219,3.11971],[101.562187,3.11971],[101.562187,3.117681]]]},"properties":{"hand":5.0}},{"type":"Feature","geometry":{"type":"Polygon","coordinates":[[[101.564219,3.117681],[101.56625,3.117681],[101.56625,3.11971],[101.564219,3.11971],[101.564219,3.117681]]]},"properties":{"hand":0.5}},{"type":"Feature","geometry":{"type":"Polygon","coordinates":[[[101.56625,3.117681],[101.568281,3.117681],[101.568281,3.11971],[101.56625,3.11971],[101.56625,3.117681]]]},"properties":{"hand":0.5}},{"type":"Feature","geometry":{"type":"Polygon","coordinates":[[[101.568281,3.117681],[101.570312,3.117681],[101.570312,3.11971],[101.568281,3.11971],[101.568281,3.117681]]]},"properties":{"hand":0.5}},{"type":"Feature","geometry":{"type":"Polygon","coordinates":[[[101.570312,3.117681],[101.572344,3.117681],[101.572344,3.11971],[101.570312,3.11971],[101.570312,3.117681]]]},"properties":{"hand":1.0}},{"type":"Feature","geometry":{"type":"Polygon","coordinates":[[[101.572344,3.117681],[101.574375,3.117681],[101.574375,3.11971],[101.572344,3.11971],[101.572344,3.117681]]]},"properties":{"hand":2.0}},{"type":"Feature","geometry":{"type":"Polygon","coordinates":[[[101.574375,3.117681],[101.576406,3.117681],[101.576406,3.11971],[101.574375,3.11971],[101.574375,3.117681]]]},"properties":{"hand":2.0}},{"type":"Feature","geometry":{"type":"Polygon","coordinates":[[[101.576406,3.117681],[101.578438,3.117681],[101.578438,3.11971],[101.576406,3.11971],[101.576406,3.117681]]]},"properties":{"hand":3.0}},{"type":"Feature","geometry":{"type":"Polygon","coordinates":[[[101.578437,3.117681],[101.580469,3.117681],[101.580469,3.11971],[101.578437,3.11971],[101.578437,3.117681]]]},"properties":{"hand":5.0}},{"type":"Feature","geometry":{"type":"Polygon","coordinates":[[[101.5825,3.117681],[101.584531,3.117681],[101.584531,3.11971],[101.5825,3.11971],[101.5825,3.117681]]]},"properties":{"hand":5.0}},{"type":"Feature","geometry":{"type":"Polygon","coordinates":[[[101.584531,3.117681],[101.586562,3.117681],[101.586562,3.11971],[101.584531,3.11971],[101.584531,3.117681]]]},"properties":{"hand":2.0}},{"type":"Feature","geometry":{"type":"Polygon","coordinates":[[[101.592656,3.117681],[101.594688,3.117681],[101.594688,3.11971],[101.592656,3.11971],[101.592656,3.117681]]]},"properties":{"hand":3.0}},{"type":"Feature","geometry":{"type":"Polygon","coordinates":[[[101.596719,3.117681],[101.59875,3.117681],[101.59875,3.11971],[101.596719,3.11971],[101.596719,3.117681]]]},"properties":{"hand":5.0}},{"type":"Feature","geometry":{"type":"Polygon","coordinates":[[[101.59875,3.117681],[101.600781,3.117681],[101.600781,3.11971],[101.59875,3.11971],[101.59875,3.117681]]]},"properties":{"hand":5.0}},{"type":"Feature","geometry":{"type":"Polygon","coordinates":[[[101.600781,3.117681],[101.602812,3.117681],[101.602812,3.11971],[101.600781,3.11971],[101.600781,3.117681]]]},"properties":{"hand":2.0}},{"type":"Feature","geometry":{"type":"Polygon","coordinates":[[[101.610938,3.117681],[101.612969,3.117681],[101.612969,3.11971],[101.610938,3.11971],[101.610938,3.117681]]]},"properties":{"hand":5.0}},{"type":"Feature","geometry":{"type":"Polygon","coordinates":[[[101.612969,3.117681],[101.615,3.117681],[101.615,3.11971],[101.612969,3.11971],[101.612969,3.117681]]]},"properties":{"hand":5.0}},{"type":"Feature","geometry":{"type":"Polygon","coordinates":[[[101.617031,3.117681],[101.619062,3.117681],[101.619062,3.11971],[101.617031,3.11971],[101.617031,3.117681]]]},"properties":{"hand":2.0}},{"type":"Feature","geometry":{"type":"Polygon","coordinates":[[[101.619062,3.117681],[101.621094,3.117681],[101.621094,3.11971],[101.619062,3.11971],[101.619062,3.117681]]]},"properties":{"hand":5.0}},{"type":"Feature","geometry":{"type":"Polygon","coordinates":[[[101.621094,3.117681],[101.623125,3.117681],[101.623125,3.11971],[101.621094,3.11971],[101.621094,3.117681]]]},"properties":{"hand":5.0}},{"type":"Feature","geometry":{"type":"Polygon","coordinates":[[[101.627188,3.117681],[101.629219,3.117681],[101.629219,3.11971],[101.627188,3.11971],[101.627188,3.117681]]]},"properties":{"hand":2.0}},{"type":"Feature","geometry":{"type":"Polygon","coordinates":[[[101.637344,3.117681],[101.639375,3.117681],[101.639375,3.11971],[101.637344,3.11971],[101.637344,3.117681]]]},"properties":{"hand":5.0}},{"type":"Feature","geometry":{"type":"Polygon","coordinates":[[[101.645469,3.117681],[101.6475,3.117681],[101.6475,3.11971],[101.645469,3.11971],[101.645469,3.117681]]]},"properties":{"hand":5.0}},{"type":"Feature","geometry":{"type":"Polygon","coordinates":[[[101.657656,3.117681],[101.659688,3.117681],[101.659688,3.11971],[101.657656,3.11971],[101.657656,3.117681]]]},"properties":{"hand":5.0}},{"type":"Feature","geometry":{"type":"Polygon","coordinates":[[[101.659688,3.117681],[101.661719,3.117681],[101.661719,3.11971],[101.659688,3.11971],[101.659688,3.117681]]]},"properties":{"hand":0.5}},{"type":"Feature","geometry":{"type":"Polygon","coordinates":[[[101.661719,3.117681],[101.66375,3.117681],[101.66375,3.11971],[101.661719,3.11971],[101.661719,3.117681]]]},"properties":{"hand":2.0}},{"type":"Feature","geometry":{"type":"Polygon","coordinates":[[[101.66375,3.117681],[101.665781,3.117681],[101.665781,3.11971],[101.66375,3.11971],[101.66375,3.117681]]]},"properties":{"hand":5.0}},{"type":"Feature","geometry":{"type":"Polygon","coordinates":[[[101.677969,3.117681],[101.68,3.117681],[101.68,3.11971],[101.677969,3.11971],[101.677969,3.117681]]]},"properties":{"hand":3.0}},{"type":"Feature","geometry":{"type":"Polygon","coordinates":[[[101.55,3.115652],[101.552031,3.115652],[101.552031,3.117681],[101.55,3.117681],[101.55,3.115652]]]},"properties":{"hand":3.0}},{"type":"Feature","geometry":{"type":"Polygon","coordinates":[[[101.552031,3.115652],[101.554063,3.115652],[101.554063,3.117681],[101.552031,3.117681],[101.552031,3.115652]]]},"properties":{"hand":5.0}},{"type":"Feature","geometry":{"type":"Polygon","coordinates":[[[101.556094,3.115652],[101.558125,3.115652],[101.558125,3.117681],[101.556094,3.117681],[101.556094,3.115652]]]},"properties":{"hand":5.0}},{"type":"Feature","geometry":{"type":"Polygon","coordinates":[[[101.558125,3.115652],[101.560156,3.115652],[101.560156,3.117681],[101.558125,3.117681],[101.558125,3.115652]]]},"properties":{"hand":2.0}},{"type":"Feature","geometry":{"type":"Polygon","coordinates":[[[101.560156,3.115652],[101.562187,3.115652],[101.562187,3.117681],[101.560156,3.117681],[101.560156,3.115652]]]},"properties":{"hand":3.0}},{"type":"Feature","geometry":{"type":"Polygon","coordinates":[[[101.562187,3.115652],[101.564219,3.115652],[101.564219,3.117681],[101.562187,3.117681],[101.562187,3.115652]]]},"properties":{"hand":5.0}},{"type":"Feature","geometry":{"type":"Polygon","coordinates":[[[101.564219,3.115652],[101.56625,3.115652],[101.56625,3.117681],[101.564219,3.117681],[101.564219,3.115652]]]},"properties":{"hand":0.5}},{"type":"Feature","geometry":{"type":"Polygon","coordinates":[[[101.56625,3.115652],[101.568281,3.115652],[101.568281,3.117681],[101.56625,3.117681],[101.56625,3.115652]]]},"properties":{"hand":0.5}},{"type":"Feature","geometry":{"type":"Polygon","coordinates":[[[101.568281,3.115652],[101.570312,3.115652],[101.570312,3.117681],[101.568281,3.117681],[101.568281,3.115652]]]},"properties":{"hand":0.5}},{"type":"Feature","geometry":{"type":"Polygon","coordinates":[[[101.570312,3.115652],[101.572344,3.115652],[101.572344,3.117681],[101.570312,3.117681],[101.570312,3.115652]]]},"properties":{"hand":0.5}},{"type":"Feature","geometry":{"type":"Polygon","coordinates":[[[101.572344,3.115652],[101.574375,3.115652],[101.574375,3.117681],[101.572344,3.117681],[101.572344,3.115652]]]},"properties":{"hand":3.0}},{"type":"Feature","geometry":{"type":"Polygon","coordinates":[[[101.576406,3.115652],[101.578438,3.115652],[101.578438,3.117681],[101.576406,3.117681],[101.576406,3.115652]]]},"properties":{"hand":5.0}},{"type":"Feature","geometry":{"type":"Polygon","coordinates":[[[101.578437,3.115652],[101.580469,3.115652],[101.580469,3.117681],[101.578437,3.117681],[101.578437,3.115652]]]},"properties":{"hand":3.0}},{"type":"Feature","geometry":{"type":"Polygon","coordinates":[[[101.584531,3.115652],[101.586562,3.115652],[101.586562,3.117681],[101.584531,3.117681],[101.584531,3.115652]]]},"properties":{"hand":3.0}},{"type":"Feature","geometry":{"type":"Polygon","coordinates":[[[101.586562,3.115652],[101.588594,3.115652],[101.588594,3.117681],[101.586562,3.117681],[101.586562,3.115652]]]},"properties":{"hand":5.0}},{"type":"Feature","geometry":{"type":"Polygon","coordinates":[[[101.588594,3.115652],[101.590625,3.115652],[101.590625,3.117681],[101.588594,3.117681],[101.588594,3.115652]]]},"properties":{"hand":5.0}},{"type":"Feature","geometry":{"type":"Polygon","coordinates":[[[101.590625,3.115652],[101.592656,3.115652],[101.592656,3.117681],[101.590625,3.117681],[101.590625,3.115652]]]},"properties":{"hand":5.0}},{"type":"Feature","geometry":{"type":"Polygon","coordinates":[[[101.596719,3.115652],[101.59875,3.115652],[101.59875,3.117681],[101.596719,3.117681],[101.596719,3.115652]]]},"properties":{"hand":5.0}},{"type":"Feature","geometry":{"type":"Polygon","coordinates":[[[101.59875,3.115652],[101.600781,3.115652],[101.600781,3.117681],[101.59875,3.117681],[101.59875,3.115652]]]},"properties":{"hand":3.0}},{"type":"Feature","geometry":{"type":"Polygon","coordinates":[[[101.600781,3.115652],[101.602812,3.115652],[101.602812,3.117681],[101.600781,3.117681],[101.600781,3.115652]]]},"properties":{"hand":5.0}},{"type":"Feature","geometry":{"type":"Polygon","coordinates":[[[101.608906,3.115652],[101.610938,3.115652],[101.610938,3.117681],[101.608906,3.117681],[101.608906,3.115652]]]},"properties":{"hand":5.0}},{"type":"Feature","geometry":{"type":"Polygon","coordinates":[[[101.615,3.115652],[101.617031,3.115652],[101.617031,3.117681],[101.615,3.117681],[101.615,3.115652]]]},"properties":{"hand":5.0}},{"type":"Feature","geometry":{"type":"Polygon","coordinates":[[[101.617031,3.115652],[101.619062,3.115652],[101.619062,3.117681],[101.617031,3.117681],[101.617031,3.115652]]]},"properties":{"hand":2.0}},{"type":"Feature","geometry":{"type":"Polygon","coordinates":[[[101.619062,3.115652],[101.621094,3.115652],[101.621094,3.117681],[101.619062,3.117681],[101.619062,3.115652]]]},"properties":{"hand":5.0}},{"type":"Feature","geometry":{"type":"Polygon","coordinates":[[[101.627188,3.115652],[101.629219,3.115652],[101.629219,3.117681],[101.627188,3.117681],[101.627188,3.115652]]]},"properties":{"hand":2.0}},{"type":"Feature","geometry":{"type":"Polygon","coordinates":[[[101.629219,3.115652],[101.63125,3.115652],[101.63125,3.117681],[101.629219,3.117681],[101.629219,3.115652]]]},"properties":{"hand":5.0}},{"type":"Feature","geometry":{"type":"Polygon","coordinates":[[[101.633281,3.115652],[101.635313,3.115652],[101.635313,3.117681],[101.633281,3.117681],[101.633281,3.115652]]]},"properties":{"hand":5.0}},{"type":"Feature","geometry":{"type":"Polygon","coordinates":[[[101.635312,3.115652],[101.637344,3.115652],[101.637344,3.117681],[101.635312,3.117681],[101.635312,3.115652]]]},"properties":{"hand":5.0}},{"type":"Feature","geometry":{"type":"Polygon","coordinates":[[[101.637344,3.115652],[101.639375,3.115652],[101.639375,3.117681],[101.637344,3.117681],[101.637344,3.115652]]]},"properties":{"hand":5.0}},{"type":"Feature","geometry":{"type":"Polygon","coordinates":[[[101.643438,3.115652],[101.645469,3.115652],[101.645469,3.117681],[101.643438,3.117681],[101.643438,3.115652]]]},"properties":{"hand":3.0}},{"type":"Feature","geometry":{"type":"Polygon","coordinates":[[[101.645469,3.115652],[101.6475,3.115652],[101.6475,3.117681],[101.645469,3.117681],[101.645469,3.115652]]]},"properties":{"hand":0.5}},{"type":"Feature","geometry":{"type":"Polygon","coordinates":[[[101.66375,3.115652],[101.665781,3.115652],[101.665781,3.117681],[101.66375,3.117681],[101.66375,3.115652]]]},"properties":{"hand":3.0}},{"type":"Feature","geometry":{"type":"Polygon","coordinates":[[[101.677969,3.115652],[101.68,3.115652],[101.68,3.117681],[101.677969,3.117681],[101.677969,3.115652]]]},"properties":{"hand":5.0}},{"type":"Feature","geometry":{"type":"Polygon","coordinates":[[[101.55,3.113623],[101.552031,3.113623],[101.552031,3.115652],[101.55,3.115652],[101.55,3.113623]]]},"properties":{"hand":5.0}},{"type":"Feature","geometry":{"type":"Polygon","coordinates":[[[101.552031,3.113623],[101.554063,3.113623],[101.554063,3.115652],[101.552031,3.115652],[101.552031,3.113623]]]},"properties":{"hand":5.0}},{"type":"Feature","geometry":{"type":"Polygon","coordinates":[[[101.564219,3.113623],[101.56625,3.113623],[101.56625,3.115652],[101.564219,3.115652],[101.564219,3.113623]]]},"properties":{"hand":1.0}},{"type":"Feature","geometry":{"type":"Polygon","coordinates":[[[101.56625,3.113623],[101.568281,3.113623],[101.568281,3.115652],[101.56625,3.115652],[101.56625,3.113623]]]},"properties":{"hand":0.5}},{"type":"Feature","geometry":{"type":"Polygon","coordinates":[[[101.568281,3.113623],[101.570312,3.113623],[101.570312,3.115652],[101.568281,3.115652],[101.568281,3.113623]]]},"properties":{"hand":0.5}},{"type":"Feature","geometry":{"type":"Polygon","coordinates":[[[101.570312,3.113623],[101.572344,3.113623],[101.572344,3.115652],[101.570312,3.115652],[101.570312,3.113623]]]},"properties":{"hand":0.5}},{"type":"Feature","geometry":{"type":"Polygon","coordinates":[[[101.576406,3.113623],[101.578438,3.113623],[101.578438,3.115652],[101.576406,3.115652],[101.576406,3.113623]]]},"properties":{"hand":5.0}},{"type":"Feature","geometry":{"type":"Polygon","coordinates":[[[101.578437,3.113623],[101.580469,3.113623],[101.580469,3.115652],[101.578437,3.115652],[101.578437,3.113623]]]},"properties":{"hand":2.0}},{"type":"Feature","geometry":{"type":"Polygon","coordinates":[[[101.580469,3.113623],[101.5825,3.113623],[101.5825,3.115652],[101.580469,3.115652],[101.580469,3.113623]]]},"properties":{"hand":2.0}},{"type":"Feature","geometry":{"type":"Polygon","coordinates":[[[101.5825,3.113623],[101.584531,3.113623],[101.584531,3.115652],[101.5825,3.115652],[101.5825,3.113623]]]},"properties":{"hand":3.0}},{"type":"Feature","geometry":{"type":"Polygon","coordinates":[[[101.584531,3.113623],[101.586562,3.113623],[101.586562,3.115652],[101.584531,3.115652],[101.584531,3.113623]]]},"properties":{"hand":2.0}},{"type":"Feature","geometry":{"type":"Polygon","coordinates":[[[101.586562,3.113623],[101.588594,3.113623],[101.588594,3.115652],[101.586562,3.115652],[101.586562,3.113623]]]},"properties":{"hand":2.0}},{"type":"Feature","geometry":{"type":"Polygon","coordinates":[[[101.59875,3.113623],[101.600781,3.113623],[101.600781,3.115652],[101.59875,3.115652],[101.59875,3.113623]]]},"properties":{"hand":5.0}},{"type":"Feature","geometry":{"type":"Polygon","coordinates":[[[101.606875,3.113623],[101.608906,3.113623],[101.608906,3.115652],[101.606875,3.115652],[101.606875,3.113623]]]},"properties":{"hand":5.0}},{"type":"Feature","geometry":{"type":"Polygon","coordinates":[[[101.610938,3.113623],[101.612969,3.113623],[101.612969,3.115652],[101.610938,3.115652],[101.610938,3.113623]]]},"properties":{"hand":5.0}},{"type":"Feature","geometry":{"type":"Polygon","coordinates":[[[101.612969,3.113623],[101.615,3.113623],[101.615,3.115652],[101.612969,3.115652],[101.612969,3.113623]]]},"properties":{"hand":5.0}},{"type":"Feature","geometry":{"type":"Polygon","coordinates":[[[101.617031,3.113623],[101.619062,3.113623],[101.619062,3.115652],[101.617031,3.115652],[101.617031,3.113623]]]},"properties":{"hand":2.0}},{"type":"Feature","geometry":{"type":"Polygon","coordinates":[[[101.619062,3.113623],[101.621094,3.113623],[101.621094,3.115652],[101.619062,3.115652],[101.619062,3.113623]]]},"properties":{"hand":5.0}},{"type":"Feature","geometry":{"type":"Polygon","coordinates":[[[101.627188,3.113623],[101.629219,3.113623],[101.629219,3.115652],[101.627188,3.115652],[101.627188,3.113623]]]},"properties":{"hand":5.0}},{"type":"Feature","geometry":{"type":"Polygon","coordinates":[[[101.629219,3.113623],[101.63125,3.113623],[101.63125,3.115652],[101.629219,3.115652],[101.629219,3.113623]]]},"properties":{"hand":3.0}},{"type":"Feature","geometry":{"type":"Polygon","coordinates":[[[101.63125,3.113623],[101.633281,3.113623],[101.633281,3.115652],[101.63125,3.115652],[101.63125,3.113623]]]},"properties":{"hand":5.0}},{"type":"Feature","geometry":{"type":"Polygon","coordinates":[[[101.633281,3.113623],[101.635313,3.113623],[101.635313,3.115652],[101.633281,3.115652],[101.633281,3.113623]]]},"properties":{"hand":5.0}},{"type":"Feature","geometry":{"type":"Polygon","coordinates":[[[101.645469,3.113623],[101.6475,3.113623],[101.6475,3.115652],[101.645469,3.115652],[101.645469,3.113623]]]},"properties":{"hand":0.5}},{"type":"Feature","geometry":{"type":"Polygon","coordinates":[[[101.6475,3.113623],[101.649531,3.113623],[101.649531,3.115652],[101.6475,3.115652],[101.6475,3.113623]]]},"properties":{"hand":2.0}},{"type":"Feature","geometry":{"type":"Polygon","coordinates":[[[101.661719,3.113623],[101.66375,3.113623],[101.66375,3.115652],[101.661719,3.115652],[101.661719,3.113623]]]},"properties":{"hand":5.0}},{"type":"Feature","geometry":{"type":"Polygon","coordinates":[[[101.665781,3.113623],[101.667813,3.113623],[101.667813,3.115652],[101.665781,3.115652],[101.665781,3.113623]]]},"properties":{"hand":5.0}},{"type":"Feature","geometry":{"type":"Polygon","coordinates":[[[101.667813,3.113623],[101.669844,3.113623],[101.669844,3.115652],[101.667813,3.115652],[101.667813,3.113623]]]},"properties":{"hand":5.0}},{"type":"Feature","geometry":{"type":"Polygon","coordinates":[[[101.554063,3.111594],[101.556094,3.111594],[101.556094,3.113623],[101.554063,3.113623],[101.554063,3.111594]]]},"properties":{"hand":3.0}},{"type":"Feature","geometry":{"type":"Polygon","coordinates":[[[101.558125,3.111594],[101.560156,3.111594],[101.560156,3.113623],[101.558125,3.113623],[101.558125,3.111594]]]},"properties":{"hand":3.0}},{"type":"Feature","geometry":{"type":"Polygon","coordinates":[[[101.560156,3.111594],[101.562187,3.111594],[101.562187,3.113623],[101.560156,3.113623],[101.560156,3.111594]]]},"properties":{"hand":2.0}},{"type":"Feature","geometry":{"type":"Polygon","coordinates":[[[101.562187,3.111594],[101.564219,3.111594],[101.564219,3.113623],[101.562187,3.113623],[101.562187,3.111594]]]},"properties":{"hand":5.0}},{"type":"Feature","geometry":{"type":"Polygon","coordinates":[[[101.564219,3.111594],[101.56625,3.111594],[101.56625,3.113623],[101.564219,3.113623],[101.564219,3.111594]]]},"properties":{"hand":2.0}},{"type":"Feature","geometry":{"type":"Polygon","coordinates":[[[101.56625,3.111594],[101.568281,3.111594],[101.568281,3.113623],[101.56625,3.113623],[101.56625,3.111594]]]},"properties":{"hand":0.5}},{"type":"Feature","geometry":{"type":"Polygon","coordinates":[[[101.568281,3.111594],[101.570312,3.111594],[101.570312,3.113623],[101.568281,3.113623],[101.568281,3.111594]]]},"properties":{"hand":0.5}},{"type":"Feature","geometry":{"type":"Polygon","coordinates":[[[101.570312,3.111594],[101.572344,3.111594],[101.572344,3.113623],[101.570312,3.113623],[101.570312,3.111594]]]},"properties":{"hand":5.0}},{"type":"Feature","geometry":{"type":"Polygon","coordinates":[[[101.572344,3.111594],[101.574375,3.111594],[101.574375,3.113623],[101.572344,3.113623],[101.572344,3.111594]]]},"properties":{"hand":5.0}},{"type":"Feature","geometry":{"type":"Polygon","coordinates":[[[101.574375,3.111594],[101.576406,3.111594],[101.576406,3.113623],[101.574375,3.113623],[101.574375,3.111594]]]},"properties":{"hand":5.0}},{"type":"Feature","geometry":{"type":"Polygon","coordinates":[[[101.576406,3.111594],[101.578438,3.111594],[101.578438,3.113623],[101.576406,3.113623],[101.576406,3.111594]]]},"properties":{"hand":2.0}},{"type":"Feature","geometry":{"type":"Polygon","coordinates":[[[101.578437,3.111594],[101.580469,3.111594],[101.580469,3.113623],[101.578437,3.113623],[101.578437,3.111594]]]},"properties":{"hand":5.0}},{"type":"Feature","geometry":{"type":"Polygon","coordinates":[[[101.580469,3.111594],[101.5825,3.111594],[101.5825,3.113623],[101.580469,3.113623],[101.580469,3.111594]]]},"properties":{"hand":5.0}},{"type":"Feature","geometry":{"type":"Polygon","coordinates":[[[101.5825,3.111594],[101.584531,3.111594],[101.584531,3.113623],[101.5825,3.113623],[101.5825,3.111594]]]},"properties":{"hand":5.0}},{"type":"Feature","geometry":{"type":"Polygon","coordinates":[[[101.584531,3.111594],[101.586562,3.111594],[101.586562,3.113623],[101.584531,3.113623],[101.584531,3.111594]]]},"properties":{"hand":2.0}},{"type":"Feature","geometry":{"type":"Polygon","coordinates":[[[101.586562,3.111594],[101.588594,3.111594],[101.588594,3.113623],[101.586562,3.113623],[101.586562,3.111594]]]},"properties":{"hand":5.0}},{"type":"Feature","geometry":{"type":"Polygon","coordinates":[[[101.588594,3.111594],[101.590625,3.111594],[101.590625,3.113623],[101.588594,3.113623],[101.588594,3.111594]]]},"properties":{"hand":5.0}},{"type":"Feature","geometry":{"type":"Polygon","coordinates":[[[101.592656,3.111594],[101.594688,3.111594],[101.594688,3.113623],[101.592656,3.113623],[101.592656,3.111594]]]},"properties":{"hand":5.0}},{"type":"Feature","geometry":{"type":"Polygon","coordinates":[[[101.594688,3.111594],[101.596719,3.111594],[101.596719,3.113623],[101.594688,3.113623],[101.594688,3.111594]]]},"properties":{"hand":3.0}},{"type":"Feature","geometry":{"type":"Polygon","coordinates":[[[101.596719,3.111594],[101.59875,3.111594],[101.59875,3.113623],[101.596719,3.113623],[101.596719,3.111594]]]},"properties":{"hand":3.0}},{"type":"Feature","geometry":{"type":"Polygon","coordinates":[[[101.59875,3.111594],[101.600781,3.111594],[101.600781,3.113623],[101.59875,3.113623],[101.59875,3.111594]]]},"properties":{"hand":3.0}},{"type":"Feature","geometry":{"type":"Polygon","coordinates":[[[101.600781,3.111594],[101.602812,3.111594],[101.602812,3.113623],[101.600781,3.113623],[101.600781,3.111594]]]},"properties":{"hand":5.0}},{"type":"Feature","geometry":{"type":"Polygon","coordinates":[[[101.602812,3.111594],[101.604844,3.111594],[101.604844,3.113623],[101.602812,3.113623],[101.602812,3.111594]]]},"properties":{"hand":5.0}},{"type":"Feature","geometry":{"type":"Polygon","coordinates":[[[101.604844,3.111594],[101.606875,3.111594],[101.606875,3.113623],[101.604844,3.113623],[101.604844,3.111594]]]},"properties":{"hand":5.0}},{"type":"Feature","geometry":{"type":"Polygon","coordinates":[[[101.606875,3.111594],[101.608906,3.111594],[101.608906,3.113623],[101.606875,3.113623],[101.606875,3.111594]]]},"properties":{"hand":5.0}},{"type":"Feature","geometry":{"type":"Polygon","coordinates":[[[101.612969,3.111594],[101.615,3.111594],[101.615,3.113623],[101.612969,3.113623],[101.612969,3.111594]]]},"properties":{"hand":5.0}},{"type":"Feature","geometry":{"type":"Polygon","coordinates":[[[101.625156,3.111594],[101.627188,3.111594],[101.627188,3.113623],[101.625156,3.113623],[101.625156,3.111594]]]},"properties":{"hand":5.0}},{"type":"Feature","geometry":{"type":"Polygon","coordinates":[[[101.63125,3.111594],[101.633281,3.111594],[101.633281,3.113623],[101.63125,3.113623],[101.63125,3.111594]]]},"properties":{"hand":3.0}},{"type":"Feature","geometry":{"type":"Polygon","coordinates":[[[101.643438,3.111594],[101.645469,3.111594],[101.645469,3.113623],[101.643438,3.113623],[101.643438,3.111594]]]},"properties":{"hand":1.0}},{"type":"Feature","geometry":{"type":"Polygon","coordinates":[[[101.677969,3.111594],[101.68,3.111594],[101.68,3.113623],[101.677969,3.113623],[101.677969,3.111594]]]},"properties":{"hand":0.5}},{"type":"Feature","geometry":{"type":"Polygon","coordinates":[[[101.55,3.109565],[101.552031,3.109565],[101.552031,3.111594],[101.55,3.111594],[101.55,3.109565]]]},"properties":{"hand":5.0}},{"type":"Feature","geometry":{"type":"Polygon","coordinates":[[[101.558125,3.109565],[101.560156,3.109565],[101.560156,3.111594],[101.558125,3.111594],[101.558125,3.109565]]]},"properties":{"hand":1.0}},{"type":"Feature","geometry":{"type":"Polygon","coordinates":[[[101.560156,3.109565],[101.562187,3.109565],[101.562187,3.111594],[101.560156,3.111594],[101.560156,3.109565]]]},"properties":{"hand":0.5}},{"type":"Feature","geometry":{"type":"Polygon","coordinates":[[[101.562187,3.109565],[101.564219,3.109565],[101.564219,3.111594],[101.562187,3.111594],[101.562187,3.109565]]]},"properties":{"hand":2.0}},{"type":"Feature","geometry":{"type":"Polygon","coordinates":[[[101.56625,3.109565],[101.568281,3.109565],[101.568281,3.111594],[101.56625,3.111594],[101.56625,3.109565]]]},"properties":{"hand":0.5}},{"type":"Feature","geometry":{"type":"Polygon","coordinates":[[[101.568281,3.109565],[101.570312,3.109565],[101.570312,3.111594],[101.568281,3.111594],[101.568281,3.109565]]]},"properties":{"hand":0.5}},{"type":"Feature","geometry":{"type":"Polygon","coordinates":[[[101.570312,3.109565],[101.572344,3.109565],[101.572344,3.111594],[101.570312,3.111594],[101.570312,3.109565]]]},"properties":{"hand":5.0}},{"type":"Feature","geometry":{"type":"Polygon","coordinates":[[[101.572344,3.109565],[101.574375,3.109565],[101.574375,3.111594],[101.572344,3.111594],[101.572344,3.109565]]]},"properties":{"hand":5.0}},{"type":"Feature","geometry":{"type":"Polygon","coordinates":[[[101.574375,3.109565],[101.576406,3.109565],[101.576406,3.111594],[101.574375,3.111594],[101.574375,3.109565]]]},"properties":{"hand":5.0}},{"type":"Feature","geometry":{"type":"Polygon","coordinates":[[[101.576406,3.109565],[101.578438,3.109565],[101.578438,3.111594],[101.576406,3.111594],[101.576406,3.109565]]]},"properties":{"hand":5.0}},{"type":"Feature","geometry":{"type":"Polygon","coordinates":[[[101.578437,3.109565],[101.580469,3.109565],[101.580469,3.111594],[101.578437,3.111594],[101.578437,3.109565]]]},"properties":{"hand":3.0}},{"type":"Feature","geometry":{"type":"Polygon","coordinates":[[[101.580469,3.109565],[101.5825,3.109565],[101.5825,3.111594],[101.580469,3.111594],[101.580469,3.109565]]]},"properties":{"hand":1.0}},{"type":"Feature","geometry":{"type":"Polygon","coordinates":[[[101.584531,3.109565],[101.586562,3.109565],[101.586562,3.111594],[101.584531,3.111594],[101.584531,3.109565]]]},"properties":{"hand":0.5}},{"type":"Feature","geometry":{"type":"Polygon","coordinates":[[[101.586562,3.109565],[101.588594,3.109565],[101.588594,3.111594],[101.586562,3.111594],[101.586562,3.109565]]]},"properties":{"hand":2.0}},{"type":"Feature","geometry":{"type":"Polygon","coordinates":[[[101.590625,3.109565],[101.592656,3.109565],[101.592656,3.111594],[101.590625,3.111594],[101.590625,3.109565]]]},"properties":{"hand":5.0}},{"type":"Feature","geometry":{"type":"Polygon","coordinates":[[[101.592656,3.109565],[101.594688,3.109565],[101.594688,3.111594],[101.592656,3.111594],[101.592656,3.109565]]]},"properties":{"hand":3.0}},{"type":"Feature","geometry":{"type":"Polygon","coordinates":[[[101.594688,3.109565],[101.596719,3.109565],[101.596719,3.111594],[101.594688,3.111594],[101.594688,3.109565]]]},"properties":{"hand":2.0}},{"type":"Feature","geometry":{"type":"Polygon","coordinates":[[[101.596719,3.109565],[101.59875,3.109565],[101.59875,3.111594],[101.596719,3.111594],[101.596719,3.109565]]]},"properties":{"hand":5.0}},{"type":"Feature","geometry":{"type":"Polygon","coordinates":[[[101.59875,3.109565],[101.600781,3.109565],[101.600781,3.111594],[101.59875,3.111594],[101.59875,3.109565]]]},"properties":{"hand":5.0}},{"type":"Feature","geometry":{"type":"Polygon","coordinates":[[[101.604844,3.109565],[101.606875,3.109565],[101.606875,3.111594],[101.604844,3.111594],[101.604844,3.109565]]]},"properties":{"hand":5.0}},{"type":"Feature","geometry":{"type":"Polygon","coordinates":[[[101.606875,3.109565],[101.608906,3.109565],[101.608906,3.111594],[101.606875,3.111594],[101.606875,3.109565]]]},"properties":{"hand":5.0}},{"type":"Feature","geometry":{"type":"Polygon","coordinates":[[[101.608906,3.109565],[101.610938,3.109565],[101.610938,3.111594],[101.608906,3.111594],[101.608906,3.109565]]]},"properties":{"hand":5.0}},{"type":"Feature","geometry":{"type":"Polygon","coordinates":[[[101.610938,3.109565],[101.612969,3.109565],[101.612969,3.111594],[101.610938,3.111594],[101.610938,3.109565]]]},"properties":{"hand":5.0}},{"type":"Feature","geometry":{"type":"Polygon","coordinates":[[[101.612969,3.109565],[101.615,3.109565],[101.615,3.111594],[101.612969,3.111594],[101.612969,3.109565]]]},"properties":{"hand":5.0}},{"type":"Feature","geometry":{"type":"Polygon","coordinates":[[[101.63125,3.109565],[101.633281,3.109565],[101.633281,3.111594],[101.63125,3.111594],[101.63125,3.109565]]]},"properties":{"hand":5.0}},{"type":"Feature","geometry":{"type":"Polygon","coordinates":[[[101.643438,3.109565],[101.645469,3.109565],[101.645469,3.111594],[101.643438,3.111594],[101.643438,3.109565]]]},"properties":{"hand":3.0}},{"type":"Feature","geometry":{"type":"Polygon","coordinates":[[[101.653594,3.109565],[101.655625,3.109565],[101.655625,3.111594],[101.653594,3.111594],[101.653594,3.109565]]]},"properties":{"hand":5.0}},{"type":"Feature","geometry":{"type":"Polygon","coordinates":[[[101.655625,3.109565],[101.657656,3.109565],[101.657656,3.111594],[101.655625,3.111594],[101.655625,3.109565]]]},"properties":{"hand":5.0}},{"type":"Feature","geometry":{"type":"Polygon","coordinates":[[[101.677969,3.109565],[101.68,3.109565],[101.68,3.111594],[101.677969,3.111594],[101.677969,3.109565]]]},"properties":{"hand":5.0}},{"type":"Feature","geometry":{"type":"Polygon","coordinates":[[[101.55,3.107536],[101.552031,3.107536],[101.552031,3.109565],[101.55,3.109565],[101.55,3.107536]]]},"properties":{"hand":5.0}},{"type":"Feature","geometry":{"type":"Polygon","coordinates":[[[101.558125,3.107536],[101.560156,3.107536],[101.560156,3.109565],[101.558125,3.109565],[101.558125,3.107536]]]},"properties":{"hand":1.0}},{"type":"Feature","geometry":{"type":"Polygon","coordinates":[[[101.560156,3.107536],[101.562187,3.107536],[101.562187,3.109565],[101.560156,3.109565],[101.560156,3.107536]]]},"properties":{"hand":0.5}},{"type":"Feature","geometry":{"type":"Polygon","coordinates":[[[101.568281,3.107536],[101.570312,3.107536],[101.570312,3.109565],[101.568281,3.109565],[101.568281,3.107536]]]},"properties":{"hand":0.5}},{"type":"Feature","geometry":{"type":"Polygon","coordinates":[[[101.570312,3.107536],[101.572344,3.107536],[101.572344,3.109565],[101.570312,3.109565],[101.570312,3.107536]]]},"properties":{"hand":0.5}},{"type":"Feature","geometry":{"type":"Polygon","coordinates":[[[101.572344,3.107536],[101.574375,3.107536],[101.574375,3.109565],[101.572344,3.109565],[101.572344,3.107536]]]},"properties":{"hand":0.5}},{"type":"Feature","geometry":{"type":"Polygon","coordinates":[[[101.576406,3.107536],[101.578438,3.107536],[101.578438,3.109565],[101.576406,3.109565],[101.576406,3.107536]]]},"properties":{"hand":2.0}},{"type":"Feature","geometry":{"type":"Polygon","coordinates":[[[101.578437,3.107536],[101.580469,3.107536],[101.580469,3.109565],[101.578437,3.109565],[101.578437,3.107536]]]},"properties":{"hand":5.0}},{"type":"Feature","geometry":{"type":"Polygon","coordinates":[[[101.580469,3.107536],[101.5825,3.107536],[101.5825,3.109565],[101.580469,3.109565],[101.580469,3.107536]]]},"properties":{"hand":3.0}},{"type":"Feature","geometry":{"type":"Polygon","coordinates":[[[101.584531,3.107536],[101.586562,3.107536],[101.586562,3.109565],[101.584531,3.109565],[101.584531,3.107536]]]},"properties":{"hand":0.5}},{"type":"Feature","geometry":{"type":"Polygon","coordinates":[[[101.586562,3.107536],[101.588594,3.107536],[101.588594,3.109565],[101.586562,3.109565],[101.586562,3.107536]]]},"properties":{"hand":5.0}},{"type":"Feature","geometry":{"type":"Polygon","coordinates":[[[101.590625,3.107536],[101.592656,3.107536],[101.592656,3.109565],[101.590625,3.109565],[101.590625,3.107536]]]},"properties":{"hand":1.0}},{"type":"Feature","geometry":{"type":"Polygon","coordinates":[[[101.592656,3.107536],[101.594688,3.107536],[101.594688,3.109565],[101.592656,3.109565],[101.592656,3.107536]]]},"properties":{"hand":0.5}},{"type":"Feature","geometry":{"type":"Polygon","coordinates":[[[101.594688,3.107536],[101.596719,3.107536],[101.596719,3.109565],[101.594688,3.109565],[101.594688,3.107536]]]},"properties":{"hand":5.0}},{"type":"Feature","geometry":{"type":"Polygon","coordinates":[[[101.596719,3.107536],[101.59875,3.107536],[101.59875,3.109565],[101.596719,3.109565],[101.596719,3.107536]]]},"properties":{"hand":5.0}},{"type":"Feature","geometry":{"type":"Polygon","coordinates":[[[101.606875,3.107536],[101.608906,3.107536],[101.608906,3.109565],[101.606875,3.109565],[101.606875,3.107536]]]},"properties":{"hand":5.0}},{"type":"Feature","geometry":{"type":"Polygon","coordinates":[[[101.629219,3.107536],[101.63125,3.107536],[101.63125,3.109565],[101.629219,3.109565],[101.629219,3.107536]]]},"properties":{"hand":5.0}},{"type":"Feature","geometry":{"type":"Polygon","coordinates":[[[101.63125,3.107536],[101.633281,3.107536],[101.633281,3.109565],[101.63125,3.109565],[101.63125,3.107536]]]},"properties":{"hand":2.0}},{"type":"Feature","geometry":{"type":"Polygon","coordinates":[[[101.649531,3.107536],[101.651563,3.107536],[101.651563,3.109565],[101.649531,3.109565],[101.649531,3.107536]]]},"properties":{"hand":5.0}},{"type":"Feature","geometry":{"type":"Polygon","coordinates":[[[101.677969,3.107536],[101.68,3.107536],[101.68,3.109565],[101.677969,3.109565],[101.677969,3.107536]]]},"properties":{"hand":2.0}},{"type":"Feature","geometry":{"type":"Polygon","coordinates":[[[101.55,3.105507],[101.552031,3.105507],[101.552031,3.107536],[101.55,3.107536],[101.55,3.105507]]]},"properties":{"hand":2.0}},{"type":"Feature","geometry":{"type":"Polygon","coordinates":[[[101.552031,3.105507],[101.554063,3.105507],[101.554063,3.107536],[101.552031,3.107536],[101.552031,3.105507]]]},"properties":{"hand":5.0}},{"type":"Feature","geometry":{"type":"Polygon","coordinates":[[[101.554063,3.105507],[101.556094,3.105507],[101.556094,3.107536],[101.554063,3.107536],[101.554063,3.105507]]]},"properties":{"hand":5.0}},{"type":"Feature","geometry":{"type":"Polygon","coordinates":[[[101.556094,3.105507],[101.558125,3.105507],[101.558125,3.107536],[101.556094,3.107536],[101.556094,3.105507]]]},"properties":{"hand":2.0}},{"type":"Feature","geometry":{"type":"Polygon","coordinates":[[[101.558125,3.105507],[101.560156,3.105507],[101.560156,3.107536],[101.558125,3.107536],[101.558125,3.105507]]]},"properties":{"hand":1.0}},{"type":"Feature","geometry":{"type":"Polygon","coordinates":[[[101.560156,3.105507],[101.562187,3.105507],[101.562187,3.107536],[101.560156,3.107536],[101.560156,3.105507]]]},"properties":{"hand":2.0}},{"type":"Feature","geometry":{"type":"Polygon","coordinates":[[[101.564219,3.105507],[101.56625,3.105507],[101.56625,3.107536],[101.564219,3.107536],[101.564219,3.105507]]]},"properties":{"hand":5.0}},{"type":"Feature","geometry":{"type":"Polygon","coordinates":[[[101.56625,3.105507],[101.568281,3.105507],[101.568281,3.107536],[101.56625,3.107536],[101.56625,3.105507]]]},"properties":{"hand":3.0}},{"type":"Feature","geometry":{"type":"Polygon","coordinates":[[[101.576406,3.105507],[101.578438,3.105507],[101.578438,3.107536],[101.576406,3.107536],[101.576406,3.105507]]]},"properties":{"hand":3.0}},{"type":"Feature","geometry":{"type":"Polygon","coordinates":[[[101.584531,3.105507],[101.586562,3.105507],[101.586562,3.107536],[101.584531,3.107536],[101.584531,3.105507]]]},"properties":{"hand":5.0}},{"type":"Feature","geometry":{"type":"Polygon","coordinates":[[[101.586562,3.105507],[101.588594,3.105507],[101.588594,3.107536],[101.586562,3.107536],[101.586562,3.105507]]]},"properties":{"hand":5.0}},{"type":"Feature","geometry":{"type":"Polygon","coordinates":[[[101.588594,3.105507],[101.590625,3.105507],[101.590625,3.107536],[101.588594,3.107536],[101.588594,3.105507]]]},"properties":{"hand":2.0}},{"type":"Feature","geometry":{"type":"Polygon","coordinates":[[[101.590625,3.105507],[101.592656,3.105507],[101.592656,3.107536],[101.590625,3.107536],[101.590625,3.105507]]]},"properties":{"hand":5.0}},{"type":"Feature","geometry":{"type":"Polygon","coordinates":[[[101.592656,3.105507],[101.594688,3.105507],[101.594688,3.107536],[101.592656,3.107536],[101.592656,3.105507]]]},"properties":{"hand":0.5}},{"type":"Feature","geometry":{"type":"Polygon","coordinates":[[[101.594688,3.105507],[101.596719,3.105507],[101.596719,3.107536],[101.594688,3.107536],[101.594688,3.105507]]]},"properties":{"hand":3.0}},{"type":"Feature","geometry":{"type":"Polygon","coordinates":[[[101.600781,3.105507],[101.602812,3.105507],[101.602812,3.107536],[101.600781,3.107536],[101.600781,3.105507]]]},"properties":{"hand":5.0}},{"type":"Feature","geometry":{"type":"Polygon","coordinates":[[[101.604844,3.105507],[101.606875,3.105507],[101.606875,3.107536],[101.604844,3.107536],[101.604844,3.105507]]]},"properties":{"hand":5.0}},{"type":"Feature","geometry":{"type":"Polygon","coordinates":[[[101.606875,3.105507],[101.608906,3.105507],[101.608906,3.107536],[101.606875,3.107536],[101.606875,3.105507]]]},"properties":{"hand":2.0}},{"type":"Feature","geometry":{"type":"Polygon","coordinates":[[[101.623125,3.105507],[101.625156,3.105507],[101.625156,3.107536],[101.623125,3.107536],[101.623125,3.105507]]]},"properties":{"hand":5.0}},{"type":"Feature","geometry":{"type":"Polygon","coordinates":[[[101.625156,3.105507],[101.627188,3.105507],[101.627188,3.107536],[101.625156,3.107536],[101.625156,3.105507]]]},"properties":{"hand":5.0}},{"type":"Feature","geometry":{"type":"Polygon","coordinates":[[[101.629219,3.105507],[101.63125,3.105507],[101.63125,3.107536],[101.629219,3.107536],[101.629219,3.105507]]]},"properties":{"hand":5.0}},{"type":"Feature","geometry":{"type":"Polygon","coordinates":[[[101.63125,3.105507],[101.633281,3.105507],[101.633281,3.107536],[101.63125,3.107536],[101.63125,3.105507]]]},"properties":{"hand":1.0}},{"type":"Feature","geometry":{"type":"Polygon","coordinates":[[[101.633281,3.105507],[101.635313,3.105507],[101.635313,3.107536],[101.633281,3.107536],[101.633281,3.105507]]]},"properties":{"hand":0.5}},{"type":"Feature","geometry":{"type":"Polygon","coordinates":[[[101.641406,3.105507],[101.643438,3.105507],[101.643438,3.107536],[101.641406,3.107536],[101.641406,3.105507]]]},"properties":{"hand":1.0}},{"type":"Feature","geometry":{"type":"Polygon","coordinates":[[[101.643438,3.105507],[101.645469,3.105507],[101.645469,3.107536],[101.643438,3.107536],[101.643438,3.105507]]]},"properties":{"hand":5.0}},{"type":"Feature","geometry":{"type":"Polygon","coordinates":[[[101.645469,3.105507],[101.6475,3.105507],[101.6475,3.107536],[101.645469,3.107536],[101.645469,3.105507]]]},"properties":{"hand":5.0}},{"type":"Feature","geometry":{"type":"Polygon","coordinates":[[[101.6475,3.105507],[101.649531,3.105507],[101.649531,3.107536],[101.6475,3.107536],[101.6475,3.105507]]]},"properties":{"hand":3.0}},{"type":"Feature","geometry":{"type":"Polygon","coordinates":[[[101.649531,3.105507],[101.651563,3.105507],[101.651563,3.107536],[101.649531,3.107536],[101.649531,3.105507]]]},"properties":{"hand":2.0}},{"type":"Feature","geometry":{"type":"Polygon","coordinates":[[[101.667813,3.105507],[101.669844,3.105507],[101.669844,3.107536],[101.667813,3.107536],[101.667813,3.105507]]]},"properties":{"hand":5.0}},{"type":"Feature","geometry":{"type":"Polygon","coordinates":[[[101.55,3.103478],[101.552031,3.103478],[101.552031,3.105507],[101.55,3.105507],[101.55,3.103478]]]},"properties":{"hand":3.0}},{"type":"Feature","geometry":{"type":"Polygon","coordinates":[[[101.552031,3.103478],[101.554063,3.103478],[101.554063,3.105507],[101.552031,3.105507],[101.552031,3.103478]]]},"properties":{"hand":2.0}},{"type":"Feature","geometry":{"type":"Polygon","coordinates":[[[101.554063,3.103478],[101.556094,3.103478],[101.556094,3.105507],[101.554063,3.105507],[101.554063,3.103478]]]},"properties":{"hand":2.0}},{"type":"Feature","geometry":{"type":"Polygon","coordinates":[[[101.556094,3.103478],[101.558125,3.103478],[101.558125,3.105507],[101.556094,3.105507],[101.556094,3.103478]]]},"properties":{"hand":2.0}},{"type":"Feature","geometry":{"type":"Polygon","coordinates":[[[101.558125,3.103478],[101.560156,3.103478],[101.560156,3.105507],[101.558125,3.105507],[101.558125,3.103478]]]},"properties":{"hand":3.0}},{"type":"Feature","geometry":{"type":"Polygon","coordinates":[[[101.560156,3.103478],[101.562187,3.103478],[101.562187,3.105507],[101.560156,3.105507],[101.560156,3.103478]]]},"properties":{"hand":3.0}},{"type":"Feature","geometry":{"type":"Polygon","coordinates":[[[101.56625,3.103478],[101.568281,3.103478],[101.568281,3.105507],[101.56625,3.105507],[101.56625,3.103478]]]},"properties":{"hand":5.0}},{"type":"Feature","geometry":{"type":"Polygon","coordinates":[[[101.584531,3.103478],[101.586562,3.103478],[101.586562,3.105507],[101.584531,3.105507],[101.584531,3.103478]]]},"properties":{"hand":5.0}},{"type":"Feature","geometry":{"type":"Polygon","coordinates":[[[101.586562,3.103478],[101.588594,3.103478],[101.588594,3.105507],[101.586562,3.105507],[101.586562,3.103478]]]},"properties":{"hand":1.0}},{"type":"Feature","geometry":{"type":"Polygon","coordinates":[[[101.588594,3.103478],[101.590625,3.103478],[101.590625,3.105507],[101.588594,3.105507],[101.588594,3.103478]]]},"properties":{"hand":2.0}},{"type":"Feature","geometry":{"type":"Polygon","coordinates":[[[101.590625,3.103478],[101.592656,3.103478],[101.592656,3.105507],[101.590625,3.105507],[101.590625,3.103478]]]},"properties":{"hand":5.0}},{"type":"Feature","geometry":{"type":"Polygon","coordinates":[[[101.592656,3.103478],[101.594688,3.103478],[101.594688,3.105507],[101.592656,3.105507],[101.592656,3.103478]]]},"properties":{"hand":2.0}},{"type":"Feature","geometry":{"type":"Polygon","coordinates":[[[101.594688,3.103478],[101.596719,3.103478],[101.596719,3.105507],[101.594688,3.105507],[101.594688,3.103478]]]},"properties":{"hand":5.0}},{"type":"Feature","geometry":{"type":"Polygon","coordinates":[[[101.610938,3.103478],[101.612969,3.103478],[101.612969,3.105507],[101.610938,3.105507],[101.610938,3.103478]]]},"properties":{"hand":3.0}},{"type":"Feature","geometry":{"type":"Polygon","coordinates":[[[101.621094,3.103478],[101.623125,3.103478],[101.623125,3.105507],[101.621094,3.105507],[101.621094,3.103478]]]},"properties":{"hand":5.0}},{"type":"Feature","geometry":{"type":"Polygon","coordinates":[[[101.623125,3.103478],[101.625156,3.103478],[101.625156,3.105507],[101.623125,3.105507],[101.623125,3.103478]]]},"properties":{"hand":3.0}},{"type":"Feature","geometry":{"type":"Polygon","coordinates":[[[101.625156,3.103478],[101.627188,3.103478],[101.627188,3.105507],[101.625156,3.105507],[101.625156,3.103478]]]},"properties":{"hand":3.0}},{"type":"Feature","geometry":{"type":"Polygon","coordinates":[[[101.63125,3.103478],[101.633281,3.103478],[101.633281,3.105507],[101.63125,3.105507],[101.63125,3.103478]]]},"properties":{"hand":2.0}},{"type":"Feature","geometry":{"type":"Polygon","coordinates":[[[101.633281,3.103478],[101.635313,3.103478],[101.635313,3.105507],[101.633281,3.105507],[101.633281,3.103478]]]},"properties":{"hand":5.0}},{"type":"Feature","geometry":{"type":"Polygon","coordinates":[[[101.637344,3.103478],[101.639375,3.103478],[101.639375,3.105507],[101.637344,3.105507],[101.637344,3.103478]]]},"properties":{"hand":5.0}},{"type":"Feature","geometry":{"type":"Polygon","coordinates":[[[101.639375,3.103478],[101.641406,3.103478],[101.641406,3.105507],[101.639375,3.105507],[101.639375,3.103478]]]},"properties":{"hand":1.0}},{"type":"Feature","geometry":{"type":"Polygon","coordinates":[[[101.641406,3.103478],[101.643438,3.103478],[101.643438,3.105507],[101.641406,3.105507],[101.641406,3.103478]]]},"properties":{"hand":5.0}},{"type":"Feature","geometry":{"type":"Polygon","coordinates":[[[101.645469,3.103478],[101.6475,3.103478],[101.6475,3.105507],[101.645469,3.105507],[101.645469,3.103478]]]},"properties":{"hand":2.0}},{"type":"Feature","geometry":{"type":"Polygon","coordinates":[[[101.6475,3.103478],[101.649531,3.103478],[101.649531,3.105507],[101.6475,3.105507],[101.6475,3.103478]]]},"properties":{"hand":1.0}},{"type":"Feature","geometry":{"type":"Polygon","coordinates":[[[101.649531,3.103478],[101.651563,3.103478],[101.651563,3.105507],[101.649531,3.105507],[101.649531,3.103478]]]},"properties":{"hand":5.0}},{"type":"Feature","geometry":{"type":"Polygon","coordinates":[[[101.651563,3.103478],[101.653594,3.103478],[101.653594,3.105507],[101.651563,3.105507],[101.651563,3.103478]]]},"properties":{"hand":5.0}},{"type":"Feature","geometry":{"type":"Polygon","coordinates":[[[101.667813,3.103478],[101.669844,3.103478],[101.669844,3.105507],[101.667813,3.105507],[101.667813,3.103478]]]},"properties":{"hand":3.0}},{"type":"Feature","geometry":{"type":"Polygon","coordinates":[[[101.669844,3.103478],[101.671875,3.103478],[101.671875,3.105507],[101.669844,3.105507],[101.669844,3.103478]]]},"properties":{"hand":3.0}},{"type":"Feature","geometry":{"type":"Polygon","coordinates":[[[101.671875,3.103478],[101.673906,3.103478],[101.673906,3.105507],[101.671875,3.105507],[101.671875,3.103478]]]},"properties":{"hand":2.0}},{"type":"Feature","geometry":{"type":"Polygon","coordinates":[[[101.55,3.101449],[101.552031,3.101449],[101.552031,3.103478],[101.55,3.103478],[101.55,3.101449]]]},"properties":{"hand":3.0}},{"type":"Feature","geometry":{"type":"Polygon","coordinates":[[[101.552031,3.101449],[101.554063,3.101449],[101.554063,3.103478],[101.552031,3.103478],[101.552031,3.101449]]]},"properties":{"hand":2.0}},{"type":"Feature","geometry":{"type":"Polygon","coordinates":[[[101.554063,3.101449],[101.556094,3.101449],[101.556094,3.103478],[101.554063,3.103478],[101.554063,3.101449]]]},"properties":{"hand":3.0}},{"type":"Feature","geometry":{"type":"Polygon","coordinates":[[[101.556094,3.101449],[101.558125,3.101449],[101.558125,3.103478],[101.556094,3.103478],[101.556094,3.101449]]]},"properties":{"hand":3.0}},{"type":"Feature","geometry":{"type":"Polygon","coordinates":[[[101.558125,3.101449],[101.560156,3.101449],[101.560156,3.103478],[101.558125,3.103478],[101.558125,3.101449]]]},"properties":{"hand":5.0}},{"type":"Feature","geometry":{"type":"Polygon","coordinates":[[[101.562187,3.101449],[101.564219,3.101449],[101.564219,3.103478],[101.562187,3.103478],[101.562187,3.101449]]]},"properties":{"hand":5.0}},{"type":"Feature","geometry":{"type":"Polygon","coordinates":[[[101.584531,3.101449],[101.586562,3.101449],[101.586562,3.103478],[101.584531,3.103478],[101.584531,3.101449]]]},"properties":{"hand":5.0}},{"type":"Feature","geometry":{"type":"Polygon","coordinates":[[[101.586562,3.101449],[101.588594,3.101449],[101.588594,3.103478],[101.586562,3.103478],[101.586562,3.101449]]]},"properties":{"hand":0.5}},{"type":"Feature","geometry":{"type":"Polygon","coordinates":[[[101.588594,3.101449],[101.590625,3.101449],[101.590625,3.103478],[101.588594,3.103478],[101.588594,3.101449]]]},"properties":{"hand":0.5}},{"type":"Feature","geometry":{"type":"Polygon","coordinates":[[[101.590625,3.101449],[101.592656,3.101449],[101.592656,3.103478],[101.590625,3.103478],[101.590625,3.101449]]]},"properties":{"hand":5.0}},{"type":"Feature","geometry":{"type":"Polygon","coordinates":[[[101.592656,3.101449],[101.594688,3.101449],[101.594688,3.103478],[101.592656,3.103478],[101.592656,3.101449]]]},"properties":{"hand":5.0}},{"type":"Feature","geometry":{"type":"Polygon","coordinates":[[[101.594688,3.101449],[101.596719,3.101449],[101.596719,3.103478],[101.594688,3.103478],[101.594688,3.101449]]]},"properties":{"hand":2.0}},{"type":"Feature","geometry":{"type":"Polygon","coordinates":[[[101.596719,3.101449],[101.59875,3.101449],[101.59875,3.103478],[101.596719,3.103478],[101.596719,3.101449]]]},"properties":{"hand":5.0}},{"type":"Feature","geometry":{"type":"Polygon","coordinates":[[[101.600781,3.101449],[101.602812,3.101449],[101.602812,3.103478],[101.600781,3.103478],[101.600781,3.101449]]]},"properties":{"hand":5.0}},{"type":"Feature","geometry":{"type":"Polygon","coordinates":[[[101.602812,3.101449],[101.604844,3.101449],[101.604844,3.103478],[101.602812,3.103478],[101.602812,3.101449]]]},"properties":{"hand":5.0}},{"type":"Feature","geometry":{"type":"Polygon","coordinates":[[[101.610938,3.101449],[101.612969,3.101449],[101.612969,3.103478],[101.610938,3.103478],[101.610938,3.101449]]]},"properties":{"hand":5.0}},{"type":"Feature","geometry":{"type":"Polygon","coordinates":[[[101.623125,3.101449],[101.625156,3.101449],[101.625156,3.103478],[101.623125,3.103478],[101.623125,3.101449]]]},"properties":{"hand":1.0}},{"type":"Feature","geometry":{"type":"Polygon","coordinates":[[[101.625156,3.101449],[101.627188,3.101449],[101.627188,3.103478],[101.625156,3.103478],[101.625156,3.101449]]]},"properties":{"hand":0.5}},{"type":"Feature","geometry":{"type":"Polygon","coordinates":[[[101.627188,3.101449],[101.629219,3.101449],[101.629219,3.103478],[101.627188,3.103478],[101.627188,3.101449]]]},"properties":{"hand":2.0}},{"type":"Feature","geometry":{"type":"Polygon","coordinates":[[[101.629219,3.101449],[101.63125,3.101449],[101.63125,3.103478],[101.629219,3.103478],[101.629219,3.101449]]]},"properties":{"hand":5.0}},{"type":"Feature","geometry":{"type":"Polygon","coordinates":[[[101.63125,3.101449],[101.633281,3.101449],[101.633281,3.103478],[101.63125,3.103478],[101.63125,3.101449]]]},"properties":{"hand":2.0}},{"type":"Feature","geometry":{"type":"Polygon","coordinates":[[[101.633281,3.101449],[101.635313,3.101449],[101.635313,3.103478],[101.633281,3.103478],[101.633281,3.101449]]]},"properties":{"hand":2.0}},{"type":"Feature","geometry":{"type":"Polygon","coordinates":[[[101.635312,3.101449],[101.637344,3.101449],[101.637344,3.103478],[101.635312,3.103478],[101.635312,3.101449]]]},"properties":{"hand":5.0}},{"type":"Feature","geometry":{"type":"Polygon","coordinates":[[[101.637344,3.101449],[101.639375,3.101449],[101.639375,3.103478],[101.637344,3.103478],[101.637344,3.101449]]]},"properties":{"hand":3.0}},{"type":"Feature","geometry":{"type":"Polygon","coordinates":[[[101.639375,3.101449],[101.641406,3.101449],[101.641406,3.103478],[101.639375,3.103478],[101.639375,3.101449]]]},"properties":{"hand":3.0}},{"type":"Feature","geometry":{"type":"Polygon","coordinates":[[[101.641406,3.101449],[101.643438,3.101449],[101.643438,3.103478],[101.641406,3.103478],[101.641406,3.101449]]]},"properties":{"hand":5.0}},{"type":"Feature","geometry":{"type":"Polygon","coordinates":[[[101.645469,3.101449],[101.6475,3.101449],[101.6475,3.103478],[101.645469,3.103478],[101.645469,3.101449]]]},"properties":{"hand":5.0}},{"type":"Feature","geometry":{"type":"Polygon","coordinates":[[[101.651563,3.101449],[101.653594,3.101449],[101.653594,3.103478],[101.651563,3.103478],[101.651563,3.101449]]]},"properties":{"hand":5.0}},{"type":"Feature","geometry":{"type":"Polygon","coordinates":[[[101.669844,3.101449],[101.671875,3.101449],[101.671875,3.103478],[101.669844,3.103478],[101.669844,3.101449]]]},"properties":{"hand":3.0}},{"type":"Feature","geometry":{"type":"Polygon","coordinates":[[[101.671875,3.101449],[101.673906,3.101449],[101.673906,3.103478],[101.671875,3.103478],[101.671875,3.101449]]]},"properties":{"hand":2.0}},{"type":"Feature","geometry":{"type":"Polygon","coordinates":[[[101.55,3.09942],[101.552031,3.09942],[101.552031,3.101449],[101.55,3.101449],[101.55,3.09942]]]},"properties":{"hand":0.5}},{"type":"Feature","geometry":{"type":"Polygon","coordinates":[[[101.552031,3.09942],[101.554063,3.09942],[101.554063,3.101449],[101.552031,3.101449],[101.552031,3.09942]]]},"properties":{"hand":2.0}},{"type":"Feature","geometry":{"type":"Polygon","coordinates":[[[101.554063,3.09942],[101.556094,3.09942],[101.556094,3.101449],[101.554063,3.101449],[101.554063,3.09942]]]},"properties":{"hand":3.0}},{"type":"Feature","geometry":{"type":"Polygon","coordinates":[[[101.556094,3.09942],[101.558125,3.09942],[101.558125,3.101449],[101.556094,3.101449],[101.556094,3.09942]]]},"properties":{"hand":3.0}},{"type":"Feature","geometry":{"type":"Polygon","coordinates":[[[101.562187,3.09942],[101.564219,3.09942],[101.564219,3.101449],[101.562187,3.101449],[101.562187,3.09942]]]},"properties":{"hand":3.0}},{"type":"Feature","geometry":{"type":"Polygon","coordinates":[[[101.5825,3.09942],[101.584531,3.09942],[101.584531,3.101449],[101.5825,3.101449],[101.5825,3.09942]]]},"properties":{"hand":5.0}},{"type":"Feature","geometry":{"type":"Polygon","coordinates":[[[101.584531,3.09942],[101.586562,3.09942],[101.586562,3.101449],[101.584531,3.101449],[101.584531,3.09942]]]},"properties":{"hand":3.0}},{"type":"Feature","geometry":{"type":"Polygon","coordinates":[[[101.586562,3.09942],[101.588594,3.09942],[101.588594,3.101449],[101.586562,3.101449],[101.586562,3.09942]]]},"properties":{"hand":5.0}},{"type":"Feature","geometry":{"type":"Polygon","coordinates":[[[101.588594,3.09942],[101.590625,3.09942],[101.590625,3.101449],[101.588594,3.101449],[101.588594,3.09942]]]},"properties":{"hand":0.5}},{"type":"Feature","geometry":{"type":"Polygon","coordinates":[[[101.590625,3.09942],[101.592656,3.09942],[101.592656,3.101449],[101.590625,3.101449],[101.590625,3.09942]]]},"properties":{"hand":5.0}},{"type":"Feature","geometry":{"type":"Polygon","coordinates":[[[101.592656,3.09942],[101.594688,3.09942],[101.594688,3.101449],[101.592656,3.101449],[101.592656,3.09942]]]},"properties":{"hand":3.0}},{"type":"Feature","geometry":{"type":"Polygon","coordinates":[[[101.594688,3.09942],[101.596719,3.09942],[101.596719,3.101449],[101.594688,3.101449],[101.594688,3.09942]]]},"properties":{"hand":0.5}},{"type":"Feature","geometry":{"type":"Polygon","coordinates":[[[101.596719,3.09942],[101.59875,3.09942],[101.59875,3.101449],[101.596719,3.101449],[101.596719,3.09942]]]},"properties":{"hand":5.0}},{"type":"Feature","geometry":{"type":"Polygon","coordinates":[[[101.600781,3.09942],[101.602812,3.09942],[101.602812,3.101449],[101.600781,3.101449],[101.600781,3.09942]]]},"properties":{"hand":5.0}},{"type":"Feature","geometry":{"type":"Polygon","coordinates":[[[101.602812,3.09942],[101.604844,3.09942],[101.604844,3.101449],[101.602812,3.101449],[101.602812,3.09942]]]},"properties":{"hand":5.0}},{"type":"Feature","geometry":{"type":"Polygon","coordinates":[[[101.606875,3.09942],[101.608906,3.09942],[101.608906,3.101449],[101.606875,3.101449],[101.606875,3.09942]]]},"properties":{"hand":5.0}},{"type":"Feature","geometry":{"type":"Polygon","coordinates":[[[101.610938,3.09942],[101.612969,3.09942],[101.612969,3.101449],[101.610938,3.101449],[101.610938,3.09942]]]},"properties":{"hand":5.0}},{"type":"Feature","geometry":{"type":"Polygon","coordinates":[[[101.623125,3.09942],[101.625156,3.09942],[101.625156,3.101449],[101.623125,3.101449],[101.623125,3.09942]]]},"properties":{"hand":5.0}},{"type":"Feature","geometry":{"type":"Polygon","coordinates":[[[101.63125,3.09942],[101.633281,3.09942],[101.633281,3.101449],[101.63125,3.101449],[101.63125,3.09942]]]},"properties":{"hand":5.0}},{"type":"Feature","geometry":{"type":"Polygon","coordinates":[[[101.633281,3.09942],[101.635313,3.09942],[101.635313,3.101449],[101.633281,3.101449],[101.633281,3.09942]]]},"properties":{"hand":3.0}},{"type":"Feature","geometry":{"type":"Polygon","coordinates":[[[101.635312,3.09942],[101.637344,3.09942],[101.637344,3.101449],[101.635312,3.101449],[101.635312,3.09942]]]},"properties":{"hand":5.0}},{"type":"Feature","geometry":{"type":"Polygon","coordinates":[[[101.637344,3.09942],[101.639375,3.09942],[101.639375,3.101449],[101.637344,3.101449],[101.637344,3.09942]]]},"properties":{"hand":5.0}},{"type":"Feature","geometry":{"type":"Polygon","coordinates":[[[101.653594,3.09942],[101.655625,3.09942],[101.655625,3.101449],[101.653594,3.101449],[101.653594,3.09942]]]},"properties":{"hand":5.0}},{"type":"Feature","geometry":{"type":"Polygon","coordinates":[[[101.669844,3.09942],[101.671875,3.09942],[101.671875,3.101449],[101.669844,3.101449],[101.669844,3.09942]]]},"properties":{"hand":0.5}},{"type":"Feature","geometry":{"type":"Polygon","coordinates":[[[101.671875,3.09942],[101.673906,3.09942],[101.673906,3.101449],[101.671875,3.101449],[101.671875,3.09942]]]},"properties":{"hand":0.5}},{"type":"Feature","geometry":{"type":"Polygon","coordinates":[[[101.55,3.097391],[101.552031,3.097391],[101.552031,3.09942],[101.55,3.09942],[101.55,3.097391]]]},"properties":{"hand":2.0}},{"type":"Feature","geometry":{"type":"Polygon","coordinates":[[[101.552031,3.097391],[101.554063,3.097391],[101.554063,3.09942],[101.552031,3.09942],[101.552031,3.097391]]]},"properties":{"hand":3.0}},{"type":"Feature","geometry":{"type":"Polygon","coordinates":[[[101.554063,3.097391],[101.556094,3.097391],[101.556094,3.09942],[101.554063,3.09942],[101.554063,3.097391]]]},"properties":{"hand":5.0}},{"type":"Feature","geometry":{"type":"Polygon","coordinates":[[[101.556094,3.097391],[101.558125,3.097391],[101.558125,3.09942],[101.556094,3.09942],[101.556094,3.097391]]]},"properties":{"hand":1.0}},{"type":"Feature","geometry":{"type":"Polygon","coordinates":[[[101.558125,3.097391],[101.560156,3.097391],[101.560156,3.09942],[101.558125,3.09942],[101.558125,3.097391]]]},"properties":{"hand":1.0}},{"type":"Feature","geometry":{"type":"Polygon","coordinates":[[[101.560156,3.097391],[101.562187,3.097391],[101.562187,3.09942],[101.560156,3.09942],[101.560156,3.097391]]]},"properties":{"hand":5.0}},{"type":"Feature","geometry":{"type":"Polygon","coordinates":[[[101.568281,3.097391],[101.570312,3.097391],[101.570312,3.09942],[101.568281,3.09942],[101.568281,3.097391]]]},"properties":{"hand":5.0}},{"type":"Feature","geometry":{"type":"Polygon","coordinates":[[[101.576406,3.097391],[101.578438,3.097391],[101.578438,3.09942],[101.576406,3.09942],[101.576406,3.097391]]]},"properties":{"hand":5.0}},{"type":"Feature","geometry":{"type":"Polygon","coordinates":[[[101.578437,3.097391],[101.580469,3.097391],[101.580469,3.09942],[101.578437,3.09942],[101.578437,3.097391]]]},"properties":{"hand":1.0}},{"type":"Feature","geometry":{"type":"Polygon","coordinates":[[[101.580469,3.097391],[101.5825,3.097391],[101.5825,3.09942],[101.580469,3.09942],[101.580469,3.097391]]]},"properties":{"hand":0.5}},{"type":"Feature","geometry":{"type":"Polygon","coordinates":[[[101.5825,3.097391],[101.584531,3.097391],[101.584531,3.09942],[101.5825,3.09942],[101.5825,3.097391]]]},"properties":{"hand":5.0}},{"type":"Feature","geometry":{"type":"Polygon","coordinates":[[[101.586562,3.097391],[101.588594,3.097391],[101.588594,3.09942],[101.586562,3.09942],[101.586562,3.097391]]]},"properties":{"hand":3.0}},{"type":"Feature","geometry":{"type":"Polygon","coordinates":[[[101.588594,3.097391],[101.590625,3.097391],[101.590625,3.09942],[101.588594,3.09942],[101.588594,3.097391]]]},"properties":{"hand":0.5}},{"type":"Feature","geometry":{"type":"Polygon","coordinates":[[[101.590625,3.097391],[101.592656,3.097391],[101.592656,3.09942],[101.590625,3.09942],[101.590625,3.097391]]]},"properties":{"hand":2.0}},{"type":"Feature","geometry":{"type":"Polygon","coordinates":[[[101.592656,3.097391],[101.594688,3.097391],[101.594688,3.09942],[101.592656,3.09942],[101.592656,3.097391]]]},"properties":{"hand":0.5}},{"type":"Feature","geometry":{"type":"Polygon","coordinates":[[[101.594688,3.097391],[101.596719,3.097391],[101.596719,3.09942],[101.594688,3.09942],[101.594688,3.097391]]]},"properties":{"hand":3.0}},{"type":"Feature","geometry":{"type":"Polygon","coordinates":[[[101.596719,3.097391],[101.59875,3.097391],[101.59875,3.09942],[101.596719,3.09942],[101.596719,3.097391]]]},"properties":{"hand":3.0}},{"type":"Feature","geometry":{"type":"Polygon","coordinates":[[[101.59875,3.097391],[101.600781,3.097391],[101.600781,3.09942],[101.59875,3.09942],[101.59875,3.097391]]]},"properties":{"hand":5.0}},{"type":"Feature","geometry":{"type":"Polygon","coordinates":[[[101.602812,3.097391],[101.604844,3.097391],[101.604844,3.09942],[101.602812,3.09942],[101.602812,3.097391]]]},"properties":{"hand":5.0}},{"type":"Feature","geometry":{"type":"Polygon","coordinates":[[[101.604844,3.097391],[101.606875,3.097391],[101.606875,3.09942],[101.604844,3.09942],[101.604844,3.097391]]]},"properties":{"hand":5.0}},{"type":"Feature","geometry":{"type":"Polygon","coordinates":[[[101.610938,3.097391],[101.612969,3.097391],[101.612969,3.09942],[101.610938,3.09942],[101.610938,3.097391]]]},"properties":{"hand":5.0}},{"type":"Feature","geometry":{"type":"Polygon","coordinates":[[[101.63125,3.097391],[101.633281,3.097391],[101.633281,3.09942],[101.63125,3.09942],[101.63125,3.097391]]]},"properties":{"hand":5.0}},{"type":"Feature","geometry":{"type":"Polygon","coordinates":[[[101.633281,3.097391],[101.635313,3.097391],[101.635313,3.09942],[101.633281,3.09942],[101.633281,3.097391]]]},"properties":{"hand":2.0}},{"type":"Feature","geometry":{"type":"Polygon","coordinates":[[[101.635312,3.097391],[101.637344,3.097391],[101.637344,3.09942],[101.635312,3.09942],[101.635312,3.097391]]]},"properties":{"hand":5.0}},{"type":"Feature","geometry":{"type":"Polygon","coordinates":[[[101.639375,3.097391],[101.641406,3.097391],[101.641406,3.09942],[101.639375,3.09942],[101.639375,3.097391]]]},"properties":{"hand":5.0}},{"type":"Feature","geometry":{"type":"Polygon","coordinates":[[[101.6475,3.097391],[101.649531,3.097391],[101.649531,3.09942],[101.6475,3.09942],[101.6475,3.097391]]]},"properties":{"hand":2.0}},{"type":"Feature","geometry":{"type":"Polygon","coordinates":[[[101.669844,3.097391],[101.671875,3.097391],[101.671875,3.09942],[101.669844,3.09942],[101.669844,3.097391]]]},"properties":{"hand":0.5}},{"type":"Feature","geometry":{"type":"Polygon","coordinates":[[[101.673906,3.097391],[101.675938,3.097391],[101.675938,3.09942],[101.673906,3.09942],[101.673906,3.097391]]]},"properties":{"hand":5.0}},{"type":"Feature","geometry":{"type":"Polygon","coordinates":[[[101.55,3.095362],[101.552031,3.095362],[101.552031,3.097391],[101.55,3.097391],[101.55,3.095362]]]},"properties":{"hand":3.0}},{"type":"Feature","geometry":{"type":"Polygon","coordinates":[[[101.552031,3.095362],[101.554063,3.095362],[101.554063,3.097391],[101.552031,3.097391],[101.552031,3.095362]]]},"properties":{"hand":3.0}},{"type":"Feature","geometry":{"type":"Polygon","coordinates":[[[101.554063,3.095362],[101.556094,3.095362],[101.556094,3.097391],[101.554063,3.097391],[101.554063,3.095362]]]},"properties":{"hand":5.0}},{"type":"Feature","geometry":{"type":"Polygon","coordinates":[[[101.556094,3.095362],[101.558125,3.095362],[101.558125,3.097391],[101.556094,3.097391],[101.556094,3.095362]]]},"properties":{"hand":3.0}},{"type":"Feature","geometry":{"type":"Polygon","coordinates":[[[101.558125,3.095362],[101.560156,3.095362],[101.560156,3.097391],[101.558125,3.097391],[101.558125,3.095362]]]},"properties":{"hand":3.0}},{"type":"Feature","geometry":{"type":"Polygon","coordinates":[[[101.560156,3.095362],[101.562187,3.095362],[101.562187,3.097391],[101.560156,3.097391],[101.560156,3.095362]]]},"properties":{"hand":5.0}},{"type":"Feature","geometry":{"type":"Polygon","coordinates":[[[101.564219,3.095362],[101.56625,3.095362],[101.56625,3.097391],[101.564219,3.097391],[101.564219,3.095362]]]},"properties":{"hand":5.0}},{"type":"Feature","geometry":{"type":"Polygon","coordinates":[[[101.574375,3.095362],[101.576406,3.095362],[101.576406,3.097391],[101.574375,3.097391],[101.574375,3.095362]]]},"properties":{"hand":5.0}},{"type":"Feature","geometry":{"type":"Polygon","coordinates":[[[101.578437,3.095362],[101.580469,3.095362],[101.580469,3.097391],[101.578437,3.097391],[101.578437,3.095362]]]},"properties":{"hand":5.0}},{"type":"Feature","geometry":{"type":"Polygon","coordinates":[[[101.586562,3.095362],[101.588594,3.095362],[101.588594,3.097391],[101.586562,3.097391],[101.586562,3.095362]]]},"properties":{"hand":5.0}},{"type":"Feature","geometry":{"type":"Polygon","coordinates":[[[101.588594,3.095362],[101.590625,3.095362],[101.590625,3.097391],[101.588594,3.097391],[101.588594,3.095362]]]},"properties":{"hand":0.5}},{"type":"Feature","geometry":{"type":"Polygon","coordinates":[[[101.590625,3.095362],[101.592656,3.095362],[101.592656,3.097391],[101.590625,3.097391],[101.590625,3.095362]]]},"properties":{"hand":2.0}},{"type":"Feature","geometry":{"type":"Polygon","coordinates":[[[101.592656,3.095362],[101.594688,3.095362],[101.594688,3.097391],[101.592656,3.097391],[101.592656,3.095362]]]},"properties":{"hand":2.0}},{"type":"Feature","geometry":{"type":"Polygon","coordinates":[[[101.594688,3.095362],[101.596719,3.095362],[101.596719,3.097391],[101.594688,3.097391],[101.594688,3.095362]]]},"properties":{"hand":0.5}},{"type":"Feature","geometry":{"type":"Polygon","coordinates":[[[101.596719,3.095362],[101.59875,3.095362],[101.59875,3.097391],[101.596719,3.097391],[101.596719,3.095362]]]},"properties":{"hand":2.0}},{"type":"Feature","geometry":{"type":"Polygon","coordinates":[[[101.59875,3.095362],[101.600781,3.095362],[101.600781,3.097391],[101.59875,3.097391],[101.59875,3.095362]]]},"properties":{"hand":3.0}},{"type":"Feature","geometry":{"type":"Polygon","coordinates":[[[101.602812,3.095362],[101.604844,3.095362],[101.604844,3.097391],[101.602812,3.097391],[101.602812,3.095362]]]},"properties":{"hand":5.0}},{"type":"Feature","geometry":{"type":"Polygon","coordinates":[[[101.604844,3.095362],[101.606875,3.095362],[101.606875,3.097391],[101.604844,3.097391],[101.604844,3.095362]]]},"properties":{"hand":5.0}},{"type":"Feature","geometry":{"type":"Polygon","coordinates":[[[101.606875,3.095362],[101.608906,3.095362],[101.608906,3.097391],[101.606875,3.097391],[101.606875,3.095362]]]},"properties":{"hand":5.0}},{"type":"Feature","geometry":{"type":"Polygon","coordinates":[[[101.608906,3.095362],[101.610938,3.095362],[101.610938,3.097391],[101.608906,3.097391],[101.608906,3.095362]]]},"properties":{"hand":3.0}},{"type":"Feature","geometry":{"type":"Polygon","coordinates":[[[101.625156,3.095362],[101.627188,3.095362],[101.627188,3.097391],[101.625156,3.097391],[101.625156,3.095362]]]},"properties":{"hand":5.0}},{"type":"Feature","geometry":{"type":"Polygon","coordinates":[[[101.629219,3.095362],[101.63125,3.095362],[101.63125,3.097391],[101.629219,3.097391],[101.629219,3.095362]]]},"properties":{"hand":5.0}},{"type":"Feature","geometry":{"type":"Polygon","coordinates":[[[101.63125,3.095362],[101.633281,3.095362],[101.633281,3.097391],[101.63125,3.097391],[101.63125,3.095362]]]},"properties":{"hand":2.0}},{"type":"Feature","geometry":{"type":"Polygon","coordinates":[[[101.633281,3.095362],[101.635313,3.095362],[101.635313,3.097391],[101.633281,3.097391],[101.633281,3.095362]]]},"properties":{"hand":3.0}},{"type":"Feature","geometry":{"type":"Polygon","coordinates":[[[101.635312,3.095362],[101.637344,3.095362],[101.637344,3.097391],[101.635312,3.097391],[101.635312,3.095362]]]},"properties":{"hand":0.5}},{"type":"Feature","geometry":{"type":"Polygon","coordinates":[[[101.637344,3.095362],[101.639375,3.095362],[101.639375,3.097391],[101.637344,3.097391],[101.637344,3.095362]]]},"properties":{"hand":2.0}},{"type":"Feature","geometry":{"type":"Polygon","coordinates":[[[101.639375,3.095362],[101.641406,3.095362],[101.641406,3.097391],[101.639375,3.097391],[101.639375,3.095362]]]},"properties":{"hand":5.0}},{"type":"Feature","geometry":{"type":"Polygon","coordinates":[[[101.6475,3.095362],[101.649531,3.095362],[101.649531,3.097391],[101.6475,3.097391],[101.6475,3.095362]]]},"properties":{"hand":3.0}},{"type":"Feature","geometry":{"type":"Polygon","coordinates":[[[101.649531,3.095362],[101.651563,3.095362],[101.651563,3.097391],[101.649531,3.097391],[101.649531,3.095362]]]},"properties":{"hand":5.0}},{"type":"Feature","geometry":{"type":"Polygon","coordinates":[[[101.651563,3.095362],[101.653594,3.095362],[101.653594,3.097391],[101.651563,3.097391],[101.651563,3.095362]]]},"properties":{"hand":5.0}},{"type":"Feature","geometry":{"type":"Polygon","coordinates":[[[101.653594,3.095362],[101.655625,3.095362],[101.655625,3.097391],[101.653594,3.097391],[101.653594,3.095362]]]},"properties":{"hand":3.0}},{"type":"Feature","geometry":{"type":"Polygon","coordinates":[[[101.669844,3.095362],[101.671875,3.095362],[101.671875,3.097391],[101.669844,3.097391],[101.669844,3.095362]]]},"properties":{"hand":5.0}},{"type":"Feature","geometry":{"type":"Polygon","coordinates":[[[101.673906,3.095362],[101.675938,3.095362],[101.675938,3.097391],[101.673906,3.097391],[101.673906,3.095362]]]},"properties":{"hand":3.0}},{"type":"Feature","geometry":{"type":"Polygon","coordinates":[[[101.675938,3.095362],[101.677969,3.095362],[101.677969,3.097391],[101.675938,3.097391],[101.675938,3.095362]]]},"properties":{"hand":5.0}},{"type":"Feature","geometry":{"type":"Polygon","coordinates":[[[101.55,3.093333],[101.552031,3.093333],[101.552031,3.095362],[101.55,3.095362],[101.55,3.093333]]]},"properties":{"hand":2.0}},{"type":"Feature","geometry":{"type":"Polygon","coordinates":[[[101.552031,3.093333],[101.554063,3.093333],[101.554063,3.095362],[101.552031,3.095362],[101.552031,3.093333]]]},"properties":{"hand":2.0}},{"type":"Feature","geometry":{"type":"Polygon","coordinates":[[[101.554063,3.093333],[101.556094,3.093333],[101.556094,3.095362],[101.554063,3.095362],[101.554063,3.093333]]]},"properties":{"hand":5.0}},{"type":"Feature","geometry":{"type":"Polygon","coordinates":[[[101.564219,3.093333],[101.56625,3.093333],[101.56625,3.095362],[101.564219,3.095362],[101.564219,3.093333]]]},"properties":{"hand":5.0}},{"type":"Feature","geometry":{"type":"Polygon","coordinates":[[[101.580469,3.093333],[101.5825,3.093333],[101.5825,3.095362],[101.580469,3.095362],[101.580469,3.093333]]]},"properties":{"hand":3.0}},{"type":"Feature","geometry":{"type":"Polygon","coordinates":[[[101.5825,3.093333],[101.584531,3.093333],[101.584531,3.095362],[101.5825,3.095362],[101.5825,3.093333]]]},"properties":{"hand":3.0}},{"type":"Feature","geometry":{"type":"Polygon","coordinates":[[[101.584531,3.093333],[101.586562,3.093333],[101.586562,3.095362],[101.584531,3.095362],[101.584531,3.093333]]]},"properties":{"hand":5.0}},{"type":"Feature","geometry":{"type":"Polygon","coordinates":[[[101.588594,3.093333],[101.590625,3.093333],[101.590625,3.095362],[101.588594,3.095362],[101.588594,3.093333]]]},"properties":{"hand":0.5}},{"type":"Feature","geometry":{"type":"Polygon","coordinates":[[[101.590625,3.093333],[101.592656,3.093333],[101.592656,3.095362],[101.590625,3.095362],[101.590625,3.093333]]]},"properties":{"hand":0.5}},{"type":"Feature","geometry":{"type":"Polygon","coordinates":[[[101.592656,3.093333],[101.594688,3.093333],[101.594688,3.095362],[101.592656,3.095362],[101.592656,3.093333]]]},"properties":{"hand":2.0}},{"type":"Feature","geometry":{"type":"Polygon","coordinates":[[[101.594688,3.093333],[101.596719,3.093333],[101.596719,3.095362],[101.594688,3.095362],[101.594688,3.093333]]]},"properties":{"hand":2.0}},{"type":"Feature","geometry":{"type":"Polygon","coordinates":[[[101.596719,3.093333],[101.59875,3.093333],[101.59875,3.095362],[101.596719,3.095362],[101.596719,3.093333]]]},"properties":{"hand":0.5}},{"type":"Feature","geometry":{"type":"Polygon","coordinates":[[[101.59875,3.093333],[101.600781,3.093333],[101.600781,3.095362],[101.59875,3.095362],[101.59875,3.093333]]]},"properties":{"hand":2.0}},{"type":"Feature","geometry":{"type":"Polygon","coordinates":[[[101.600781,3.093333],[101.602812,3.093333],[101.602812,3.095362],[101.600781,3.095362],[101.600781,3.093333]]]},"properties":{"hand":2.0}},{"type":"Feature","geometry":{"type":"Polygon","coordinates":[[[101.602812,3.093333],[101.604844,3.093333],[101.604844,3.095362],[101.602812,3.095362],[101.602812,3.093333]]]},"properties":{"hand":5.0}},{"type":"Feature","geometry":{"type":"Polygon","coordinates":[[[101.606875,3.093333],[101.608906,3.093333],[101.608906,3.095362],[101.606875,3.095362],[101.606875,3.093333]]]},"properties":{"hand":5.0}},{"type":"Feature","geometry":{"type":"Polygon","coordinates":[[[101.608906,3.093333],[101.610938,3.093333],[101.610938,3.095362],[101.608906,3.095362],[101.608906,3.093333]]]},"properties":{"hand":3.0}},{"type":"Feature","geometry":{"type":"Polygon","coordinates":[[[101.612969,3.093333],[101.615,3.093333],[101.615,3.095362],[101.612969,3.095362],[101.612969,3.093333]]]},"properties":{"hand":5.0}},{"type":"Feature","geometry":{"type":"Polygon","coordinates":[[[101.623125,3.093333],[101.625156,3.093333],[101.625156,3.095362],[101.623125,3.095362],[101.623125,3.093333]]]},"properties":{"hand":3.0}},{"type":"Feature","geometry":{"type":"Polygon","coordinates":[[[101.625156,3.093333],[101.627188,3.093333],[101.627188,3.095362],[101.625156,3.095362],[101.625156,3.093333]]]},"properties":{"hand":5.0}},{"type":"Feature","geometry":{"type":"Polygon","coordinates":[[[101.627188,3.093333],[101.629219,3.093333],[101.629219,3.095362],[101.627188,3.095362],[101.627188,3.093333]]]},"properties":{"hand":3.0}},{"type":"Feature","geometry":{"type":"Polygon","coordinates":[[[101.629219,3.093333],[101.63125,3.093333],[101.63125,3.095362],[101.629219,3.095362],[101.629219,3.093333]]]},"properties":{"hand":2.0}},{"type":"Feature","geometry":{"type":"Polygon","coordinates":[[[101.63125,3.093333],[101.633281,3.093333],[101.633281,3.095362],[101.63125,3.095362],[101.63125,3.093333]]]},"properties":{"hand":2.0}},{"type":"Feature","geometry":{"type":"Polygon","coordinates":[[[101.633281,3.093333],[101.635313,3.093333],[101.635313,3.095362],[101.633281,3.095362],[101.633281,3.093333]]]},"properties":{"hand":3.0}},{"type":"Feature","geometry":{"type":"Polygon","coordinates":[[[101.635312,3.093333],[101.637344,3.093333],[101.637344,3.095362],[101.635312,3.095362],[101.635312,3.093333]]]},"properties":{"hand":3.0}},{"type":"Feature","geometry":{"type":"Polygon","coordinates":[[[101.637344,3.093333],[101.639375,3.093333],[101.639375,3.095362],[101.637344,3.095362],[101.637344,3.093333]]]},"properties":{"hand":1.0}},{"type":"Feature","geometry":{"type":"Polygon","coordinates":[[[101.639375,3.093333],[101.641406,3.093333],[101.641406,3.095362],[101.639375,3.095362],[101.639375,3.093333]]]},"properties":{"hand":3.0}},{"type":"Feature","geometry":{"type":"Polygon","coordinates":[[[101.641406,3.093333],[101.643438,3.093333],[101.643438,3.095362],[101.641406,3.095362],[101.641406,3.093333]]]},"properties":{"hand":2.0}},{"type":"Feature","geometry":{"type":"Polygon","coordinates":[[[101.649531,3.093333],[101.651563,3.093333],[101.651563,3.095362],[101.649531,3.095362],[101.649531,3.093333]]]},"properties":{"hand":5.0}},{"type":"Feature","geometry":{"type":"Polygon","coordinates":[[[101.667813,3.093333],[101.669844,3.093333],[101.669844,3.095362],[101.667813,3.095362],[101.667813,3.093333]]]},"properties":{"hand":5.0}},{"type":"Feature","geometry":{"type":"Polygon","coordinates":[[[101.675938,3.093333],[101.677969,3.093333],[101.677969,3.095362],[101.675938,3.095362],[101.675938,3.093333]]]},"properties":{"hand":3.0}},{"type":"Feature","geometry":{"type":"Polygon","coordinates":[[[101.55,3.091304],[101.552031,3.091304],[101.552031,3.093333],[101.55,3.093333],[101.55,3.091304]]]},"properties":{"hand":3.0}},{"type":"Feature","geometry":{"type":"Polygon","coordinates":[[[101.552031,3.091304],[101.554063,3.091304],[101.554063,3.093333],[101.552031,3.093333],[101.552031,3.091304]]]},"properties":{"hand":2.0}},{"type":"Feature","geometry":{"type":"Polygon","coordinates":[[[101.558125,3.091304],[101.560156,3.091304],[101.560156,3.093333],[101.558125,3.093333],[101.558125,3.091304]]]},"properties":{"hand":3.0}},{"type":"Feature","geometry":{"type":"Polygon","coordinates":[[[101.560156,3.091304],[101.562187,3.091304],[101.562187,3.093333],[101.560156,3.093333],[101.560156,3.091304]]]},"properties":{"hand":5.0}},{"type":"Feature","geometry":{"type":"Polygon","coordinates":[[[101.562187,3.091304],[101.564219,3.091304],[101.564219,3.093333],[101.562187,3.093333],[101.562187,3.091304]]]},"properties":{"hand":5.0}},{"type":"Feature","geometry":{"type":"Polygon","coordinates":[[[101.564219,3.091304],[101.56625,3.091304],[101.56625,3.093333],[101.564219,3.093333],[101.564219,3.091304]]]},"properties":{"hand":5.0}},{"type":"Feature","geometry":{"type":"Polygon","coordinates":[[[101.580469,3.091304],[101.5825,3.091304],[101.5825,3.093333],[101.580469,3.093333],[101.580469,3.091304]]]},"properties":{"hand":1.0}},{"type":"Feature","geometry":{"type":"Polygon","coordinates":[[[101.5825,3.091304],[101.584531,3.091304],[101.584531,3.093333],[101.5825,3.093333],[101.5825,3.091304]]]},"properties":{"hand":2.0}},{"type":"Feature","geometry":{"type":"Polygon","coordinates":[[[101.584531,3.091304],[101.586562,3.091304],[101.586562,3.093333],[101.584531,3.093333],[101.584531,3.091304]]]},"properties":{"hand":3.0}},{"type":"Feature","geometry":{"type":"Polygon","coordinates":[[[101.592656,3.091304],[101.594688,3.091304],[101.594688,3.093333],[101.592656,3.093333],[101.592656,3.091304]]]},"properties":{"hand":2.0}},{"type":"Feature","geometry":{"type":"Polygon","coordinates":[[[101.594688,3.091304],[101.596719,3.091304],[101.596719,3.093333],[101.594688,3.093333],[101.594688,3.091304]]]},"properties":{"hand":2.0}},{"type":"Feature","geometry":{"type":"Polygon","coordinates":[[[101.596719,3.091304],[101.59875,3.091304],[101.59875,3.093333],[101.596719,3.093333],[101.596719,3.091304]]]},"properties":{"hand":2.0}},{"type":"Feature","geometry":{"type":"Polygon","coordinates":[[[101.59875,3.091304],[101.600781,3.091304],[101.600781,3.093333],[101.59875,3.093333],[101.59875,3.091304]]]},"properties":{"hand":0.5}},{"type":"Feature","geometry":{"type":"Polygon","coordinates":[[[101.600781,3.091304],[101.602812,3.091304],[101.602812,3.093333],[101.600781,3.093333],[101.600781,3.091304]]]},"properties":{"hand":3.0}},{"type":"Feature","geometry":{"type":"Polygon","coordinates":[[[101.602812,3.091304],[101.604844,3.091304],[101.604844,3.093333],[101.602812,3.093333],[101.602812,3.091304]]]},"properties":{"hand":2.0}},{"type":"Feature","geometry":{"type":"Polygon","coordinates":[[[101.604844,3.091304],[101.606875,3.091304],[101.606875,3.093333],[101.604844,3.093333],[101.604844,3.091304]]]},"properties":{"hand":3.0}},{"type":"Feature","geometry":{"type":"Polygon","coordinates":[[[101.606875,3.091304],[101.608906,3.091304],[101.608906,3.093333],[101.606875,3.093333],[101.606875,3.091304]]]},"properties":{"hand":2.0}},{"type":"Feature","geometry":{"type":"Polygon","coordinates":[[[101.608906,3.091304],[101.610938,3.091304],[101.610938,3.093333],[101.608906,3.093333],[101.608906,3.091304]]]},"properties":{"hand":5.0}},{"type":"Feature","geometry":{"type":"Polygon","coordinates":[[[101.610938,3.091304],[101.612969,3.091304],[101.612969,3.093333],[101.610938,3.093333],[101.610938,3.091304]]]},"properties":{"hand":5.0}},{"type":"Feature","geometry":{"type":"Polygon","coordinates":[[[101.612969,3.091304],[101.615,3.091304],[101.615,3.093333],[101.612969,3.093333],[101.612969,3.091304]]]},"properties":{"hand":5.0}},{"type":"Feature","geometry":{"type":"Polygon","coordinates":[[[101.623125,3.091304],[101.625156,3.091304],[101.625156,3.093333],[101.623125,3.093333],[101.623125,3.091304]]]},"properties":{"hand":5.0}},{"type":"Feature","geometry":{"type":"Polygon","coordinates":[[[101.625156,3.091304],[101.627188,3.091304],[101.627188,3.093333],[101.625156,3.093333],[101.625156,3.091304]]]},"properties":{"hand":5.0}},{"type":"Feature","geometry":{"type":"Polygon","coordinates":[[[101.627188,3.091304],[101.629219,3.091304],[101.629219,3.093333],[101.627188,3.093333],[101.627188,3.091304]]]},"properties":{"hand":5.0}},{"type":"Feature","geometry":{"type":"Polygon","coordinates":[[[101.629219,3.091304],[101.63125,3.091304],[101.63125,3.093333],[101.629219,3.093333],[101.629219,3.091304]]]},"properties":{"hand":3.0}},{"type":"Feature","geometry":{"type":"Polygon","coordinates":[[[101.63125,3.091304],[101.633281,3.091304],[101.633281,3.093333],[101.63125,3.093333],[101.63125,3.091304]]]},"properties":{"hand":3.0}},{"type":"Feature","geometry":{"type":"Polygon","coordinates":[[[101.633281,3.091304],[101.635313,3.091304],[101.635313,3.093333],[101.633281,3.093333],[101.633281,3.091304]]]},"properties":{"hand":3.0}},{"type":"Feature","geometry":{"type":"Polygon","coordinates":[[[101.635312,3.091304],[101.637344,3.091304],[101.637344,3.093333],[101.635312,3.093333],[101.635312,3.091304]]]},"properties":{"hand":2.0}},{"type":"Feature","geometry":{"type":"Polygon","coordinates":[[[101.637344,3.091304],[101.639375,3.091304],[101.639375,3.093333],[101.637344,3.093333],[101.637344,3.091304]]]},"properties":{"hand":2.0}},{"type":"Feature","geometry":{"type":"Polygon","coordinates":[[[101.639375,3.091304],[101.641406,3.091304],[101.641406,3.093333],[101.639375,3.093333],[101.639375,3.091304]]]},"properties":{"hand":3.0}},{"type":"Feature","geometry":{"type":"Polygon","coordinates":[[[101.641406,3.091304],[101.643438,3.091304],[101.643438,3.093333],[101.641406,3.093333],[101.641406,3.091304]]]},"properties":{"hand":5.0}},{"type":"Feature","geometry":{"type":"Polygon","coordinates":[[[101.643438,3.091304],[101.645469,3.091304],[101.645469,3.093333],[101.643438,3.093333],[101.643438,3.091304]]]},"properties":{"hand":1.0}},{"type":"Feature","geometry":{"type":"Polygon","coordinates":[[[101.645469,3.091304],[101.6475,3.091304],[101.6475,3.093333],[101.645469,3.093333],[101.645469,3.091304]]]},"properties":{"hand":3.0}},{"type":"Feature","geometry":{"type":"Polygon","coordinates":[[[101.649531,3.091304],[101.651563,3.091304],[101.651563,3.093333],[101.649531,3.093333],[101.649531,3.091304]]]},"properties":{"hand":5.0}},{"type":"Feature","geometry":{"type":"Polygon","coordinates":[[[101.673906,3.091304],[101.675938,3.091304],[101.675938,3.093333],[101.673906,3.093333],[101.673906,3.091304]]]},"properties":{"hand":5.0}},{"type":"Feature","geometry":{"type":"Polygon","coordinates":[[[101.55,3.089275],[101.552031,3.089275],[101.552031,3.091304],[101.55,3.091304],[101.55,3.089275]]]},"properties":{"hand":1.0}},{"type":"Feature","geometry":{"type":"Polygon","coordinates":[[[101.552031,3.089275],[101.554063,3.089275],[101.554063,3.091304],[101.552031,3.091304],[101.552031,3.089275]]]},"properties":{"hand":5.0}},{"type":"Feature","geometry":{"type":"Polygon","coordinates":[[[101.556094,3.089275],[101.558125,3.089275],[101.558125,3.091304],[101.556094,3.091304],[101.556094,3.089275]]]},"properties":{"hand":5.0}},{"type":"Feature","geometry":{"type":"Polygon","coordinates":[[[101.558125,3.089275],[101.560156,3.089275],[101.560156,3.091304],[101.558125,3.091304],[101.558125,3.089275]]]},"properties":{"hand":2.0}},{"type":"Feature","geometry":{"type":"Polygon","coordinates":[[[101.560156,3.089275],[101.562187,3.089275],[101.562187,3.091304],[101.560156,3.091304],[101.560156,3.089275]]]},"properties":{"hand":5.0}},{"type":"Feature","geometry":{"type":"Polygon","coordinates":[[[101.562187,3.089275],[101.564219,3.089275],[101.564219,3.091304],[101.562187,3.091304],[101.562187,3.089275]]]},"properties":{"hand":3.0}},{"type":"Feature","geometry":{"type":"Polygon","coordinates":[[[101.56625,3.089275],[101.568281,3.089275],[101.568281,3.091304],[101.56625,3.091304],[101.56625,3.089275]]]},"properties":{"hand":1.0}},{"type":"Feature","geometry":{"type":"Polygon","coordinates":[[[101.574375,3.089275],[101.576406,3.089275],[101.576406,3.091304],[101.574375,3.091304],[101.574375,3.089275]]]},"properties":{"hand":5.0}},{"type":"Feature","geometry":{"type":"Polygon","coordinates":[[[101.576406,3.089275],[101.578438,3.089275],[101.578438,3.091304],[101.576406,3.091304],[101.576406,3.089275]]]},"properties":{"hand":3.0}},{"type":"Feature","geometry":{"type":"Polygon","coordinates":[[[101.578437,3.089275],[101.580469,3.089275],[101.580469,3.091304],[101.578437,3.091304],[101.578437,3.089275]]]},"properties":{"hand":5.0}},{"type":"Feature","geometry":{"type":"Polygon","coordinates":[[[101.580469,3.089275],[101.5825,3.089275],[101.5825,3.091304],[101.580469,3.091304],[101.580469,3.089275]]]},"properties":{"hand":5.0}},{"type":"Feature","geometry":{"type":"Polygon","coordinates":[[[101.5825,3.089275],[101.584531,3.089275],[101.584531,3.091304],[101.5825,3.091304],[101.5825,3.089275]]]},"properties":{"hand":2.0}},{"type":"Feature","geometry":{"type":"Polygon","coordinates":[[[101.584531,3.089275],[101.586562,3.089275],[101.586562,3.091304],[101.584531,3.091304],[101.584531,3.089275]]]},"properties":{"hand":5.0}},{"type":"Feature","geometry":{"type":"Polygon","coordinates":[[[101.600781,3.089275],[101.602812,3.089275],[101.602812,3.091304],[101.600781,3.091304],[101.600781,3.089275]]]},"properties":{"hand":2.0}},{"type":"Feature","geometry":{"type":"Polygon","coordinates":[[[101.602812,3.089275],[101.604844,3.089275],[101.604844,3.091304],[101.602812,3.091304],[101.602812,3.089275]]]},"properties":{"hand":2.0}},{"type":"Feature","geometry":{"type":"Polygon","coordinates":[[[101.604844,3.089275],[101.606875,3.089275],[101.606875,3.091304],[101.604844,3.091304],[101.604844,3.089275]]]},"properties":{"hand":0.5}},{"type":"Feature","geometry":{"type":"Polygon","coordinates":[[[101.606875,3.089275],[101.608906,3.089275],[101.608906,3.091304],[101.606875,3.091304],[101.606875,3.089275]]]},"properties":{"hand":5.0}},{"type":"Feature","geometry":{"type":"Polygon","coordinates":[[[101.608906,3.089275],[101.610938,3.089275],[101.610938,3.091304],[101.608906,3.091304],[101.608906,3.089275]]]},"properties":{"hand":3.0}},{"type":"Feature","geometry":{"type":"Polygon","coordinates":[[[101.610938,3.089275],[101.612969,3.089275],[101.612969,3.091304],[101.610938,3.091304],[101.610938,3.089275]]]},"properties":{"hand":5.0}},{"type":"Feature","geometry":{"type":"Polygon","coordinates":[[[101.627188,3.089275],[101.629219,3.089275],[101.629219,3.091304],[101.627188,3.091304],[101.627188,3.089275]]]},"properties":{"hand":5.0}},{"type":"Feature","geometry":{"type":"Polygon","coordinates":[[[101.629219,3.089275],[101.63125,3.089275],[101.63125,3.091304],[101.629219,3.091304],[101.629219,3.089275]]]},"properties":{"hand":5.0}},{"type":"Feature","geometry":{"type":"Polygon","coordinates":[[[101.63125,3.089275],[101.633281,3.089275],[101.633281,3.091304],[101.63125,3.091304],[101.63125,3.089275]]]},"properties":{"hand":2.0}},{"type":"Feature","geometry":{"type":"Polygon","coordinates":[[[101.633281,3.089275],[101.635313,3.089275],[101.635313,3.091304],[101.633281,3.091304],[101.633281,3.089275]]]},"properties":{"hand":3.0}},{"type":"Feature","geometry":{"type":"Polygon","coordinates":[[[101.635312,3.089275],[101.637344,3.089275],[101.637344,3.091304],[101.635312,3.091304],[101.635312,3.089275]]]},"properties":{"hand":2.0}},{"type":"Feature","geometry":{"type":"Polygon","coordinates":[[[101.637344,3.089275],[101.639375,3.089275],[101.639375,3.091304],[101.637344,3.091304],[101.637344,3.089275]]]},"properties":{"hand":2.0}},{"type":"Feature","geometry":{"type":"Polygon","coordinates":[[[101.639375,3.089275],[101.641406,3.089275],[101.641406,3.091304],[101.639375,3.091304],[101.639375,3.089275]]]},"properties":{"hand":3.0}},{"type":"Feature","geometry":{"type":"Polygon","coordinates":[[[101.641406,3.089275],[101.643438,3.089275],[101.643438,3.091304],[101.641406,3.091304],[101.641406,3.089275]]]},"properties":{"hand":2.0}},{"type":"Feature","geometry":{"type":"Polygon","coordinates":[[[101.643438,3.089275],[101.645469,3.089275],[101.645469,3.091304],[101.643438,3.091304],[101.643438,3.089275]]]},"properties":{"hand":0.5}},{"type":"Feature","geometry":{"type":"Polygon","coordinates":[[[101.645469,3.089275],[101.6475,3.089275],[101.6475,3.091304],[101.645469,3.091304],[101.645469,3.089275]]]},"properties":{"hand":2.0}},{"type":"Feature","geometry":{"type":"Polygon","coordinates":[[[101.651563,3.089275],[101.653594,3.089275],[101.653594,3.091304],[101.651563,3.091304],[101.651563,3.089275]]]},"properties":{"hand":5.0}},{"type":"Feature","geometry":{"type":"Polygon","coordinates":[[[101.669844,3.089275],[101.671875,3.089275],[101.671875,3.091304],[101.669844,3.091304],[101.669844,3.089275]]]},"properties":{"hand":5.0}},{"type":"Feature","geometry":{"type":"Polygon","coordinates":[[[101.55,3.087246],[101.552031,3.087246],[101.552031,3.089275],[101.55,3.089275],[101.55,3.087246]]]},"properties":{"hand":0.5}},{"type":"Feature","geometry":{"type":"Polygon","coordinates":[[[101.556094,3.087246],[101.558125,3.087246],[101.558125,3.089275],[101.556094,3.089275],[101.556094,3.087246]]]},"properties":{"hand":3.0}},{"type":"Feature","geometry":{"type":"Polygon","coordinates":[[[101.558125,3.087246],[101.560156,3.087246],[101.560156,3.089275],[101.558125,3.089275],[101.558125,3.087246]]]},"properties":{"hand":0.5}},{"type":"Feature","geometry":{"type":"Polygon","coordinates":[[[101.564219,3.087246],[101.56625,3.087246],[101.56625,3.089275],[101.564219,3.089275],[101.564219,3.087246]]]},"properties":{"hand":3.0}},{"type":"Feature","geometry":{"type":"Polygon","coordinates":[[[101.56625,3.087246],[101.568281,3.087246],[101.568281,3.089275],[101.56625,3.089275],[101.56625,3.087246]]]},"properties":{"hand":5.0}},{"type":"Feature","geometry":{"type":"Polygon","coordinates":[[[101.574375,3.087246],[101.576406,3.087246],[101.576406,3.089275],[101.574375,3.089275],[101.574375,3.087246]]]},"properties":{"hand":5.0}},{"type":"Feature","geometry":{"type":"Polygon","coordinates":[[[101.576406,3.087246],[101.578438,3.087246],[101.578438,3.089275],[101.576406,3.089275],[101.576406,3.087246]]]},"properties":{"hand":5.0}},{"type":"Feature","geometry":{"type":"Polygon","coordinates":[[[101.578437,3.087246],[101.580469,3.087246],[101.580469,3.089275],[101.578437,3.089275],[101.578437,3.087246]]]},"properties":{"hand":5.0}},{"type":"Feature","geometry":{"type":"Polygon","coordinates":[[[101.580469,3.087246],[101.5825,3.087246],[101.5825,3.089275],[101.580469,3.089275],[101.580469,3.087246]]]},"properties":{"hand":2.0}},{"type":"Feature","geometry":{"type":"Polygon","coordinates":[[[101.5825,3.087246],[101.584531,3.087246],[101.584531,3.089275],[101.5825,3.089275],[101.5825,3.087246]]]},"properties":{"hand":2.0}},{"type":"Feature","geometry":{"type":"Polygon","coordinates":[[[101.594688,3.087246],[101.596719,3.087246],[101.596719,3.089275],[101.594688,3.089275],[101.594688,3.087246]]]},"properties":{"hand":5.0}},{"type":"Feature","geometry":{"type":"Polygon","coordinates":[[[101.600781,3.087246],[101.602812,3.087246],[101.602812,3.089275],[101.600781,3.089275],[101.600781,3.087246]]]},"properties":{"hand":3.0}},{"type":"Feature","geometry":{"type":"Polygon","coordinates":[[[101.602812,3.087246],[101.604844,3.087246],[101.604844,3.089275],[101.602812,3.089275],[101.602812,3.087246]]]},"properties":{"hand":2.0}},{"type":"Feature","geometry":{"type":"Polygon","coordinates":[[[101.604844,3.087246],[101.606875,3.087246],[101.606875,3.089275],[101.604844,3.089275],[101.604844,3.087246]]]},"properties":{"hand":0.5}},{"type":"Feature","geometry":{"type":"Polygon","coordinates":[[[101.606875,3.087246],[101.608906,3.087246],[101.608906,3.089275],[101.606875,3.089275],[101.606875,3.087246]]]},"properties":{"hand":3.0}},{"type":"Feature","geometry":{"type":"Polygon","coordinates":[[[101.608906,3.087246],[101.610938,3.087246],[101.610938,3.089275],[101.608906,3.089275],[101.608906,3.087246]]]},"properties":{"hand":3.0}},{"type":"Feature","geometry":{"type":"Polygon","coordinates":[[[101.610938,3.087246],[101.612969,3.087246],[101.612969,3.089275],[101.610938,3.089275],[101.610938,3.087246]]]},"properties":{"hand":2.0}},{"type":"Feature","geometry":{"type":"Polygon","coordinates":[[[101.612969,3.087246],[101.615,3.087246],[101.615,3.089275],[101.612969,3.089275],[101.612969,3.087246]]]},"properties":{"hand":1.0}},{"type":"Feature","geometry":{"type":"Polygon","coordinates":[[[101.615,3.087246],[101.617031,3.087246],[101.617031,3.089275],[101.615,3.089275],[101.615,3.087246]]]},"properties":{"hand":5.0}},{"type":"Feature","geometry":{"type":"Polygon","coordinates":[[[101.619062,3.087246],[101.621094,3.087246],[101.621094,3.089275],[101.619062,3.089275],[101.619062,3.087246]]]},"properties":{"hand":5.0}},{"type":"Feature","geometry":{"type":"Polygon","coordinates":[[[101.625156,3.087246],[101.627188,3.087246],[101.627188,3.089275],[101.625156,3.089275],[101.625156,3.087246]]]},"properties":{"hand":5.0}},{"type":"Feature","geometry":{"type":"Polygon","coordinates":[[[101.627188,3.087246],[101.629219,3.087246],[101.629219,3.089275],[101.627188,3.089275],[101.627188,3.087246]]]},"properties":{"hand":2.0}},{"type":"Feature","geometry":{"type":"Polygon","coordinates":[[[101.629219,3.087246],[101.63125,3.087246],[101.63125,3.089275],[101.629219,3.089275],[101.629219,3.087246]]]},"properties":{"hand":2.0}},{"type":"Feature","geometry":{"type":"Polygon","coordinates":[[[101.63125,3.087246],[101.633281,3.087246],[101.633281,3.089275],[101.63125,3.089275],[101.63125,3.087246]]]},"properties":{"hand":2.0}},{"type":"Feature","geometry":{"type":"Polygon","coordinates":[[[101.633281,3.087246],[101.635313,3.087246],[101.635313,3.089275],[101.633281,3.089275],[101.633281,3.087246]]]},"properties":{"hand":0.5}},{"type":"Feature","geometry":{"type":"Polygon","coordinates":[[[101.635312,3.087246],[101.637344,3.087246],[101.637344,3.089275],[101.635312,3.089275],[101.635312,3.087246]]]},"properties":{"hand":3.0}},{"type":"Feature","geometry":{"type":"Polygon","coordinates":[[[101.637344,3.087246],[101.639375,3.087246],[101.639375,3.089275],[101.637344,3.089275],[101.637344,3.087246]]]},"properties":{"hand":3.0}},{"type":"Feature","geometry":{"type":"Polygon","coordinates":[[[101.639375,3.087246],[101.641406,3.087246],[101.641406,3.089275],[101.639375,3.089275],[101.639375,3.087246]]]},"properties":{"hand":2.0}},{"type":"Feature","geometry":{"type":"Polygon","coordinates":[[[101.641406,3.087246],[101.643438,3.087246],[101.643438,3.089275],[101.641406,3.089275],[101.641406,3.087246]]]},"properties":{"hand":0.5}},{"type":"Feature","geometry":{"type":"Polygon","coordinates":[[[101.643438,3.087246],[101.645469,3.087246],[101.645469,3.089275],[101.643438,3.089275],[101.643438,3.087246]]]},"properties":{"hand":0.5}},{"type":"Feature","geometry":{"type":"Polygon","coordinates":[[[101.645469,3.087246],[101.6475,3.087246],[101.6475,3.089275],[101.645469,3.089275],[101.645469,3.087246]]]},"properties":{"hand":0.5}},{"type":"Feature","geometry":{"type":"Polygon","coordinates":[[[101.651563,3.087246],[101.653594,3.087246],[101.653594,3.089275],[101.651563,3.089275],[101.651563,3.087246]]]},"properties":{"hand":3.0}},{"type":"Feature","geometry":{"type":"Polygon","coordinates":[[[101.667813,3.087246],[101.669844,3.087246],[101.669844,3.089275],[101.667813,3.089275],[101.667813,3.087246]]]},"properties":{"hand":3.0}},{"type":"Feature","geometry":{"type":"Polygon","coordinates":[[[101.669844,3.087246],[101.671875,3.087246],[101.671875,3.089275],[101.669844,3.089275],[101.669844,3.087246]]]},"properties":{"hand":5.0}},{"type":"Feature","geometry":{"type":"Polygon","coordinates":[[[101.671875,3.087246],[101.673906,3.087246],[101.673906,3.089275],[101.671875,3.089275],[101.671875,3.087246]]]},"properties":{"hand":5.0}},{"type":"Feature","geometry":{"type":"Polygon","coordinates":[[[101.673906,3.087246],[101.675938,3.087246],[101.675938,3.089275],[101.673906,3.089275],[101.673906,3.087246]]]},"properties":{"hand":2.0}},{"type":"Feature","geometry":{"type":"Polygon","coordinates":[[[101.55,3.085217],[101.552031,3.085217],[101.552031,3.087246],[101.55,3.087246],[101.55,3.085217]]]},"properties":{"hand":3.0}},{"type":"Feature","geometry":{"type":"Polygon","coordinates":[[[101.552031,3.085217],[101.554063,3.085217],[101.554063,3.087246],[101.552031,3.087246],[101.552031,3.085217]]]},"properties":{"hand":5.0}},{"type":"Feature","geometry":{"type":"Polygon","coordinates":[[[101.556094,3.085217],[101.558125,3.085217],[101.558125,3.087246],[101.556094,3.087246],[101.556094,3.085217]]]},"properties":{"hand":2.0}},{"type":"Feature","geometry":{"type":"Polygon","coordinates":[[[101.558125,3.085217],[101.560156,3.085217],[101.560156,3.087246],[101.558125,3.087246],[101.558125,3.085217]]]},"properties":{"hand":5.0}},{"type":"Feature","geometry":{"type":"Polygon","coordinates":[[[101.560156,3.085217],[101.562187,3.085217],[101.562187,3.087246],[101.560156,3.087246],[101.560156,3.085217]]]},"properties":{"hand":5.0}},{"type":"Feature","geometry":{"type":"Polygon","coordinates":[[[101.564219,3.085217],[101.56625,3.085217],[101.56625,3.087246],[101.564219,3.087246],[101.564219,3.085217]]]},"properties":{"hand":2.0}},{"type":"Feature","geometry":{"type":"Polygon","coordinates":[[[101.56625,3.085217],[101.568281,3.085217],[101.568281,3.087246],[101.56625,3.087246],[101.56625,3.085217]]]},"properties":{"hand":5.0}},{"type":"Feature","geometry":{"type":"Polygon","coordinates":[[[101.568281,3.085217],[101.570312,3.085217],[101.570312,3.087246],[101.568281,3.087246],[101.568281,3.085217]]]},"properties":{"hand":5.0}},{"type":"Feature","geometry":{"type":"Polygon","coordinates":[[[101.572344,3.085217],[101.574375,3.085217],[101.574375,3.087246],[101.572344,3.087246],[101.572344,3.085217]]]},"properties":{"hand":5.0}},{"type":"Feature","geometry":{"type":"Polygon","coordinates":[[[101.574375,3.085217],[101.576406,3.085217],[101.576406,3.087246],[101.574375,3.087246],[101.574375,3.085217]]]},"properties":{"hand":5.0}},{"type":"Feature","geometry":{"type":"Polygon","coordinates":[[[101.578437,3.085217],[101.580469,3.085217],[101.580469,3.087246],[101.578437,3.087246],[101.578437,3.085217]]]},"properties":{"hand":2.0}},{"type":"Feature","geometry":{"type":"Polygon","coordinates":[[[101.580469,3.085217],[101.5825,3.085217],[101.5825,3.087246],[101.580469,3.087246],[101.580469,3.085217]]]},"properties":{"hand":2.0}},{"type":"Feature","geometry":{"type":"Polygon","coordinates":[[[101.602812,3.085217],[101.604844,3.085217],[101.604844,3.087246],[101.602812,3.087246],[101.602812,3.085217]]]},"properties":{"hand":5.0}},{"type":"Feature","geometry":{"type":"Polygon","coordinates":[[[101.604844,3.085217],[101.606875,3.085217],[101.606875,3.087246],[101.604844,3.087246],[101.604844,3.085217]]]},"properties":{"hand":1.0}},{"type":"Feature","geometry":{"type":"Polygon","coordinates":[[[101.606875,3.085217],[101.608906,3.085217],[101.608906,3.087246],[101.606875,3.087246],[101.606875,3.085217]]]},"properties":{"hand":0.5}},{"type":"Feature","geometry":{"type":"Polygon","coordinates":[[[101.608906,3.085217],[101.610938,3.085217],[101.610938,3.087246],[101.608906,3.087246],[101.608906,3.085217]]]},"properties":{"hand":3.0}},{"type":"Feature","geometry":{"type":"Polygon","coordinates":[[[101.610938,3.085217],[101.612969,3.085217],[101.612969,3.087246],[101.610938,3.087246],[101.610938,3.085217]]]},"properties":{"hand":3.0}},{"type":"Feature","geometry":{"type":"Polygon","coordinates":[[[101.612969,3.085217],[101.615,3.085217],[101.615,3.087246],[101.612969,3.087246],[101.612969,3.085217]]]},"properties":{"hand":0.5}},{"type":"Feature","geometry":{"type":"Polygon","coordinates":[[[101.615,3.085217],[101.617031,3.085217],[101.617031,3.087246],[101.615,3.087246],[101.615,3.085217]]]},"properties":{"hand":0.5}},{"type":"Feature","geometry":{"type":"Polygon","coordinates":[[[101.617031,3.085217],[101.619062,3.085217],[101.619062,3.087246],[101.617031,3.087246],[101.617031,3.085217]]]},"properties":{"hand":0.5}},{"type":"Feature","geometry":{"type":"Polygon","coordinates":[[[101.625156,3.085217],[101.627188,3.085217],[101.627188,3.087246],[101.625156,3.087246],[101.625156,3.085217]]]},"properties":{"hand":1.0}},{"type":"Feature","geometry":{"type":"Polygon","coordinates":[[[101.627188,3.085217],[101.629219,3.085217],[101.629219,3.087246],[101.627188,3.087246],[101.627188,3.085217]]]},"properties":{"hand":0.5}},{"type":"Feature","geometry":{"type":"Polygon","coordinates":[[[101.629219,3.085217],[101.63125,3.085217],[101.63125,3.087246],[101.629219,3.087246],[101.629219,3.085217]]]},"properties":{"hand":3.0}},{"type":"Feature","geometry":{"type":"Polygon","coordinates":[[[101.63125,3.085217],[101.633281,3.085217],[101.633281,3.087246],[101.63125,3.087246],[101.63125,3.085217]]]},"properties":{"hand":1.0}},{"type":"Feature","geometry":{"type":"Polygon","coordinates":[[[101.633281,3.085217],[101.635313,3.085217],[101.635313,3.087246],[101.633281,3.087246],[101.633281,3.085217]]]},"properties":{"hand":2.0}},{"type":"Feature","geometry":{"type":"Polygon","coordinates":[[[101.635312,3.085217],[101.637344,3.085217],[101.637344,3.087246],[101.635312,3.087246],[101.635312,3.085217]]]},"properties":{"hand":0.5}},{"type":"Feature","geometry":{"type":"Polygon","coordinates":[[[101.637344,3.085217],[101.639375,3.085217],[101.639375,3.087246],[101.637344,3.087246],[101.637344,3.085217]]]},"properties":{"hand":2.0}},{"type":"Feature","geometry":{"type":"Polygon","coordinates":[[[101.639375,3.085217],[101.641406,3.085217],[101.641406,3.087246],[101.639375,3.087246],[101.639375,3.085217]]]},"properties":{"hand":3.0}},{"type":"Feature","geometry":{"type":"Polygon","coordinates":[[[101.641406,3.085217],[101.643438,3.085217],[101.643438,3.087246],[101.641406,3.087246],[101.641406,3.085217]]]},"properties":{"hand":2.0}},{"type":"Feature","geometry":{"type":"Polygon","coordinates":[[[101.643438,3.085217],[101.645469,3.085217],[101.645469,3.087246],[101.643438,3.087246],[101.643438,3.085217]]]},"properties":{"hand":0.5}},{"type":"Feature","geometry":{"type":"Polygon","coordinates":[[[101.645469,3.085217],[101.6475,3.085217],[101.6475,3.087246],[101.645469,3.087246],[101.645469,3.085217]]]},"properties":{"hand":3.0}},{"type":"Feature","geometry":{"type":"Polygon","coordinates":[[[101.649531,3.085217],[101.651563,3.085217],[101.651563,3.087246],[101.649531,3.087246],[101.649531,3.085217]]]},"properties":{"hand":2.0}},{"type":"Feature","geometry":{"type":"Polygon","coordinates":[[[101.651563,3.085217],[101.653594,3.085217],[101.653594,3.087246],[101.651563,3.087246],[101.651563,3.085217]]]},"properties":{"hand":2.0}},{"type":"Feature","geometry":{"type":"Polygon","coordinates":[[[101.653594,3.085217],[101.655625,3.085217],[101.655625,3.087246],[101.653594,3.087246],[101.653594,3.085217]]]},"properties":{"hand":3.0}},{"type":"Feature","geometry":{"type":"Polygon","coordinates":[[[101.659688,3.085217],[101.661719,3.085217],[101.661719,3.087246],[101.659688,3.087246],[101.659688,3.085217]]]},"properties":{"hand":5.0}},{"type":"Feature","geometry":{"type":"Polygon","coordinates":[[[101.66375,3.085217],[101.665781,3.085217],[101.665781,3.087246],[101.66375,3.087246],[101.66375,3.085217]]]},"properties":{"hand":5.0}},{"type":"Feature","geometry":{"type":"Polygon","coordinates":[[[101.665781,3.085217],[101.667813,3.085217],[101.667813,3.087246],[101.665781,3.087246],[101.665781,3.085217]]]},"properties":{"hand":1.0}},{"type":"Feature","geometry":{"type":"Polygon","coordinates":[[[101.667813,3.085217],[101.669844,3.085217],[101.669844,3.087246],[101.667813,3.087246],[101.667813,3.085217]]]},"properties":{"hand":2.0}},{"type":"Feature","geometry":{"type":"Polygon","coordinates":[[[101.673906,3.085217],[101.675938,3.085217],[101.675938,3.087246],[101.673906,3.087246],[101.673906,3.085217]]]},"properties":{"hand":3.0}},{"type":"Feature","geometry":{"type":"Polygon","coordinates":[[[101.677969,3.085217],[101.68,3.085217],[101.68,3.087246],[101.677969,3.087246],[101.677969,3.085217]]]},"properties":{"hand":5.0}},{"type":"Feature","geometry":{"type":"Polygon","coordinates":[[[101.55,3.083188],[101.552031,3.083188],[101.552031,3.085217],[101.55,3.085217],[101.55,3.083188]]]},"properties":{"hand":5.0}},{"type":"Feature","geometry":{"type":"Polygon","coordinates":[[[101.556094,3.083188],[101.558125,3.083188],[101.558125,3.085217],[101.556094,3.085217],[101.556094,3.083188]]]},"properties":{"hand":3.0}},{"type":"Feature","geometry":{"type":"Polygon","coordinates":[[[101.558125,3.083188],[101.560156,3.083188],[101.560156,3.085217],[101.558125,3.085217],[101.558125,3.083188]]]},"properties":{"hand":3.0}},{"type":"Feature","geometry":{"type":"Polygon","coordinates":[[[101.56625,3.083188],[101.568281,3.083188],[101.568281,3.085217],[101.56625,3.085217],[101.56625,3.083188]]]},"properties":{"hand":3.0}},{"type":"Feature","geometry":{"type":"Polygon","coordinates":[[[101.574375,3.083188],[101.576406,3.083188],[101.576406,3.085217],[101.574375,3.085217],[101.574375,3.083188]]]},"properties":{"hand":5.0}},{"type":"Feature","geometry":{"type":"Polygon","coordinates":[[[101.5825,3.083188],[101.584531,3.083188],[101.584531,3.085217],[101.5825,3.085217],[101.5825,3.083188]]]},"properties":{"hand":2.0}},{"type":"Feature","geometry":{"type":"Polygon","coordinates":[[[101.584531,3.083188],[101.586562,3.083188],[101.586562,3.085217],[101.584531,3.085217],[101.584531,3.083188]]]},"properties":{"hand":0.5}},{"type":"Feature","geometry":{"type":"Polygon","coordinates":[[[101.586562,3.083188],[101.588594,3.083188],[101.588594,3.085217],[101.586562,3.085217],[101.586562,3.083188]]]},"properties":{"hand":0.5}},{"type":"Feature","geometry":{"type":"Polygon","coordinates":[[[101.588594,3.083188],[101.590625,3.083188],[101.590625,3.085217],[101.588594,3.085217],[101.588594,3.083188]]]},"properties":{"hand":0.5}},{"type":"Feature","geometry":{"type":"Polygon","coordinates":[[[101.590625,3.083188],[101.592656,3.083188],[101.592656,3.085217],[101.590625,3.085217],[101.590625,3.083188]]]},"properties":{"hand":3.0}},{"type":"Feature","geometry":{"type":"Polygon","coordinates":[[[101.602812,3.083188],[101.604844,3.083188],[101.604844,3.085217],[101.602812,3.085217],[101.602812,3.083188]]]},"properties":{"hand":5.0}},{"type":"Feature","geometry":{"type":"Polygon","coordinates":[[[101.604844,3.083188],[101.606875,3.083188],[101.606875,3.085217],[101.604844,3.085217],[101.604844,3.083188]]]},"properties":{"hand":2.0}},{"type":"Feature","geometry":{"type":"Polygon","coordinates":[[[101.606875,3.083188],[101.608906,3.083188],[101.608906,3.085217],[101.606875,3.085217],[101.606875,3.083188]]]},"properties":{"hand":3.0}},{"type":"Feature","geometry":{"type":"Polygon","coordinates":[[[101.608906,3.083188],[101.610938,3.083188],[101.610938,3.085217],[101.608906,3.085217],[101.608906,3.083188]]]},"properties":{"hand":3.0}},{"type":"Feature","geometry":{"type":"Polygon","coordinates":[[[101.610938,3.083188],[101.612969,3.083188],[101.612969,3.085217],[101.610938,3.085217],[101.610938,3.083188]]]},"properties":{"hand":5.0}},{"type":"Feature","geometry":{"type":"Polygon","coordinates":[[[101.612969,3.083188],[101.615,3.083188],[101.615,3.085217],[101.612969,3.085217],[101.612969,3.083188]]]},"properties":{"hand":3.0}},{"type":"Feature","geometry":{"type":"Polygon","coordinates":[[[101.615,3.083188],[101.617031,3.083188],[101.617031,3.085217],[101.615,3.085217],[101.615,3.083188]]]},"properties":{"hand":2.0}},{"type":"Feature","geometry":{"type":"Polygon","coordinates":[[[101.617031,3.083188],[101.619062,3.083188],[101.619062,3.085217],[101.617031,3.085217],[101.617031,3.083188]]]},"properties":{"hand":3.0}},{"type":"Feature","geometry":{"type":"Polygon","coordinates":[[[101.619062,3.083188],[101.621094,3.083188],[101.621094,3.085217],[101.619062,3.085217],[101.619062,3.083188]]]},"properties":{"hand":5.0}},{"type":"Feature","geometry":{"type":"Polygon","coordinates":[[[101.621094,3.083188],[101.623125,3.083188],[101.623125,3.085217],[101.621094,3.085217],[101.621094,3.083188]]]},"properties":{"hand":5.0}},{"type":"Feature","geometry":{"type":"Polygon","coordinates":[[[101.623125,3.083188],[101.625156,3.083188],[101.625156,3.085217],[101.623125,3.085217],[101.623125,3.083188]]]},"properties":{"hand":2.0}},{"type":"Feature","geometry":{"type":"Polygon","coordinates":[[[101.625156,3.083188],[101.627188,3.083188],[101.627188,3.085217],[101.625156,3.085217],[101.625156,3.083188]]]},"properties":{"hand":3.0}},{"type":"Feature","geometry":{"type":"Polygon","coordinates":[[[101.627188,3.083188],[101.629219,3.083188],[101.629219,3.085217],[101.627188,3.085217],[101.627188,3.083188]]]},"properties":{"hand":1.0}},{"type":"Feature","geometry":{"type":"Polygon","coordinates":[[[101.629219,3.083188],[101.63125,3.083188],[101.63125,3.085217],[101.629219,3.085217],[101.629219,3.083188]]]},"properties":{"hand":3.0}},{"type":"Feature","geometry":{"type":"Polygon","coordinates":[[[101.63125,3.083188],[101.633281,3.083188],[101.633281,3.085217],[101.63125,3.085217],[101.63125,3.083188]]]},"properties":{"hand":2.0}},{"type":"Feature","geometry":{"type":"Polygon","coordinates":[[[101.633281,3.083188],[101.635313,3.083188],[101.635313,3.085217],[101.633281,3.085217],[101.633281,3.083188]]]},"properties":{"hand":2.0}},{"type":"Feature","geometry":{"type":"Polygon","coordinates":[[[101.635312,3.083188],[101.637344,3.083188],[101.637344,3.085217],[101.635312,3.085217],[101.635312,3.083188]]]},"properties":{"hand":0.5}},{"type":"Feature","geometry":{"type":"Polygon","coordinates":[[[101.637344,3.083188],[101.639375,3.083188],[101.639375,3.085217],[101.637344,3.085217],[101.637344,3.083188]]]},"properties":{"hand":2.0}},{"type":"Feature","geometry":{"type":"Polygon","coordinates":[[[101.639375,3.083188],[101.641406,3.083188],[101.641406,3.085217],[101.639375,3.085217],[101.639375,3.083188]]]},"properties":{"hand":2.0}},{"type":"Feature","geometry":{"type":"Polygon","coordinates":[[[101.641406,3.083188],[101.643438,3.083188],[101.643438,3.085217],[101.641406,3.085217],[101.641406,3.083188]]]},"properties":{"hand":2.0}},{"type":"Feature","geometry":{"type":"Polygon","coordinates":[[[101.643438,3.083188],[101.645469,3.083188],[101.645469,3.085217],[101.643438,3.085217],[101.643438,3.083188]]]},"properties":{"hand":0.5}},{"type":"Feature","geometry":{"type":"Polygon","coordinates":[[[101.645469,3.083188],[101.6475,3.083188],[101.6475,3.085217],[101.645469,3.085217],[101.645469,3.083188]]]},"properties":{"hand":2.0}},{"type":"Feature","geometry":{"type":"Polygon","coordinates":[[[101.6475,3.083188],[101.649531,3.083188],[101.649531,3.085217],[101.6475,3.085217],[101.6475,3.083188]]]},"properties":{"hand":2.0}},{"type":"Feature","geometry":{"type":"Polygon","coordinates":[[[101.649531,3.083188],[101.651563,3.083188],[101.651563,3.085217],[101.649531,3.085217],[101.649531,3.083188]]]},"properties":{"hand":1.0}},{"type":"Feature","geometry":{"type":"Polygon","coordinates":[[[101.651563,3.083188],[101.653594,3.083188],[101.653594,3.085217],[101.651563,3.085217],[101.651563,3.083188]]]},"properties":{"hand":0.5}},{"type":"Feature","geometry":{"type":"Polygon","coordinates":[[[101.653594,3.083188],[101.655625,3.083188],[101.655625,3.085217],[101.653594,3.085217],[101.653594,3.083188]]]},"properties":{"hand":2.0}},{"type":"Feature","geometry":{"type":"Polygon","coordinates":[[[101.655625,3.083188],[101.657656,3.083188],[101.657656,3.085217],[101.655625,3.085217],[101.655625,3.083188]]]},"properties":{"hand":3.0}},{"type":"Feature","geometry":{"type":"Polygon","coordinates":[[[101.657656,3.083188],[101.659688,3.083188],[101.659688,3.085217],[101.657656,3.085217],[101.657656,3.083188]]]},"properties":{"hand":2.0}},{"type":"Feature","geometry":{"type":"Polygon","coordinates":[[[101.659688,3.083188],[101.661719,3.083188],[101.661719,3.085217],[101.659688,3.085217],[101.659688,3.083188]]]},"properties":{"hand":3.0}},{"type":"Feature","geometry":{"type":"Polygon","coordinates":[[[101.671875,3.083188],[101.673906,3.083188],[101.673906,3.085217],[101.671875,3.085217],[101.671875,3.083188]]]},"properties":{"hand":5.0}},{"type":"Feature","geometry":{"type":"Polygon","coordinates":[[[101.55,3.081159],[101.552031,3.081159],[101.552031,3.083188],[101.55,3.083188],[101.55,3.081159]]]},"properties":{"hand":1.0}},{"type":"Feature","geometry":{"type":"Polygon","coordinates":[[[101.552031,3.081159],[101.554063,3.081159],[101.554063,3.083188],[101.552031,3.083188],[101.552031,3.081159]]]},"properties":{"hand":5.0}},{"type":"Feature","geometry":{"type":"Polygon","coordinates":[[[101.554063,3.081159],[101.556094,3.081159],[101.556094,3.083188],[101.554063,3.083188],[101.554063,3.081159]]]},"properties":{"hand":3.0}},{"type":"Feature","geometry":{"type":"Polygon","coordinates":[[[101.556094,3.081159],[101.558125,3.081159],[101.558125,3.083188],[101.556094,3.083188],[101.556094,3.081159]]]},"properties":{"hand":0.5}},{"type":"Feature","geometry":{"type":"Polygon","coordinates":[[[101.558125,3.081159],[101.560156,3.081159],[101.560156,3.083188],[101.558125,3.083188],[101.558125,3.081159]]]},"properties":{"hand":3.0}},{"type":"Feature","geometry":{"type":"Polygon","coordinates":[[[101.578437,3.081159],[101.580469,3.081159],[101.580469,3.083188],[101.578437,3.083188],[101.578437,3.081159]]]},"properties":{"hand":5.0}},{"type":"Feature","geometry":{"type":"Polygon","coordinates":[[[101.580469,3.081159],[101.5825,3.081159],[101.5825,3.083188],[101.580469,3.083188],[101.580469,3.081159]]]},"properties":{"hand":2.0}},{"type":"Feature","geometry":{"type":"Polygon","coordinates":[[[101.5825,3.081159],[101.584531,3.081159],[101.584531,3.083188],[101.5825,3.083188],[101.5825,3.081159]]]},"properties":{"hand":5.0}},{"type":"Feature","geometry":{"type":"Polygon","coordinates":[[[101.590625,3.081159],[101.592656,3.081159],[101.592656,3.083188],[101.590625,3.083188],[101.590625,3.081159]]]},"properties":{"hand":2.0}},{"type":"Feature","geometry":{"type":"Polygon","coordinates":[[[101.594688,3.081159],[101.596719,3.081159],[101.596719,3.083188],[101.594688,3.083188],[101.594688,3.081159]]]},"properties":{"hand":0.5}},{"type":"Feature","geometry":{"type":"Polygon","coordinates":[[[101.596719,3.081159],[101.59875,3.081159],[101.59875,3.083188],[101.596719,3.083188],[101.596719,3.081159]]]},"properties":{"hand":3.0}},{"type":"Feature","geometry":{"type":"Polygon","coordinates":[[[101.600781,3.081159],[101.602812,3.081159],[101.602812,3.083188],[101.600781,3.083188],[101.600781,3.081159]]]},"properties":{"hand":2.0}},{"type":"Feature","geometry":{"type":"Polygon","coordinates":[[[101.602812,3.081159],[101.604844,3.081159],[101.604844,3.083188],[101.602812,3.083188],[101.602812,3.081159]]]},"properties":{"hand":0.5}},{"type":"Feature","geometry":{"type":"Polygon","coordinates":[[[101.604844,3.081159],[101.606875,3.081159],[101.606875,3.083188],[101.604844,3.083188],[101.604844,3.081159]]]},"properties":{"hand":1.0}},{"type":"Feature","geometry":{"type":"Polygon","coordinates":[[[101.606875,3.081159],[101.608906,3.081159],[101.608906,3.083188],[101.606875,3.083188],[101.606875,3.081159]]]},"properties":{"hand":1.0}},{"type":"Feature","geometry":{"type":"Polygon","coordinates":[[[101.608906,3.081159],[101.610938,3.081159],[101.610938,3.083188],[101.608906,3.083188],[101.608906,3.081159]]]},"properties":{"hand":0.5}},{"type":"Feature","geometry":{"type":"Polygon","coordinates":[[[101.610938,3.081159],[101.612969,3.081159],[101.612969,3.083188],[101.610938,3.083188],[101.610938,3.081159]]]},"properties":{"hand":5.0}},{"type":"Feature","geometry":{"type":"Polygon","coordinates":[[[101.612969,3.081159],[101.615,3.081159],[101.615,3.083188],[101.612969,3.083188],[101.612969,3.081159]]]},"properties":{"hand":0.5}},{"type":"Feature","geometry":{"type":"Polygon","coordinates":[[[101.615,3.081159],[101.617031,3.081159],[101.617031,3.083188],[101.615,3.083188],[101.615,3.081159]]]},"properties":{"hand":0.5}},{"type":"Feature","geometry":{"type":"Polygon","coordinates":[[[101.621094,3.081159],[101.623125,3.081159],[101.623125,3.083188],[101.621094,3.083188],[101.621094,3.081159]]]},"properties":{"hand":3.0}},{"type":"Feature","geometry":{"type":"Polygon","coordinates":[[[101.623125,3.081159],[101.625156,3.081159],[101.625156,3.083188],[101.623125,3.083188],[101.623125,3.081159]]]},"properties":{"hand":0.5}},{"type":"Feature","geometry":{"type":"Polygon","coordinates":[[[101.625156,3.081159],[101.627188,3.081159],[101.627188,3.083188],[101.625156,3.083188],[101.625156,3.081159]]]},"properties":{"hand":1.0}},{"type":"Feature","geometry":{"type":"Polygon","coordinates":[[[101.627188,3.081159],[101.629219,3.081159],[101.629219,3.083188],[101.627188,3.083188],[101.627188,3.081159]]]},"properties":{"hand":5.0}},{"type":"Feature","geometry":{"type":"Polygon","coordinates":[[[101.629219,3.081159],[101.63125,3.081159],[101.63125,3.083188],[101.629219,3.083188],[101.629219,3.081159]]]},"properties":{"hand":5.0}},{"type":"Feature","geometry":{"type":"Polygon","coordinates":[[[101.63125,3.081159],[101.633281,3.081159],[101.633281,3.083188],[101.63125,3.083188],[101.63125,3.081159]]]},"properties":{"hand":2.0}},{"type":"Feature","geometry":{"type":"Polygon","coordinates":[[[101.633281,3.081159],[101.635313,3.081159],[101.635313,3.083188],[101.633281,3.083188],[101.633281,3.081159]]]},"properties":{"hand":2.0}},{"type":"Feature","geometry":{"type":"Polygon","coordinates":[[[101.635312,3.081159],[101.637344,3.081159],[101.637344,3.083188],[101.635312,3.083188],[101.635312,3.081159]]]},"properties":{"hand":3.0}},{"type":"Feature","geometry":{"type":"Polygon","coordinates":[[[101.637344,3.081159],[101.639375,3.081159],[101.639375,3.083188],[101.637344,3.083188],[101.637344,3.081159]]]},"properties":{"hand":1.0}},{"type":"Feature","geometry":{"type":"Polygon","coordinates":[[[101.639375,3.081159],[101.641406,3.081159],[101.641406,3.083188],[101.639375,3.083188],[101.639375,3.081159]]]},"properties":{"hand":2.0}},{"type":"Feature","geometry":{"type":"Polygon","coordinates":[[[101.641406,3.081159],[101.643438,3.081159],[101.643438,3.083188],[101.641406,3.083188],[101.641406,3.081159]]]},"properties":{"hand":3.0}},{"type":"Feature","geometry":{"type":"Polygon","coordinates":[[[101.643438,3.081159],[101.645469,3.081159],[101.645469,3.083188],[101.643438,3.083188],[101.643438,3.081159]]]},"properties":{"hand":2.0}},{"type":"Feature","geometry":{"type":"Polygon","coordinates":[[[101.645469,3.081159],[101.6475,3.081159],[101.6475,3.083188],[101.645469,3.083188],[101.645469,3.081159]]]},"properties":{"hand":2.0}},{"type":"Feature","geometry":{"type":"Polygon","coordinates":[[[101.6475,3.081159],[101.649531,3.081159],[101.649531,3.083188],[101.6475,3.083188],[101.6475,3.081159]]]},"properties":{"hand":2.0}},{"type":"Feature","geometry":{"type":"Polygon","coordinates":[[[101.649531,3.081159],[101.651563,3.081159],[101.651563,3.083188],[101.649531,3.083188],[101.649531,3.081159]]]},"properties":{"hand":3.0}},{"type":"Feature","geometry":{"type":"Polygon","coordinates":[[[101.651563,3.081159],[101.653594,3.081159],[101.653594,3.083188],[101.651563,3.083188],[101.651563,3.081159]]]},"properties":{"hand":1.0}},{"type":"Feature","geometry":{"type":"Polygon","coordinates":[[[101.653594,3.081159],[101.655625,3.081159],[101.655625,3.083188],[101.653594,3.083188],[101.653594,3.081159]]]},"properties":{"hand":2.0}},{"type":"Feature","geometry":{"type":"Polygon","coordinates":[[[101.655625,3.081159],[101.657656,3.081159],[101.657656,3.083188],[101.655625,3.083188],[101.655625,3.081159]]]},"properties":{"hand":2.0}},{"type":"Feature","geometry":{"type":"Polygon","coordinates":[[[101.657656,3.081159],[101.659688,3.081159],[101.659688,3.083188],[101.657656,3.083188],[101.657656,3.081159]]]},"properties":{"hand":1.0}},{"type":"Feature","geometry":{"type":"Polygon","coordinates":[[[101.659688,3.081159],[101.661719,3.081159],[101.661719,3.083188],[101.659688,3.083188],[101.659688,3.081159]]]},"properties":{"hand":2.0}},{"type":"Feature","geometry":{"type":"Polygon","coordinates":[[[101.661719,3.081159],[101.66375,3.081159],[101.66375,3.083188],[101.661719,3.083188],[101.661719,3.081159]]]},"properties":{"hand":3.0}},{"type":"Feature","geometry":{"type":"Polygon","coordinates":[[[101.665781,3.081159],[101.667813,3.081159],[101.667813,3.083188],[101.665781,3.083188],[101.665781,3.081159]]]},"properties":{"hand":5.0}},{"type":"Feature","geometry":{"type":"Polygon","coordinates":[[[101.667813,3.081159],[101.669844,3.081159],[101.669844,3.083188],[101.667813,3.083188],[101.667813,3.081159]]]},"properties":{"hand":3.0}},{"type":"Feature","geometry":{"type":"Polygon","coordinates":[[[101.669844,3.081159],[101.671875,3.081159],[101.671875,3.083188],[101.669844,3.083188],[101.669844,3.081159]]]},"properties":{"hand":5.0}},{"type":"Feature","geometry":{"type":"Polygon","coordinates":[[[101.675938,3.081159],[101.677969,3.081159],[101.677969,3.083188],[101.675938,3.083188],[101.675938,3.081159]]]},"properties":{"hand":3.0}},{"type":"Feature","geometry":{"type":"Polygon","coordinates":[[[101.55,3.07913],[101.552031,3.07913],[101.552031,3.081159],[101.55,3.081159],[101.55,3.07913]]]},"properties":{"hand":0.5}},{"type":"Feature","geometry":{"type":"Polygon","coordinates":[[[101.552031,3.07913],[101.554063,3.07913],[101.554063,3.081159],[101.552031,3.081159],[101.552031,3.07913]]]},"properties":{"hand":2.0}},{"type":"Feature","geometry":{"type":"Polygon","coordinates":[[[101.554063,3.07913],[101.556094,3.07913],[101.556094,3.081159],[101.554063,3.081159],[101.554063,3.07913]]]},"properties":{"hand":5.0}},{"type":"Feature","geometry":{"type":"Polygon","coordinates":[[[101.556094,3.07913],[101.558125,3.07913],[101.558125,3.081159],[101.556094,3.081159],[101.556094,3.07913]]]},"properties":{"hand":1.0}},{"type":"Feature","geometry":{"type":"Polygon","coordinates":[[[101.558125,3.07913],[101.560156,3.07913],[101.560156,3.081159],[101.558125,3.081159],[101.558125,3.07913]]]},"properties":{"hand":5.0}},{"type":"Feature","geometry":{"type":"Polygon","coordinates":[[[101.56625,3.07913],[101.568281,3.07913],[101.568281,3.081159],[101.56625,3.081159],[101.56625,3.07913]]]},"properties":{"hand":5.0}},{"type":"Feature","geometry":{"type":"Polygon","coordinates":[[[101.5825,3.07913],[101.584531,3.07913],[101.584531,3.081159],[101.5825,3.081159],[101.5825,3.07913]]]},"properties":{"hand":5.0}},{"type":"Feature","geometry":{"type":"Polygon","coordinates":[[[101.590625,3.07913],[101.592656,3.07913],[101.592656,3.081159],[101.590625,3.081159],[101.590625,3.07913]]]},"properties":{"hand":2.0}},{"type":"Feature","geometry":{"type":"Polygon","coordinates":[[[101.596719,3.07913],[101.59875,3.07913],[101.59875,3.081159],[101.596719,3.081159],[101.596719,3.07913]]]},"properties":{"hand":5.0}},{"type":"Feature","geometry":{"type":"Polygon","coordinates":[[[101.59875,3.07913],[101.600781,3.07913],[101.600781,3.081159],[101.59875,3.081159],[101.59875,3.07913]]]},"properties":{"hand":0.5}},{"type":"Feature","geometry":{"type":"Polygon","coordinates":[[[101.600781,3.07913],[101.602812,3.07913],[101.602812,3.081159],[101.600781,3.081159],[101.600781,3.07913]]]},"properties":{"hand":3.0}},{"type":"Feature","geometry":{"type":"Polygon","coordinates":[[[101.602812,3.07913],[101.604844,3.07913],[101.604844,3.081159],[101.602812,3.081159],[101.602812,3.07913]]]},"properties":{"hand":2.0}},{"type":"Feature","geometry":{"type":"Polygon","coordinates":[[[101.604844,3.07913],[101.606875,3.07913],[101.606875,3.081159],[101.604844,3.081159],[101.604844,3.07913]]]},"properties":{"hand":2.0}},{"type":"Feature","geometry":{"type":"Polygon","coordinates":[[[101.606875,3.07913],[101.608906,3.07913],[101.608906,3.081159],[101.606875,3.081159],[101.606875,3.07913]]]},"properties":{"hand":2.0}},{"type":"Feature","geometry":{"type":"Polygon","coordinates":[[[101.608906,3.07913],[101.610938,3.07913],[101.610938,3.081159],[101.608906,3.081159],[101.608906,3.07913]]]},"properties":{"hand":1.0}},{"type":"Feature","geometry":{"type":"Polygon","coordinates":[[[101.610938,3.07913],[101.612969,3.07913],[101.612969,3.081159],[101.610938,3.081159],[101.610938,3.07913]]]},"properties":{"hand":2.0}},{"type":"Feature","geometry":{"type":"Polygon","coordinates":[[[101.612969,3.07913],[101.615,3.07913],[101.615,3.081159],[101.612969,3.081159],[101.612969,3.07913]]]},"properties":{"hand":2.0}},{"type":"Feature","geometry":{"type":"Polygon","coordinates":[[[101.615,3.07913],[101.617031,3.07913],[101.617031,3.081159],[101.615,3.081159],[101.615,3.07913]]]},"properties":{"hand":2.0}},{"type":"Feature","geometry":{"type":"Polygon","coordinates":[[[101.617031,3.07913],[101.619062,3.07913],[101.619062,3.081159],[101.617031,3.081159],[101.617031,3.07913]]]},"properties":{"hand":2.0}},{"type":"Feature","geometry":{"type":"Polygon","coordinates":[[[101.619062,3.07913],[101.621094,3.07913],[101.621094,3.081159],[101.619062,3.081159],[101.619062,3.07913]]]},"properties":{"hand":2.0}},{"type":"Feature","geometry":{"type":"Polygon","coordinates":[[[101.621094,3.07913],[101.623125,3.07913],[101.623125,3.081159],[101.621094,3.081159],[101.621094,3.07913]]]},"properties":{"hand":2.0}},{"type":"Feature","geometry":{"type":"Polygon","coordinates":[[[101.623125,3.07913],[101.625156,3.07913],[101.625156,3.081159],[101.623125,3.081159],[101.623125,3.07913]]]},"properties":{"hand":1.0}},{"type":"Feature","geometry":{"type":"Polygon","coordinates":[[[101.625156,3.07913],[101.627188,3.07913],[101.627188,3.081159],[101.625156,3.081159],[101.625156,3.07913]]]},"properties":{"hand":2.0}},{"type":"Feature","geometry":{"type":"Polygon","coordinates":[[[101.627188,3.07913],[101.629219,3.07913],[101.629219,3.081159],[101.627188,3.081159],[101.627188,3.07913]]]},"properties":{"hand":3.0}},{"type":"Feature","geometry":{"type":"Polygon","coordinates":[[[101.629219,3.07913],[101.63125,3.07913],[101.63125,3.081159],[101.629219,3.081159],[101.629219,3.07913]]]},"properties":{"hand":5.0}},{"type":"Feature","geometry":{"type":"Polygon","coordinates":[[[101.63125,3.07913],[101.633281,3.07913],[101.633281,3.081159],[101.63125,3.081159],[101.63125,3.07913]]]},"properties":{"hand":3.0}},{"type":"Feature","geometry":{"type":"Polygon","coordinates":[[[101.633281,3.07913],[101.635313,3.07913],[101.635313,3.081159],[101.633281,3.081159],[101.633281,3.07913]]]},"properties":{"hand":5.0}},{"type":"Feature","geometry":{"type":"Polygon","coordinates":[[[101.635312,3.07913],[101.637344,3.07913],[101.637344,3.081159],[101.635312,3.081159],[101.635312,3.07913]]]},"properties":{"hand":3.0}},{"type":"Feature","geometry":{"type":"Polygon","coordinates":[[[101.637344,3.07913],[101.639375,3.07913],[101.639375,3.081159],[101.637344,3.081159],[101.637344,3.07913]]]},"properties":{"hand":3.0}},{"type":"Feature","geometry":{"type":"Polygon","coordinates":[[[101.639375,3.07913],[101.641406,3.07913],[101.641406,3.081159],[101.639375,3.081159],[101.639375,3.07913]]]},"properties":{"hand":2.0}},{"type":"Feature","geometry":{"type":"Polygon","coordinates":[[[101.641406,3.07913],[101.643438,3.07913],[101.643438,3.081159],[101.641406,3.081159],[101.641406,3.07913]]]},"properties":{"hand":0.5}},{"type":"Feature","geometry":{"type":"Polygon","coordinates":[[[101.643438,3.07913],[101.645469,3.07913],[101.645469,3.081159],[101.643438,3.081159],[101.643438,3.07913]]]},"properties":{"hand":2.0}},{"type":"Feature","geometry":{"type":"Polygon","coordinates":[[[101.645469,3.07913],[101.6475,3.07913],[101.6475,3.081159],[101.645469,3.081159],[101.645469,3.07913]]]},"properties":{"hand":2.0}},{"type":"Feature","geometry":{"type":"Polygon","coordinates":[[[101.6475,3.07913],[101.649531,3.07913],[101.649531,3.081159],[101.6475,3.081159],[101.6475,3.07913]]]},"properties":{"hand":3.0}},{"type":"Feature","geometry":{"type":"Polygon","coordinates":[[[101.649531,3.07913],[101.651563,3.07913],[101.651563,3.081159],[101.649531,3.081159],[101.649531,3.07913]]]},"properties":{"hand":3.0}},{"type":"Feature","geometry":{"type":"Polygon","coordinates":[[[101.651563,3.07913],[101.653594,3.07913],[101.653594,3.081159],[101.651563,3.081159],[101.651563,3.07913]]]},"properties":{"hand":3.0}},{"type":"Feature","geometry":{"type":"Polygon","coordinates":[[[101.653594,3.07913],[101.655625,3.07913],[101.655625,3.081159],[101.653594,3.081159],[101.653594,3.07913]]]},"properties":{"hand":1.0}},{"type":"Feature","geometry":{"type":"Polygon","coordinates":[[[101.655625,3.07913],[101.657656,3.07913],[101.657656,3.081159],[101.655625,3.081159],[101.655625,3.07913]]]},"properties":{"hand":1.0}},{"type":"Feature","geometry":{"type":"Polygon","coordinates":[[[101.657656,3.07913],[101.659688,3.07913],[101.659688,3.081159],[101.657656,3.081159],[101.657656,3.07913]]]},"properties":{"hand":2.0}},{"type":"Feature","geometry":{"type":"Polygon","coordinates":[[[101.659688,3.07913],[101.661719,3.07913],[101.661719,3.081159],[101.659688,3.081159],[101.659688,3.07913]]]},"properties":{"hand":3.0}},{"type":"Feature","geometry":{"type":"Polygon","coordinates":[[[101.665781,3.07913],[101.667813,3.07913],[101.667813,3.081159],[101.665781,3.081159],[101.665781,3.07913]]]},"properties":{"hand":3.0}},{"type":"Feature","geometry":{"type":"Polygon","coordinates":[[[101.667813,3.07913],[101.669844,3.07913],[101.669844,3.081159],[101.667813,3.081159],[101.667813,3.07913]]]},"properties":{"hand":3.0}},{"type":"Feature","geometry":{"type":"Polygon","coordinates":[[[101.675938,3.07913],[101.677969,3.07913],[101.677969,3.081159],[101.675938,3.081159],[101.675938,3.07913]]]},"properties":{"hand":5.0}},{"type":"Feature","geometry":{"type":"Polygon","coordinates":[[[101.55,3.077101],[101.552031,3.077101],[101.552031,3.07913],[101.55,3.07913],[101.55,3.077101]]]},"properties":{"hand":2.0}},{"type":"Feature","geometry":{"type":"Polygon","coordinates":[[[101.552031,3.077101],[101.554063,3.077101],[101.554063,3.07913],[101.552031,3.07913],[101.552031,3.077101]]]},"properties":{"hand":3.0}},{"type":"Feature","geometry":{"type":"Polygon","coordinates":[[[101.556094,3.077101],[101.558125,3.077101],[101.558125,3.07913],[101.556094,3.07913],[101.556094,3.077101]]]},"properties":{"hand":5.0}},{"type":"Feature","geometry":{"type":"Polygon","coordinates":[[[101.558125,3.077101],[101.560156,3.077101],[101.560156,3.07913],[101.558125,3.07913],[101.558125,3.077101]]]},"properties":{"hand":1.0}},{"type":"Feature","geometry":{"type":"Polygon","coordinates":[[[101.588594,3.077101],[101.590625,3.077101],[101.590625,3.07913],[101.588594,3.07913],[101.588594,3.077101]]]},"properties":{"hand":3.0}},{"type":"Feature","geometry":{"type":"Polygon","coordinates":[[[101.590625,3.077101],[101.592656,3.077101],[101.592656,3.07913],[101.590625,3.07913],[101.590625,3.077101]]]},"properties":{"hand":5.0}},{"type":"Feature","geometry":{"type":"Polygon","coordinates":[[[101.596719,3.077101],[101.59875,3.077101],[101.59875,3.07913],[101.596719,3.07913],[101.596719,3.077101]]]},"properties":{"hand":2.0}},{"type":"Feature","geometry":{"type":"Polygon","coordinates":[[[101.59875,3.077101],[101.600781,3.077101],[101.600781,3.07913],[101.59875,3.07913],[101.59875,3.077101]]]},"properties":{"hand":1.0}},{"type":"Feature","geometry":{"type":"Polygon","coordinates":[[[101.600781,3.077101],[101.602812,3.077101],[101.602812,3.07913],[101.600781,3.07913],[101.600781,3.077101]]]},"properties":{"hand":3.0}},{"type":"Feature","geometry":{"type":"Polygon","coordinates":[[[101.602812,3.077101],[101.604844,3.077101],[101.604844,3.07913],[101.602812,3.07913],[101.602812,3.077101]]]},"properties":{"hand":1.0}},{"type":"Feature","geometry":{"type":"Polygon","coordinates":[[[101.604844,3.077101],[101.606875,3.077101],[101.606875,3.07913],[101.604844,3.07913],[101.604844,3.077101]]]},"properties":{"hand":0.5}},{"type":"Feature","geometry":{"type":"Polygon","coordinates":[[[101.606875,3.077101],[101.608906,3.077101],[101.608906,3.07913],[101.606875,3.07913],[101.606875,3.077101]]]},"properties":{"hand":2.0}},{"type":"Feature","geometry":{"type":"Polygon","coordinates":[[[101.608906,3.077101],[101.610938,3.077101],[101.610938,3.07913],[101.608906,3.07913],[101.608906,3.077101]]]},"properties":{"hand":5.0}},{"type":"Feature","geometry":{"type":"Polygon","coordinates":[[[101.610938,3.077101],[101.612969,3.077101],[101.612969,3.07913],[101.610938,3.07913],[101.610938,3.077101]]]},"properties":{"hand":5.0}},{"type":"Feature","geometry":{"type":"Polygon","coordinates":[[[101.612969,3.077101],[101.615,3.077101],[101.615,3.07913],[101.612969,3.07913],[101.612969,3.077101]]]},"properties":{"hand":3.0}},{"type":"Feature","geometry":{"type":"Polygon","coordinates":[[[101.615,3.077101],[101.617031,3.077101],[101.617031,3.07913],[101.615,3.07913],[101.615,3.077101]]]},"properties":{"hand":3.0}},{"type":"Feature","geometry":{"type":"Polygon","coordinates":[[[101.617031,3.077101],[101.619062,3.077101],[101.619062,3.07913],[101.617031,3.07913],[101.617031,3.077101]]]},"properties":{"hand":2.0}},{"type":"Feature","geometry":{"type":"Polygon","coordinates":[[[101.619062,3.077101],[101.621094,3.077101],[101.621094,3.07913],[101.619062,3.07913],[101.619062,3.077101]]]},"properties":{"hand":2.0}},{"type":"Feature","geometry":{"type":"Polygon","coordinates":[[[101.621094,3.077101],[101.623125,3.077101],[101.623125,3.07913],[101.621094,3.07913],[101.621094,3.077101]]]},"properties":{"hand":3.0}},{"type":"Feature","geometry":{"type":"Polygon","coordinates":[[[101.623125,3.077101],[101.625156,3.077101],[101.625156,3.07913],[101.623125,3.07913],[101.623125,3.077101]]]},"properties":{"hand":3.0}},{"type":"Feature","geometry":{"type":"Polygon","coordinates":[[[101.625156,3.077101],[101.627188,3.077101],[101.627188,3.07913],[101.625156,3.07913],[101.625156,3.077101]]]},"properties":{"hand":1.0}},{"type":"Feature","geometry":{"type":"Polygon","coordinates":[[[101.627188,3.077101],[101.629219,3.077101],[101.629219,3.07913],[101.627188,3.07913],[101.627188,3.077101]]]},"properties":{"hand":1.0}},{"type":"Feature","geometry":{"type":"Polygon","coordinates":[[[101.629219,3.077101],[101.63125,3.077101],[101.63125,3.07913],[101.629219,3.07913],[101.629219,3.077101]]]},"properties":{"hand":0.5}},{"type":"Feature","geometry":{"type":"Polygon","coordinates":[[[101.63125,3.077101],[101.633281,3.077101],[101.633281,3.07913],[101.63125,3.07913],[101.63125,3.077101]]]},"properties":{"hand":2.0}},{"type":"Feature","geometry":{"type":"Polygon","coordinates":[[[101.633281,3.077101],[101.635313,3.077101],[101.635313,3.07913],[101.633281,3.07913],[101.633281,3.077101]]]},"properties":{"hand":2.0}},{"type":"Feature","geometry":{"type":"Polygon","coordinates":[[[101.635312,3.077101],[101.637344,3.077101],[101.637344,3.07913],[101.635312,3.07913],[101.635312,3.077101]]]},"properties":{"hand":1.0}},{"type":"Feature","geometry":{"type":"Polygon","coordinates":[[[101.637344,3.077101],[101.639375,3.077101],[101.639375,3.07913],[101.637344,3.07913],[101.637344,3.077101]]]},"properties":{"hand":5.0}},{"type":"Feature","geometry":{"type":"Polygon","coordinates":[[[101.639375,3.077101],[101.641406,3.077101],[101.641406,3.07913],[101.639375,3.07913],[101.639375,3.077101]]]},"properties":{"hand":3.0}},{"type":"Feature","geometry":{"type":"Polygon","coordinates":[[[101.641406,3.077101],[101.643438,3.077101],[101.643438,3.07913],[101.641406,3.07913],[101.641406,3.077101]]]},"properties":{"hand":0.5}},{"type":"Feature","geometry":{"type":"Polygon","coordinates":[[[101.643438,3.077101],[101.645469,3.077101],[101.645469,3.07913],[101.643438,3.07913],[101.643438,3.077101]]]},"properties":{"hand":1.0}},{"type":"Feature","geometry":{"type":"Polygon","coordinates":[[[101.645469,3.077101],[101.6475,3.077101],[101.6475,3.07913],[101.645469,3.07913],[101.645469,3.077101]]]},"properties":{"hand":1.0}},{"type":"Feature","geometry":{"type":"Polygon","coordinates":[[[101.6475,3.077101],[101.649531,3.077101],[101.649531,3.07913],[101.6475,3.07913],[101.6475,3.077101]]]},"properties":{"hand":2.0}},{"type":"Feature","geometry":{"type":"Polygon","coordinates":[[[101.649531,3.077101],[101.651563,3.077101],[101.651563,3.07913],[101.649531,3.07913],[101.649531,3.077101]]]},"properties":{"hand":2.0}},{"type":"Feature","geometry":{"type":"Polygon","coordinates":[[[101.651563,3.077101],[101.653594,3.077101],[101.653594,3.07913],[101.651563,3.07913],[101.651563,3.077101]]]},"properties":{"hand":3.0}},{"type":"Feature","geometry":{"type":"Polygon","coordinates":[[[101.653594,3.077101],[101.655625,3.077101],[101.655625,3.07913],[101.653594,3.07913],[101.653594,3.077101]]]},"properties":{"hand":3.0}},{"type":"Feature","geometry":{"type":"Polygon","coordinates":[[[101.655625,3.077101],[101.657656,3.077101],[101.657656,3.07913],[101.655625,3.07913],[101.655625,3.077101]]]},"properties":{"hand":5.0}},{"type":"Feature","geometry":{"type":"Polygon","coordinates":[[[101.667813,3.077101],[101.669844,3.077101],[101.669844,3.07913],[101.667813,3.07913],[101.667813,3.077101]]]},"properties":{"hand":5.0}},{"type":"Feature","geometry":{"type":"Polygon","coordinates":[[[101.55,3.075072],[101.552031,3.075072],[101.552031,3.077101],[101.55,3.077101],[101.55,3.075072]]]},"properties":{"hand":3.0}},{"type":"Feature","geometry":{"type":"Polygon","coordinates":[[[101.552031,3.075072],[101.554063,3.075072],[101.554063,3.077101],[101.552031,3.077101],[101.552031,3.075072]]]},"properties":{"hand":1.0}},{"type":"Feature","geometry":{"type":"Polygon","coordinates":[[[101.554063,3.075072],[101.556094,3.075072],[101.556094,3.077101],[101.554063,3.077101],[101.554063,3.075072]]]},"properties":{"hand":3.0}},{"type":"Feature","geometry":{"type":"Polygon","coordinates":[[[101.556094,3.075072],[101.558125,3.075072],[101.558125,3.077101],[101.556094,3.077101],[101.556094,3.075072]]]},"properties":{"hand":0.5}},{"type":"Feature","geometry":{"type":"Polygon","coordinates":[[[101.558125,3.075072],[101.560156,3.075072],[101.560156,3.077101],[101.558125,3.077101],[101.558125,3.075072]]]},"properties":{"hand":0.5}},{"type":"Feature","geometry":{"type":"Polygon","coordinates":[[[101.560156,3.075072],[101.562187,3.075072],[101.562187,3.077101],[101.560156,3.077101],[101.560156,3.075072]]]},"properties":{"hand":3.0}},{"type":"Feature","geometry":{"type":"Polygon","coordinates":[[[101.584531,3.075072],[101.586562,3.075072],[101.586562,3.077101],[101.584531,3.077101],[101.584531,3.075072]]]},"properties":{"hand":5.0}},{"type":"Feature","geometry":{"type":"Polygon","coordinates":[[[101.586562,3.075072],[101.588594,3.075072],[101.588594,3.077101],[101.586562,3.077101],[101.586562,3.075072]]]},"properties":{"hand":5.0}},{"type":"Feature","geometry":{"type":"Polygon","coordinates":[[[101.588594,3.075072],[101.590625,3.075072],[101.590625,3.077101],[101.588594,3.077101],[101.588594,3.075072]]]},"properties":{"hand":5.0}},{"type":"Feature","geometry":{"type":"Polygon","coordinates":[[[101.596719,3.075072],[101.59875,3.075072],[101.59875,3.077101],[101.596719,3.077101],[101.596719,3.075072]]]},"properties":{"hand":2.0}},{"type":"Feature","geometry":{"type":"Polygon","coordinates":[[[101.59875,3.075072],[101.600781,3.075072],[101.600781,3.077101],[101.59875,3.077101],[101.59875,3.075072]]]},"properties":{"hand":1.0}},{"type":"Feature","geometry":{"type":"Polygon","coordinates":[[[101.600781,3.075072],[101.602812,3.075072],[101.602812,3.077101],[101.600781,3.077101],[101.600781,3.075072]]]},"properties":{"hand":1.0}},{"type":"Feature","geometry":{"type":"Polygon","coordinates":[[[101.602812,3.075072],[101.604844,3.075072],[101.604844,3.077101],[101.602812,3.077101],[101.602812,3.075072]]]},"properties":{"hand":1.0}},{"type":"Feature","geometry":{"type":"Polygon","coordinates":[[[101.604844,3.075072],[101.606875,3.075072],[101.606875,3.077101],[101.604844,3.077101],[101.604844,3.075072]]]},"properties":{"hand":0.5}},{"type":"Feature","geometry":{"type":"Polygon","coordinates":[[[101.606875,3.075072],[101.608906,3.075072],[101.608906,3.077101],[101.606875,3.077101],[101.606875,3.075072]]]},"properties":{"hand":0.5}},{"type":"Feature","geometry":{"type":"Polygon","coordinates":[[[101.608906,3.075072],[101.610938,3.075072],[101.610938,3.077101],[101.608906,3.077101],[101.608906,3.075072]]]},"properties":{"hand":0.5}},{"type":"Feature","geometry":{"type":"Polygon","coordinates":[[[101.612969,3.075072],[101.615,3.075072],[101.615,3.077101],[101.612969,3.077101],[101.612969,3.075072]]]},"properties":{"hand":3.0}},{"type":"Feature","geometry":{"type":"Polygon","coordinates":[[[101.615,3.075072],[101.617031,3.075072],[101.617031,3.077101],[101.615,3.077101],[101.615,3.075072]]]},"properties":{"hand":2.0}},{"type":"Feature","geometry":{"type":"Polygon","coordinates":[[[101.617031,3.075072],[101.619062,3.075072],[101.619062,3.077101],[101.617031,3.077101],[101.617031,3.075072]]]},"properties":{"hand":2.0}},{"type":"Feature","geometry":{"type":"Polygon","coordinates":[[[101.619062,3.075072],[101.621094,3.075072],[101.621094,3.077101],[101.619062,3.077101],[101.619062,3.075072]]]},"properties":{"hand":3.0}},{"type":"Feature","geometry":{"type":"Polygon","coordinates":[[[101.623125,3.075072],[101.625156,3.075072],[101.625156,3.077101],[101.623125,3.077101],[101.623125,3.075072]]]},"properties":{"hand":3.0}},{"type":"Feature","geometry":{"type":"Polygon","coordinates":[[[101.625156,3.075072],[101.627188,3.075072],[101.627188,3.077101],[101.625156,3.077101],[101.625156,3.075072]]]},"properties":{"hand":3.0}},{"type":"Feature","geometry":{"type":"Polygon","coordinates":[[[101.627188,3.075072],[101.629219,3.075072],[101.629219,3.077101],[101.627188,3.077101],[101.627188,3.075072]]]},"properties":{"hand":3.0}},{"type":"Feature","geometry":{"type":"Polygon","coordinates":[[[101.629219,3.075072],[101.63125,3.075072],[101.63125,3.077101],[101.629219,3.077101],[101.629219,3.075072]]]},"properties":{"hand":5.0}},{"type":"Feature","geometry":{"type":"Polygon","coordinates":[[[101.63125,3.075072],[101.633281,3.075072],[101.633281,3.077101],[101.63125,3.077101],[101.63125,3.075072]]]},"properties":{"hand":2.0}},{"type":"Feature","geometry":{"type":"Polygon","coordinates":[[[101.633281,3.075072],[101.635313,3.075072],[101.635313,3.077101],[101.633281,3.077101],[101.633281,3.075072]]]},"properties":{"hand":0.5}},{"type":"Feature","geometry":{"type":"Polygon","coordinates":[[[101.635312,3.075072],[101.637344,3.075072],[101.637344,3.077101],[101.635312,3.077101],[101.635312,3.075072]]]},"properties":{"hand":0.5}},{"type":"Feature","geometry":{"type":"Polygon","coordinates":[[[101.637344,3.075072],[101.639375,3.075072],[101.639375,3.077101],[101.637344,3.077101],[101.637344,3.075072]]]},"properties":{"hand":2.0}},{"type":"Feature","geometry":{"type":"Polygon","coordinates":[[[101.639375,3.075072],[101.641406,3.075072],[101.641406,3.077101],[101.639375,3.077101],[101.639375,3.075072]]]},"properties":{"hand":3.0}},{"type":"Feature","geometry":{"type":"Polygon","coordinates":[[[101.641406,3.075072],[101.643438,3.075072],[101.643438,3.077101],[101.641406,3.077101],[101.641406,3.075072]]]},"properties":{"hand":2.0}},{"type":"Feature","geometry":{"type":"Polygon","coordinates":[[[101.643438,3.075072],[101.645469,3.075072],[101.645469,3.077101],[101.643438,3.077101],[101.643438,3.075072]]]},"properties":{"hand":1.0}},{"type":"Feature","geometry":{"type":"Polygon","coordinates":[[[101.645469,3.075072],[101.6475,3.075072],[101.6475,3.077101],[101.645469,3.077101],[101.645469,3.075072]]]},"properties":{"hand":0.5}},{"type":"Feature","geometry":{"type":"Polygon","coordinates":[[[101.6475,3.075072],[101.649531,3.075072],[101.649531,3.077101],[101.6475,3.077101],[101.6475,3.075072]]]},"properties":{"hand":1.0}},{"type":"Feature","geometry":{"type":"Polygon","coordinates":[[[101.649531,3.075072],[101.651563,3.075072],[101.651563,3.077101],[101.649531,3.077101],[101.649531,3.075072]]]},"properties":{"hand":2.0}},{"type":"Feature","geometry":{"type":"Polygon","coordinates":[[[101.651563,3.075072],[101.653594,3.075072],[101.653594,3.077101],[101.651563,3.077101],[101.651563,3.075072]]]},"properties":{"hand":3.0}},{"type":"Feature","geometry":{"type":"Polygon","coordinates":[[[101.653594,3.075072],[101.655625,3.075072],[101.655625,3.077101],[101.653594,3.077101],[101.653594,3.075072]]]},"properties":{"hand":2.0}},{"type":"Feature","geometry":{"type":"Polygon","coordinates":[[[101.661719,3.075072],[101.66375,3.075072],[101.66375,3.077101],[101.661719,3.077101],[101.661719,3.075072]]]},"properties":{"hand":5.0}},{"type":"Feature","geometry":{"type":"Polygon","coordinates":[[[101.675938,3.075072],[101.677969,3.075072],[101.677969,3.077101],[101.675938,3.077101],[101.675938,3.075072]]]},"properties":{"hand":3.0}},{"type":"Feature","geometry":{"type":"Polygon","coordinates":[[[101.677969,3.075072],[101.68,3.075072],[101.68,3.077101],[101.677969,3.077101],[101.677969,3.075072]]]},"properties":{"hand":5.0}},{"type":"Feature","geometry":{"type":"Polygon","coordinates":[[[101.55,3.073043],[101.552031,3.073043],[101.552031,3.075072],[101.55,3.075072],[101.55,3.073043]]]},"properties":{"hand":3.0}},{"type":"Feature","geometry":{"type":"Polygon","coordinates":[[[101.552031,3.073043],[101.554063,3.073043],[101.554063,3.075072],[101.552031,3.075072],[101.552031,3.073043]]]},"properties":{"hand":0.5}},{"type":"Feature","geometry":{"type":"Polygon","coordinates":[[[101.554063,3.073043],[101.556094,3.073043],[101.556094,3.075072],[101.554063,3.075072],[101.554063,3.073043]]]},"properties":{"hand":5.0}},{"type":"Feature","geometry":{"type":"Polygon","coordinates":[[[101.556094,3.073043],[101.558125,3.073043],[101.558125,3.075072],[101.556094,3.075072],[101.556094,3.073043]]]},"properties":{"hand":2.0}},{"type":"Feature","geometry":{"type":"Polygon","coordinates":[[[101.558125,3.073043],[101.560156,3.073043],[101.560156,3.075072],[101.558125,3.075072],[101.558125,3.073043]]]},"properties":{"hand":1.0}},{"type":"Feature","geometry":{"type":"Polygon","coordinates":[[[101.560156,3.073043],[101.562187,3.073043],[101.562187,3.075072],[101.560156,3.075072],[101.560156,3.073043]]]},"properties":{"hand":5.0}},{"type":"Feature","geometry":{"type":"Polygon","coordinates":[[[101.574375,3.073043],[101.576406,3.073043],[101.576406,3.075072],[101.574375,3.075072],[101.574375,3.073043]]]},"properties":{"hand":5.0}},{"type":"Feature","geometry":{"type":"Polygon","coordinates":[[[101.584531,3.073043],[101.586562,3.073043],[101.586562,3.075072],[101.584531,3.075072],[101.584531,3.073043]]]},"properties":{"hand":2.0}},{"type":"Feature","geometry":{"type":"Polygon","coordinates":[[[101.586562,3.073043],[101.588594,3.073043],[101.588594,3.075072],[101.586562,3.075072],[101.586562,3.073043]]]},"properties":{"hand":3.0}},{"type":"Feature","geometry":{"type":"Polygon","coordinates":[[[101.590625,3.073043],[101.592656,3.073043],[101.592656,3.075072],[101.590625,3.075072],[101.590625,3.073043]]]},"properties":{"hand":5.0}},{"type":"Feature","geometry":{"type":"Polygon","coordinates":[[[101.594688,3.073043],[101.596719,3.073043],[101.596719,3.075072],[101.594688,3.075072],[101.594688,3.073043]]]},"properties":{"hand":5.0}},{"type":"Feature","geometry":{"type":"Polygon","coordinates":[[[101.596719,3.073043],[101.59875,3.073043],[101.59875,3.075072],[101.596719,3.075072],[101.596719,3.073043]]]},"properties":{"hand":1.0}},{"type":"Feature","geometry":{"type":"Polygon","coordinates":[[[101.59875,3.073043],[101.600781,3.073043],[101.600781,3.075072],[101.59875,3.075072],[101.59875,3.073043]]]},"properties":{"hand":1.0}},{"type":"Feature","geometry":{"type":"Polygon","coordinates":[[[101.600781,3.073043],[101.602812,3.073043],[101.602812,3.075072],[101.600781,3.075072],[101.600781,3.073043]]]},"properties":{"hand":1.0}},{"type":"Feature","geometry":{"type":"Polygon","coordinates":[[[101.602812,3.073043],[101.604844,3.073043],[101.604844,3.075072],[101.602812,3.075072],[101.602812,3.073043]]]},"properties":{"hand":1.0}},{"type":"Feature","geometry":{"type":"Polygon","coordinates":[[[101.604844,3.073043],[101.606875,3.073043],[101.606875,3.075072],[101.604844,3.075072],[101.604844,3.073043]]]},"properties":{"hand":2.0}},{"type":"Feature","geometry":{"type":"Polygon","coordinates":[[[101.606875,3.073043],[101.608906,3.073043],[101.608906,3.075072],[101.606875,3.075072],[101.606875,3.073043]]]},"properties":{"hand":0.5}},{"type":"Feature","geometry":{"type":"Polygon","coordinates":[[[101.608906,3.073043],[101.610938,3.073043],[101.610938,3.075072],[101.608906,3.075072],[101.608906,3.073043]]]},"properties":{"hand":3.0}},{"type":"Feature","geometry":{"type":"Polygon","coordinates":[[[101.610938,3.073043],[101.612969,3.073043],[101.612969,3.075072],[101.610938,3.075072],[101.610938,3.073043]]]},"properties":{"hand":3.0}},{"type":"Feature","geometry":{"type":"Polygon","coordinates":[[[101.612969,3.073043],[101.615,3.073043],[101.615,3.075072],[101.612969,3.075072],[101.612969,3.073043]]]},"properties":{"hand":1.0}},{"type":"Feature","geometry":{"type":"Polygon","coordinates":[[[101.615,3.073043],[101.617031,3.073043],[101.617031,3.075072],[101.615,3.075072],[101.615,3.073043]]]},"properties":{"hand":0.5}},{"type":"Feature","geometry":{"type":"Polygon","coordinates":[[[101.617031,3.073043],[101.619062,3.073043],[101.619062,3.075072],[101.617031,3.075072],[101.617031,3.073043]]]},"properties":{"hand":2.0}},{"type":"Feature","geometry":{"type":"Polygon","coordinates":[[[101.619062,3.073043],[101.621094,3.073043],[101.621094,3.075072],[101.619062,3.075072],[101.619062,3.073043]]]},"properties":{"hand":5.0}},{"type":"Feature","geometry":{"type":"Polygon","coordinates":[[[101.625156,3.073043],[101.627188,3.073043],[101.627188,3.075072],[101.625156,3.075072],[101.625156,3.073043]]]},"properties":{"hand":2.0}},{"type":"Feature","geometry":{"type":"Polygon","coordinates":[[[101.63125,3.073043],[101.633281,3.073043],[101.633281,3.075072],[101.63125,3.075072],[101.63125,3.073043]]]},"properties":{"hand":3.0}},{"type":"Feature","geometry":{"type":"Polygon","coordinates":[[[101.633281,3.073043],[101.635313,3.073043],[101.635313,3.075072],[101.633281,3.075072],[101.633281,3.073043]]]},"properties":{"hand":0.5}},{"type":"Feature","geometry":{"type":"Polygon","coordinates":[[[101.635312,3.073043],[101.637344,3.073043],[101.637344,3.075072],[101.635312,3.075072],[101.635312,3.073043]]]},"properties":{"hand":0.5}},{"type":"Feature","geometry":{"type":"Polygon","coordinates":[[[101.637344,3.073043],[101.639375,3.073043],[101.639375,3.075072],[101.637344,3.075072],[101.637344,3.073043]]]},"properties":{"hand":1.0}},{"type":"Feature","geometry":{"type":"Polygon","coordinates":[[[101.639375,3.073043],[101.641406,3.073043],[101.641406,3.075072],[101.639375,3.075072],[101.639375,3.073043]]]},"properties":{"hand":1.0}},{"type":"Feature","geometry":{"type":"Polygon","coordinates":[[[101.641406,3.073043],[101.643438,3.073043],[101.643438,3.075072],[101.641406,3.075072],[101.641406,3.073043]]]},"properties":{"hand":2.0}},{"type":"Feature","geometry":{"type":"Polygon","coordinates":[[[101.643438,3.073043],[101.645469,3.073043],[101.645469,3.075072],[101.643438,3.075072],[101.643438,3.073043]]]},"properties":{"hand":3.0}},{"type":"Feature","geometry":{"type":"Polygon","coordinates":[[[101.645469,3.073043],[101.6475,3.073043],[101.6475,3.075072],[101.645469,3.075072],[101.645469,3.073043]]]},"properties":{"hand":5.0}},{"type":"Feature","geometry":{"type":"Polygon","coordinates":[[[101.6475,3.073043],[101.649531,3.073043],[101.649531,3.075072],[101.6475,3.075072],[101.6475,3.073043]]]},"properties":{"hand":5.0}},{"type":"Feature","geometry":{"type":"Polygon","coordinates":[[[101.649531,3.073043],[101.651563,3.073043],[101.651563,3.075072],[101.649531,3.075072],[101.649531,3.073043]]]},"properties":{"hand":3.0}},{"type":"Feature","geometry":{"type":"Polygon","coordinates":[[[101.657656,3.073043],[101.659688,3.073043],[101.659688,3.075072],[101.657656,3.075072],[101.657656,3.073043]]]},"properties":{"hand":5.0}},{"type":"Feature","geometry":{"type":"Polygon","coordinates":[[[101.659688,3.073043],[101.661719,3.073043],[101.661719,3.075072],[101.659688,3.075072],[101.659688,3.073043]]]},"properties":{"hand":3.0}},{"type":"Feature","geometry":{"type":"Polygon","coordinates":[[[101.552031,3.071014],[101.554063,3.071014],[101.554063,3.073043],[101.552031,3.073043],[101.552031,3.071014]]]},"properties":{"hand":2.0}},{"type":"Feature","geometry":{"type":"Polygon","coordinates":[[[101.554063,3.071014],[101.556094,3.071014],[101.556094,3.073043],[101.554063,3.073043],[101.554063,3.071014]]]},"properties":{"hand":5.0}},{"type":"Feature","geometry":{"type":"Polygon","coordinates":[[[101.560156,3.071014],[101.562187,3.071014],[101.562187,3.073043],[101.560156,3.073043],[101.560156,3.071014]]]},"properties":{"hand":2.0}},{"type":"Feature","geometry":{"type":"Polygon","coordinates":[[[101.562187,3.071014],[101.564219,3.071014],[101.564219,3.073043],[101.562187,3.073043],[101.562187,3.071014]]]},"properties":{"hand":2.0}},{"type":"Feature","geometry":{"type":"Polygon","coordinates":[[[101.564219,3.071014],[101.56625,3.071014],[101.56625,3.073043],[101.564219,3.073043],[101.564219,3.071014]]]},"properties":{"hand":5.0}},{"type":"Feature","geometry":{"type":"Polygon","coordinates":[[[101.570312,3.071014],[101.572344,3.071014],[101.572344,3.073043],[101.570312,3.073043],[101.570312,3.071014]]]},"properties":{"hand":5.0}},{"type":"Feature","geometry":{"type":"Polygon","coordinates":[[[101.584531,3.071014],[101.586562,3.071014],[101.586562,3.073043],[101.584531,3.073043],[101.584531,3.071014]]]},"properties":{"hand":3.0}},{"type":"Feature","geometry":{"type":"Polygon","coordinates":[[[101.586562,3.071014],[101.588594,3.071014],[101.588594,3.073043],[101.586562,3.073043],[101.586562,3.071014]]]},"properties":{"hand":5.0}},{"type":"Feature","geometry":{"type":"Polygon","coordinates":[[[101.588594,3.071014],[101.590625,3.071014],[101.590625,3.073043],[101.588594,3.073043],[101.588594,3.071014]]]},"properties":{"hand":2.0}},{"type":"Feature","geometry":{"type":"Polygon","coordinates":[[[101.590625,3.071014],[101.592656,3.071014],[101.592656,3.073043],[101.590625,3.073043],[101.590625,3.071014]]]},"properties":{"hand":2.0}},{"type":"Feature","geometry":{"type":"Polygon","coordinates":[[[101.592656,3.071014],[101.594688,3.071014],[101.594688,3.073043],[101.592656,3.073043],[101.592656,3.071014]]]},"properties":{"hand":5.0}},{"type":"Feature","geometry":{"type":"Polygon","coordinates":[[[101.594688,3.071014],[101.596719,3.071014],[101.596719,3.073043],[101.594688,3.073043],[101.594688,3.071014]]]},"properties":{"hand":3.0}},{"type":"Feature","geometry":{"type":"Polygon","coordinates":[[[101.596719,3.071014],[101.59875,3.071014],[101.59875,3.073043],[101.596719,3.073043],[101.596719,3.071014]]]},"properties":{"hand":2.0}},{"type":"Feature","geometry":{"type":"Polygon","coordinates":[[[101.59875,3.071014],[101.600781,3.071014],[101.600781,3.073043],[101.59875,3.073043],[101.59875,3.071014]]]},"properties":{"hand":1.0}},{"type":"Feature","geometry":{"type":"Polygon","coordinates":[[[101.600781,3.071014],[101.602812,3.071014],[101.602812,3.073043],[101.600781,3.073043],[101.600781,3.071014]]]},"properties":{"hand":1.0}},{"type":"Feature","geometry":{"type":"Polygon","coordinates":[[[101.602812,3.071014],[101.604844,3.071014],[101.604844,3.073043],[101.602812,3.073043],[101.602812,3.071014]]]},"properties":{"hand":1.0}},{"type":"Feature","geometry":{"type":"Polygon","coordinates":[[[101.608906,3.071014],[101.610938,3.071014],[101.610938,3.073043],[101.608906,3.073043],[101.608906,3.071014]]]},"properties":{"hand":5.0}},{"type":"Feature","geometry":{"type":"Polygon","coordinates":[[[101.610938,3.071014],[101.612969,3.071014],[101.612969,3.073043],[101.610938,3.073043],[101.610938,3.071014]]]},"properties":{"hand":1.0}},{"type":"Feature","geometry":{"type":"Polygon","coordinates":[[[101.612969,3.071014],[101.615,3.071014],[101.615,3.073043],[101.612969,3.073043],[101.612969,3.071014]]]},"properties":{"hand":1.0}},{"type":"Feature","geometry":{"type":"Polygon","coordinates":[[[101.615,3.071014],[101.617031,3.071014],[101.617031,3.073043],[101.615,3.073043],[101.615,3.071014]]]},"properties":{"hand":0.5}},{"type":"Feature","geometry":{"type":"Polygon","coordinates":[[[101.617031,3.071014],[101.619062,3.071014],[101.619062,3.073043],[101.617031,3.073043],[101.617031,3.071014]]]},"properties":{"hand":3.0}},{"type":"Feature","geometry":{"type":"Polygon","coordinates":[[[101.63125,3.071014],[101.633281,3.071014],[101.633281,3.073043],[101.63125,3.073043],[101.63125,3.071014]]]},"properties":{"hand":2.0}},{"type":"Feature","geometry":{"type":"Polygon","coordinates":[[[101.633281,3.071014],[101.635313,3.071014],[101.635313,3.073043],[101.633281,3.073043],[101.633281,3.071014]]]},"properties":{"hand":2.0}},{"type":"Feature","geometry":{"type":"Polygon","coordinates":[[[101.635312,3.071014],[101.637344,3.071014],[101.637344,3.073043],[101.635312,3.073043],[101.635312,3.071014]]]},"properties":{"hand":2.0}},{"type":"Feature","geometry":{"type":"Polygon","coordinates":[[[101.637344,3.071014],[101.639375,3.071014],[101.639375,3.073043],[101.637344,3.073043],[101.637344,3.071014]]]},"properties":{"hand":1.0}},{"type":"Feature","geometry":{"type":"Polygon","coordinates":[[[101.639375,3.071014],[101.641406,3.071014],[101.641406,3.073043],[101.639375,3.073043],[101.639375,3.071014]]]},"properties":{"hand":2.0}},{"type":"Feature","geometry":{"type":"Polygon","coordinates":[[[101.6475,3.071014],[101.649531,3.071014],[101.649531,3.073043],[101.6475,3.073043],[101.6475,3.071014]]]},"properties":{"hand":3.0}},{"type":"Feature","geometry":{"type":"Polygon","coordinates":[[[101.649531,3.071014],[101.651563,3.071014],[101.651563,3.073043],[101.649531,3.073043],[101.649531,3.071014]]]},"properties":{"hand":2.0}},{"type":"Feature","geometry":{"type":"Polygon","coordinates":[[[101.655625,3.071014],[101.657656,3.071014],[101.657656,3.073043],[101.655625,3.073043],[101.655625,3.071014]]]},"properties":{"hand":5.0}},{"type":"Feature","geometry":{"type":"Polygon","coordinates":[[[101.669844,3.071014],[101.671875,3.071014],[101.671875,3.073043],[101.669844,3.073043],[101.669844,3.071014]]]},"properties":{"hand":5.0}},{"type":"Feature","geometry":{"type":"Polygon","coordinates":[[[101.673906,3.071014],[101.675938,3.071014],[101.675938,3.073043],[101.673906,3.073043],[101.673906,3.071014]]]},"properties":{"hand":5.0}},{"type":"Feature","geometry":{"type":"Polygon","coordinates":[[[101.55,3.068986],[101.552031,3.068986],[101.552031,3.071014],[101.55,3.071014],[101.55,3.068986]]]},"properties":{"hand":0.5}},{"type":"Feature","geometry":{"type":"Polygon","coordinates":[[[101.552031,3.068986],[101.554063,3.068986],[101.554063,3.071014],[101.552031,3.071014],[101.552031,3.068986]]]},"properties":{"hand":2.0}},{"type":"Feature","geometry":{"type":"Polygon","coordinates":[[[101.554063,3.068986],[101.556094,3.068986],[101.556094,3.071014],[101.554063,3.071014],[101.554063,3.068986]]]},"properties":{"hand":3.0}},{"type":"Feature","geometry":{"type":"Polygon","coordinates":[[[101.560156,3.068986],[101.562187,3.068986],[101.562187,3.071014],[101.560156,3.071014],[101.560156,3.068986]]]},"properties":{"hand":3.0}},{"type":"Feature","geometry":{"type":"Polygon","coordinates":[[[101.562187,3.068986],[101.564219,3.068986],[101.564219,3.071014],[101.562187,3.071014],[101.562187,3.068986]]]},"properties":{"hand":5.0}},{"type":"Feature","geometry":{"type":"Polygon","coordinates":[[[101.584531,3.068986],[101.586562,3.068986],[101.586562,3.071014],[101.584531,3.071014],[101.584531,3.068986]]]},"properties":{"hand":5.0}},{"type":"Feature","geometry":{"type":"Polygon","coordinates":[[[101.586562,3.068986],[101.588594,3.068986],[101.588594,3.071014],[101.586562,3.071014],[101.586562,3.068986]]]},"properties":{"hand":5.0}},{"type":"Feature","geometry":{"type":"Polygon","coordinates":[[[101.588594,3.068986],[101.590625,3.068986],[101.590625,3.071014],[101.588594,3.071014],[101.588594,3.068986]]]},"properties":{"hand":5.0}},{"type":"Feature","geometry":{"type":"Polygon","coordinates":[[[101.594688,3.068986],[101.596719,3.068986],[101.596719,3.071014],[101.594688,3.071014],[101.594688,3.068986]]]},"properties":{"hand":2.0}},{"type":"Feature","geometry":{"type":"Polygon","coordinates":[[[101.596719,3.068986],[101.59875,3.068986],[101.59875,3.071014],[101.596719,3.071014],[101.596719,3.068986]]]},"properties":{"hand":2.0}},{"type":"Feature","geometry":{"type":"Polygon","coordinates":[[[101.59875,3.068986],[101.600781,3.068986],[101.600781,3.071014],[101.59875,3.071014],[101.59875,3.068986]]]},"properties":{"hand":1.0}},{"type":"Feature","geometry":{"type":"Polygon","coordinates":[[[101.600781,3.068986],[101.602812,3.068986],[101.602812,3.071014],[101.600781,3.071014],[101.600781,3.068986]]]},"properties":{"hand":2.0}},{"type":"Feature","geometry":{"type":"Polygon","coordinates":[[[101.602812,3.068986],[101.604844,3.068986],[101.604844,3.071014],[101.602812,3.071014],[101.602812,3.068986]]]},"properties":{"hand":2.0}},{"type":"Feature","geometry":{"type":"Polygon","coordinates":[[[101.604844,3.068986],[101.606875,3.068986],[101.606875,3.071014],[101.604844,3.071014],[101.604844,3.068986]]]},"properties":{"hand":0.5}},{"type":"Feature","geometry":{"type":"Polygon","coordinates":[[[101.606875,3.068986],[101.608906,3.068986],[101.608906,3.071014],[101.606875,3.071014],[101.606875,3.068986]]]},"properties":{"hand":0.5}},{"type":"Feature","geometry":{"type":"Polygon","coordinates":[[[101.608906,3.068986],[101.610938,3.068986],[101.610938,3.071014],[101.608906,3.071014],[101.608906,3.068986]]]},"properties":{"hand":0.5}},{"type":"Feature","geometry":{"type":"Polygon","coordinates":[[[101.610938,3.068986],[101.612969,3.068986],[101.612969,3.071014],[101.610938,3.071014],[101.610938,3.068986]]]},"properties":{"hand":2.0}},{"type":"Feature","geometry":{"type":"Polygon","coordinates":[[[101.612969,3.068986],[101.615,3.068986],[101.615,3.071014],[101.612969,3.071014],[101.612969,3.068986]]]},"properties":{"hand":0.5}},{"type":"Feature","geometry":{"type":"Polygon","coordinates":[[[101.615,3.068986],[101.617031,3.068986],[101.617031,3.071014],[101.615,3.071014],[101.615,3.068986]]]},"properties":{"hand":2.0}},{"type":"Feature","geometry":{"type":"Polygon","coordinates":[[[101.617031,3.068986],[101.619062,3.068986],[101.619062,3.071014],[101.617031,3.071014],[101.617031,3.068986]]]},"properties":{"hand":5.0}},{"type":"Feature","geometry":{"type":"Polygon","coordinates":[[[101.625156,3.068986],[101.627188,3.068986],[101.627188,3.071014],[101.625156,3.071014],[101.625156,3.068986]]]},"properties":{"hand":3.0}},{"type":"Feature","geometry":{"type":"Polygon","coordinates":[[[101.627188,3.068986],[101.629219,3.068986],[101.629219,3.071014],[101.627188,3.071014],[101.627188,3.068986]]]},"properties":{"hand":2.0}},{"type":"Feature","geometry":{"type":"Polygon","coordinates":[[[101.629219,3.068986],[101.63125,3.068986],[101.63125,3.071014],[101.629219,3.071014],[101.629219,3.068986]]]},"properties":{"hand":5.0}},{"type":"Feature","geometry":{"type":"Polygon","coordinates":[[[101.653594,3.068986],[101.655625,3.068986],[101.655625,3.071014],[101.653594,3.071014],[101.653594,3.068986]]]},"properties":{"hand":5.0}},{"type":"Feature","geometry":{"type":"Polygon","coordinates":[[[101.655625,3.068986],[101.657656,3.068986],[101.657656,3.071014],[101.655625,3.071014],[101.655625,3.068986]]]},"properties":{"hand":5.0}},{"type":"Feature","geometry":{"type":"Polygon","coordinates":[[[101.671875,3.068986],[101.673906,3.068986],[101.673906,3.071014],[101.671875,3.071014],[101.671875,3.068986]]]},"properties":{"hand":3.0}},{"type":"Feature","geometry":{"type":"Polygon","coordinates":[[[101.673906,3.068986],[101.675938,3.068986],[101.675938,3.071014],[101.673906,3.071014],[101.673906,3.068986]]]},"properties":{"hand":5.0}},{"type":"Feature","geometry":{"type":"Polygon","coordinates":[[[101.55,3.066957],[101.552031,3.066957],[101.552031,3.068986],[101.55,3.068986],[101.55,3.066957]]]},"properties":{"hand":0.5}},{"type":"Feature","geometry":{"type":"Polygon","coordinates":[[[101.552031,3.066957],[101.554063,3.066957],[101.554063,3.068986],[101.552031,3.068986],[101.552031,3.066957]]]},"properties":{"hand":0.5}},{"type":"Feature","geometry":{"type":"Polygon","coordinates":[[[101.554063,3.066957],[101.556094,3.066957],[101.556094,3.068986],[101.554063,3.068986],[101.554063,3.066957]]]},"properties":{"hand":1.0}},{"type":"Feature","geometry":{"type":"Polygon","coordinates":[[[101.558125,3.066957],[101.560156,3.066957],[101.560156,3.068986],[101.558125,3.068986],[101.558125,3.066957]]]},"properties":{"hand":5.0}},{"type":"Feature","geometry":{"type":"Polygon","coordinates":[[[101.560156,3.066957],[101.562187,3.066957],[101.562187,3.068986],[101.560156,3.068986],[101.560156,3.066957]]]},"properties":{"hand":3.0}},{"type":"Feature","geometry":{"type":"Polygon","coordinates":[[[101.562187,3.066957],[101.564219,3.066957],[101.564219,3.068986],[101.562187,3.068986],[101.562187,3.066957]]]},"properties":{"hand":3.0}},{"type":"Feature","geometry":{"type":"Polygon","coordinates":[[[101.56625,3.066957],[101.568281,3.066957],[101.568281,3.068986],[101.56625,3.068986],[101.56625,3.066957]]]},"properties":{"hand":5.0}},{"type":"Feature","geometry":{"type":"Polygon","coordinates":[[[101.568281,3.066957],[101.570312,3.066957],[101.570312,3.068986],[101.568281,3.068986],[101.568281,3.066957]]]},"properties":{"hand":5.0}},{"type":"Feature","geometry":{"type":"Polygon","coordinates":[[[101.570312,3.066957],[101.572344,3.066957],[101.572344,3.068986],[101.570312,3.068986],[101.570312,3.066957]]]},"properties":{"hand":5.0}},{"type":"Feature","geometry":{"type":"Polygon","coordinates":[[[101.584531,3.066957],[101.586562,3.066957],[101.586562,3.068986],[101.584531,3.068986],[101.584531,3.066957]]]},"properties":{"hand":5.0}},{"type":"Feature","geometry":{"type":"Polygon","coordinates":[[[101.594688,3.066957],[101.596719,3.066957],[101.596719,3.068986],[101.594688,3.068986],[101.594688,3.066957]]]},"properties":{"hand":3.0}},{"type":"Feature","geometry":{"type":"Polygon","coordinates":[[[101.596719,3.066957],[101.59875,3.066957],[101.59875,3.068986],[101.596719,3.068986],[101.596719,3.066957]]]},"properties":{"hand":2.0}},{"type":"Feature","geometry":{"type":"Polygon","coordinates":[[[101.59875,3.066957],[101.600781,3.066957],[101.600781,3.068986],[101.59875,3.068986],[101.59875,3.066957]]]},"properties":{"hand":2.0}},{"type":"Feature","geometry":{"type":"Polygon","coordinates":[[[101.600781,3.066957],[101.602812,3.066957],[101.602812,3.068986],[101.600781,3.068986],[101.600781,3.066957]]]},"properties":{"hand":2.0}},{"type":"Feature","geometry":{"type":"Polygon","coordinates":[[[101.602812,3.066957],[101.604844,3.066957],[101.604844,3.068986],[101.602812,3.068986],[101.602812,3.066957]]]},"properties":{"hand":2.0}},{"type":"Feature","geometry":{"type":"Polygon","coordinates":[[[101.604844,3.066957],[101.606875,3.066957],[101.606875,3.068986],[101.604844,3.068986],[101.604844,3.066957]]]},"properties":{"hand":0.5}},{"type":"Feature","geometry":{"type":"Polygon","coordinates":[[[101.606875,3.066957],[101.608906,3.066957],[101.608906,3.068986],[101.606875,3.068986],[101.606875,3.066957]]]},"properties":{"hand":0.5}},{"type":"Feature","geometry":{"type":"Polygon","coordinates":[[[101.608906,3.066957],[101.610938,3.066957],[101.610938,3.068986],[101.608906,3.068986],[101.608906,3.066957]]]},"properties":{"hand":1.0}},{"type":"Feature","geometry":{"type":"Polygon","coordinates":[[[101.610938,3.066957],[101.612969,3.066957],[101.612969,3.068986],[101.610938,3.068986],[101.610938,3.066957]]]},"properties":{"hand":1.0}},{"type":"Feature","geometry":{"type":"Polygon","coordinates":[[[101.612969,3.066957],[101.615,3.066957],[101.615,3.068986],[101.612969,3.068986],[101.612969,3.066957]]]},"properties":{"hand":0.5}},{"type":"Feature","geometry":{"type":"Polygon","coordinates":[[[101.615,3.066957],[101.617031,3.066957],[101.617031,3.068986],[101.615,3.068986],[101.615,3.066957]]]},"properties":{"hand":0.5}},{"type":"Feature","geometry":{"type":"Polygon","coordinates":[[[101.627188,3.066957],[101.629219,3.066957],[101.629219,3.068986],[101.627188,3.068986],[101.627188,3.066957]]]},"properties":{"hand":0.5}},{"type":"Feature","geometry":{"type":"Polygon","coordinates":[[[101.629219,3.066957],[101.63125,3.066957],[101.63125,3.068986],[101.629219,3.068986],[101.629219,3.066957]]]},"properties":{"hand":3.0}},{"type":"Feature","geometry":{"type":"Polygon","coordinates":[[[101.63125,3.066957],[101.633281,3.066957],[101.633281,3.068986],[101.63125,3.068986],[101.63125,3.066957]]]},"properties":{"hand":3.0}},{"type":"Feature","geometry":{"type":"Polygon","coordinates":[[[101.633281,3.066957],[101.635313,3.066957],[101.635313,3.068986],[101.633281,3.068986],[101.633281,3.066957]]]},"properties":{"hand":5.0}},{"type":"Feature","geometry":{"type":"Polygon","coordinates":[[[101.635312,3.066957],[101.637344,3.066957],[101.637344,3.068986],[101.635312,3.068986],[101.635312,3.066957]]]},"properties":{"hand":3.0}},{"type":"Feature","geometry":{"type":"Polygon","coordinates":[[[101.637344,3.066957],[101.639375,3.066957],[101.639375,3.068986],[101.637344,3.068986],[101.637344,3.066957]]]},"properties":{"hand":3.0}},{"type":"Feature","geometry":{"type":"Polygon","coordinates":[[[101.639375,3.066957],[101.641406,3.066957],[101.641406,3.068986],[101.639375,3.068986],[101.639375,3.066957]]]},"properties":{"hand":5.0}},{"type":"Feature","geometry":{"type":"Polygon","coordinates":[[[101.641406,3.066957],[101.643438,3.066957],[101.643438,3.068986],[101.641406,3.068986],[101.641406,3.066957]]]},"properties":{"hand":0.5}},{"type":"Feature","geometry":{"type":"Polygon","coordinates":[[[101.643438,3.066957],[101.645469,3.066957],[101.645469,3.068986],[101.643438,3.068986],[101.643438,3.066957]]]},"properties":{"hand":1.0}},{"type":"Feature","geometry":{"type":"Polygon","coordinates":[[[101.645469,3.066957],[101.6475,3.066957],[101.6475,3.068986],[101.645469,3.068986],[101.645469,3.066957]]]},"properties":{"hand":2.0}},{"type":"Feature","geometry":{"type":"Polygon","coordinates":[[[101.6475,3.066957],[101.649531,3.066957],[101.649531,3.068986],[101.6475,3.068986],[101.6475,3.066957]]]},"properties":{"hand":5.0}},{"type":"Feature","geometry":{"type":"Polygon","coordinates":[[[101.653594,3.066957],[101.655625,3.066957],[101.655625,3.068986],[101.653594,3.068986],[101.653594,3.066957]]]},"properties":{"hand":5.0}},{"type":"Feature","geometry":{"type":"Polygon","coordinates":[[[101.655625,3.066957],[101.657656,3.066957],[101.657656,3.068986],[101.655625,3.068986],[101.655625,3.066957]]]},"properties":{"hand":0.5}},{"type":"Feature","geometry":{"type":"Polygon","coordinates":[[[101.665781,3.066957],[101.667813,3.066957],[101.667813,3.068986],[101.665781,3.068986],[101.665781,3.066957]]]},"properties":{"hand":5.0}},{"type":"Feature","geometry":{"type":"Polygon","coordinates":[[[101.673906,3.066957],[101.675938,3.066957],[101.675938,3.068986],[101.673906,3.068986],[101.673906,3.066957]]]},"properties":{"hand":3.0}},{"type":"Feature","geometry":{"type":"Polygon","coordinates":[[[101.675938,3.066957],[101.677969,3.066957],[101.677969,3.068986],[101.675938,3.068986],[101.675938,3.066957]]]},"properties":{"hand":3.0}},{"type":"Feature","geometry":{"type":"Polygon","coordinates":[[[101.677969,3.066957],[101.68,3.066957],[101.68,3.068986],[101.677969,3.068986],[101.677969,3.066957]]]},"properties":{"hand":1.0}},{"type":"Feature","geometry":{"type":"Polygon","coordinates":[[[101.552031,3.064928],[101.554063,3.064928],[101.554063,3.066957],[101.552031,3.066957],[101.552031,3.064928]]]},"properties":{"hand":0.5}},{"type":"Feature","geometry":{"type":"Polygon","coordinates":[[[101.554063,3.064928],[101.556094,3.064928],[101.556094,3.066957],[101.554063,3.066957],[101.554063,3.064928]]]},"properties":{"hand":0.5}},{"type":"Feature","geometry":{"type":"Polygon","coordinates":[[[101.562187,3.064928],[101.564219,3.064928],[101.564219,3.066957],[101.562187,3.066957],[101.562187,3.064928]]]},"properties":{"hand":2.0}},{"type":"Feature","geometry":{"type":"Polygon","coordinates":[[[101.568281,3.064928],[101.570312,3.064928],[101.570312,3.066957],[101.568281,3.066957],[101.568281,3.064928]]]},"properties":{"hand":5.0}},{"type":"Feature","geometry":{"type":"Polygon","coordinates":[[[101.570312,3.064928],[101.572344,3.064928],[101.572344,3.066957],[101.570312,3.066957],[101.570312,3.064928]]]},"properties":{"hand":3.0}},{"type":"Feature","geometry":{"type":"Polygon","coordinates":[[[101.572344,3.064928],[101.574375,3.064928],[101.574375,3.066957],[101.572344,3.066957],[101.572344,3.064928]]]},"properties":{"hand":3.0}},{"type":"Feature","geometry":{"type":"Polygon","coordinates":[[[101.574375,3.064928],[101.576406,3.064928],[101.576406,3.066957],[101.574375,3.066957],[101.574375,3.064928]]]},"properties":{"hand":3.0}},{"type":"Feature","geometry":{"type":"Polygon","coordinates":[[[101.576406,3.064928],[101.578438,3.064928],[101.578438,3.066957],[101.576406,3.066957],[101.576406,3.064928]]]},"properties":{"hand":2.0}},{"type":"Feature","geometry":{"type":"Polygon","coordinates":[[[101.578437,3.064928],[101.580469,3.064928],[101.580469,3.066957],[101.578437,3.066957],[101.578437,3.064928]]]},"properties":{"hand":5.0}},{"type":"Feature","geometry":{"type":"Polygon","coordinates":[[[101.584531,3.064928],[101.586562,3.064928],[101.586562,3.066957],[101.584531,3.066957],[101.584531,3.064928]]]},"properties":{"hand":5.0}},{"type":"Feature","geometry":{"type":"Polygon","coordinates":[[[101.586562,3.064928],[101.588594,3.064928],[101.588594,3.066957],[101.586562,3.066957],[101.586562,3.064928]]]},"properties":{"hand":3.0}},{"type":"Feature","geometry":{"type":"Polygon","coordinates":[[[101.588594,3.064928],[101.590625,3.064928],[101.590625,3.066957],[101.588594,3.066957],[101.588594,3.064928]]]},"properties":{"hand":3.0}},{"type":"Feature","geometry":{"type":"Polygon","coordinates":[[[101.590625,3.064928],[101.592656,3.064928],[101.592656,3.066957],[101.590625,3.066957],[101.590625,3.064928]]]},"properties":{"hand":3.0}},{"type":"Feature","geometry":{"type":"Polygon","coordinates":[[[101.592656,3.064928],[101.594688,3.064928],[101.594688,3.066957],[101.592656,3.066957],[101.592656,3.064928]]]},"properties":{"hand":3.0}},{"type":"Feature","geometry":{"type":"Polygon","coordinates":[[[101.594688,3.064928],[101.596719,3.064928],[101.596719,3.066957],[101.594688,3.066957],[101.594688,3.064928]]]},"properties":{"hand":2.0}},{"type":"Feature","geometry":{"type":"Polygon","coordinates":[[[101.596719,3.064928],[101.59875,3.064928],[101.59875,3.066957],[101.596719,3.066957],[101.596719,3.064928]]]},"properties":{"hand":2.0}},{"type":"Feature","geometry":{"type":"Polygon","coordinates":[[[101.59875,3.064928],[101.600781,3.064928],[101.600781,3.066957],[101.59875,3.066957],[101.59875,3.064928]]]},"properties":{"hand":0.5}},{"type":"Feature","geometry":{"type":"Polygon","coordinates":[[[101.600781,3.064928],[101.602812,3.064928],[101.602812,3.066957],[101.600781,3.066957],[101.600781,3.064928]]]},"properties":{"hand":3.0}},{"type":"Feature","geometry":{"type":"Polygon","coordinates":[[[101.602812,3.064928],[101.604844,3.064928],[101.604844,3.066957],[101.602812,3.066957],[101.602812,3.064928]]]},"properties":{"hand":2.0}},{"type":"Feature","geometry":{"type":"Polygon","coordinates":[[[101.604844,3.064928],[101.606875,3.064928],[101.606875,3.066957],[101.604844,3.066957],[101.604844,3.064928]]]},"properties":{"hand":3.0}},{"type":"Feature","geometry":{"type":"Polygon","coordinates":[[[101.606875,3.064928],[101.608906,3.064928],[101.608906,3.066957],[101.606875,3.066957],[101.606875,3.064928]]]},"properties":{"hand":2.0}},{"type":"Feature","geometry":{"type":"Polygon","coordinates":[[[101.610938,3.064928],[101.612969,3.064928],[101.612969,3.066957],[101.610938,3.066957],[101.610938,3.064928]]]},"properties":{"hand":2.0}},{"type":"Feature","geometry":{"type":"Polygon","coordinates":[[[101.612969,3.064928],[101.615,3.064928],[101.615,3.066957],[101.612969,3.066957],[101.612969,3.064928]]]},"properties":{"hand":0.5}},{"type":"Feature","geometry":{"type":"Polygon","coordinates":[[[101.627188,3.064928],[101.629219,3.064928],[101.629219,3.066957],[101.627188,3.066957],[101.627188,3.064928]]]},"properties":{"hand":5.0}},{"type":"Feature","geometry":{"type":"Polygon","coordinates":[[[101.629219,3.064928],[101.63125,3.064928],[101.63125,3.066957],[101.629219,3.066957],[101.629219,3.064928]]]},"properties":{"hand":5.0}},{"type":"Feature","geometry":{"type":"Polygon","coordinates":[[[101.63125,3.064928],[101.633281,3.064928],[101.633281,3.066957],[101.63125,3.066957],[101.63125,3.064928]]]},"properties":{"hand":2.0}},{"type":"Feature","geometry":{"type":"Polygon","coordinates":[[[101.633281,3.064928],[101.635313,3.064928],[101.635313,3.066957],[101.633281,3.066957],[101.633281,3.064928]]]},"properties":{"hand":0.5}},{"type":"Feature","geometry":{"type":"Polygon","coordinates":[[[101.635312,3.064928],[101.637344,3.064928],[101.637344,3.066957],[101.635312,3.066957],[101.635312,3.064928]]]},"properties":{"hand":2.0}},{"type":"Feature","geometry":{"type":"Polygon","coordinates":[[[101.637344,3.064928],[101.639375,3.064928],[101.639375,3.066957],[101.637344,3.066957],[101.637344,3.064928]]]},"properties":{"hand":2.0}},{"type":"Feature","geometry":{"type":"Polygon","coordinates":[[[101.639375,3.064928],[101.641406,3.064928],[101.641406,3.066957],[101.639375,3.066957],[101.639375,3.064928]]]},"properties":{"hand":3.0}},{"type":"Feature","geometry":{"type":"Polygon","coordinates":[[[101.641406,3.064928],[101.643438,3.064928],[101.643438,3.066957],[101.641406,3.066957],[101.641406,3.064928]]]},"properties":{"hand":1.0}},{"type":"Feature","geometry":{"type":"Polygon","coordinates":[[[101.643438,3.064928],[101.645469,3.064928],[101.645469,3.066957],[101.643438,3.066957],[101.643438,3.064928]]]},"properties":{"hand":0.5}},{"type":"Feature","geometry":{"type":"Polygon","coordinates":[[[101.645469,3.064928],[101.6475,3.064928],[101.6475,3.066957],[101.645469,3.066957],[101.645469,3.064928]]]},"properties":{"hand":0.5}},{"type":"Feature","geometry":{"type":"Polygon","coordinates":[[[101.6475,3.064928],[101.649531,3.064928],[101.649531,3.066957],[101.6475,3.066957],[101.6475,3.064928]]]},"properties":{"hand":1.0}},{"type":"Feature","geometry":{"type":"Polygon","coordinates":[[[101.649531,3.064928],[101.651563,3.064928],[101.651563,3.066957],[101.649531,3.066957],[101.649531,3.064928]]]},"properties":{"hand":2.0}},{"type":"Feature","geometry":{"type":"Polygon","coordinates":[[[101.651563,3.064928],[101.653594,3.064928],[101.653594,3.066957],[101.651563,3.066957],[101.651563,3.064928]]]},"properties":{"hand":2.0}},{"type":"Feature","geometry":{"type":"Polygon","coordinates":[[[101.653594,3.064928],[101.655625,3.064928],[101.655625,3.066957],[101.653594,3.066957],[101.653594,3.064928]]]},"properties":{"hand":0.5}},{"type":"Feature","geometry":{"type":"Polygon","coordinates":[[[101.655625,3.064928],[101.657656,3.064928],[101.657656,3.066957],[101.655625,3.066957],[101.655625,3.064928]]]},"properties":{"hand":2.0}},{"type":"Feature","geometry":{"type":"Polygon","coordinates":[[[101.657656,3.064928],[101.659688,3.064928],[101.659688,3.066957],[101.657656,3.066957],[101.657656,3.064928]]]},"properties":{"hand":3.0}},{"type":"Feature","geometry":{"type":"Polygon","coordinates":[[[101.659688,3.064928],[101.661719,3.064928],[101.661719,3.066957],[101.659688,3.066957],[101.659688,3.064928]]]},"properties":{"hand":3.0}},{"type":"Feature","geometry":{"type":"Polygon","coordinates":[[[101.661719,3.064928],[101.66375,3.064928],[101.66375,3.066957],[101.661719,3.066957],[101.661719,3.064928]]]},"properties":{"hand":1.0}},{"type":"Feature","geometry":{"type":"Polygon","coordinates":[[[101.66375,3.064928],[101.665781,3.064928],[101.665781,3.066957],[101.66375,3.066957],[101.66375,3.064928]]]},"properties":{"hand":2.0}},{"type":"Feature","geometry":{"type":"Polygon","coordinates":[[[101.552031,3.062899],[101.554063,3.062899],[101.554063,3.064928],[101.552031,3.064928],[101.552031,3.062899]]]},"properties":{"hand":3.0}},{"type":"Feature","geometry":{"type":"Polygon","coordinates":[[[101.554063,3.062899],[101.556094,3.062899],[101.556094,3.064928],[101.554063,3.064928],[101.554063,3.062899]]]},"properties":{"hand":0.5}},{"type":"Feature","geometry":{"type":"Polygon","coordinates":[[[101.556094,3.062899],[101.558125,3.062899],[101.558125,3.064928],[101.556094,3.064928],[101.556094,3.062899]]]},"properties":{"hand":5.0}},{"type":"Feature","geometry":{"type":"Polygon","coordinates":[[[101.562187,3.062899],[101.564219,3.062899],[101.564219,3.064928],[101.562187,3.064928],[101.562187,3.062899]]]},"properties":{"hand":3.0}},{"type":"Feature","geometry":{"type":"Polygon","coordinates":[[[101.568281,3.062899],[101.570312,3.062899],[101.570312,3.064928],[101.568281,3.064928],[101.568281,3.062899]]]},"properties":{"hand":5.0}},{"type":"Feature","geometry":{"type":"Polygon","coordinates":[[[101.576406,3.062899],[101.578438,3.062899],[101.578438,3.064928],[101.576406,3.064928],[101.576406,3.062899]]]},"properties":{"hand":2.0}},{"type":"Feature","geometry":{"type":"Polygon","coordinates":[[[101.578437,3.062899],[101.580469,3.062899],[101.580469,3.064928],[101.578437,3.064928],[101.578437,3.062899]]]},"properties":{"hand":5.0}},{"type":"Feature","geometry":{"type":"Polygon","coordinates":[[[101.586562,3.062899],[101.588594,3.062899],[101.588594,3.064928],[101.586562,3.064928],[101.586562,3.062899]]]},"properties":{"hand":5.0}},{"type":"Feature","geometry":{"type":"Polygon","coordinates":[[[101.588594,3.062899],[101.590625,3.062899],[101.590625,3.064928],[101.588594,3.064928],[101.588594,3.062899]]]},"properties":{"hand":5.0}},{"type":"Feature","geometry":{"type":"Polygon","coordinates":[[[101.590625,3.062899],[101.592656,3.062899],[101.592656,3.064928],[101.590625,3.064928],[101.590625,3.062899]]]},"properties":{"hand":2.0}},{"type":"Feature","geometry":{"type":"Polygon","coordinates":[[[101.592656,3.062899],[101.594688,3.062899],[101.594688,3.064928],[101.592656,3.064928],[101.592656,3.062899]]]},"properties":{"hand":5.0}},{"type":"Feature","geometry":{"type":"Polygon","coordinates":[[[101.594688,3.062899],[101.596719,3.062899],[101.596719,3.064928],[101.594688,3.064928],[101.594688,3.062899]]]},"properties":{"hand":3.0}},{"type":"Feature","geometry":{"type":"Polygon","coordinates":[[[101.596719,3.062899],[101.59875,3.062899],[101.59875,3.064928],[101.596719,3.064928],[101.596719,3.062899]]]},"properties":{"hand":5.0}},{"type":"Feature","geometry":{"type":"Polygon","coordinates":[[[101.59875,3.062899],[101.600781,3.062899],[101.600781,3.064928],[101.59875,3.064928],[101.59875,3.062899]]]},"properties":{"hand":5.0}},{"type":"Feature","geometry":{"type":"Polygon","coordinates":[[[101.600781,3.062899],[101.602812,3.062899],[101.602812,3.064928],[101.600781,3.064928],[101.600781,3.062899]]]},"properties":{"hand":3.0}},{"type":"Feature","geometry":{"type":"Polygon","coordinates":[[[101.602812,3.062899],[101.604844,3.062899],[101.604844,3.064928],[101.602812,3.064928],[101.602812,3.062899]]]},"properties":{"hand":0.5}},{"type":"Feature","geometry":{"type":"Polygon","coordinates":[[[101.604844,3.062899],[101.606875,3.062899],[101.606875,3.064928],[101.604844,3.064928],[101.604844,3.062899]]]},"properties":{"hand":0.5}},{"type":"Feature","geometry":{"type":"Polygon","coordinates":[[[101.606875,3.062899],[101.608906,3.062899],[101.608906,3.064928],[101.606875,3.064928],[101.606875,3.062899]]]},"properties":{"hand":0.5}},{"type":"Feature","geometry":{"type":"Polygon","coordinates":[[[101.608906,3.062899],[101.610938,3.062899],[101.610938,3.064928],[101.608906,3.064928],[101.608906,3.062899]]]},"properties":{"hand":0.5}},{"type":"Feature","geometry":{"type":"Polygon","coordinates":[[[101.610938,3.062899],[101.612969,3.062899],[101.612969,3.064928],[101.610938,3.064928],[101.610938,3.062899]]]},"properties":{"hand":5.0}},{"type":"Feature","geometry":{"type":"Polygon","coordinates":[[[101.612969,3.062899],[101.615,3.062899],[101.615,3.064928],[101.612969,3.064928],[101.612969,3.062899]]]},"properties":{"hand":2.0}},{"type":"Feature","geometry":{"type":"Polygon","coordinates":[[[101.615,3.062899],[101.617031,3.062899],[101.617031,3.064928],[101.615,3.064928],[101.615,3.062899]]]},"properties":{"hand":5.0}},{"type":"Feature","geometry":{"type":"Polygon","coordinates":[[[101.63125,3.062899],[101.633281,3.062899],[101.633281,3.064928],[101.63125,3.064928],[101.63125,3.062899]]]},"properties":{"hand":2.0}},{"type":"Feature","geometry":{"type":"Polygon","coordinates":[[[101.633281,3.062899],[101.635313,3.062899],[101.635313,3.064928],[101.633281,3.064928],[101.633281,3.062899]]]},"properties":{"hand":0.5}},{"type":"Feature","geometry":{"type":"Polygon","coordinates":[[[101.635312,3.062899],[101.637344,3.062899],[101.637344,3.064928],[101.635312,3.064928],[101.635312,3.062899]]]},"properties":{"hand":0.5}},{"type":"Feature","geometry":{"type":"Polygon","coordinates":[[[101.637344,3.062899],[101.639375,3.062899],[101.639375,3.064928],[101.637344,3.064928],[101.637344,3.062899]]]},"properties":{"hand":1.0}},{"type":"Feature","geometry":{"type":"Polygon","coordinates":[[[101.639375,3.062899],[101.641406,3.062899],[101.641406,3.064928],[101.639375,3.064928],[101.639375,3.062899]]]},"properties":{"hand":3.0}},{"type":"Feature","geometry":{"type":"Polygon","coordinates":[[[101.641406,3.062899],[101.643438,3.062899],[101.643438,3.064928],[101.641406,3.064928],[101.641406,3.062899]]]},"properties":{"hand":2.0}},{"type":"Feature","geometry":{"type":"Polygon","coordinates":[[[101.643438,3.062899],[101.645469,3.062899],[101.645469,3.064928],[101.643438,3.064928],[101.643438,3.062899]]]},"properties":{"hand":0.5}},{"type":"Feature","geometry":{"type":"Polygon","coordinates":[[[101.645469,3.062899],[101.6475,3.062899],[101.6475,3.064928],[101.645469,3.064928],[101.645469,3.062899]]]},"properties":{"hand":2.0}},{"type":"Feature","geometry":{"type":"Polygon","coordinates":[[[101.6475,3.062899],[101.649531,3.062899],[101.649531,3.064928],[101.6475,3.064928],[101.6475,3.062899]]]},"properties":{"hand":3.0}},{"type":"Feature","geometry":{"type":"Polygon","coordinates":[[[101.649531,3.062899],[101.651563,3.062899],[101.651563,3.064928],[101.649531,3.064928],[101.649531,3.062899]]]},"properties":{"hand":2.0}},{"type":"Feature","geometry":{"type":"Polygon","coordinates":[[[101.651563,3.062899],[101.653594,3.062899],[101.653594,3.064928],[101.651563,3.064928],[101.651563,3.062899]]]},"properties":{"hand":2.0}},{"type":"Feature","geometry":{"type":"Polygon","coordinates":[[[101.653594,3.062899],[101.655625,3.062899],[101.655625,3.064928],[101.653594,3.064928],[101.653594,3.062899]]]},"properties":{"hand":0.5}},{"type":"Feature","geometry":{"type":"Polygon","coordinates":[[[101.655625,3.062899],[101.657656,3.062899],[101.657656,3.064928],[101.655625,3.064928],[101.655625,3.062899]]]},"properties":{"hand":0.5}},{"type":"Feature","geometry":{"type":"Polygon","coordinates":[[[101.657656,3.062899],[101.659688,3.062899],[101.659688,3.064928],[101.657656,3.064928],[101.657656,3.062899]]]},"properties":{"hand":0.5}},{"type":"Feature","geometry":{"type":"Polygon","coordinates":[[[101.659688,3.062899],[101.661719,3.062899],[101.661719,3.064928],[101.659688,3.064928],[101.659688,3.062899]]]},"properties":{"hand":5.0}},{"type":"Feature","geometry":{"type":"Polygon","coordinates":[[[101.669844,3.062899],[101.671875,3.062899],[101.671875,3.064928],[101.669844,3.064928],[101.669844,3.062899]]]},"properties":{"hand":5.0}},{"type":"Feature","geometry":{"type":"Polygon","coordinates":[[[101.671875,3.062899],[101.673906,3.062899],[101.673906,3.064928],[101.671875,3.064928],[101.671875,3.062899]]]},"properties":{"hand":5.0}},{"type":"Feature","geometry":{"type":"Polygon","coordinates":[[[101.673906,3.062899],[101.675938,3.062899],[101.675938,3.064928],[101.673906,3.064928],[101.673906,3.062899]]]},"properties":{"hand":1.0}},{"type":"Feature","geometry":{"type":"Polygon","coordinates":[[[101.675938,3.062899],[101.677969,3.062899],[101.677969,3.064928],[101.675938,3.064928],[101.675938,3.062899]]]},"properties":{"hand":0.5}},{"type":"Feature","geometry":{"type":"Polygon","coordinates":[[[101.677969,3.062899],[101.68,3.062899],[101.68,3.064928],[101.677969,3.064928],[101.677969,3.062899]]]},"properties":{"hand":2.0}},{"type":"Feature","geometry":{"type":"Polygon","coordinates":[[[101.55,3.06087],[101.552031,3.06087],[101.552031,3.062899],[101.55,3.062899],[101.55,3.06087]]]},"properties":{"hand":5.0}},{"type":"Feature","geometry":{"type":"Polygon","coordinates":[[[101.552031,3.06087],[101.554063,3.06087],[101.554063,3.062899],[101.552031,3.062899],[101.552031,3.06087]]]},"properties":{"hand":3.0}},{"type":"Feature","geometry":{"type":"Polygon","coordinates":[[[101.554063,3.06087],[101.556094,3.06087],[101.556094,3.062899],[101.554063,3.062899],[101.554063,3.06087]]]},"properties":{"hand":0.5}},{"type":"Feature","geometry":{"type":"Polygon","coordinates":[[[101.564219,3.06087],[101.56625,3.06087],[101.56625,3.062899],[101.564219,3.062899],[101.564219,3.06087]]]},"properties":{"hand":5.0}},{"type":"Feature","geometry":{"type":"Polygon","coordinates":[[[101.56625,3.06087],[101.568281,3.06087],[101.568281,3.062899],[101.56625,3.062899],[101.56625,3.06087]]]},"properties":{"hand":5.0}},{"type":"Feature","geometry":{"type":"Polygon","coordinates":[[[101.570312,3.06087],[101.572344,3.06087],[101.572344,3.062899],[101.570312,3.062899],[101.570312,3.06087]]]},"properties":{"hand":5.0}},{"type":"Feature","geometry":{"type":"Polygon","coordinates":[[[101.584531,3.06087],[101.586562,3.06087],[101.586562,3.062899],[101.584531,3.062899],[101.584531,3.06087]]]},"properties":{"hand":1.0}},{"type":"Feature","geometry":{"type":"Polygon","coordinates":[[[101.586562,3.06087],[101.588594,3.06087],[101.588594,3.062899],[101.586562,3.062899],[101.586562,3.06087]]]},"properties":{"hand":5.0}},{"type":"Feature","geometry":{"type":"Polygon","coordinates":[[[101.588594,3.06087],[101.590625,3.06087],[101.590625,3.062899],[101.588594,3.062899],[101.588594,3.06087]]]},"properties":{"hand":5.0}},{"type":"Feature","geometry":{"type":"Polygon","coordinates":[[[101.590625,3.06087],[101.592656,3.06087],[101.592656,3.062899],[101.590625,3.062899],[101.590625,3.06087]]]},"properties":{"hand":2.0}},{"type":"Feature","geometry":{"type":"Polygon","coordinates":[[[101.594688,3.06087],[101.596719,3.06087],[101.596719,3.062899],[101.594688,3.062899],[101.594688,3.06087]]]},"properties":{"hand":2.0}},{"type":"Feature","geometry":{"type":"Polygon","coordinates":[[[101.596719,3.06087],[101.59875,3.06087],[101.59875,3.062899],[101.596719,3.062899],[101.596719,3.06087]]]},"properties":{"hand":2.0}},{"type":"Feature","geometry":{"type":"Polygon","coordinates":[[[101.59875,3.06087],[101.600781,3.06087],[101.600781,3.062899],[101.59875,3.062899],[101.59875,3.06087]]]},"properties":{"hand":3.0}},{"type":"Feature","geometry":{"type":"Polygon","coordinates":[[[101.600781,3.06087],[101.602812,3.06087],[101.602812,3.062899],[101.600781,3.062899],[101.600781,3.06087]]]},"properties":{"hand":0.5}},{"type":"Feature","geometry":{"type":"Polygon","coordinates":[[[101.602812,3.06087],[101.604844,3.06087],[101.604844,3.062899],[101.602812,3.062899],[101.602812,3.06087]]]},"properties":{"hand":0.5}},{"type":"Feature","geometry":{"type":"Polygon","coordinates":[[[101.604844,3.06087],[101.606875,3.06087],[101.606875,3.062899],[101.604844,3.062899],[101.604844,3.06087]]]},"properties":{"hand":0.5}},{"type":"Feature","geometry":{"type":"Polygon","coordinates":[[[101.606875,3.06087],[101.608906,3.06087],[101.608906,3.062899],[101.606875,3.062899],[101.606875,3.06087]]]},"properties":{"hand":0.5}},{"type":"Feature","geometry":{"type":"Polygon","coordinates":[[[101.608906,3.06087],[101.610938,3.06087],[101.610938,3.062899],[101.608906,3.062899],[101.608906,3.06087]]]},"properties":{"hand":1.0}},{"type":"Feature","geometry":{"type":"Polygon","coordinates":[[[101.610938,3.06087],[101.612969,3.06087],[101.612969,3.062899],[101.610938,3.062899],[101.610938,3.06087]]]},"properties":{"hand":3.0}},{"type":"Feature","geometry":{"type":"Polygon","coordinates":[[[101.612969,3.06087],[101.615,3.06087],[101.615,3.062899],[101.612969,3.062899],[101.612969,3.06087]]]},"properties":{"hand":2.0}},{"type":"Feature","geometry":{"type":"Polygon","coordinates":[[[101.615,3.06087],[101.617031,3.06087],[101.617031,3.062899],[101.615,3.062899],[101.615,3.06087]]]},"properties":{"hand":0.5}},{"type":"Feature","geometry":{"type":"Polygon","coordinates":[[[101.617031,3.06087],[101.619062,3.06087],[101.619062,3.062899],[101.617031,3.062899],[101.617031,3.06087]]]},"properties":{"hand":1.0}},{"type":"Feature","geometry":{"type":"Polygon","coordinates":[[[101.633281,3.06087],[101.635313,3.06087],[101.635313,3.062899],[101.633281,3.062899],[101.633281,3.06087]]]},"properties":{"hand":3.0}},{"type":"Feature","geometry":{"type":"Polygon","coordinates":[[[101.635312,3.06087],[101.637344,3.06087],[101.637344,3.062899],[101.635312,3.062899],[101.635312,3.06087]]]},"properties":{"hand":3.0}},{"type":"Feature","geometry":{"type":"Polygon","coordinates":[[[101.637344,3.06087],[101.639375,3.06087],[101.639375,3.062899],[101.637344,3.062899],[101.637344,3.06087]]]},"properties":{"hand":2.0}},{"type":"Feature","geometry":{"type":"Polygon","coordinates":[[[101.639375,3.06087],[101.641406,3.06087],[101.641406,3.062899],[101.639375,3.062899],[101.639375,3.06087]]]},"properties":{"hand":2.0}},{"type":"Feature","geometry":{"type":"Polygon","coordinates":[[[101.641406,3.06087],[101.643438,3.06087],[101.643438,3.062899],[101.641406,3.062899],[101.641406,3.06087]]]},"properties":{"hand":5.0}},{"type":"Feature","geometry":{"type":"Polygon","coordinates":[[[101.643438,3.06087],[101.645469,3.06087],[101.645469,3.062899],[101.643438,3.062899],[101.643438,3.06087]]]},"properties":{"hand":2.0}},{"type":"Feature","geometry":{"type":"Polygon","coordinates":[[[101.645469,3.06087],[101.6475,3.06087],[101.6475,3.062899],[101.645469,3.062899],[101.645469,3.06087]]]},"properties":{"hand":3.0}},{"type":"Feature","geometry":{"type":"Polygon","coordinates":[[[101.6475,3.06087],[101.649531,3.06087],[101.649531,3.062899],[101.6475,3.062899],[101.6475,3.06087]]]},"properties":{"hand":2.0}},{"type":"Feature","geometry":{"type":"Polygon","coordinates":[[[101.649531,3.06087],[101.651563,3.06087],[101.651563,3.062899],[101.649531,3.062899],[101.649531,3.06087]]]},"properties":{"hand":2.0}},{"type":"Feature","geometry":{"type":"Polygon","coordinates":[[[101.651563,3.06087],[101.653594,3.06087],[101.653594,3.062899],[101.651563,3.062899],[101.651563,3.06087]]]},"properties":{"hand":0.5}},{"type":"Feature","geometry":{"type":"Polygon","coordinates":[[[101.653594,3.06087],[101.655625,3.06087],[101.655625,3.062899],[101.653594,3.062899],[101.653594,3.06087]]]},"properties":{"hand":0.5}},{"type":"Feature","geometry":{"type":"Polygon","coordinates":[[[101.655625,3.06087],[101.657656,3.06087],[101.657656,3.062899],[101.655625,3.062899],[101.655625,3.06087]]]},"properties":{"hand":0.5}},{"type":"Feature","geometry":{"type":"Polygon","coordinates":[[[101.657656,3.06087],[101.659688,3.06087],[101.659688,3.062899],[101.657656,3.062899],[101.657656,3.06087]]]},"properties":{"hand":2.0}},{"type":"Feature","geometry":{"type":"Polygon","coordinates":[[[101.55,3.058841],[101.552031,3.058841],[101.552031,3.06087],[101.55,3.06087],[101.55,3.058841]]]},"properties":{"hand":5.0}},{"type":"Feature","geometry":{"type":"Polygon","coordinates":[[[101.552031,3.058841],[101.554063,3.058841],[101.554063,3.06087],[101.552031,3.06087],[101.552031,3.058841]]]},"properties":{"hand":0.5}},{"type":"Feature","geometry":{"type":"Polygon","coordinates":[[[101.554063,3.058841],[101.556094,3.058841],[101.556094,3.06087],[101.554063,3.06087],[101.554063,3.058841]]]},"properties":{"hand":0.5}},{"type":"Feature","geometry":{"type":"Polygon","coordinates":[[[101.556094,3.058841],[101.558125,3.058841],[101.558125,3.06087],[101.556094,3.06087],[101.556094,3.058841]]]},"properties":{"hand":3.0}},{"type":"Feature","geometry":{"type":"Polygon","coordinates":[[[101.56625,3.058841],[101.568281,3.058841],[101.568281,3.06087],[101.56625,3.06087],[101.56625,3.058841]]]},"properties":{"hand":3.0}},{"type":"Feature","geometry":{"type":"Polygon","coordinates":[[[101.568281,3.058841],[101.570312,3.058841],[101.570312,3.06087],[101.568281,3.06087],[101.568281,3.058841]]]},"properties":{"hand":5.0}},{"type":"Feature","geometry":{"type":"Polygon","coordinates":[[[101.572344,3.058841],[101.574375,3.058841],[101.574375,3.06087],[101.572344,3.06087],[101.572344,3.058841]]]},"properties":{"hand":2.0}},{"type":"Feature","geometry":{"type":"Polygon","coordinates":[[[101.574375,3.058841],[101.576406,3.058841],[101.576406,3.06087],[101.574375,3.06087],[101.574375,3.058841]]]},"properties":{"hand":5.0}},{"type":"Feature","geometry":{"type":"Polygon","coordinates":[[[101.5825,3.058841],[101.584531,3.058841],[101.584531,3.06087],[101.5825,3.06087],[101.5825,3.058841]]]},"properties":{"hand":5.0}},{"type":"Feature","geometry":{"type":"Polygon","coordinates":[[[101.584531,3.058841],[101.586562,3.058841],[101.586562,3.06087],[101.584531,3.06087],[101.584531,3.058841]]]},"properties":{"hand":5.0}},{"type":"Feature","geometry":{"type":"Polygon","coordinates":[[[101.586562,3.058841],[101.588594,3.058841],[101.588594,3.06087],[101.586562,3.06087],[101.586562,3.058841]]]},"properties":{"hand":3.0}},{"type":"Feature","geometry":{"type":"Polygon","coordinates":[[[101.588594,3.058841],[101.590625,3.058841],[101.590625,3.06087],[101.588594,3.06087],[101.588594,3.058841]]]},"properties":{"hand":5.0}},{"type":"Feature","geometry":{"type":"Polygon","coordinates":[[[101.590625,3.058841],[101.592656,3.058841],[101.592656,3.06087],[101.590625,3.06087],[101.590625,3.058841]]]},"properties":{"hand":3.0}},{"type":"Feature","geometry":{"type":"Polygon","coordinates":[[[101.594688,3.058841],[101.596719,3.058841],[101.596719,3.06087],[101.594688,3.06087],[101.594688,3.058841]]]},"properties":{"hand":3.0}},{"type":"Feature","geometry":{"type":"Polygon","coordinates":[[[101.596719,3.058841],[101.59875,3.058841],[101.59875,3.06087],[101.596719,3.06087],[101.596719,3.058841]]]},"properties":{"hand":3.0}},{"type":"Feature","geometry":{"type":"Polygon","coordinates":[[[101.59875,3.058841],[101.600781,3.058841],[101.600781,3.06087],[101.59875,3.06087],[101.59875,3.058841]]]},"properties":{"hand":3.0}},{"type":"Feature","geometry":{"type":"Polygon","coordinates":[[[101.600781,3.058841],[101.602812,3.058841],[101.602812,3.06087],[101.600781,3.06087],[101.600781,3.058841]]]},"properties":{"hand":2.0}},{"type":"Feature","geometry":{"type":"Polygon","coordinates":[[[101.602812,3.058841],[101.604844,3.058841],[101.604844,3.06087],[101.602812,3.06087],[101.602812,3.058841]]]},"properties":{"hand":2.0}},{"type":"Feature","geometry":{"type":"Polygon","coordinates":[[[101.604844,3.058841],[101.606875,3.058841],[101.606875,3.06087],[101.604844,3.06087],[101.604844,3.058841]]]},"properties":{"hand":0.5}},{"type":"Feature","geometry":{"type":"Polygon","coordinates":[[[101.606875,3.058841],[101.608906,3.058841],[101.608906,3.06087],[101.606875,3.06087],[101.606875,3.058841]]]},"properties":{"hand":2.0}},{"type":"Feature","geometry":{"type":"Polygon","coordinates":[[[101.608906,3.058841],[101.610938,3.058841],[101.610938,3.06087],[101.608906,3.06087],[101.608906,3.058841]]]},"properties":{"hand":3.0}},{"type":"Feature","geometry":{"type":"Polygon","coordinates":[[[101.610938,3.058841],[101.612969,3.058841],[101.612969,3.06087],[101.610938,3.06087],[101.610938,3.058841]]]},"properties":{"hand":2.0}},{"type":"Feature","geometry":{"type":"Polygon","coordinates":[[[101.612969,3.058841],[101.615,3.058841],[101.615,3.06087],[101.612969,3.06087],[101.612969,3.058841]]]},"properties":{"hand":3.0}},{"type":"Feature","geometry":{"type":"Polygon","coordinates":[[[101.615,3.058841],[101.617031,3.058841],[101.617031,3.06087],[101.615,3.06087],[101.615,3.058841]]]},"properties":{"hand":2.0}},{"type":"Feature","geometry":{"type":"Polygon","coordinates":[[[101.619062,3.058841],[101.621094,3.058841],[101.621094,3.06087],[101.619062,3.06087],[101.619062,3.058841]]]},"properties":{"hand":5.0}},{"type":"Feature","geometry":{"type":"Polygon","coordinates":[[[101.635312,3.058841],[101.637344,3.058841],[101.637344,3.06087],[101.635312,3.06087],[101.635312,3.058841]]]},"properties":{"hand":5.0}},{"type":"Feature","geometry":{"type":"Polygon","coordinates":[[[101.637344,3.058841],[101.639375,3.058841],[101.639375,3.06087],[101.637344,3.06087],[101.637344,3.058841]]]},"properties":{"hand":1.0}},{"type":"Feature","geometry":{"type":"Polygon","coordinates":[[[101.639375,3.058841],[101.641406,3.058841],[101.641406,3.06087],[101.639375,3.06087],[101.639375,3.058841]]]},"properties":{"hand":5.0}},{"type":"Feature","geometry":{"type":"Polygon","coordinates":[[[101.641406,3.058841],[101.643438,3.058841],[101.643438,3.06087],[101.641406,3.06087],[101.641406,3.058841]]]},"properties":{"hand":3.0}},{"type":"Feature","geometry":{"type":"Polygon","coordinates":[[[101.643438,3.058841],[101.645469,3.058841],[101.645469,3.06087],[101.643438,3.06087],[101.643438,3.058841]]]},"properties":{"hand":2.0}},{"type":"Feature","geometry":{"type":"Polygon","coordinates":[[[101.645469,3.058841],[101.6475,3.058841],[101.6475,3.06087],[101.645469,3.06087],[101.645469,3.058841]]]},"properties":{"hand":2.0}},{"type":"Feature","geometry":{"type":"Polygon","coordinates":[[[101.6475,3.058841],[101.649531,3.058841],[101.649531,3.06087],[101.6475,3.06087],[101.6475,3.058841]]]},"properties":{"hand":2.0}},{"type":"Feature","geometry":{"type":"Polygon","coordinates":[[[101.649531,3.058841],[101.651563,3.058841],[101.651563,3.06087],[101.649531,3.06087],[101.649531,3.058841]]]},"properties":{"hand":3.0}},{"type":"Feature","geometry":{"type":"Polygon","coordinates":[[[101.651563,3.058841],[101.653594,3.058841],[101.653594,3.06087],[101.651563,3.06087],[101.651563,3.058841]]]},"properties":{"hand":5.0}},{"type":"Feature","geometry":{"type":"Polygon","coordinates":[[[101.659688,3.058841],[101.661719,3.058841],[101.661719,3.06087],[101.659688,3.06087],[101.659688,3.058841]]]},"properties":{"hand":3.0}},{"type":"Feature","geometry":{"type":"Polygon","coordinates":[[[101.661719,3.058841],[101.66375,3.058841],[101.66375,3.06087],[101.661719,3.06087],[101.661719,3.058841]]]},"properties":{"hand":5.0}},{"type":"Feature","geometry":{"type":"Polygon","coordinates":[[[101.675938,3.058841],[101.677969,3.058841],[101.677969,3.06087],[101.675938,3.06087],[101.675938,3.058841]]]},"properties":{"hand":5.0}},{"type":"Feature","geometry":{"type":"Polygon","coordinates":[[[101.55,3.056812],[101.552031,3.056812],[101.552031,3.058841],[101.55,3.058841],[101.55,3.056812]]]},"properties":{"hand":2.0}},{"type":"Feature","geometry":{"type":"Polygon","coordinates":[[[101.552031,3.056812],[101.554063,3.056812],[101.554063,3.058841],[101.552031,3.058841],[101.552031,3.056812]]]},"properties":{"hand":0.5}},{"type":"Feature","geometry":{"type":"Polygon","coordinates":[[[101.554063,3.056812],[101.556094,3.056812],[101.556094,3.058841],[101.554063,3.058841],[101.554063,3.056812]]]},"properties":{"hand":0.5}},{"type":"Feature","geometry":{"type":"Polygon","coordinates":[[[101.562187,3.056812],[101.564219,3.056812],[101.564219,3.058841],[101.562187,3.058841],[101.562187,3.056812]]]},"properties":{"hand":2.0}},{"type":"Feature","geometry":{"type":"Polygon","coordinates":[[[101.568281,3.056812],[101.570312,3.056812],[101.570312,3.058841],[101.568281,3.058841],[101.568281,3.056812]]]},"properties":{"hand":5.0}},{"type":"Feature","geometry":{"type":"Polygon","coordinates":[[[101.570312,3.056812],[101.572344,3.056812],[101.572344,3.058841],[101.570312,3.058841],[101.570312,3.056812]]]},"properties":{"hand":5.0}},{"type":"Feature","geometry":{"type":"Polygon","coordinates":[[[101.572344,3.056812],[101.574375,3.056812],[101.574375,3.058841],[101.572344,3.058841],[101.572344,3.056812]]]},"properties":{"hand":5.0}},{"type":"Feature","geometry":{"type":"Polygon","coordinates":[[[101.574375,3.056812],[101.576406,3.056812],[101.576406,3.058841],[101.574375,3.058841],[101.574375,3.056812]]]},"properties":{"hand":3.0}},{"type":"Feature","geometry":{"type":"Polygon","coordinates":[[[101.578437,3.056812],[101.580469,3.056812],[101.580469,3.058841],[101.578437,3.058841],[101.578437,3.056812]]]},"properties":{"hand":5.0}},{"type":"Feature","geometry":{"type":"Polygon","coordinates":[[[101.5825,3.056812],[101.584531,3.056812],[101.584531,3.058841],[101.5825,3.058841],[101.5825,3.056812]]]},"properties":{"hand":5.0}},{"type":"Feature","geometry":{"type":"Polygon","coordinates":[[[101.584531,3.056812],[101.586562,3.056812],[101.586562,3.058841],[101.584531,3.058841],[101.584531,3.056812]]]},"properties":{"hand":5.0}},{"type":"Feature","geometry":{"type":"Polygon","coordinates":[[[101.586562,3.056812],[101.588594,3.056812],[101.588594,3.058841],[101.586562,3.058841],[101.586562,3.056812]]]},"properties":{"hand":2.0}},{"type":"Feature","geometry":{"type":"Polygon","coordinates":[[[101.588594,3.056812],[101.590625,3.056812],[101.590625,3.058841],[101.588594,3.058841],[101.588594,3.056812]]]},"properties":{"hand":2.0}},{"type":"Feature","geometry":{"type":"Polygon","coordinates":[[[101.590625,3.056812],[101.592656,3.056812],[101.592656,3.058841],[101.590625,3.058841],[101.590625,3.056812]]]},"properties":{"hand":5.0}},{"type":"Feature","geometry":{"type":"Polygon","coordinates":[[[101.592656,3.056812],[101.594688,3.056812],[101.594688,3.058841],[101.592656,3.058841],[101.592656,3.056812]]]},"properties":{"hand":2.0}},{"type":"Feature","geometry":{"type":"Polygon","coordinates":[[[101.594688,3.056812],[101.596719,3.056812],[101.596719,3.058841],[101.594688,3.058841],[101.594688,3.056812]]]},"properties":{"hand":5.0}},{"type":"Feature","geometry":{"type":"Polygon","coordinates":[[[101.596719,3.056812],[101.59875,3.056812],[101.59875,3.058841],[101.596719,3.058841],[101.596719,3.056812]]]},"properties":{"hand":0.5}},{"type":"Feature","geometry":{"type":"Polygon","coordinates":[[[101.59875,3.056812],[101.600781,3.056812],[101.600781,3.058841],[101.59875,3.058841],[101.59875,3.056812]]]},"properties":{"hand":3.0}},{"type":"Feature","geometry":{"type":"Polygon","coordinates":[[[101.600781,3.056812],[101.602812,3.056812],[101.602812,3.058841],[101.600781,3.058841],[101.600781,3.056812]]]},"properties":{"hand":3.0}},{"type":"Feature","geometry":{"type":"Polygon","coordinates":[[[101.602812,3.056812],[101.604844,3.056812],[101.604844,3.058841],[101.602812,3.058841],[101.602812,3.056812]]]},"properties":{"hand":3.0}},{"type":"Feature","geometry":{"type":"Polygon","coordinates":[[[101.604844,3.056812],[101.606875,3.056812],[101.606875,3.058841],[101.604844,3.058841],[101.604844,3.056812]]]},"properties":{"hand":2.0}},{"type":"Feature","geometry":{"type":"Polygon","coordinates":[[[101.606875,3.056812],[101.608906,3.056812],[101.608906,3.058841],[101.606875,3.058841],[101.606875,3.056812]]]},"properties":{"hand":3.0}},{"type":"Feature","geometry":{"type":"Polygon","coordinates":[[[101.608906,3.056812],[101.610938,3.056812],[101.610938,3.058841],[101.608906,3.058841],[101.608906,3.056812]]]},"properties":{"hand":3.0}},{"type":"Feature","geometry":{"type":"Polygon","coordinates":[[[101.610938,3.056812],[101.612969,3.056812],[101.612969,3.058841],[101.610938,3.058841],[101.610938,3.056812]]]},"properties":{"hand":2.0}},{"type":"Feature","geometry":{"type":"Polygon","coordinates":[[[101.617031,3.056812],[101.619062,3.056812],[101.619062,3.058841],[101.617031,3.058841],[101.617031,3.056812]]]},"properties":{"hand":3.0}},{"type":"Feature","geometry":{"type":"Polygon","coordinates":[[[101.619062,3.056812],[101.621094,3.056812],[101.621094,3.058841],[101.619062,3.058841],[101.619062,3.056812]]]},"properties":{"hand":3.0}},{"type":"Feature","geometry":{"type":"Polygon","coordinates":[[[101.621094,3.056812],[101.623125,3.056812],[101.623125,3.058841],[101.621094,3.058841],[101.621094,3.056812]]]},"properties":{"hand":2.0}},{"type":"Feature","geometry":{"type":"Polygon","coordinates":[[[101.623125,3.056812],[101.625156,3.056812],[101.625156,3.058841],[101.623125,3.058841],[101.623125,3.056812]]]},"properties":{"hand":3.0}},{"type":"Feature","geometry":{"type":"Polygon","coordinates":[[[101.627188,3.056812],[101.629219,3.056812],[101.629219,3.058841],[101.627188,3.058841],[101.627188,3.056812]]]},"properties":{"hand":5.0}},{"type":"Feature","geometry":{"type":"Polygon","coordinates":[[[101.637344,3.056812],[101.639375,3.056812],[101.639375,3.058841],[101.637344,3.058841],[101.637344,3.056812]]]},"properties":{"hand":5.0}},{"type":"Feature","geometry":{"type":"Polygon","coordinates":[[[101.639375,3.056812],[101.641406,3.056812],[101.641406,3.058841],[101.639375,3.058841],[101.639375,3.056812]]]},"properties":{"hand":5.0}},{"type":"Feature","geometry":{"type":"Polygon","coordinates":[[[101.645469,3.056812],[101.6475,3.056812],[101.6475,3.058841],[101.645469,3.058841],[101.645469,3.056812]]]},"properties":{"hand":5.0}},{"type":"Feature","geometry":{"type":"Polygon","coordinates":[[[101.6475,3.056812],[101.649531,3.056812],[101.649531,3.058841],[101.6475,3.058841],[101.6475,3.056812]]]},"properties":{"hand":2.0}},{"type":"Feature","geometry":{"type":"Polygon","coordinates":[[[101.649531,3.056812],[101.651563,3.056812],[101.651563,3.058841],[101.649531,3.058841],[101.649531,3.056812]]]},"properties":{"hand":5.0}},{"type":"Feature","geometry":{"type":"Polygon","coordinates":[[[101.657656,3.056812],[101.659688,3.056812],[101.659688,3.058841],[101.657656,3.058841],[101.657656,3.056812]]]},"properties":{"hand":5.0}},{"type":"Feature","geometry":{"type":"Polygon","coordinates":[[[101.675938,3.056812],[101.677969,3.056812],[101.677969,3.058841],[101.675938,3.058841],[101.675938,3.056812]]]},"properties":{"hand":0.5}},{"type":"Feature","geometry":{"type":"Polygon","coordinates":[[[101.677969,3.056812],[101.68,3.056812],[101.68,3.058841],[101.677969,3.058841],[101.677969,3.056812]]]},"properties":{"hand":5.0}},{"type":"Feature","geometry":{"type":"Polygon","coordinates":[[[101.55,3.054783],[101.552031,3.054783],[101.552031,3.056812],[101.55,3.056812],[101.55,3.054783]]]},"properties":{"hand":3.0}},{"type":"Feature","geometry":{"type":"Polygon","coordinates":[[[101.552031,3.054783],[101.554063,3.054783],[101.554063,3.056812],[101.552031,3.056812],[101.552031,3.054783]]]},"properties":{"hand":0.5}},{"type":"Feature","geometry":{"type":"Polygon","coordinates":[[[101.554063,3.054783],[101.556094,3.054783],[101.556094,3.056812],[101.554063,3.056812],[101.554063,3.054783]]]},"properties":{"hand":2.0}},{"type":"Feature","geometry":{"type":"Polygon","coordinates":[[[101.560156,3.054783],[101.562187,3.054783],[101.562187,3.056812],[101.560156,3.056812],[101.560156,3.054783]]]},"properties":{"hand":5.0}},{"type":"Feature","geometry":{"type":"Polygon","coordinates":[[[101.562187,3.054783],[101.564219,3.054783],[101.564219,3.056812],[101.562187,3.056812],[101.562187,3.054783]]]},"properties":{"hand":5.0}},{"type":"Feature","geometry":{"type":"Polygon","coordinates":[[[101.568281,3.054783],[101.570312,3.054783],[101.570312,3.056812],[101.568281,3.056812],[101.568281,3.054783]]]},"properties":{"hand":0.5}},{"type":"Feature","geometry":{"type":"Polygon","coordinates":[[[101.570312,3.054783],[101.572344,3.054783],[101.572344,3.056812],[101.570312,3.056812],[101.570312,3.054783]]]},"properties":{"hand":5.0}},{"type":"Feature","geometry":{"type":"Polygon","coordinates":[[[101.572344,3.054783],[101.574375,3.054783],[101.574375,3.056812],[101.572344,3.056812],[101.572344,3.054783]]]},"properties":{"hand":3.0}},{"type":"Feature","geometry":{"type":"Polygon","coordinates":[[[101.574375,3.054783],[101.576406,3.054783],[101.576406,3.056812],[101.574375,3.056812],[101.574375,3.054783]]]},"properties":{"hand":5.0}},{"type":"Feature","geometry":{"type":"Polygon","coordinates":[[[101.578437,3.054783],[101.580469,3.054783],[101.580469,3.056812],[101.578437,3.056812],[101.578437,3.054783]]]},"properties":{"hand":5.0}},{"type":"Feature","geometry":{"type":"Polygon","coordinates":[[[101.5825,3.054783],[101.584531,3.054783],[101.584531,3.056812],[101.5825,3.056812],[101.5825,3.054783]]]},"properties":{"hand":5.0}},{"type":"Feature","geometry":{"type":"Polygon","coordinates":[[[101.584531,3.054783],[101.586562,3.054783],[101.586562,3.056812],[101.584531,3.056812],[101.584531,3.054783]]]},"properties":{"hand":3.0}},{"type":"Feature","geometry":{"type":"Polygon","coordinates":[[[101.586562,3.054783],[101.588594,3.054783],[101.588594,3.056812],[101.586562,3.056812],[101.586562,3.054783]]]},"properties":{"hand":2.0}},{"type":"Feature","geometry":{"type":"Polygon","coordinates":[[[101.588594,3.054783],[101.590625,3.054783],[101.590625,3.056812],[101.588594,3.056812],[101.588594,3.054783]]]},"properties":{"hand":2.0}},{"type":"Feature","geometry":{"type":"Polygon","coordinates":[[[101.590625,3.054783],[101.592656,3.054783],[101.592656,3.056812],[101.590625,3.056812],[101.590625,3.054783]]]},"properties":{"hand":2.0}},{"type":"Feature","geometry":{"type":"Polygon","coordinates":[[[101.592656,3.054783],[101.594688,3.054783],[101.594688,3.056812],[101.592656,3.056812],[101.592656,3.054783]]]},"properties":{"hand":3.0}},{"type":"Feature","geometry":{"type":"Polygon","coordinates":[[[101.594688,3.054783],[101.596719,3.054783],[101.596719,3.056812],[101.594688,3.056812],[101.594688,3.054783]]]},"properties":{"hand":2.0}},{"type":"Feature","geometry":{"type":"Polygon","coordinates":[[[101.596719,3.054783],[101.59875,3.054783],[101.59875,3.056812],[101.596719,3.056812],[101.596719,3.054783]]]},"properties":{"hand":3.0}},{"type":"Feature","geometry":{"type":"Polygon","coordinates":[[[101.59875,3.054783],[101.600781,3.054783],[101.600781,3.056812],[101.59875,3.056812],[101.59875,3.054783]]]},"properties":{"hand":2.0}},{"type":"Feature","geometry":{"type":"Polygon","coordinates":[[[101.600781,3.054783],[101.602812,3.054783],[101.602812,3.056812],[101.600781,3.056812],[101.600781,3.054783]]]},"properties":{"hand":3.0}},{"type":"Feature","geometry":{"type":"Polygon","coordinates":[[[101.602812,3.054783],[101.604844,3.054783],[101.604844,3.056812],[101.602812,3.056812],[101.602812,3.054783]]]},"properties":{"hand":3.0}},{"type":"Feature","geometry":{"type":"Polygon","coordinates":[[[101.606875,3.054783],[101.608906,3.054783],[101.608906,3.056812],[101.606875,3.056812],[101.606875,3.054783]]]},"properties":{"hand":2.0}},{"type":"Feature","geometry":{"type":"Polygon","coordinates":[[[101.608906,3.054783],[101.610938,3.054783],[101.610938,3.056812],[101.608906,3.056812],[101.608906,3.054783]]]},"properties":{"hand":5.0}},{"type":"Feature","geometry":{"type":"Polygon","coordinates":[[[101.615,3.054783],[101.617031,3.054783],[101.617031,3.056812],[101.615,3.056812],[101.615,3.054783]]]},"properties":{"hand":5.0}},{"type":"Feature","geometry":{"type":"Polygon","coordinates":[[[101.617031,3.054783],[101.619062,3.054783],[101.619062,3.056812],[101.617031,3.056812],[101.617031,3.054783]]]},"properties":{"hand":5.0}},{"type":"Feature","geometry":{"type":"Polygon","coordinates":[[[101.621094,3.054783],[101.623125,3.054783],[101.623125,3.056812],[101.621094,3.056812],[101.621094,3.054783]]]},"properties":{"hand":5.0}},{"type":"Feature","geometry":{"type":"Polygon","coordinates":[[[101.623125,3.054783],[101.625156,3.054783],[101.625156,3.056812],[101.623125,3.056812],[101.623125,3.054783]]]},"properties":{"hand":5.0}},{"type":"Feature","geometry":{"type":"Polygon","coordinates":[[[101.629219,3.054783],[101.63125,3.054783],[101.63125,3.056812],[101.629219,3.056812],[101.629219,3.054783]]]},"properties":{"hand":5.0}},{"type":"Feature","geometry":{"type":"Polygon","coordinates":[[[101.637344,3.054783],[101.639375,3.054783],[101.639375,3.056812],[101.637344,3.056812],[101.637344,3.054783]]]},"properties":{"hand":5.0}},{"type":"Feature","geometry":{"type":"Polygon","coordinates":[[[101.639375,3.054783],[101.641406,3.054783],[101.641406,3.056812],[101.639375,3.056812],[101.639375,3.054783]]]},"properties":{"hand":3.0}},{"type":"Feature","geometry":{"type":"Polygon","coordinates":[[[101.6475,3.054783],[101.649531,3.054783],[101.649531,3.056812],[101.6475,3.056812],[101.6475,3.054783]]]},"properties":{"hand":5.0}},{"type":"Feature","geometry":{"type":"Polygon","coordinates":[[[101.649531,3.054783],[101.651563,3.054783],[101.651563,3.056812],[101.649531,3.056812],[101.649531,3.054783]]]},"properties":{"hand":5.0}},{"type":"Feature","geometry":{"type":"Polygon","coordinates":[[[101.651563,3.054783],[101.653594,3.054783],[101.653594,3.056812],[101.651563,3.056812],[101.651563,3.054783]]]},"properties":{"hand":5.0}},{"type":"Feature","geometry":{"type":"Polygon","coordinates":[[[101.653594,3.054783],[101.655625,3.054783],[101.655625,3.056812],[101.653594,3.056812],[101.653594,3.054783]]]},"properties":{"hand":5.0}},{"type":"Feature","geometry":{"type":"Polygon","coordinates":[[[101.657656,3.054783],[101.659688,3.054783],[101.659688,3.056812],[101.657656,3.056812],[101.657656,3.054783]]]},"properties":{"hand":5.0}},{"type":"Feature","geometry":{"type":"Polygon","coordinates":[[[101.677969,3.054783],[101.68,3.054783],[101.68,3.056812],[101.677969,3.056812],[101.677969,3.054783]]]},"properties":{"hand":2.0}},{"type":"Feature","geometry":{"type":"Polygon","coordinates":[[[101.55,3.052754],[101.552031,3.052754],[101.552031,3.054783],[101.55,3.054783],[101.55,3.052754]]]},"properties":{"hand":3.0}},{"type":"Feature","geometry":{"type":"Polygon","coordinates":[[[101.552031,3.052754],[101.554063,3.052754],[101.554063,3.054783],[101.552031,3.054783],[101.552031,3.052754]]]},"properties":{"hand":2.0}},{"type":"Feature","geometry":{"type":"Polygon","coordinates":[[[101.554063,3.052754],[101.556094,3.052754],[101.556094,3.054783],[101.554063,3.054783],[101.554063,3.052754]]]},"properties":{"hand":5.0}},{"type":"Feature","geometry":{"type":"Polygon","coordinates":[[[101.560156,3.052754],[101.562187,3.052754],[101.562187,3.054783],[101.560156,3.054783],[101.560156,3.052754]]]},"properties":{"hand":3.0}},{"type":"Feature","geometry":{"type":"Polygon","coordinates":[[[101.56625,3.052754],[101.568281,3.052754],[101.568281,3.054783],[101.56625,3.054783],[101.56625,3.052754]]]},"properties":{"hand":0.5}},{"type":"Feature","geometry":{"type":"Polygon","coordinates":[[[101.568281,3.052754],[101.570312,3.052754],[101.570312,3.054783],[101.568281,3.054783],[101.568281,3.052754]]]},"properties":{"hand":0.5}},{"type":"Feature","geometry":{"type":"Polygon","coordinates":[[[101.572344,3.052754],[101.574375,3.052754],[101.574375,3.054783],[101.572344,3.054783],[101.572344,3.052754]]]},"properties":{"hand":3.0}},{"type":"Feature","geometry":{"type":"Polygon","coordinates":[[[101.574375,3.052754],[101.576406,3.052754],[101.576406,3.054783],[101.574375,3.054783],[101.574375,3.052754]]]},"properties":{"hand":5.0}},{"type":"Feature","geometry":{"type":"Polygon","coordinates":[[[101.5825,3.052754],[101.584531,3.052754],[101.584531,3.054783],[101.5825,3.054783],[101.5825,3.052754]]]},"properties":{"hand":5.0}},{"type":"Feature","geometry":{"type":"Polygon","coordinates":[[[101.584531,3.052754],[101.586562,3.052754],[101.586562,3.054783],[101.584531,3.054783],[101.584531,3.052754]]]},"properties":{"hand":3.0}},{"type":"Feature","geometry":{"type":"Polygon","coordinates":[[[101.586562,3.052754],[101.588594,3.052754],[101.588594,3.054783],[101.586562,3.054783],[101.586562,3.052754]]]},"properties":{"hand":5.0}},{"type":"Feature","geometry":{"type":"Polygon","coordinates":[[[101.588594,3.052754],[101.590625,3.052754],[101.590625,3.054783],[101.588594,3.054783],[101.588594,3.052754]]]},"properties":{"hand":5.0}},{"type":"Feature","geometry":{"type":"Polygon","coordinates":[[[101.590625,3.052754],[101.592656,3.052754],[101.592656,3.054783],[101.590625,3.054783],[101.590625,3.052754]]]},"properties":{"hand":5.0}},{"type":"Feature","geometry":{"type":"Polygon","coordinates":[[[101.592656,3.052754],[101.594688,3.052754],[101.594688,3.054783],[101.592656,3.054783],[101.592656,3.052754]]]},"properties":{"hand":3.0}},{"type":"Feature","geometry":{"type":"Polygon","coordinates":[[[101.594688,3.052754],[101.596719,3.052754],[101.596719,3.054783],[101.594688,3.054783],[101.594688,3.052754]]]},"properties":{"hand":2.0}},{"type":"Feature","geometry":{"type":"Polygon","coordinates":[[[101.596719,3.052754],[101.59875,3.052754],[101.59875,3.054783],[101.596719,3.054783],[101.596719,3.052754]]]},"properties":{"hand":2.0}},{"type":"Feature","geometry":{"type":"Polygon","coordinates":[[[101.59875,3.052754],[101.600781,3.052754],[101.600781,3.054783],[101.59875,3.054783],[101.59875,3.052754]]]},"properties":{"hand":0.5}},{"type":"Feature","geometry":{"type":"Polygon","coordinates":[[[101.600781,3.052754],[101.602812,3.052754],[101.602812,3.054783],[101.600781,3.054783],[101.600781,3.052754]]]},"properties":{"hand":2.0}},{"type":"Feature","geometry":{"type":"Polygon","coordinates":[[[101.602812,3.052754],[101.604844,3.052754],[101.604844,3.054783],[101.602812,3.054783],[101.602812,3.052754]]]},"properties":{"hand":1.0}},{"type":"Feature","geometry":{"type":"Polygon","coordinates":[[[101.604844,3.052754],[101.606875,3.052754],[101.606875,3.054783],[101.604844,3.054783],[101.604844,3.052754]]]},"properties":{"hand":3.0}},{"type":"Feature","geometry":{"type":"Polygon","coordinates":[[[101.608906,3.052754],[101.610938,3.052754],[101.610938,3.054783],[101.608906,3.054783],[101.608906,3.052754]]]},"properties":{"hand":5.0}},{"type":"Feature","geometry":{"type":"Polygon","coordinates":[[[101.610938,3.052754],[101.612969,3.052754],[101.612969,3.054783],[101.610938,3.054783],[101.610938,3.052754]]]},"properties":{"hand":5.0}},{"type":"Feature","geometry":{"type":"Polygon","coordinates":[[[101.612969,3.052754],[101.615,3.052754],[101.615,3.054783],[101.612969,3.054783],[101.612969,3.052754]]]},"properties":{"hand":1.0}},{"type":"Feature","geometry":{"type":"Polygon","coordinates":[[[101.615,3.052754],[101.617031,3.052754],[101.617031,3.054783],[101.615,3.054783],[101.615,3.052754]]]},"properties":{"hand":0.5}},{"type":"Feature","geometry":{"type":"Polygon","coordinates":[[[101.617031,3.052754],[101.619062,3.052754],[101.619062,3.054783],[101.617031,3.054783],[101.617031,3.052754]]]},"properties":{"hand":0.5}},{"type":"Feature","geometry":{"type":"Polygon","coordinates":[[[101.639375,3.052754],[101.641406,3.052754],[101.641406,3.054783],[101.639375,3.054783],[101.639375,3.052754]]]},"properties":{"hand":5.0}},{"type":"Feature","geometry":{"type":"Polygon","coordinates":[[[101.6475,3.052754],[101.649531,3.052754],[101.649531,3.054783],[101.6475,3.054783],[101.6475,3.052754]]]},"properties":{"hand":5.0}},{"type":"Feature","geometry":{"type":"Polygon","coordinates":[[[101.649531,3.052754],[101.651563,3.052754],[101.651563,3.054783],[101.649531,3.054783],[101.649531,3.052754]]]},"properties":{"hand":3.0}},{"type":"Feature","geometry":{"type":"Polygon","coordinates":[[[101.667813,3.052754],[101.669844,3.052754],[101.669844,3.054783],[101.667813,3.054783],[101.667813,3.052754]]]},"properties":{"hand":3.0}},{"type":"Feature","geometry":{"type":"Polygon","coordinates":[[[101.675938,3.052754],[101.677969,3.052754],[101.677969,3.054783],[101.675938,3.054783],[101.675938,3.052754]]]},"properties":{"hand":5.0}},{"type":"Feature","geometry":{"type":"Polygon","coordinates":[[[101.552031,3.050725],[101.554063,3.050725],[101.554063,3.052754],[101.552031,3.052754],[101.552031,3.050725]]]},"properties":{"hand":3.0}},{"type":"Feature","geometry":{"type":"Polygon","coordinates":[[[101.554063,3.050725],[101.556094,3.050725],[101.556094,3.052754],[101.554063,3.052754],[101.554063,3.050725]]]},"properties":{"hand":2.0}},{"type":"Feature","geometry":{"type":"Polygon","coordinates":[[[101.556094,3.050725],[101.558125,3.050725],[101.558125,3.052754],[101.556094,3.052754],[101.556094,3.050725]]]},"properties":{"hand":5.0}},{"type":"Feature","geometry":{"type":"Polygon","coordinates":[[[101.560156,3.050725],[101.562187,3.050725],[101.562187,3.052754],[101.560156,3.052754],[101.560156,3.050725]]]},"properties":{"hand":3.0}},{"type":"Feature","geometry":{"type":"Polygon","coordinates":[[[101.56625,3.050725],[101.568281,3.050725],[101.568281,3.052754],[101.56625,3.052754],[101.56625,3.050725]]]},"properties":{"hand":2.0}},{"type":"Feature","geometry":{"type":"Polygon","coordinates":[[[101.568281,3.050725],[101.570312,3.050725],[101.570312,3.052754],[101.568281,3.052754],[101.568281,3.050725]]]},"properties":{"hand":2.0}},{"type":"Feature","geometry":{"type":"Polygon","coordinates":[[[101.574375,3.050725],[101.576406,3.050725],[101.576406,3.052754],[101.574375,3.052754],[101.574375,3.050725]]]},"properties":{"hand":5.0}},{"type":"Feature","geometry":{"type":"Polygon","coordinates":[[[101.5825,3.050725],[101.584531,3.050725],[101.584531,3.052754],[101.5825,3.052754],[101.5825,3.050725]]]},"properties":{"hand":3.0}},{"type":"Feature","geometry":{"type":"Polygon","coordinates":[[[101.584531,3.050725],[101.586562,3.050725],[101.586562,3.052754],[101.584531,3.052754],[101.584531,3.050725]]]},"properties":{"hand":5.0}},{"type":"Feature","geometry":{"type":"Polygon","coordinates":[[[101.590625,3.050725],[101.592656,3.050725],[101.592656,3.052754],[101.590625,3.052754],[101.590625,3.050725]]]},"properties":{"hand":5.0}},{"type":"Feature","geometry":{"type":"Polygon","coordinates":[[[101.592656,3.050725],[101.594688,3.050725],[101.594688,3.052754],[101.592656,3.052754],[101.592656,3.050725]]]},"properties":{"hand":3.0}},{"type":"Feature","geometry":{"type":"Polygon","coordinates":[[[101.594688,3.050725],[101.596719,3.050725],[101.596719,3.052754],[101.594688,3.052754],[101.594688,3.050725]]]},"properties":{"hand":3.0}},{"type":"Feature","geometry":{"type":"Polygon","coordinates":[[[101.596719,3.050725],[101.59875,3.050725],[101.59875,3.052754],[101.596719,3.052754],[101.596719,3.050725]]]},"properties":{"hand":3.0}},{"type":"Feature","geometry":{"type":"Polygon","coordinates":[[[101.59875,3.050725],[101.600781,3.050725],[101.600781,3.052754],[101.59875,3.052754],[101.59875,3.050725]]]},"properties":{"hand":2.0}},{"type":"Feature","geometry":{"type":"Polygon","coordinates":[[[101.600781,3.050725],[101.602812,3.050725],[101.602812,3.052754],[101.600781,3.052754],[101.600781,3.050725]]]},"properties":{"hand":2.0}},{"type":"Feature","geometry":{"type":"Polygon","coordinates":[[[101.602812,3.050725],[101.604844,3.050725],[101.604844,3.052754],[101.602812,3.052754],[101.602812,3.050725]]]},"properties":{"hand":3.0}},{"type":"Feature","geometry":{"type":"Polygon","coordinates":[[[101.604844,3.050725],[101.606875,3.050725],[101.606875,3.052754],[101.604844,3.052754],[101.604844,3.050725]]]},"properties":{"hand":3.0}},{"type":"Feature","geometry":{"type":"Polygon","coordinates":[[[101.606875,3.050725],[101.608906,3.050725],[101.608906,3.052754],[101.606875,3.052754],[101.606875,3.050725]]]},"properties":{"hand":5.0}},{"type":"Feature","geometry":{"type":"Polygon","coordinates":[[[101.608906,3.050725],[101.610938,3.050725],[101.610938,3.052754],[101.608906,3.052754],[101.608906,3.050725]]]},"properties":{"hand":5.0}},{"type":"Feature","geometry":{"type":"Polygon","coordinates":[[[101.610938,3.050725],[101.612969,3.050725],[101.612969,3.052754],[101.610938,3.052754],[101.610938,3.050725]]]},"properties":{"hand":2.0}},{"type":"Feature","geometry":{"type":"Polygon","coordinates":[[[101.612969,3.050725],[101.615,3.050725],[101.615,3.052754],[101.612969,3.052754],[101.612969,3.050725]]]},"properties":{"hand":3.0}},{"type":"Feature","geometry":{"type":"Polygon","coordinates":[[[101.615,3.050725],[101.617031,3.050725],[101.617031,3.052754],[101.615,3.052754],[101.615,3.050725]]]},"properties":{"hand":3.0}},{"type":"Feature","geometry":{"type":"Polygon","coordinates":[[[101.617031,3.050725],[101.619062,3.050725],[101.619062,3.052754],[101.617031,3.052754],[101.617031,3.050725]]]},"properties":{"hand":0.5}},{"type":"Feature","geometry":{"type":"Polygon","coordinates":[[[101.619062,3.050725],[101.621094,3.050725],[101.621094,3.052754],[101.619062,3.052754],[101.619062,3.050725]]]},"properties":{"hand":3.0}},{"type":"Feature","geometry":{"type":"Polygon","coordinates":[[[101.621094,3.050725],[101.623125,3.050725],[101.623125,3.052754],[101.621094,3.052754],[101.621094,3.050725]]]},"properties":{"hand":5.0}},{"type":"Feature","geometry":{"type":"Polygon","coordinates":[[[101.627188,3.050725],[101.629219,3.050725],[101.629219,3.052754],[101.627188,3.052754],[101.627188,3.050725]]]},"properties":{"hand":5.0}},{"type":"Feature","geometry":{"type":"Polygon","coordinates":[[[101.635312,3.050725],[101.637344,3.050725],[101.637344,3.052754],[101.635312,3.052754],[101.635312,3.050725]]]},"properties":{"hand":2.0}},{"type":"Feature","geometry":{"type":"Polygon","coordinates":[[[101.641406,3.050725],[101.643438,3.050725],[101.643438,3.052754],[101.641406,3.052754],[101.641406,3.050725]]]},"properties":{"hand":5.0}},{"type":"Feature","geometry":{"type":"Polygon","coordinates":[[[101.643438,3.050725],[101.645469,3.050725],[101.645469,3.052754],[101.643438,3.052754],[101.643438,3.050725]]]},"properties":{"hand":5.0}},{"type":"Feature","geometry":{"type":"Polygon","coordinates":[[[101.6475,3.050725],[101.649531,3.050725],[101.649531,3.052754],[101.6475,3.052754],[101.6475,3.050725]]]},"properties":{"hand":5.0}},{"type":"Feature","geometry":{"type":"Polygon","coordinates":[[[101.667813,3.050725],[101.669844,3.050725],[101.669844,3.052754],[101.667813,3.052754],[101.667813,3.050725]]]},"properties":{"hand":5.0}},{"type":"Feature","geometry":{"type":"Polygon","coordinates":[[[101.552031,3.048696],[101.554063,3.048696],[101.554063,3.050725],[101.552031,3.050725],[101.552031,3.048696]]]},"properties":{"hand":2.0}},{"type":"Feature","geometry":{"type":"Polygon","coordinates":[[[101.554063,3.048696],[101.556094,3.048696],[101.556094,3.050725],[101.554063,3.050725],[101.554063,3.048696]]]},"properties":{"hand":0.5}},{"type":"Feature","geometry":{"type":"Polygon","coordinates":[[[101.556094,3.048696],[101.558125,3.048696],[101.558125,3.050725],[101.556094,3.050725],[101.556094,3.048696]]]},"properties":{"hand":2.0}},{"type":"Feature","geometry":{"type":"Polygon","coordinates":[[[101.558125,3.048696],[101.560156,3.048696],[101.560156,3.050725],[101.558125,3.050725],[101.558125,3.048696]]]},"properties":{"hand":2.0}},{"type":"Feature","geometry":{"type":"Polygon","coordinates":[[[101.560156,3.048696],[101.562187,3.048696],[101.562187,3.050725],[101.560156,3.050725],[101.560156,3.048696]]]},"properties":{"hand":5.0}},{"type":"Feature","geometry":{"type":"Polygon","coordinates":[[[101.564219,3.048696],[101.56625,3.048696],[101.56625,3.050725],[101.564219,3.050725],[101.564219,3.048696]]]},"properties":{"hand":5.0}},{"type":"Feature","geometry":{"type":"Polygon","coordinates":[[[101.56625,3.048696],[101.568281,3.048696],[101.568281,3.050725],[101.56625,3.050725],[101.56625,3.048696]]]},"properties":{"hand":1.0}},{"type":"Feature","geometry":{"type":"Polygon","coordinates":[[[101.568281,3.048696],[101.570312,3.048696],[101.570312,3.050725],[101.568281,3.050725],[101.568281,3.048696]]]},"properties":{"hand":0.5}},{"type":"Feature","geometry":{"type":"Polygon","coordinates":[[[101.570312,3.048696],[101.572344,3.048696],[101.572344,3.050725],[101.570312,3.050725],[101.570312,3.048696]]]},"properties":{"hand":3.0}},{"type":"Feature","geometry":{"type":"Polygon","coordinates":[[[101.576406,3.048696],[101.578438,3.048696],[101.578438,3.050725],[101.576406,3.050725],[101.576406,3.048696]]]},"properties":{"hand":3.0}},{"type":"Feature","geometry":{"type":"Polygon","coordinates":[[[101.578437,3.048696],[101.580469,3.048696],[101.580469,3.050725],[101.578437,3.050725],[101.578437,3.048696]]]},"properties":{"hand":5.0}},{"type":"Feature","geometry":{"type":"Polygon","coordinates":[[[101.580469,3.048696],[101.5825,3.048696],[101.5825,3.050725],[101.580469,3.050725],[101.580469,3.048696]]]},"properties":{"hand":5.0}},{"type":"Feature","geometry":{"type":"Polygon","coordinates":[[[101.5825,3.048696],[101.584531,3.048696],[101.584531,3.050725],[101.5825,3.050725],[101.5825,3.048696]]]},"properties":{"hand":5.0}},{"type":"Feature","geometry":{"type":"Polygon","coordinates":[[[101.586562,3.048696],[101.588594,3.048696],[101.588594,3.050725],[101.586562,3.050725],[101.586562,3.048696]]]},"properties":{"hand":5.0}},{"type":"Feature","geometry":{"type":"Polygon","coordinates":[[[101.588594,3.048696],[101.590625,3.048696],[101.590625,3.050725],[101.588594,3.050725],[101.588594,3.048696]]]},"properties":{"hand":5.0}},{"type":"Feature","geometry":{"type":"Polygon","coordinates":[[[101.590625,3.048696],[101.592656,3.048696],[101.592656,3.050725],[101.590625,3.050725],[101.590625,3.048696]]]},"properties":{"hand":3.0}},{"type":"Feature","geometry":{"type":"Polygon","coordinates":[[[101.592656,3.048696],[101.594688,3.048696],[101.594688,3.050725],[101.592656,3.050725],[101.592656,3.048696]]]},"properties":{"hand":3.0}},{"type":"Feature","geometry":{"type":"Polygon","coordinates":[[[101.594688,3.048696],[101.596719,3.048696],[101.596719,3.050725],[101.594688,3.050725],[101.594688,3.048696]]]},"properties":{"hand":2.0}},{"type":"Feature","geometry":{"type":"Polygon","coordinates":[[[101.596719,3.048696],[101.59875,3.048696],[101.59875,3.050725],[101.596719,3.050725],[101.596719,3.048696]]]},"properties":{"hand":1.0}},{"type":"Feature","geometry":{"type":"Polygon","coordinates":[[[101.59875,3.048696],[101.600781,3.048696],[101.600781,3.050725],[101.59875,3.050725],[101.59875,3.048696]]]},"properties":{"hand":5.0}},{"type":"Feature","geometry":{"type":"Polygon","coordinates":[[[101.600781,3.048696],[101.602812,3.048696],[101.602812,3.050725],[101.600781,3.050725],[101.600781,3.048696]]]},"properties":{"hand":1.0}},{"type":"Feature","geometry":{"type":"Polygon","coordinates":[[[101.602812,3.048696],[101.604844,3.048696],[101.604844,3.050725],[101.602812,3.050725],[101.602812,3.048696]]]},"properties":{"hand":3.0}},{"type":"Feature","geometry":{"type":"Polygon","coordinates":[[[101.604844,3.048696],[101.606875,3.048696],[101.606875,3.050725],[101.604844,3.050725],[101.604844,3.048696]]]},"properties":{"hand":1.0}},{"type":"Feature","geometry":{"type":"Polygon","coordinates":[[[101.608906,3.048696],[101.610938,3.048696],[101.610938,3.050725],[101.608906,3.050725],[101.608906,3.048696]]]},"properties":{"hand":0.5}},{"type":"Feature","geometry":{"type":"Polygon","coordinates":[[[101.610938,3.048696],[101.612969,3.048696],[101.612969,3.050725],[101.610938,3.050725],[101.610938,3.048696]]]},"properties":{"hand":0.5}},{"type":"Feature","geometry":{"type":"Polygon","coordinates":[[[101.612969,3.048696],[101.615,3.048696],[101.615,3.050725],[101.612969,3.050725],[101.612969,3.048696]]]},"properties":{"hand":3.0}},{"type":"Feature","geometry":{"type":"Polygon","coordinates":[[[101.615,3.048696],[101.617031,3.048696],[101.617031,3.050725],[101.615,3.050725],[101.615,3.048696]]]},"properties":{"hand":1.0}},{"type":"Feature","geometry":{"type":"Polygon","coordinates":[[[101.617031,3.048696],[101.619062,3.048696],[101.619062,3.050725],[101.617031,3.050725],[101.617031,3.048696]]]},"properties":{"hand":0.5}},{"type":"Feature","geometry":{"type":"Polygon","coordinates":[[[101.619062,3.048696],[101.621094,3.048696],[101.621094,3.050725],[101.619062,3.050725],[101.619062,3.048696]]]},"properties":{"hand":3.0}},{"type":"Feature","geometry":{"type":"Polygon","coordinates":[[[101.621094,3.048696],[101.623125,3.048696],[101.623125,3.050725],[101.621094,3.050725],[101.621094,3.048696]]]},"properties":{"hand":5.0}},{"type":"Feature","geometry":{"type":"Polygon","coordinates":[[[101.633281,3.048696],[101.635313,3.048696],[101.635313,3.050725],[101.633281,3.050725],[101.633281,3.048696]]]},"properties":{"hand":5.0}},{"type":"Feature","geometry":{"type":"Polygon","coordinates":[[[101.635312,3.048696],[101.637344,3.048696],[101.637344,3.050725],[101.635312,3.050725],[101.635312,3.048696]]]},"properties":{"hand":3.0}},{"type":"Feature","geometry":{"type":"Polygon","coordinates":[[[101.643438,3.048696],[101.645469,3.048696],[101.645469,3.050725],[101.643438,3.050725],[101.643438,3.048696]]]},"properties":{"hand":5.0}},{"type":"Feature","geometry":{"type":"Polygon","coordinates":[[[101.55,3.046667],[101.552031,3.046667],[101.552031,3.048696],[101.55,3.048696],[101.55,3.046667]]]},"properties":{"hand":1.0}},{"type":"Feature","geometry":{"type":"Polygon","coordinates":[[[101.552031,3.046667],[101.554063,3.046667],[101.554063,3.048696],[101.552031,3.048696],[101.552031,3.046667]]]},"properties":{"hand":5.0}},{"type":"Feature","geometry":{"type":"Polygon","coordinates":[[[101.554063,3.046667],[101.556094,3.046667],[101.556094,3.048696],[101.554063,3.048696],[101.554063,3.046667]]]},"properties":{"hand":1.0}},{"type":"Feature","geometry":{"type":"Polygon","coordinates":[[[101.556094,3.046667],[101.558125,3.046667],[101.558125,3.048696],[101.556094,3.048696],[101.556094,3.046667]]]},"properties":{"hand":0.5}},{"type":"Feature","geometry":{"type":"Polygon","coordinates":[[[101.558125,3.046667],[101.560156,3.046667],[101.560156,3.048696],[101.558125,3.048696],[101.558125,3.046667]]]},"properties":{"hand":2.0}},{"type":"Feature","geometry":{"type":"Polygon","coordinates":[[[101.560156,3.046667],[101.562187,3.046667],[101.562187,3.048696],[101.560156,3.048696],[101.560156,3.046667]]]},"properties":{"hand":3.0}},{"type":"Feature","geometry":{"type":"Polygon","coordinates":[[[101.564219,3.046667],[101.56625,3.046667],[101.56625,3.048696],[101.564219,3.048696],[101.564219,3.046667]]]},"properties":{"hand":3.0}},{"type":"Feature","geometry":{"type":"Polygon","coordinates":[[[101.568281,3.046667],[101.570312,3.046667],[101.570312,3.048696],[101.568281,3.048696],[101.568281,3.046667]]]},"properties":{"hand":5.0}},{"type":"Feature","geometry":{"type":"Polygon","coordinates":[[[101.570312,3.046667],[101.572344,3.046667],[101.572344,3.048696],[101.570312,3.048696],[101.570312,3.046667]]]},"properties":{"hand":2.0}},{"type":"Feature","geometry":{"type":"Polygon","coordinates":[[[101.572344,3.046667],[101.574375,3.046667],[101.574375,3.048696],[101.572344,3.048696],[101.572344,3.046667]]]},"properties":{"hand":5.0}},{"type":"Feature","geometry":{"type":"Polygon","coordinates":[[[101.576406,3.046667],[101.578438,3.046667],[101.578438,3.048696],[101.576406,3.048696],[101.576406,3.046667]]]},"properties":{"hand":2.0}},{"type":"Feature","geometry":{"type":"Polygon","coordinates":[[[101.578437,3.046667],[101.580469,3.046667],[101.580469,3.048696],[101.578437,3.048696],[101.578437,3.046667]]]},"properties":{"hand":3.0}},{"type":"Feature","geometry":{"type":"Polygon","coordinates":[[[101.580469,3.046667],[101.5825,3.046667],[101.5825,3.048696],[101.580469,3.048696],[101.580469,3.046667]]]},"properties":{"hand":1.0}},{"type":"Feature","geometry":{"type":"Polygon","coordinates":[[[101.586562,3.046667],[101.588594,3.046667],[101.588594,3.048696],[101.586562,3.048696],[101.586562,3.046667]]]},"properties":{"hand":5.0}},{"type":"Feature","geometry":{"type":"Polygon","coordinates":[[[101.588594,3.046667],[101.590625,3.046667],[101.590625,3.048696],[101.588594,3.048696],[101.588594,3.046667]]]},"properties":{"hand":0.5}},{"type":"Feature","geometry":{"type":"Polygon","coordinates":[[[101.590625,3.046667],[101.592656,3.046667],[101.592656,3.048696],[101.590625,3.048696],[101.590625,3.046667]]]},"properties":{"hand":1.0}},{"type":"Feature","geometry":{"type":"Polygon","coordinates":[[[101.592656,3.046667],[101.594688,3.046667],[101.594688,3.048696],[101.592656,3.048696],[101.592656,3.046667]]]},"properties":{"hand":3.0}},{"type":"Feature","geometry":{"type":"Polygon","coordinates":[[[101.594688,3.046667],[101.596719,3.046667],[101.596719,3.048696],[101.594688,3.048696],[101.594688,3.046667]]]},"properties":{"hand":0.5}},{"type":"Feature","geometry":{"type":"Polygon","coordinates":[[[101.596719,3.046667],[101.59875,3.046667],[101.59875,3.048696],[101.596719,3.048696],[101.596719,3.046667]]]},"properties":{"hand":2.0}},{"type":"Feature","geometry":{"type":"Polygon","coordinates":[[[101.59875,3.046667],[101.600781,3.046667],[101.600781,3.048696],[101.59875,3.048696],[101.59875,3.046667]]]},"properties":{"hand":5.0}},{"type":"Feature","geometry":{"type":"Polygon","coordinates":[[[101.600781,3.046667],[101.602812,3.046667],[101.602812,3.048696],[101.600781,3.048696],[101.600781,3.046667]]]},"properties":{"hand":2.0}},{"type":"Feature","geometry":{"type":"Polygon","coordinates":[[[101.602812,3.046667],[101.604844,3.046667],[101.604844,3.048696],[101.602812,3.048696],[101.602812,3.046667]]]},"properties":{"hand":2.0}},{"type":"Feature","geometry":{"type":"Polygon","coordinates":[[[101.604844,3.046667],[101.606875,3.046667],[101.606875,3.048696],[101.604844,3.048696],[101.604844,3.046667]]]},"properties":{"hand":2.0}},{"type":"Feature","geometry":{"type":"Polygon","coordinates":[[[101.606875,3.046667],[101.608906,3.046667],[101.608906,3.048696],[101.606875,3.048696],[101.606875,3.046667]]]},"properties":{"hand":5.0}},{"type":"Feature","geometry":{"type":"Polygon","coordinates":[[[101.608906,3.046667],[101.610938,3.046667],[101.610938,3.048696],[101.608906,3.048696],[101.608906,3.046667]]]},"properties":{"hand":0.5}},{"type":"Feature","geometry":{"type":"Polygon","coordinates":[[[101.610938,3.046667],[101.612969,3.046667],[101.612969,3.048696],[101.610938,3.048696],[101.610938,3.046667]]]},"properties":{"hand":0.5}},{"type":"Feature","geometry":{"type":"Polygon","coordinates":[[[101.612969,3.046667],[101.615,3.046667],[101.615,3.048696],[101.612969,3.048696],[101.612969,3.046667]]]},"properties":{"hand":0.5}},{"type":"Feature","geometry":{"type":"Polygon","coordinates":[[[101.615,3.046667],[101.617031,3.046667],[101.617031,3.048696],[101.615,3.048696],[101.615,3.046667]]]},"properties":{"hand":0.5}},{"type":"Feature","geometry":{"type":"Polygon","coordinates":[[[101.617031,3.046667],[101.619062,3.046667],[101.619062,3.048696],[101.617031,3.048696],[101.617031,3.046667]]]},"properties":{"hand":5.0}},{"type":"Feature","geometry":{"type":"Polygon","coordinates":[[[101.619062,3.046667],[101.621094,3.046667],[101.621094,3.048696],[101.619062,3.048696],[101.619062,3.046667]]]},"properties":{"hand":2.0}},{"type":"Feature","geometry":{"type":"Polygon","coordinates":[[[101.623125,3.046667],[101.625156,3.046667],[101.625156,3.048696],[101.623125,3.048696],[101.623125,3.046667]]]},"properties":{"hand":5.0}},{"type":"Feature","geometry":{"type":"Polygon","coordinates":[[[101.633281,3.046667],[101.635313,3.046667],[101.635313,3.048696],[101.633281,3.048696],[101.633281,3.046667]]]},"properties":{"hand":3.0}},{"type":"Feature","geometry":{"type":"Polygon","coordinates":[[[101.635312,3.046667],[101.637344,3.046667],[101.637344,3.048696],[101.635312,3.048696],[101.635312,3.046667]]]},"properties":{"hand":3.0}},{"type":"Feature","geometry":{"type":"Polygon","coordinates":[[[101.637344,3.046667],[101.639375,3.046667],[101.639375,3.048696],[101.637344,3.048696],[101.637344,3.046667]]]},"properties":{"hand":5.0}},{"type":"Feature","geometry":{"type":"Polygon","coordinates":[[[101.639375,3.046667],[101.641406,3.046667],[101.641406,3.048696],[101.639375,3.048696],[101.639375,3.046667]]]},"properties":{"hand":5.0}},{"type":"Feature","geometry":{"type":"Polygon","coordinates":[[[101.55,3.044638],[101.552031,3.044638],[101.552031,3.046667],[101.55,3.046667],[101.55,3.044638]]]},"properties":{"hand":2.0}},{"type":"Feature","geometry":{"type":"Polygon","coordinates":[[[101.552031,3.044638],[101.554063,3.044638],[101.554063,3.046667],[101.552031,3.046667],[101.552031,3.044638]]]},"properties":{"hand":3.0}},{"type":"Feature","geometry":{"type":"Polygon","coordinates":[[[101.554063,3.044638],[101.556094,3.044638],[101.556094,3.046667],[101.554063,3.046667],[101.554063,3.044638]]]},"properties":{"hand":0.5}},{"type":"Feature","geometry":{"type":"Polygon","coordinates":[[[101.556094,3.044638],[101.558125,3.044638],[101.558125,3.046667],[101.556094,3.046667],[101.556094,3.044638]]]},"properties":{"hand":0.5}},{"type":"Feature","geometry":{"type":"Polygon","coordinates":[[[101.558125,3.044638],[101.560156,3.044638],[101.560156,3.046667],[101.558125,3.046667],[101.558125,3.044638]]]},"properties":{"hand":3.0}},{"type":"Feature","geometry":{"type":"Polygon","coordinates":[[[101.560156,3.044638],[101.562187,3.044638],[101.562187,3.046667],[101.560156,3.046667],[101.560156,3.044638]]]},"properties":{"hand":2.0}},{"type":"Feature","geometry":{"type":"Polygon","coordinates":[[[101.562187,3.044638],[101.564219,3.044638],[101.564219,3.046667],[101.562187,3.046667],[101.562187,3.044638]]]},"properties":{"hand":0.5}},{"type":"Feature","geometry":{"type":"Polygon","coordinates":[[[101.564219,3.044638],[101.56625,3.044638],[101.56625,3.046667],[101.564219,3.046667],[101.564219,3.044638]]]},"properties":{"hand":1.0}},{"type":"Feature","geometry":{"type":"Polygon","coordinates":[[[101.56625,3.044638],[101.568281,3.044638],[101.568281,3.046667],[101.56625,3.046667],[101.56625,3.044638]]]},"properties":{"hand":0.5}},{"type":"Feature","geometry":{"type":"Polygon","coordinates":[[[101.568281,3.044638],[101.570312,3.044638],[101.570312,3.046667],[101.568281,3.046667],[101.568281,3.044638]]]},"properties":{"hand":5.0}},{"type":"Feature","geometry":{"type":"Polygon","coordinates":[[[101.578437,3.044638],[101.580469,3.044638],[101.580469,3.046667],[101.578437,3.046667],[101.578437,3.044638]]]},"properties":{"hand":5.0}},{"type":"Feature","geometry":{"type":"Polygon","coordinates":[[[101.580469,3.044638],[101.5825,3.044638],[101.5825,3.046667],[101.580469,3.046667],[101.580469,3.044638]]]},"properties":{"hand":5.0}},{"type":"Feature","geometry":{"type":"Polygon","coordinates":[[[101.588594,3.044638],[101.590625,3.044638],[101.590625,3.046667],[101.588594,3.046667],[101.588594,3.044638]]]},"properties":{"hand":1.0}},{"type":"Feature","geometry":{"type":"Polygon","coordinates":[[[101.590625,3.044638],[101.592656,3.044638],[101.592656,3.046667],[101.590625,3.046667],[101.590625,3.044638]]]},"properties":{"hand":2.0}},{"type":"Feature","geometry":{"type":"Polygon","coordinates":[[[101.592656,3.044638],[101.594688,3.044638],[101.594688,3.046667],[101.592656,3.046667],[101.592656,3.044638]]]},"properties":{"hand":2.0}},{"type":"Feature","geometry":{"type":"Polygon","coordinates":[[[101.594688,3.044638],[101.596719,3.044638],[101.596719,3.046667],[101.594688,3.046667],[101.594688,3.044638]]]},"properties":{"hand":0.5}},{"type":"Feature","geometry":{"type":"Polygon","coordinates":[[[101.596719,3.044638],[101.59875,3.044638],[101.59875,3.046667],[101.596719,3.046667],[101.596719,3.044638]]]},"properties":{"hand":3.0}},{"type":"Feature","geometry":{"type":"Polygon","coordinates":[[[101.59875,3.044638],[101.600781,3.044638],[101.600781,3.046667],[101.59875,3.046667],[101.59875,3.044638]]]},"properties":{"hand":3.0}},{"type":"Feature","geometry":{"type":"Polygon","coordinates":[[[101.600781,3.044638],[101.602812,3.044638],[101.602812,3.046667],[101.600781,3.046667],[101.600781,3.044638]]]},"properties":{"hand":2.0}},{"type":"Feature","geometry":{"type":"Polygon","coordinates":[[[101.602812,3.044638],[101.604844,3.044638],[101.604844,3.046667],[101.602812,3.046667],[101.602812,3.044638]]]},"properties":{"hand":2.0}},{"type":"Feature","geometry":{"type":"Polygon","coordinates":[[[101.604844,3.044638],[101.606875,3.044638],[101.606875,3.046667],[101.604844,3.046667],[101.604844,3.044638]]]},"properties":{"hand":3.0}},{"type":"Feature","geometry":{"type":"Polygon","coordinates":[[[101.606875,3.044638],[101.608906,3.044638],[101.608906,3.046667],[101.606875,3.046667],[101.606875,3.044638]]]},"properties":{"hand":0.5}},{"type":"Feature","geometry":{"type":"Polygon","coordinates":[[[101.608906,3.044638],[101.610938,3.044638],[101.610938,3.046667],[101.608906,3.046667],[101.608906,3.044638]]]},"properties":{"hand":0.5}},{"type":"Feature","geometry":{"type":"Polygon","coordinates":[[[101.610938,3.044638],[101.612969,3.044638],[101.612969,3.046667],[101.610938,3.046667],[101.610938,3.044638]]]},"properties":{"hand":0.5}},{"type":"Feature","geometry":{"type":"Polygon","coordinates":[[[101.612969,3.044638],[101.615,3.044638],[101.615,3.046667],[101.612969,3.046667],[101.612969,3.044638]]]},"properties":{"hand":0.5}},{"type":"Feature","geometry":{"type":"Polygon","coordinates":[[[101.615,3.044638],[101.617031,3.044638],[101.617031,3.046667],[101.615,3.046667],[101.615,3.044638]]]},"properties":{"hand":0.5}},{"type":"Feature","geometry":{"type":"Polygon","coordinates":[[[101.619062,3.044638],[101.621094,3.044638],[101.621094,3.046667],[101.619062,3.046667],[101.619062,3.044638]]]},"properties":{"hand":2.0}},{"type":"Feature","geometry":{"type":"Polygon","coordinates":[[[101.621094,3.044638],[101.623125,3.044638],[101.623125,3.046667],[101.621094,3.046667],[101.621094,3.044638]]]},"properties":{"hand":5.0}},{"type":"Feature","geometry":{"type":"Polygon","coordinates":[[[101.633281,3.044638],[101.635313,3.044638],[101.635313,3.046667],[101.633281,3.046667],[101.633281,3.044638]]]},"properties":{"hand":3.0}},{"type":"Feature","geometry":{"type":"Polygon","coordinates":[[[101.635312,3.044638],[101.637344,3.044638],[101.637344,3.046667],[101.635312,3.046667],[101.635312,3.044638]]]},"properties":{"hand":3.0}},{"type":"Feature","geometry":{"type":"Polygon","coordinates":[[[101.645469,3.044638],[101.6475,3.044638],[101.6475,3.046667],[101.645469,3.046667],[101.645469,3.044638]]]},"properties":{"hand":5.0}},{"type":"Feature","geometry":{"type":"Polygon","coordinates":[[[101.55,3.042609],[101.552031,3.042609],[101.552031,3.044638],[101.55,3.044638],[101.55,3.042609]]]},"properties":{"hand":3.0}},{"type":"Feature","geometry":{"type":"Polygon","coordinates":[[[101.552031,3.042609],[101.554063,3.042609],[101.554063,3.044638],[101.552031,3.044638],[101.552031,3.042609]]]},"properties":{"hand":2.0}},{"type":"Feature","geometry":{"type":"Polygon","coordinates":[[[101.554063,3.042609],[101.556094,3.042609],[101.556094,3.044638],[101.554063,3.044638],[101.554063,3.042609]]]},"properties":{"hand":0.5}},{"type":"Feature","geometry":{"type":"Polygon","coordinates":[[[101.556094,3.042609],[101.558125,3.042609],[101.558125,3.044638],[101.556094,3.044638],[101.556094,3.042609]]]},"properties":{"hand":0.5}},{"type":"Feature","geometry":{"type":"Polygon","coordinates":[[[101.558125,3.042609],[101.560156,3.042609],[101.560156,3.044638],[101.558125,3.044638],[101.558125,3.042609]]]},"properties":{"hand":0.5}},{"type":"Feature","geometry":{"type":"Polygon","coordinates":[[[101.560156,3.042609],[101.562187,3.042609],[101.562187,3.044638],[101.560156,3.044638],[101.560156,3.042609]]]},"properties":{"hand":3.0}},{"type":"Feature","geometry":{"type":"Polygon","coordinates":[[[101.562187,3.042609],[101.564219,3.042609],[101.564219,3.044638],[101.562187,3.044638],[101.562187,3.042609]]]},"properties":{"hand":1.0}},{"type":"Feature","geometry":{"type":"Polygon","coordinates":[[[101.564219,3.042609],[101.56625,3.042609],[101.56625,3.044638],[101.564219,3.044638],[101.564219,3.042609]]]},"properties":{"hand":2.0}},{"type":"Feature","geometry":{"type":"Polygon","coordinates":[[[101.56625,3.042609],[101.568281,3.042609],[101.568281,3.044638],[101.56625,3.044638],[101.56625,3.042609]]]},"properties":{"hand":5.0}},{"type":"Feature","geometry":{"type":"Polygon","coordinates":[[[101.570312,3.042609],[101.572344,3.042609],[101.572344,3.044638],[101.570312,3.044638],[101.570312,3.042609]]]},"properties":{"hand":3.0}},{"type":"Feature","geometry":{"type":"Polygon","coordinates":[[[101.572344,3.042609],[101.574375,3.042609],[101.574375,3.044638],[101.572344,3.044638],[101.572344,3.042609]]]},"properties":{"hand":5.0}},{"type":"Feature","geometry":{"type":"Polygon","coordinates":[[[101.586562,3.042609],[101.588594,3.042609],[101.588594,3.044638],[101.586562,3.044638],[101.586562,3.042609]]]},"properties":{"hand":2.0}},{"type":"Feature","geometry":{"type":"Polygon","coordinates":[[[101.588594,3.042609],[101.590625,3.042609],[101.590625,3.044638],[101.588594,3.044638],[101.588594,3.042609]]]},"properties":{"hand":1.0}},{"type":"Feature","geometry":{"type":"Polygon","coordinates":[[[101.590625,3.042609],[101.592656,3.042609],[101.592656,3.044638],[101.590625,3.044638],[101.590625,3.042609]]]},"properties":{"hand":1.0}},{"type":"Feature","geometry":{"type":"Polygon","coordinates":[[[101.592656,3.042609],[101.594688,3.042609],[101.594688,3.044638],[101.592656,3.044638],[101.592656,3.042609]]]},"properties":{"hand":3.0}},{"type":"Feature","geometry":{"type":"Polygon","coordinates":[[[101.594688,3.042609],[101.596719,3.042609],[101.596719,3.044638],[101.594688,3.044638],[101.594688,3.042609]]]},"properties":{"hand":2.0}},{"type":"Feature","geometry":{"type":"Polygon","coordinates":[[[101.596719,3.042609],[101.59875,3.042609],[101.59875,3.044638],[101.596719,3.044638],[101.596719,3.042609]]]},"properties":{"hand":2.0}},{"type":"Feature","geometry":{"type":"Polygon","coordinates":[[[101.59875,3.042609],[101.600781,3.042609],[101.600781,3.044638],[101.59875,3.044638],[101.59875,3.042609]]]},"properties":{"hand":1.0}},{"type":"Feature","geometry":{"type":"Polygon","coordinates":[[[101.600781,3.042609],[101.602812,3.042609],[101.602812,3.044638],[101.600781,3.044638],[101.600781,3.042609]]]},"properties":{"hand":1.0}},{"type":"Feature","geometry":{"type":"Polygon","coordinates":[[[101.606875,3.042609],[101.608906,3.042609],[101.608906,3.044638],[101.606875,3.044638],[101.606875,3.042609]]]},"properties":{"hand":0.5}},{"type":"Feature","geometry":{"type":"Polygon","coordinates":[[[101.608906,3.042609],[101.610938,3.042609],[101.610938,3.044638],[101.608906,3.044638],[101.608906,3.042609]]]},"properties":{"hand":1.0}},{"type":"Feature","geometry":{"type":"Polygon","coordinates":[[[101.610938,3.042609],[101.612969,3.042609],[101.612969,3.044638],[101.610938,3.044638],[101.610938,3.042609]]]},"properties":{"hand":0.5}},{"type":"Feature","geometry":{"type":"Polygon","coordinates":[[[101.612969,3.042609],[101.615,3.042609],[101.615,3.044638],[101.612969,3.044638],[101.612969,3.042609]]]},"properties":{"hand":0.5}},{"type":"Feature","geometry":{"type":"Polygon","coordinates":[[[101.615,3.042609],[101.617031,3.042609],[101.617031,3.044638],[101.615,3.044638],[101.615,3.042609]]]},"properties":{"hand":0.5}},{"type":"Feature","geometry":{"type":"Polygon","coordinates":[[[101.619062,3.042609],[101.621094,3.042609],[101.621094,3.044638],[101.619062,3.044638],[101.619062,3.042609]]]},"properties":{"hand":5.0}},{"type":"Feature","geometry":{"type":"Polygon","coordinates":[[[101.635312,3.042609],[101.637344,3.042609],[101.637344,3.044638],[101.635312,3.044638],[101.635312,3.042609]]]},"properties":{"hand":5.0}},{"type":"Feature","geometry":{"type":"Polygon","coordinates":[[[101.641406,3.042609],[101.643438,3.042609],[101.643438,3.044638],[101.641406,3.044638],[101.641406,3.042609]]]},"properties":{"hand":5.0}},{"type":"Feature","geometry":{"type":"Polygon","coordinates":[[[101.643438,3.042609],[101.645469,3.042609],[101.645469,3.044638],[101.643438,3.044638],[101.643438,3.042609]]]},"properties":{"hand":5.0}},{"type":"Feature","geometry":{"type":"Polygon","coordinates":[[[101.645469,3.042609],[101.6475,3.042609],[101.6475,3.044638],[101.645469,3.044638],[101.645469,3.042609]]]},"properties":{"hand":5.0}},{"type":"Feature","geometry":{"type":"Polygon","coordinates":[[[101.6475,3.042609],[101.649531,3.042609],[101.649531,3.044638],[101.6475,3.044638],[101.6475,3.042609]]]},"properties":{"hand":2.0}},{"type":"Feature","geometry":{"type":"Polygon","coordinates":[[[101.651563,3.042609],[101.653594,3.042609],[101.653594,3.044638],[101.651563,3.044638],[101.651563,3.042609]]]},"properties":{"hand":2.0}},{"type":"Feature","geometry":{"type":"Polygon","coordinates":[[[101.655625,3.042609],[101.657656,3.042609],[101.657656,3.044638],[101.655625,3.044638],[101.655625,3.042609]]]},"properties":{"hand":3.0}},{"type":"Feature","geometry":{"type":"Polygon","coordinates":[[[101.661719,3.042609],[101.66375,3.042609],[101.66375,3.044638],[101.661719,3.044638],[101.661719,3.042609]]]},"properties":{"hand":3.0}},{"type":"Feature","geometry":{"type":"Polygon","coordinates":[[[101.66375,3.042609],[101.665781,3.042609],[101.665781,3.044638],[101.66375,3.044638],[101.66375,3.042609]]]},"properties":{"hand":5.0}},{"type":"Feature","geometry":{"type":"Polygon","coordinates":[[[101.667813,3.042609],[101.669844,3.042609],[101.669844,3.044638],[101.667813,3.044638],[101.667813,3.042609]]]},"properties":{"hand":3.0}},{"type":"Feature","geometry":{"type":"Polygon","coordinates":[[[101.55,3.04058],[101.552031,3.04058],[101.552031,3.042609],[101.55,3.042609],[101.55,3.04058]]]},"properties":{"hand":2.0}},{"type":"Feature","geometry":{"type":"Polygon","coordinates":[[[101.552031,3.04058],[101.554063,3.04058],[101.554063,3.042609],[101.552031,3.042609],[101.552031,3.04058]]]},"properties":{"hand":2.0}},{"type":"Feature","geometry":{"type":"Polygon","coordinates":[[[101.554063,3.04058],[101.556094,3.04058],[101.556094,3.042609],[101.554063,3.042609],[101.554063,3.04058]]]},"properties":{"hand":0.5}},{"type":"Feature","geometry":{"type":"Polygon","coordinates":[[[101.556094,3.04058],[101.558125,3.04058],[101.558125,3.042609],[101.556094,3.042609],[101.556094,3.04058]]]},"properties":{"hand":0.5}},{"type":"Feature","geometry":{"type":"Polygon","coordinates":[[[101.558125,3.04058],[101.560156,3.04058],[101.560156,3.042609],[101.558125,3.042609],[101.558125,3.04058]]]},"properties":{"hand":5.0}},{"type":"Feature","geometry":{"type":"Polygon","coordinates":[[[101.560156,3.04058],[101.562187,3.04058],[101.562187,3.042609],[101.560156,3.042609],[101.560156,3.04058]]]},"properties":{"hand":3.0}},{"type":"Feature","geometry":{"type":"Polygon","coordinates":[[[101.562187,3.04058],[101.564219,3.04058],[101.564219,3.042609],[101.562187,3.042609],[101.562187,3.04058]]]},"properties":{"hand":0.5}},{"type":"Feature","geometry":{"type":"Polygon","coordinates":[[[101.564219,3.04058],[101.56625,3.04058],[101.56625,3.042609],[101.564219,3.042609],[101.564219,3.04058]]]},"properties":{"hand":2.0}},{"type":"Feature","geometry":{"type":"Polygon","coordinates":[[[101.570312,3.04058],[101.572344,3.04058],[101.572344,3.042609],[101.570312,3.042609],[101.570312,3.04058]]]},"properties":{"hand":5.0}},{"type":"Feature","geometry":{"type":"Polygon","coordinates":[[[101.584531,3.04058],[101.586562,3.04058],[101.586562,3.042609],[101.584531,3.042609],[101.584531,3.04058]]]},"properties":{"hand":5.0}},{"type":"Feature","geometry":{"type":"Polygon","coordinates":[[[101.586562,3.04058],[101.588594,3.04058],[101.588594,3.042609],[101.586562,3.042609],[101.586562,3.04058]]]},"properties":{"hand":2.0}},{"type":"Feature","geometry":{"type":"Polygon","coordinates":[[[101.588594,3.04058],[101.590625,3.04058],[101.590625,3.042609],[101.588594,3.042609],[101.588594,3.04058]]]},"properties":{"hand":0.5}},{"type":"Feature","geometry":{"type":"Polygon","coordinates":[[[101.590625,3.04058],[101.592656,3.04058],[101.592656,3.042609],[101.590625,3.042609],[101.590625,3.04058]]]},"properties":{"hand":3.0}},{"type":"Feature","geometry":{"type":"Polygon","coordinates":[[[101.592656,3.04058],[101.594688,3.04058],[101.594688,3.042609],[101.592656,3.042609],[101.592656,3.04058]]]},"properties":{"hand":2.0}},{"type":"Feature","geometry":{"type":"Polygon","coordinates":[[[101.594688,3.04058],[101.596719,3.04058],[101.596719,3.042609],[101.594688,3.042609],[101.594688,3.04058]]]},"properties":{"hand":5.0}},{"type":"Feature","geometry":{"type":"Polygon","coordinates":[[[101.596719,3.04058],[101.59875,3.04058],[101.59875,3.042609],[101.596719,3.042609],[101.596719,3.04058]]]},"properties":{"hand":2.0}},{"type":"Feature","geometry":{"type":"Polygon","coordinates":[[[101.59875,3.04058],[101.600781,3.04058],[101.600781,3.042609],[101.59875,3.042609],[101.59875,3.04058]]]},"properties":{"hand":0.5}},{"type":"Feature","geometry":{"type":"Polygon","coordinates":[[[101.600781,3.04058],[101.602812,3.04058],[101.602812,3.042609],[101.600781,3.042609],[101.600781,3.04058]]]},"properties":{"hand":5.0}},{"type":"Feature","geometry":{"type":"Polygon","coordinates":[[[101.606875,3.04058],[101.608906,3.04058],[101.608906,3.042609],[101.606875,3.042609],[101.606875,3.04058]]]},"properties":{"hand":2.0}},{"type":"Feature","geometry":{"type":"Polygon","coordinates":[[[101.608906,3.04058],[101.610938,3.04058],[101.610938,3.042609],[101.608906,3.042609],[101.608906,3.04058]]]},"properties":{"hand":2.0}},{"type":"Feature","geometry":{"type":"Polygon","coordinates":[[[101.610938,3.04058],[101.612969,3.04058],[101.612969,3.042609],[101.610938,3.042609],[101.610938,3.04058]]]},"properties":{"hand":0.5}},{"type":"Feature","geometry":{"type":"Polygon","coordinates":[[[101.612969,3.04058],[101.615,3.04058],[101.615,3.042609],[101.612969,3.042609],[101.612969,3.04058]]]},"properties":{"hand":0.5}},{"type":"Feature","geometry":{"type":"Polygon","coordinates":[[[101.615,3.04058],[101.617031,3.04058],[101.617031,3.042609],[101.615,3.042609],[101.615,3.04058]]]},"properties":{"hand":0.5}},{"type":"Feature","geometry":{"type":"Polygon","coordinates":[[[101.617031,3.04058],[101.619062,3.04058],[101.619062,3.042609],[101.617031,3.042609],[101.617031,3.04058]]]},"properties":{"hand":2.0}},{"type":"Feature","geometry":{"type":"Polygon","coordinates":[[[101.619062,3.04058],[101.621094,3.04058],[101.621094,3.042609],[101.619062,3.042609],[101.619062,3.04058]]]},"properties":{"hand":5.0}},{"type":"Feature","geometry":{"type":"Polygon","coordinates":[[[101.621094,3.04058],[101.623125,3.04058],[101.623125,3.042609],[101.621094,3.042609],[101.621094,3.04058]]]},"properties":{"hand":5.0}},{"type":"Feature","geometry":{"type":"Polygon","coordinates":[[[101.635312,3.04058],[101.637344,3.04058],[101.637344,3.042609],[101.635312,3.042609],[101.635312,3.04058]]]},"properties":{"hand":2.0}},{"type":"Feature","geometry":{"type":"Polygon","coordinates":[[[101.639375,3.04058],[101.641406,3.04058],[101.641406,3.042609],[101.639375,3.042609],[101.639375,3.04058]]]},"properties":{"hand":5.0}},{"type":"Feature","geometry":{"type":"Polygon","coordinates":[[[101.641406,3.04058],[101.643438,3.04058],[101.643438,3.042609],[101.641406,3.042609],[101.641406,3.04058]]]},"properties":{"hand":3.0}},{"type":"Feature","geometry":{"type":"Polygon","coordinates":[[[101.645469,3.04058],[101.6475,3.04058],[101.6475,3.042609],[101.645469,3.042609],[101.645469,3.04058]]]},"properties":{"hand":5.0}},{"type":"Feature","geometry":{"type":"Polygon","coordinates":[[[101.6475,3.04058],[101.649531,3.04058],[101.649531,3.042609],[101.6475,3.042609],[101.6475,3.04058]]]},"properties":{"hand":5.0}},{"type":"Feature","geometry":{"type":"Polygon","coordinates":[[[101.649531,3.04058],[101.651563,3.04058],[101.651563,3.042609],[101.649531,3.042609],[101.649531,3.04058]]]},"properties":{"hand":5.0}},{"type":"Feature","geometry":{"type":"Polygon","coordinates":[[[101.653594,3.04058],[101.655625,3.04058],[101.655625,3.042609],[101.653594,3.042609],[101.653594,3.04058]]]},"properties":{"hand":1.0}},{"type":"Feature","geometry":{"type":"Polygon","coordinates":[[[101.655625,3.04058],[101.657656,3.04058],[101.657656,3.042609],[101.655625,3.042609],[101.655625,3.04058]]]},"properties":{"hand":5.0}},{"type":"Feature","geometry":{"type":"Polygon","coordinates":[[[101.66375,3.04058],[101.665781,3.04058],[101.665781,3.042609],[101.66375,3.042609],[101.66375,3.04058]]]},"properties":{"hand":2.0}},{"type":"Feature","geometry":{"type":"Polygon","coordinates":[[[101.665781,3.04058],[101.667813,3.04058],[101.667813,3.042609],[101.665781,3.042609],[101.665781,3.04058]]]},"properties":{"hand":5.0}},{"type":"Feature","geometry":{"type":"Polygon","coordinates":[[[101.55,3.038551],[101.552031,3.038551],[101.552031,3.04058],[101.55,3.04058],[101.55,3.038551]]]},"properties":{"hand":0.5}},{"type":"Feature","geometry":{"type":"Polygon","coordinates":[[[101.552031,3.038551],[101.554063,3.038551],[101.554063,3.04058],[101.552031,3.04058],[101.552031,3.038551]]]},"properties":{"hand":2.0}},{"type":"Feature","geometry":{"type":"Polygon","coordinates":[[[101.554063,3.038551],[101.556094,3.038551],[101.556094,3.04058],[101.554063,3.04058],[101.554063,3.038551]]]},"properties":{"hand":5.0}},{"type":"Feature","geometry":{"type":"Polygon","coordinates":[[[101.556094,3.038551],[101.558125,3.038551],[101.558125,3.04058],[101.556094,3.04058],[101.556094,3.038551]]]},"properties":{"hand":0.5}},{"type":"Feature","geometry":{"type":"Polygon","coordinates":[[[101.558125,3.038551],[101.560156,3.038551],[101.560156,3.04058],[101.558125,3.04058],[101.558125,3.038551]]]},"properties":{"hand":3.0}},{"type":"Feature","geometry":{"type":"Polygon","coordinates":[[[101.560156,3.038551],[101.562187,3.038551],[101.562187,3.04058],[101.560156,3.04058],[101.560156,3.038551]]]},"properties":{"hand":3.0}},{"type":"Feature","geometry":{"type":"Polygon","coordinates":[[[101.562187,3.038551],[101.564219,3.038551],[101.564219,3.04058],[101.562187,3.04058],[101.562187,3.038551]]]},"properties":{"hand":1.0}},{"type":"Feature","geometry":{"type":"Polygon","coordinates":[[[101.564219,3.038551],[101.56625,3.038551],[101.56625,3.04058],[101.564219,3.04058],[101.564219,3.038551]]]},"properties":{"hand":0.5}},{"type":"Feature","geometry":{"type":"Polygon","coordinates":[[[101.56625,3.038551],[101.568281,3.038551],[101.568281,3.04058],[101.56625,3.04058],[101.56625,3.038551]]]},"properties":{"hand":0.5}},{"type":"Feature","geometry":{"type":"Polygon","coordinates":[[[101.578437,3.038551],[101.580469,3.038551],[101.580469,3.04058],[101.578437,3.04058],[101.578437,3.038551]]]},"properties":{"hand":5.0}},{"type":"Feature","geometry":{"type":"Polygon","coordinates":[[[101.5825,3.038551],[101.584531,3.038551],[101.584531,3.04058],[101.5825,3.04058],[101.5825,3.038551]]]},"properties":{"hand":3.0}},{"type":"Feature","geometry":{"type":"Polygon","coordinates":[[[101.584531,3.038551],[101.586562,3.038551],[101.586562,3.04058],[101.584531,3.04058],[101.584531,3.038551]]]},"properties":{"hand":3.0}},{"type":"Feature","geometry":{"type":"Polygon","coordinates":[[[101.586562,3.038551],[101.588594,3.038551],[101.588594,3.04058],[101.586562,3.04058],[101.586562,3.038551]]]},"properties":{"hand":2.0}},{"type":"Feature","geometry":{"type":"Polygon","coordinates":[[[101.588594,3.038551],[101.590625,3.038551],[101.590625,3.04058],[101.588594,3.04058],[101.588594,3.038551]]]},"properties":{"hand":0.5}},{"type":"Feature","geometry":{"type":"Polygon","coordinates":[[[101.590625,3.038551],[101.592656,3.038551],[101.592656,3.04058],[101.590625,3.04058],[101.590625,3.038551]]]},"properties":{"hand":3.0}},{"type":"Feature","geometry":{"type":"Polygon","coordinates":[[[101.592656,3.038551],[101.594688,3.038551],[101.594688,3.04058],[101.592656,3.04058],[101.592656,3.038551]]]},"properties":{"hand":3.0}},{"type":"Feature","geometry":{"type":"Polygon","coordinates":[[[101.594688,3.038551],[101.596719,3.038551],[101.596719,3.04058],[101.594688,3.04058],[101.594688,3.038551]]]},"properties":{"hand":2.0}},{"type":"Feature","geometry":{"type":"Polygon","coordinates":[[[101.596719,3.038551],[101.59875,3.038551],[101.59875,3.04058],[101.596719,3.04058],[101.596719,3.038551]]]},"properties":{"hand":3.0}},{"type":"Feature","geometry":{"type":"Polygon","coordinates":[[[101.59875,3.038551],[101.600781,3.038551],[101.600781,3.04058],[101.59875,3.04058],[101.59875,3.038551]]]},"properties":{"hand":3.0}},{"type":"Feature","geometry":{"type":"Polygon","coordinates":[[[101.606875,3.038551],[101.608906,3.038551],[101.608906,3.04058],[101.606875,3.04058],[101.606875,3.038551]]]},"properties":{"hand":5.0}},{"type":"Feature","geometry":{"type":"Polygon","coordinates":[[[101.610938,3.038551],[101.612969,3.038551],[101.612969,3.04058],[101.610938,3.04058],[101.610938,3.038551]]]},"properties":{"hand":5.0}},{"type":"Feature","geometry":{"type":"Polygon","coordinates":[[[101.612969,3.038551],[101.615,3.038551],[101.615,3.04058],[101.612969,3.04058],[101.612969,3.038551]]]},"properties":{"hand":2.0}},{"type":"Feature","geometry":{"type":"Polygon","coordinates":[[[101.615,3.038551],[101.617031,3.038551],[101.617031,3.04058],[101.615,3.04058],[101.615,3.038551]]]},"properties":{"hand":3.0}},{"type":"Feature","geometry":{"type":"Polygon","coordinates":[[[101.619062,3.038551],[101.621094,3.038551],[101.621094,3.04058],[101.619062,3.04058],[101.619062,3.038551]]]},"properties":{"hand":5.0}},{"type":"Feature","geometry":{"type":"Polygon","coordinates":[[[101.621094,3.038551],[101.623125,3.038551],[101.623125,3.04058],[101.621094,3.04058],[101.621094,3.038551]]]},"properties":{"hand":5.0}},{"type":"Feature","geometry":{"type":"Polygon","coordinates":[[[101.637344,3.038551],[101.639375,3.038551],[101.639375,3.04058],[101.637344,3.04058],[101.637344,3.038551]]]},"properties":{"hand":5.0}},{"type":"Feature","geometry":{"type":"Polygon","coordinates":[[[101.639375,3.038551],[101.641406,3.038551],[101.641406,3.04058],[101.639375,3.04058],[101.639375,3.038551]]]},"properties":{"hand":3.0}},{"type":"Feature","geometry":{"type":"Polygon","coordinates":[[[101.6475,3.038551],[101.649531,3.038551],[101.649531,3.04058],[101.6475,3.04058],[101.6475,3.038551]]]},"properties":{"hand":5.0}},{"type":"Feature","geometry":{"type":"Polygon","coordinates":[[[101.653594,3.038551],[101.655625,3.038551],[101.655625,3.04058],[101.653594,3.04058],[101.653594,3.038551]]]},"properties":{"hand":2.0}},{"type":"Feature","geometry":{"type":"Polygon","coordinates":[[[101.655625,3.038551],[101.657656,3.038551],[101.657656,3.04058],[101.655625,3.04058],[101.655625,3.038551]]]},"properties":{"hand":5.0}},{"type":"Feature","geometry":{"type":"Polygon","coordinates":[[[101.66375,3.038551],[101.665781,3.038551],[101.665781,3.04058],[101.66375,3.04058],[101.66375,3.038551]]]},"properties":{"hand":5.0}},{"type":"Feature","geometry":{"type":"Polygon","coordinates":[[[101.55,3.036522],[101.552031,3.036522],[101.552031,3.038551],[101.55,3.038551],[101.55,3.036522]]]},"properties":{"hand":0.5}},{"type":"Feature","geometry":{"type":"Polygon","coordinates":[[[101.552031,3.036522],[101.554063,3.036522],[101.554063,3.038551],[101.552031,3.038551],[101.552031,3.036522]]]},"properties":{"hand":2.0}},{"type":"Feature","geometry":{"type":"Polygon","coordinates":[[[101.554063,3.036522],[101.556094,3.036522],[101.556094,3.038551],[101.554063,3.038551],[101.554063,3.036522]]]},"properties":{"hand":2.0}},{"type":"Feature","geometry":{"type":"Polygon","coordinates":[[[101.556094,3.036522],[101.558125,3.036522],[101.558125,3.038551],[101.556094,3.038551],[101.556094,3.036522]]]},"properties":{"hand":0.5}},{"type":"Feature","geometry":{"type":"Polygon","coordinates":[[[101.558125,3.036522],[101.560156,3.036522],[101.560156,3.038551],[101.558125,3.038551],[101.558125,3.036522]]]},"properties":{"hand":0.5}},{"type":"Feature","geometry":{"type":"Polygon","coordinates":[[[101.560156,3.036522],[101.562187,3.036522],[101.562187,3.038551],[101.560156,3.038551],[101.560156,3.036522]]]},"properties":{"hand":5.0}},{"type":"Feature","geometry":{"type":"Polygon","coordinates":[[[101.564219,3.036522],[101.56625,3.036522],[101.56625,3.038551],[101.564219,3.038551],[101.564219,3.036522]]]},"properties":{"hand":0.5}},{"type":"Feature","geometry":{"type":"Polygon","coordinates":[[[101.56625,3.036522],[101.568281,3.036522],[101.568281,3.038551],[101.56625,3.038551],[101.56625,3.036522]]]},"properties":{"hand":3.0}},{"type":"Feature","geometry":{"type":"Polygon","coordinates":[[[101.570312,3.036522],[101.572344,3.036522],[101.572344,3.038551],[101.570312,3.038551],[101.570312,3.036522]]]},"properties":{"hand":5.0}},{"type":"Feature","geometry":{"type":"Polygon","coordinates":[[[101.584531,3.036522],[101.586562,3.036522],[101.586562,3.038551],[101.584531,3.038551],[101.584531,3.036522]]]},"properties":{"hand":5.0}},{"type":"Feature","geometry":{"type":"Polygon","coordinates":[[[101.586562,3.036522],[101.588594,3.036522],[101.588594,3.038551],[101.586562,3.038551],[101.586562,3.036522]]]},"properties":{"hand":2.0}},{"type":"Feature","geometry":{"type":"Polygon","coordinates":[[[101.588594,3.036522],[101.590625,3.036522],[101.590625,3.038551],[101.588594,3.038551],[101.588594,3.036522]]]},"properties":{"hand":0.5}},{"type":"Feature","geometry":{"type":"Polygon","coordinates":[[[101.590625,3.036522],[101.592656,3.036522],[101.592656,3.038551],[101.590625,3.038551],[101.590625,3.036522]]]},"properties":{"hand":5.0}},{"type":"Feature","geometry":{"type":"Polygon","coordinates":[[[101.592656,3.036522],[101.594688,3.036522],[101.594688,3.038551],[101.592656,3.038551],[101.592656,3.036522]]]},"properties":{"hand":3.0}},{"type":"Feature","geometry":{"type":"Polygon","coordinates":[[[101.594688,3.036522],[101.596719,3.036522],[101.596719,3.038551],[101.594688,3.038551],[101.594688,3.036522]]]},"properties":{"hand":3.0}},{"type":"Feature","geometry":{"type":"Polygon","coordinates":[[[101.596719,3.036522],[101.59875,3.036522],[101.59875,3.038551],[101.596719,3.038551],[101.596719,3.036522]]]},"properties":{"hand":2.0}},{"type":"Feature","geometry":{"type":"Polygon","coordinates":[[[101.59875,3.036522],[101.600781,3.036522],[101.600781,3.038551],[101.59875,3.038551],[101.59875,3.036522]]]},"properties":{"hand":5.0}},{"type":"Feature","geometry":{"type":"Polygon","coordinates":[[[101.600781,3.036522],[101.602812,3.036522],[101.602812,3.038551],[101.600781,3.038551],[101.600781,3.036522]]]},"properties":{"hand":0.5}},{"type":"Feature","geometry":{"type":"Polygon","coordinates":[[[101.602812,3.036522],[101.604844,3.036522],[101.604844,3.038551],[101.602812,3.038551],[101.602812,3.036522]]]},"properties":{"hand":1.0}},{"type":"Feature","geometry":{"type":"Polygon","coordinates":[[[101.604844,3.036522],[101.606875,3.036522],[101.606875,3.038551],[101.604844,3.038551],[101.604844,3.036522]]]},"properties":{"hand":0.5}},{"type":"Feature","geometry":{"type":"Polygon","coordinates":[[[101.606875,3.036522],[101.608906,3.036522],[101.608906,3.038551],[101.606875,3.038551],[101.606875,3.036522]]]},"properties":{"hand":0.5}},{"type":"Feature","geometry":{"type":"Polygon","coordinates":[[[101.608906,3.036522],[101.610938,3.036522],[101.610938,3.038551],[101.608906,3.038551],[101.608906,3.036522]]]},"properties":{"hand":5.0}},{"type":"Feature","geometry":{"type":"Polygon","coordinates":[[[101.610938,3.036522],[101.612969,3.036522],[101.612969,3.038551],[101.610938,3.038551],[101.610938,3.036522]]]},"properties":{"hand":5.0}},{"type":"Feature","geometry":{"type":"Polygon","coordinates":[[[101.612969,3.036522],[101.615,3.036522],[101.615,3.038551],[101.612969,3.038551],[101.612969,3.036522]]]},"properties":{"hand":5.0}},{"type":"Feature","geometry":{"type":"Polygon","coordinates":[[[101.617031,3.036522],[101.619062,3.036522],[101.619062,3.038551],[101.617031,3.038551],[101.617031,3.036522]]]},"properties":{"hand":3.0}},{"type":"Feature","geometry":{"type":"Polygon","coordinates":[[[101.621094,3.036522],[101.623125,3.036522],[101.623125,3.038551],[101.621094,3.038551],[101.621094,3.036522]]]},"properties":{"hand":5.0}},{"type":"Feature","geometry":{"type":"Polygon","coordinates":[[[101.623125,3.036522],[101.625156,3.036522],[101.625156,3.038551],[101.623125,3.038551],[101.623125,3.036522]]]},"properties":{"hand":3.0}},{"type":"Feature","geometry":{"type":"Polygon","coordinates":[[[101.641406,3.036522],[101.643438,3.036522],[101.643438,3.038551],[101.641406,3.038551],[101.641406,3.036522]]]},"properties":{"hand":5.0}},{"type":"Feature","geometry":{"type":"Polygon","coordinates":[[[101.645469,3.036522],[101.6475,3.036522],[101.6475,3.038551],[101.645469,3.038551],[101.645469,3.036522]]]},"properties":{"hand":5.0}},{"type":"Feature","geometry":{"type":"Polygon","coordinates":[[[101.655625,3.036522],[101.657656,3.036522],[101.657656,3.038551],[101.655625,3.038551],[101.655625,3.036522]]]},"properties":{"hand":5.0}},{"type":"Feature","geometry":{"type":"Polygon","coordinates":[[[101.665781,3.036522],[101.667813,3.036522],[101.667813,3.038551],[101.665781,3.038551],[101.665781,3.036522]]]},"properties":{"hand":5.0}},{"type":"Feature","geometry":{"type":"Polygon","coordinates":[[[101.671875,3.036522],[101.673906,3.036522],[101.673906,3.038551],[101.671875,3.038551],[101.671875,3.036522]]]},"properties":{"hand":5.0}},{"type":"Feature","geometry":{"type":"Polygon","coordinates":[[[101.55,3.034493],[101.552031,3.034493],[101.552031,3.036522],[101.55,3.036522],[101.55,3.034493]]]},"properties":{"hand":1.0}},{"type":"Feature","geometry":{"type":"Polygon","coordinates":[[[101.552031,3.034493],[101.554063,3.034493],[101.554063,3.036522],[101.552031,3.036522],[101.552031,3.034493]]]},"properties":{"hand":5.0}},{"type":"Feature","geometry":{"type":"Polygon","coordinates":[[[101.554063,3.034493],[101.556094,3.034493],[101.556094,3.036522],[101.554063,3.036522],[101.554063,3.034493]]]},"properties":{"hand":2.0}},{"type":"Feature","geometry":{"type":"Polygon","coordinates":[[[101.556094,3.034493],[101.558125,3.034493],[101.558125,3.036522],[101.556094,3.036522],[101.556094,3.034493]]]},"properties":{"hand":2.0}},{"type":"Feature","geometry":{"type":"Polygon","coordinates":[[[101.558125,3.034493],[101.560156,3.034493],[101.560156,3.036522],[101.558125,3.036522],[101.558125,3.034493]]]},"properties":{"hand":1.0}},{"type":"Feature","geometry":{"type":"Polygon","coordinates":[[[101.560156,3.034493],[101.562187,3.034493],[101.562187,3.036522],[101.560156,3.036522],[101.560156,3.034493]]]},"properties":{"hand":2.0}},{"type":"Feature","geometry":{"type":"Polygon","coordinates":[[[101.562187,3.034493],[101.564219,3.034493],[101.564219,3.036522],[101.562187,3.036522],[101.562187,3.034493]]]},"properties":{"hand":3.0}},{"type":"Feature","geometry":{"type":"Polygon","coordinates":[[[101.564219,3.034493],[101.56625,3.034493],[101.56625,3.036522],[101.564219,3.036522],[101.564219,3.034493]]]},"properties":{"hand":5.0}},{"type":"Feature","geometry":{"type":"Polygon","coordinates":[[[101.56625,3.034493],[101.568281,3.034493],[101.568281,3.036522],[101.56625,3.036522],[101.56625,3.034493]]]},"properties":{"hand":3.0}},{"type":"Feature","geometry":{"type":"Polygon","coordinates":[[[101.574375,3.034493],[101.576406,3.034493],[101.576406,3.036522],[101.574375,3.036522],[101.574375,3.034493]]]},"properties":{"hand":3.0}},{"type":"Feature","geometry":{"type":"Polygon","coordinates":[[[101.576406,3.034493],[101.578438,3.034493],[101.578438,3.036522],[101.576406,3.036522],[101.576406,3.034493]]]},"properties":{"hand":5.0}},{"type":"Feature","geometry":{"type":"Polygon","coordinates":[[[101.586562,3.034493],[101.588594,3.034493],[101.588594,3.036522],[101.586562,3.036522],[101.586562,3.034493]]]},"properties":{"hand":5.0}},{"type":"Feature","geometry":{"type":"Polygon","coordinates":[[[101.588594,3.034493],[101.590625,3.034493],[101.590625,3.036522],[101.588594,3.036522],[101.588594,3.034493]]]},"properties":{"hand":5.0}},{"type":"Feature","geometry":{"type":"Polygon","coordinates":[[[101.592656,3.034493],[101.594688,3.034493],[101.594688,3.036522],[101.592656,3.036522],[101.592656,3.034493]]]},"properties":{"hand":5.0}},{"type":"Feature","geometry":{"type":"Polygon","coordinates":[[[101.594688,3.034493],[101.596719,3.034493],[101.596719,3.036522],[101.594688,3.036522],[101.594688,3.034493]]]},"properties":{"hand":5.0}},{"type":"Feature","geometry":{"type":"Polygon","coordinates":[[[101.596719,3.034493],[101.59875,3.034493],[101.59875,3.036522],[101.596719,3.036522],[101.596719,3.034493]]]},"properties":{"hand":0.5}},{"type":"Feature","geometry":{"type":"Polygon","coordinates":[[[101.59875,3.034493],[101.600781,3.034493],[101.600781,3.036522],[101.59875,3.036522],[101.59875,3.034493]]]},"properties":{"hand":5.0}},{"type":"Feature","geometry":{"type":"Polygon","coordinates":[[[101.600781,3.034493],[101.602812,3.034493],[101.602812,3.036522],[101.600781,3.036522],[101.600781,3.034493]]]},"properties":{"hand":1.0}},{"type":"Feature","geometry":{"type":"Polygon","coordinates":[[[101.602812,3.034493],[101.604844,3.034493],[101.604844,3.036522],[101.602812,3.036522],[101.602812,3.034493]]]},"properties":{"hand":2.0}},{"type":"Feature","geometry":{"type":"Polygon","coordinates":[[[101.604844,3.034493],[101.606875,3.034493],[101.606875,3.036522],[101.604844,3.036522],[101.604844,3.034493]]]},"properties":{"hand":0.5}},{"type":"Feature","geometry":{"type":"Polygon","coordinates":[[[101.606875,3.034493],[101.608906,3.034493],[101.608906,3.036522],[101.606875,3.036522],[101.606875,3.034493]]]},"properties":{"hand":0.5}},{"type":"Feature","geometry":{"type":"Polygon","coordinates":[[[101.608906,3.034493],[101.610938,3.034493],[101.610938,3.036522],[101.608906,3.036522],[101.608906,3.034493]]]},"properties":{"hand":2.0}},{"type":"Feature","geometry":{"type":"Polygon","coordinates":[[[101.610938,3.034493],[101.612969,3.034493],[101.612969,3.036522],[101.610938,3.036522],[101.610938,3.034493]]]},"properties":{"hand":0.5}},{"type":"Feature","geometry":{"type":"Polygon","coordinates":[[[101.612969,3.034493],[101.615,3.034493],[101.615,3.036522],[101.612969,3.036522],[101.612969,3.034493]]]},"properties":{"hand":5.0}},{"type":"Feature","geometry":{"type":"Polygon","coordinates":[[[101.615,3.034493],[101.617031,3.034493],[101.617031,3.036522],[101.615,3.036522],[101.615,3.034493]]]},"properties":{"hand":5.0}},{"type":"Feature","geometry":{"type":"Polygon","coordinates":[[[101.617031,3.034493],[101.619062,3.034493],[101.619062,3.036522],[101.617031,3.036522],[101.617031,3.034493]]]},"properties":{"hand":3.0}},{"type":"Feature","geometry":{"type":"Polygon","coordinates":[[[101.623125,3.034493],[101.625156,3.034493],[101.625156,3.036522],[101.623125,3.036522],[101.623125,3.034493]]]},"properties":{"hand":2.0}},{"type":"Feature","geometry":{"type":"Polygon","coordinates":[[[101.637344,3.034493],[101.639375,3.034493],[101.639375,3.036522],[101.637344,3.036522],[101.637344,3.034493]]]},"properties":{"hand":5.0}},{"type":"Feature","geometry":{"type":"Polygon","coordinates":[[[101.641406,3.034493],[101.643438,3.034493],[101.643438,3.036522],[101.641406,3.036522],[101.641406,3.034493]]]},"properties":{"hand":5.0}},{"type":"Feature","geometry":{"type":"Polygon","coordinates":[[[101.643438,3.034493],[101.645469,3.034493],[101.645469,3.036522],[101.643438,3.036522],[101.643438,3.034493]]]},"properties":{"hand":5.0}},{"type":"Feature","geometry":{"type":"Polygon","coordinates":[[[101.645469,3.034493],[101.6475,3.034493],[101.6475,3.036522],[101.645469,3.036522],[101.645469,3.034493]]]},"properties":{"hand":3.0}},{"type":"Feature","geometry":{"type":"Polygon","coordinates":[[[101.655625,3.034493],[101.657656,3.034493],[101.657656,3.036522],[101.655625,3.036522],[101.655625,3.034493]]]},"properties":{"hand":3.0}},{"type":"Feature","geometry":{"type":"Polygon","coordinates":[[[101.657656,3.034493],[101.659688,3.034493],[101.659688,3.036522],[101.657656,3.036522],[101.657656,3.034493]]]},"properties":{"hand":2.0}},{"type":"Feature","geometry":{"type":"Polygon","coordinates":[[[101.659688,3.034493],[101.661719,3.034493],[101.661719,3.036522],[101.659688,3.036522],[101.659688,3.034493]]]},"properties":{"hand":5.0}},{"type":"Feature","geometry":{"type":"Polygon","coordinates":[[[101.675938,3.034493],[101.677969,3.034493],[101.677969,3.036522],[101.675938,3.036522],[101.675938,3.034493]]]},"properties":{"hand":5.0}},{"type":"Feature","geometry":{"type":"Polygon","coordinates":[[[101.55,3.032464],[101.552031,3.032464],[101.552031,3.034493],[101.55,3.034493],[101.55,3.032464]]]},"properties":{"hand":3.0}},{"type":"Feature","geometry":{"type":"Polygon","coordinates":[[[101.552031,3.032464],[101.554063,3.032464],[101.554063,3.034493],[101.552031,3.034493],[101.552031,3.032464]]]},"properties":{"hand":3.0}},{"type":"Feature","geometry":{"type":"Polygon","coordinates":[[[101.554063,3.032464],[101.556094,3.032464],[101.556094,3.034493],[101.554063,3.034493],[101.554063,3.032464]]]},"properties":{"hand":2.0}},{"type":"Feature","geometry":{"type":"Polygon","coordinates":[[[101.556094,3.032464],[101.558125,3.032464],[101.558125,3.034493],[101.556094,3.034493],[101.556094,3.032464]]]},"properties":{"hand":2.0}},{"type":"Feature","geometry":{"type":"Polygon","coordinates":[[[101.558125,3.032464],[101.560156,3.032464],[101.560156,3.034493],[101.558125,3.034493],[101.558125,3.032464]]]},"properties":{"hand":2.0}},{"type":"Feature","geometry":{"type":"Polygon","coordinates":[[[101.560156,3.032464],[101.562187,3.032464],[101.562187,3.034493],[101.560156,3.034493],[101.560156,3.032464]]]},"properties":{"hand":3.0}},{"type":"Feature","geometry":{"type":"Polygon","coordinates":[[[101.562187,3.032464],[101.564219,3.032464],[101.564219,3.034493],[101.562187,3.034493],[101.562187,3.032464]]]},"properties":{"hand":3.0}},{"type":"Feature","geometry":{"type":"Polygon","coordinates":[[[101.564219,3.032464],[101.56625,3.032464],[101.56625,3.034493],[101.564219,3.034493],[101.564219,3.032464]]]},"properties":{"hand":2.0}},{"type":"Feature","geometry":{"type":"Polygon","coordinates":[[[101.56625,3.032464],[101.568281,3.032464],[101.568281,3.034493],[101.56625,3.034493],[101.56625,3.032464]]]},"properties":{"hand":3.0}},{"type":"Feature","geometry":{"type":"Polygon","coordinates":[[[101.574375,3.032464],[101.576406,3.032464],[101.576406,3.034493],[101.574375,3.034493],[101.574375,3.032464]]]},"properties":{"hand":5.0}},{"type":"Feature","geometry":{"type":"Polygon","coordinates":[[[101.576406,3.032464],[101.578438,3.032464],[101.578438,3.034493],[101.576406,3.034493],[101.576406,3.032464]]]},"properties":{"hand":3.0}},{"type":"Feature","geometry":{"type":"Polygon","coordinates":[[[101.578437,3.032464],[101.580469,3.032464],[101.580469,3.034493],[101.578437,3.034493],[101.578437,3.032464]]]},"properties":{"hand":2.0}},{"type":"Feature","geometry":{"type":"Polygon","coordinates":[[[101.586562,3.032464],[101.588594,3.032464],[101.588594,3.034493],[101.586562,3.034493],[101.586562,3.032464]]]},"properties":{"hand":5.0}},{"type":"Feature","geometry":{"type":"Polygon","coordinates":[[[101.588594,3.032464],[101.590625,3.032464],[101.590625,3.034493],[101.588594,3.034493],[101.588594,3.032464]]]},"properties":{"hand":3.0}},{"type":"Feature","geometry":{"type":"Polygon","coordinates":[[[101.590625,3.032464],[101.592656,3.032464],[101.592656,3.034493],[101.590625,3.034493],[101.590625,3.032464]]]},"properties":{"hand":3.0}},{"type":"Feature","geometry":{"type":"Polygon","coordinates":[[[101.592656,3.032464],[101.594688,3.032464],[101.594688,3.034493],[101.592656,3.034493],[101.592656,3.032464]]]},"properties":{"hand":2.0}},{"type":"Feature","geometry":{"type":"Polygon","coordinates":[[[101.594688,3.032464],[101.596719,3.032464],[101.596719,3.034493],[101.594688,3.034493],[101.594688,3.032464]]]},"properties":{"hand":0.5}},{"type":"Feature","geometry":{"type":"Polygon","coordinates":[[[101.596719,3.032464],[101.59875,3.032464],[101.59875,3.034493],[101.596719,3.034493],[101.596719,3.032464]]]},"properties":{"hand":3.0}},{"type":"Feature","geometry":{"type":"Polygon","coordinates":[[[101.600781,3.032464],[101.602812,3.032464],[101.602812,3.034493],[101.600781,3.034493],[101.600781,3.032464]]]},"properties":{"hand":1.0}},{"type":"Feature","geometry":{"type":"Polygon","coordinates":[[[101.602812,3.032464],[101.604844,3.032464],[101.604844,3.034493],[101.602812,3.034493],[101.602812,3.032464]]]},"properties":{"hand":2.0}},{"type":"Feature","geometry":{"type":"Polygon","coordinates":[[[101.604844,3.032464],[101.606875,3.032464],[101.606875,3.034493],[101.604844,3.034493],[101.604844,3.032464]]]},"properties":{"hand":0.5}},{"type":"Feature","geometry":{"type":"Polygon","coordinates":[[[101.606875,3.032464],[101.608906,3.032464],[101.608906,3.034493],[101.606875,3.034493],[101.606875,3.032464]]]},"properties":{"hand":0.5}},{"type":"Feature","geometry":{"type":"Polygon","coordinates":[[[101.608906,3.032464],[101.610938,3.032464],[101.610938,3.034493],[101.608906,3.034493],[101.608906,3.032464]]]},"properties":{"hand":3.0}},{"type":"Feature","geometry":{"type":"Polygon","coordinates":[[[101.610938,3.032464],[101.612969,3.032464],[101.612969,3.034493],[101.610938,3.034493],[101.610938,3.032464]]]},"properties":{"hand":2.0}},{"type":"Feature","geometry":{"type":"Polygon","coordinates":[[[101.612969,3.032464],[101.615,3.032464],[101.615,3.034493],[101.612969,3.034493],[101.612969,3.032464]]]},"properties":{"hand":5.0}},{"type":"Feature","geometry":{"type":"Polygon","coordinates":[[[101.615,3.032464],[101.617031,3.032464],[101.617031,3.034493],[101.615,3.034493],[101.615,3.032464]]]},"properties":{"hand":3.0}},{"type":"Feature","geometry":{"type":"Polygon","coordinates":[[[101.617031,3.032464],[101.619062,3.032464],[101.619062,3.034493],[101.617031,3.034493],[101.617031,3.032464]]]},"properties":{"hand":5.0}},{"type":"Feature","geometry":{"type":"Polygon","coordinates":[[[101.621094,3.032464],[101.623125,3.032464],[101.623125,3.034493],[101.621094,3.034493],[101.621094,3.032464]]]},"properties":{"hand":5.0}},{"type":"Feature","geometry":{"type":"Polygon","coordinates":[[[101.623125,3.032464],[101.625156,3.032464],[101.625156,3.034493],[101.623125,3.034493],[101.623125,3.032464]]]},"properties":{"hand":5.0}},{"type":"Feature","geometry":{"type":"Polygon","coordinates":[[[101.659688,3.032464],[101.661719,3.032464],[101.661719,3.034493],[101.659688,3.034493],[101.659688,3.032464]]]},"properties":{"hand":0.5}},{"type":"Feature","geometry":{"type":"Polygon","coordinates":[[[101.669844,3.032464],[101.671875,3.032464],[101.671875,3.034493],[101.669844,3.034493],[101.669844,3.032464]]]},"properties":{"hand":5.0}},{"type":"Feature","geometry":{"type":"Polygon","coordinates":[[[101.671875,3.032464],[101.673906,3.032464],[101.673906,3.034493],[101.671875,3.034493],[101.671875,3.032464]]]},"properties":{"hand":5.0}},{"type":"Feature","geometry":{"type":"Polygon","coordinates":[[[101.55,3.030435],[101.552031,3.030435],[101.552031,3.032464],[101.55,3.032464],[101.55,3.030435]]]},"properties":{"hand":3.0}},{"type":"Feature","geometry":{"type":"Polygon","coordinates":[[[101.552031,3.030435],[101.554063,3.030435],[101.554063,3.032464],[101.552031,3.032464],[101.552031,3.030435]]]},"properties":{"hand":2.0}},{"type":"Feature","geometry":{"type":"Polygon","coordinates":[[[101.554063,3.030435],[101.556094,3.030435],[101.556094,3.032464],[101.554063,3.032464],[101.554063,3.030435]]]},"properties":{"hand":5.0}},{"type":"Feature","geometry":{"type":"Polygon","coordinates":[[[101.556094,3.030435],[101.558125,3.030435],[101.558125,3.032464],[101.556094,3.032464],[101.556094,3.030435]]]},"properties":{"hand":0.5}},{"type":"Feature","geometry":{"type":"Polygon","coordinates":[[[101.558125,3.030435],[101.560156,3.030435],[101.560156,3.032464],[101.558125,3.032464],[101.558125,3.030435]]]},"properties":{"hand":2.0}},{"type":"Feature","geometry":{"type":"Polygon","coordinates":[[[101.560156,3.030435],[101.562187,3.030435],[101.562187,3.032464],[101.560156,3.032464],[101.560156,3.030435]]]},"properties":{"hand":5.0}},{"type":"Feature","geometry":{"type":"Polygon","coordinates":[[[101.562187,3.030435],[101.564219,3.030435],[101.564219,3.032464],[101.562187,3.032464],[101.562187,3.030435]]]},"properties":{"hand":0.5}},{"type":"Feature","geometry":{"type":"Polygon","coordinates":[[[101.564219,3.030435],[101.56625,3.030435],[101.56625,3.032464],[101.564219,3.032464],[101.564219,3.030435]]]},"properties":{"hand":2.0}},{"type":"Feature","geometry":{"type":"Polygon","coordinates":[[[101.568281,3.030435],[101.570312,3.030435],[101.570312,3.032464],[101.568281,3.032464],[101.568281,3.030435]]]},"properties":{"hand":5.0}},{"type":"Feature","geometry":{"type":"Polygon","coordinates":[[[101.574375,3.030435],[101.576406,3.030435],[101.576406,3.032464],[101.574375,3.032464],[101.574375,3.030435]]]},"properties":{"hand":5.0}},{"type":"Feature","geometry":{"type":"Polygon","coordinates":[[[101.576406,3.030435],[101.578438,3.030435],[101.578438,3.032464],[101.576406,3.032464],[101.576406,3.030435]]]},"properties":{"hand":5.0}},{"type":"Feature","geometry":{"type":"Polygon","coordinates":[[[101.578437,3.030435],[101.580469,3.030435],[101.580469,3.032464],[101.578437,3.032464],[101.578437,3.030435]]]},"properties":{"hand":5.0}},{"type":"Feature","geometry":{"type":"Polygon","coordinates":[[[101.580469,3.030435],[101.5825,3.030435],[101.5825,3.032464],[101.580469,3.032464],[101.580469,3.030435]]]},"properties":{"hand":5.0}},{"type":"Feature","geometry":{"type":"Polygon","coordinates":[[[101.5825,3.030435],[101.584531,3.030435],[101.584531,3.032464],[101.5825,3.032464],[101.5825,3.030435]]]},"properties":{"hand":2.0}},{"type":"Feature","geometry":{"type":"Polygon","coordinates":[[[101.584531,3.030435],[101.586562,3.030435],[101.586562,3.032464],[101.584531,3.032464],[101.584531,3.030435]]]},"properties":{"hand":1.0}},{"type":"Feature","geometry":{"type":"Polygon","coordinates":[[[101.586562,3.030435],[101.588594,3.030435],[101.588594,3.032464],[101.586562,3.032464],[101.586562,3.030435]]]},"properties":{"hand":3.0}},{"type":"Feature","geometry":{"type":"Polygon","coordinates":[[[101.588594,3.030435],[101.590625,3.030435],[101.590625,3.032464],[101.588594,3.032464],[101.588594,3.030435]]]},"properties":{"hand":5.0}},{"type":"Feature","geometry":{"type":"Polygon","coordinates":[[[101.590625,3.030435],[101.592656,3.030435],[101.592656,3.032464],[101.590625,3.032464],[101.590625,3.030435]]]},"properties":{"hand":0.5}},{"type":"Feature","geometry":{"type":"Polygon","coordinates":[[[101.592656,3.030435],[101.594688,3.030435],[101.594688,3.032464],[101.592656,3.032464],[101.592656,3.030435]]]},"properties":{"hand":2.0}},{"type":"Feature","geometry":{"type":"Polygon","coordinates":[[[101.594688,3.030435],[101.596719,3.030435],[101.596719,3.032464],[101.594688,3.032464],[101.594688,3.030435]]]},"properties":{"hand":0.5}},{"type":"Feature","geometry":{"type":"Polygon","coordinates":[[[101.596719,3.030435],[101.59875,3.030435],[101.59875,3.032464],[101.596719,3.032464],[101.596719,3.030435]]]},"properties":{"hand":3.0}},{"type":"Feature","geometry":{"type":"Polygon","coordinates":[[[101.59875,3.030435],[101.600781,3.030435],[101.600781,3.032464],[101.59875,3.032464],[101.59875,3.030435]]]},"properties":{"hand":5.0}},{"type":"Feature","geometry":{"type":"Polygon","coordinates":[[[101.600781,3.030435],[101.602812,3.030435],[101.602812,3.032464],[101.600781,3.032464],[101.600781,3.030435]]]},"properties":{"hand":2.0}},{"type":"Feature","geometry":{"type":"Polygon","coordinates":[[[101.602812,3.030435],[101.604844,3.030435],[101.604844,3.032464],[101.602812,3.032464],[101.602812,3.030435]]]},"properties":{"hand":2.0}},{"type":"Feature","geometry":{"type":"Polygon","coordinates":[[[101.604844,3.030435],[101.606875,3.030435],[101.606875,3.032464],[101.604844,3.032464],[101.604844,3.030435]]]},"properties":{"hand":0.5}},{"type":"Feature","geometry":{"type":"Polygon","coordinates":[[[101.606875,3.030435],[101.608906,3.030435],[101.608906,3.032464],[101.606875,3.032464],[101.606875,3.030435]]]},"properties":{"hand":0.5}},{"type":"Feature","geometry":{"type":"Polygon","coordinates":[[[101.608906,3.030435],[101.610938,3.030435],[101.610938,3.032464],[101.608906,3.032464],[101.608906,3.030435]]]},"properties":{"hand":2.0}},{"type":"Feature","geometry":{"type":"Polygon","coordinates":[[[101.610938,3.030435],[101.612969,3.030435],[101.612969,3.032464],[101.610938,3.032464],[101.610938,3.030435]]]},"properties":{"hand":2.0}},{"type":"Feature","geometry":{"type":"Polygon","coordinates":[[[101.612969,3.030435],[101.615,3.030435],[101.615,3.032464],[101.612969,3.032464],[101.612969,3.030435]]]},"properties":{"hand":5.0}},{"type":"Feature","geometry":{"type":"Polygon","coordinates":[[[101.621094,3.030435],[101.623125,3.030435],[101.623125,3.032464],[101.621094,3.032464],[101.621094,3.030435]]]},"properties":{"hand":5.0}},{"type":"Feature","geometry":{"type":"Polygon","coordinates":[[[101.665781,3.030435],[101.667813,3.030435],[101.667813,3.032464],[101.665781,3.032464],[101.665781,3.030435]]]},"properties":{"hand":5.0}},{"type":"Feature","geometry":{"type":"Polygon","coordinates":[[[101.552031,3.028406],[101.554063,3.028406],[101.554063,3.030435],[101.552031,3.030435],[101.552031,3.028406]]]},"properties":{"hand":5.0}},{"type":"Feature","geometry":{"type":"Polygon","coordinates":[[[101.554063,3.028406],[101.556094,3.028406],[101.556094,3.030435],[101.554063,3.030435],[101.554063,3.028406]]]},"properties":{"hand":2.0}},{"type":"Feature","geometry":{"type":"Polygon","coordinates":[[[101.556094,3.028406],[101.558125,3.028406],[101.558125,3.030435],[101.556094,3.030435],[101.556094,3.028406]]]},"properties":{"hand":2.0}},{"type":"Feature","geometry":{"type":"Polygon","coordinates":[[[101.558125,3.028406],[101.560156,3.028406],[101.560156,3.030435],[101.558125,3.030435],[101.558125,3.028406]]]},"properties":{"hand":0.5}},{"type":"Feature","geometry":{"type":"Polygon","coordinates":[[[101.560156,3.028406],[101.562187,3.028406],[101.562187,3.030435],[101.560156,3.030435],[101.560156,3.028406]]]},"properties":{"hand":3.0}},{"type":"Feature","geometry":{"type":"Polygon","coordinates":[[[101.562187,3.028406],[101.564219,3.028406],[101.564219,3.030435],[101.562187,3.030435],[101.562187,3.028406]]]},"properties":{"hand":3.0}},{"type":"Feature","geometry":{"type":"Polygon","coordinates":[[[101.572344,3.028406],[101.574375,3.028406],[101.574375,3.030435],[101.572344,3.030435],[101.572344,3.028406]]]},"properties":{"hand":5.0}},{"type":"Feature","geometry":{"type":"Polygon","coordinates":[[[101.578437,3.028406],[101.580469,3.028406],[101.580469,3.030435],[101.578437,3.030435],[101.578437,3.028406]]]},"properties":{"hand":5.0}},{"type":"Feature","geometry":{"type":"Polygon","coordinates":[[[101.580469,3.028406],[101.5825,3.028406],[101.5825,3.030435],[101.580469,3.030435],[101.580469,3.028406]]]},"properties":{"hand":3.0}},{"type":"Feature","geometry":{"type":"Polygon","coordinates":[[[101.584531,3.028406],[101.586562,3.028406],[101.586562,3.030435],[101.584531,3.030435],[101.584531,3.028406]]]},"properties":{"hand":5.0}},{"type":"Feature","geometry":{"type":"Polygon","coordinates":[[[101.586562,3.028406],[101.588594,3.028406],[101.588594,3.030435],[101.586562,3.030435],[101.586562,3.028406]]]},"properties":{"hand":3.0}},{"type":"Feature","geometry":{"type":"Polygon","coordinates":[[[101.588594,3.028406],[101.590625,3.028406],[101.590625,3.030435],[101.588594,3.030435],[101.588594,3.028406]]]},"properties":{"hand":2.0}},{"type":"Feature","geometry":{"type":"Polygon","coordinates":[[[101.590625,3.028406],[101.592656,3.028406],[101.592656,3.030435],[101.590625,3.030435],[101.590625,3.028406]]]},"properties":{"hand":2.0}},{"type":"Feature","geometry":{"type":"Polygon","coordinates":[[[101.592656,3.028406],[101.594688,3.028406],[101.594688,3.030435],[101.592656,3.030435],[101.592656,3.028406]]]},"properties":{"hand":1.0}},{"type":"Feature","geometry":{"type":"Polygon","coordinates":[[[101.594688,3.028406],[101.596719,3.028406],[101.596719,3.030435],[101.594688,3.030435],[101.594688,3.028406]]]},"properties":{"hand":0.5}},{"type":"Feature","geometry":{"type":"Polygon","coordinates":[[[101.596719,3.028406],[101.59875,3.028406],[101.59875,3.030435],[101.596719,3.030435],[101.596719,3.028406]]]},"properties":{"hand":5.0}},{"type":"Feature","geometry":{"type":"Polygon","coordinates":[[[101.600781,3.028406],[101.602812,3.028406],[101.602812,3.030435],[101.600781,3.030435],[101.600781,3.028406]]]},"properties":{"hand":3.0}},{"type":"Feature","geometry":{"type":"Polygon","coordinates":[[[101.602812,3.028406],[101.604844,3.028406],[101.604844,3.030435],[101.602812,3.030435],[101.602812,3.028406]]]},"properties":{"hand":2.0}},{"type":"Feature","geometry":{"type":"Polygon","coordinates":[[[101.604844,3.028406],[101.606875,3.028406],[101.606875,3.030435],[101.604844,3.030435],[101.604844,3.028406]]]},"properties":{"hand":2.0}},{"type":"Feature","geometry":{"type":"Polygon","coordinates":[[[101.606875,3.028406],[101.608906,3.028406],[101.608906,3.030435],[101.606875,3.030435],[101.606875,3.028406]]]},"properties":{"hand":2.0}},{"type":"Feature","geometry":{"type":"Polygon","coordinates":[[[101.608906,3.028406],[101.610938,3.028406],[101.610938,3.030435],[101.608906,3.030435],[101.608906,3.028406]]]},"properties":{"hand":1.0}},{"type":"Feature","geometry":{"type":"Polygon","coordinates":[[[101.610938,3.028406],[101.612969,3.028406],[101.612969,3.030435],[101.610938,3.030435],[101.610938,3.028406]]]},"properties":{"hand":2.0}},{"type":"Feature","geometry":{"type":"Polygon","coordinates":[[[101.612969,3.028406],[101.615,3.028406],[101.615,3.030435],[101.612969,3.030435],[101.612969,3.028406]]]},"properties":{"hand":3.0}},{"type":"Feature","geometry":{"type":"Polygon","coordinates":[[[101.623125,3.028406],[101.625156,3.028406],[101.625156,3.030435],[101.623125,3.030435],[101.623125,3.028406]]]},"properties":{"hand":5.0}},{"type":"Feature","geometry":{"type":"Polygon","coordinates":[[[101.625156,3.028406],[101.627188,3.028406],[101.627188,3.030435],[101.625156,3.030435],[101.625156,3.028406]]]},"properties":{"hand":3.0}},{"type":"Feature","geometry":{"type":"Polygon","coordinates":[[[101.665781,3.028406],[101.667813,3.028406],[101.667813,3.030435],[101.665781,3.030435],[101.665781,3.028406]]]},"properties":{"hand":3.0}},{"type":"Feature","geometry":{"type":"Polygon","coordinates":[[[101.55,3.026377],[101.552031,3.026377],[101.552031,3.028406],[101.55,3.028406],[101.55,3.026377]]]},"properties":{"hand":5.0}},{"type":"Feature","geometry":{"type":"Polygon","coordinates":[[[101.552031,3.026377],[101.554063,3.026377],[101.554063,3.028406],[101.552031,3.028406],[101.552031,3.026377]]]},"properties":{"hand":3.0}},{"type":"Feature","geometry":{"type":"Polygon","coordinates":[[[101.554063,3.026377],[101.556094,3.026377],[101.556094,3.028406],[101.554063,3.028406],[101.554063,3.026377]]]},"properties":{"hand":5.0}},{"type":"Feature","geometry":{"type":"Polygon","coordinates":[[[101.556094,3.026377],[101.558125,3.026377],[101.558125,3.028406],[101.556094,3.028406],[101.556094,3.026377]]]},"properties":{"hand":1.0}},{"type":"Feature","geometry":{"type":"Polygon","coordinates":[[[101.558125,3.026377],[101.560156,3.026377],[101.560156,3.028406],[101.558125,3.028406],[101.558125,3.026377]]]},"properties":{"hand":5.0}},{"type":"Feature","geometry":{"type":"Polygon","coordinates":[[[101.562187,3.026377],[101.564219,3.026377],[101.564219,3.028406],[101.562187,3.028406],[101.562187,3.026377]]]},"properties":{"hand":2.0}},{"type":"Feature","geometry":{"type":"Polygon","coordinates":[[[101.564219,3.026377],[101.56625,3.026377],[101.56625,3.028406],[101.564219,3.028406],[101.564219,3.026377]]]},"properties":{"hand":3.0}},{"type":"Feature","geometry":{"type":"Polygon","coordinates":[[[101.56625,3.026377],[101.568281,3.026377],[101.568281,3.028406],[101.56625,3.028406],[101.56625,3.026377]]]},"properties":{"hand":5.0}},{"type":"Feature","geometry":{"type":"Polygon","coordinates":[[[101.576406,3.026377],[101.578438,3.026377],[101.578438,3.028406],[101.576406,3.028406],[101.576406,3.026377]]]},"properties":{"hand":2.0}},{"type":"Feature","geometry":{"type":"Polygon","coordinates":[[[101.578437,3.026377],[101.580469,3.026377],[101.580469,3.028406],[101.578437,3.028406],[101.578437,3.026377]]]},"properties":{"hand":2.0}},{"type":"Feature","geometry":{"type":"Polygon","coordinates":[[[101.588594,3.026377],[101.590625,3.026377],[101.590625,3.028406],[101.588594,3.028406],[101.588594,3.026377]]]},"properties":{"hand":5.0}},{"type":"Feature","geometry":{"type":"Polygon","coordinates":[[[101.590625,3.026377],[101.592656,3.026377],[101.592656,3.028406],[101.590625,3.028406],[101.590625,3.026377]]]},"properties":{"hand":1.0}},{"type":"Feature","geometry":{"type":"Polygon","coordinates":[[[101.592656,3.026377],[101.594688,3.026377],[101.594688,3.028406],[101.592656,3.028406],[101.592656,3.026377]]]},"properties":{"hand":2.0}},{"type":"Feature","geometry":{"type":"Polygon","coordinates":[[[101.594688,3.026377],[101.596719,3.026377],[101.596719,3.028406],[101.594688,3.028406],[101.594688,3.026377]]]},"properties":{"hand":1.0}},{"type":"Feature","geometry":{"type":"Polygon","coordinates":[[[101.596719,3.026377],[101.59875,3.026377],[101.59875,3.028406],[101.596719,3.028406],[101.596719,3.026377]]]},"properties":{"hand":2.0}},{"type":"Feature","geometry":{"type":"Polygon","coordinates":[[[101.600781,3.026377],[101.602812,3.026377],[101.602812,3.028406],[101.600781,3.028406],[101.600781,3.026377]]]},"properties":{"hand":2.0}},{"type":"Feature","geometry":{"type":"Polygon","coordinates":[[[101.602812,3.026377],[101.604844,3.026377],[101.604844,3.028406],[101.602812,3.028406],[101.602812,3.026377]]]},"properties":{"hand":1.0}},{"type":"Feature","geometry":{"type":"Polygon","coordinates":[[[101.604844,3.026377],[101.606875,3.026377],[101.606875,3.028406],[101.604844,3.028406],[101.604844,3.026377]]]},"properties":{"hand":1.0}},{"type":"Feature","geometry":{"type":"Polygon","coordinates":[[[101.606875,3.026377],[101.608906,3.026377],[101.608906,3.028406],[101.606875,3.028406],[101.606875,3.026377]]]},"properties":{"hand":0.5}},{"type":"Feature","geometry":{"type":"Polygon","coordinates":[[[101.608906,3.026377],[101.610938,3.026377],[101.610938,3.028406],[101.608906,3.028406],[101.608906,3.026377]]]},"properties":{"hand":2.0}},{"type":"Feature","geometry":{"type":"Polygon","coordinates":[[[101.610938,3.026377],[101.612969,3.026377],[101.612969,3.028406],[101.610938,3.028406],[101.610938,3.026377]]]},"properties":{"hand":2.0}},{"type":"Feature","geometry":{"type":"Polygon","coordinates":[[[101.612969,3.026377],[101.615,3.026377],[101.615,3.028406],[101.612969,3.028406],[101.612969,3.026377]]]},"properties":{"hand":1.0}},{"type":"Feature","geometry":{"type":"Polygon","coordinates":[[[101.671875,3.026377],[101.673906,3.026377],[101.673906,3.028406],[101.671875,3.028406],[101.671875,3.026377]]]},"properties":{"hand":3.0}},{"type":"Feature","geometry":{"type":"Polygon","coordinates":[[[101.673906,3.026377],[101.675938,3.026377],[101.675938,3.028406],[101.673906,3.028406],[101.673906,3.026377]]]},"properties":{"hand":2.0}},{"type":"Feature","geometry":{"type":"Polygon","coordinates":[[[101.55,3.024348],[101.552031,3.024348],[101.552031,3.026377],[101.55,3.026377],[101.55,3.024348]]]},"properties":{"hand":2.0}},{"type":"Feature","geometry":{"type":"Polygon","coordinates":[[[101.554063,3.024348],[101.556094,3.024348],[101.556094,3.026377],[101.554063,3.026377],[101.554063,3.024348]]]},"properties":{"hand":0.5}},{"type":"Feature","geometry":{"type":"Polygon","coordinates":[[[101.556094,3.024348],[101.558125,3.024348],[101.558125,3.026377],[101.556094,3.026377],[101.556094,3.024348]]]},"properties":{"hand":5.0}},{"type":"Feature","geometry":{"type":"Polygon","coordinates":[[[101.558125,3.024348],[101.560156,3.024348],[101.560156,3.026377],[101.558125,3.026377],[101.558125,3.024348]]]},"properties":{"hand":5.0}},{"type":"Feature","geometry":{"type":"Polygon","coordinates":[[[101.560156,3.024348],[101.562187,3.024348],[101.562187,3.026377],[101.560156,3.026377],[101.560156,3.024348]]]},"properties":{"hand":5.0}},{"type":"Feature","geometry":{"type":"Polygon","coordinates":[[[101.562187,3.024348],[101.564219,3.024348],[101.564219,3.026377],[101.562187,3.026377],[101.562187,3.024348]]]},"properties":{"hand":3.0}},{"type":"Feature","geometry":{"type":"Polygon","coordinates":[[[101.56625,3.024348],[101.568281,3.024348],[101.568281,3.026377],[101.56625,3.026377],[101.56625,3.024348]]]},"properties":{"hand":5.0}},{"type":"Feature","geometry":{"type":"Polygon","coordinates":[[[101.568281,3.024348],[101.570312,3.024348],[101.570312,3.026377],[101.568281,3.026377],[101.568281,3.024348]]]},"properties":{"hand":5.0}},{"type":"Feature","geometry":{"type":"Polygon","coordinates":[[[101.576406,3.024348],[101.578438,3.024348],[101.578438,3.026377],[101.576406,3.026377],[101.576406,3.024348]]]},"properties":{"hand":5.0}},{"type":"Feature","geometry":{"type":"Polygon","coordinates":[[[101.578437,3.024348],[101.580469,3.024348],[101.580469,3.026377],[101.578437,3.026377],[101.578437,3.024348]]]},"properties":{"hand":2.0}},{"type":"Feature","geometry":{"type":"Polygon","coordinates":[[[101.584531,3.024348],[101.586562,3.024348],[101.586562,3.026377],[101.584531,3.026377],[101.584531,3.024348]]]},"properties":{"hand":5.0}},{"type":"Feature","geometry":{"type":"Polygon","coordinates":[[[101.588594,3.024348],[101.590625,3.024348],[101.590625,3.026377],[101.588594,3.026377],[101.588594,3.024348]]]},"properties":{"hand":1.0}},{"type":"Feature","geometry":{"type":"Polygon","coordinates":[[[101.590625,3.024348],[101.592656,3.024348],[101.592656,3.026377],[101.590625,3.026377],[101.590625,3.024348]]]},"properties":{"hand":0.5}},{"type":"Feature","geometry":{"type":"Polygon","coordinates":[[[101.592656,3.024348],[101.594688,3.024348],[101.594688,3.026377],[101.592656,3.026377],[101.592656,3.024348]]]},"properties":{"hand":2.0}},{"type":"Feature","geometry":{"type":"Polygon","coordinates":[[[101.594688,3.024348],[101.596719,3.024348],[101.596719,3.026377],[101.594688,3.026377],[101.594688,3.024348]]]},"properties":{"hand":1.0}},{"type":"Feature","geometry":{"type":"Polygon","coordinates":[[[101.596719,3.024348],[101.59875,3.024348],[101.59875,3.026377],[101.596719,3.026377],[101.596719,3.024348]]]},"properties":{"hand":5.0}},{"type":"Feature","geometry":{"type":"Polygon","coordinates":[[[101.59875,3.024348],[101.600781,3.024348],[101.600781,3.026377],[101.59875,3.026377],[101.59875,3.024348]]]},"properties":{"hand":3.0}},{"type":"Feature","geometry":{"type":"Polygon","coordinates":[[[101.600781,3.024348],[101.602812,3.024348],[101.602812,3.026377],[101.600781,3.026377],[101.600781,3.024348]]]},"properties":{"hand":1.0}},{"type":"Feature","geometry":{"type":"Polygon","coordinates":[[[101.602812,3.024348],[101.604844,3.024348],[101.604844,3.026377],[101.602812,3.026377],[101.602812,3.024348]]]},"properties":{"hand":2.0}},{"type":"Feature","geometry":{"type":"Polygon","coordinates":[[[101.604844,3.024348],[101.606875,3.024348],[101.606875,3.026377],[101.604844,3.026377],[101.604844,3.024348]]]},"properties":{"hand":2.0}},{"type":"Feature","geometry":{"type":"Polygon","coordinates":[[[101.606875,3.024348],[101.608906,3.024348],[101.608906,3.026377],[101.606875,3.026377],[101.606875,3.024348]]]},"properties":{"hand":1.0}},{"type":"Feature","geometry":{"type":"Polygon","coordinates":[[[101.608906,3.024348],[101.610938,3.024348],[101.610938,3.026377],[101.608906,3.026377],[101.608906,3.024348]]]},"properties":{"hand":1.0}},{"type":"Feature","geometry":{"type":"Polygon","coordinates":[[[101.610938,3.024348],[101.612969,3.024348],[101.612969,3.026377],[101.610938,3.026377],[101.610938,3.024348]]]},"properties":{"hand":2.0}},{"type":"Feature","geometry":{"type":"Polygon","coordinates":[[[101.612969,3.024348],[101.615,3.024348],[101.615,3.026377],[101.612969,3.026377],[101.612969,3.024348]]]},"properties":{"hand":2.0}},{"type":"Feature","geometry":{"type":"Polygon","coordinates":[[[101.617031,3.024348],[101.619062,3.024348],[101.619062,3.026377],[101.617031,3.026377],[101.617031,3.024348]]]},"properties":{"hand":5.0}},{"type":"Feature","geometry":{"type":"Polygon","coordinates":[[[101.621094,3.024348],[101.623125,3.024348],[101.623125,3.026377],[101.621094,3.026377],[101.621094,3.024348]]]},"properties":{"hand":5.0}},{"type":"Feature","geometry":{"type":"Polygon","coordinates":[[[101.673906,3.024348],[101.675938,3.024348],[101.675938,3.026377],[101.673906,3.026377],[101.673906,3.024348]]]},"properties":{"hand":1.0}},{"type":"Feature","geometry":{"type":"Polygon","coordinates":[[[101.55,3.022319],[101.552031,3.022319],[101.552031,3.024348],[101.55,3.024348],[101.55,3.022319]]]},"properties":{"hand":5.0}},{"type":"Feature","geometry":{"type":"Polygon","coordinates":[[[101.552031,3.022319],[101.554063,3.022319],[101.554063,3.024348],[101.552031,3.024348],[101.552031,3.022319]]]},"properties":{"hand":3.0}},{"type":"Feature","geometry":{"type":"Polygon","coordinates":[[[101.554063,3.022319],[101.556094,3.022319],[101.556094,3.024348],[101.554063,3.024348],[101.554063,3.022319]]]},"properties":{"hand":1.0}},{"type":"Feature","geometry":{"type":"Polygon","coordinates":[[[101.556094,3.022319],[101.558125,3.022319],[101.558125,3.024348],[101.556094,3.024348],[101.556094,3.022319]]]},"properties":{"hand":2.0}},{"type":"Feature","geometry":{"type":"Polygon","coordinates":[[[101.558125,3.022319],[101.560156,3.022319],[101.560156,3.024348],[101.558125,3.024348],[101.558125,3.022319]]]},"properties":{"hand":5.0}},{"type":"Feature","geometry":{"type":"Polygon","coordinates":[[[101.560156,3.022319],[101.562187,3.022319],[101.562187,3.024348],[101.560156,3.024348],[101.560156,3.022319]]]},"properties":{"hand":3.0}},{"type":"Feature","geometry":{"type":"Polygon","coordinates":[[[101.562187,3.022319],[101.564219,3.022319],[101.564219,3.024348],[101.562187,3.024348],[101.562187,3.022319]]]},"properties":{"hand":3.0}},{"type":"Feature","geometry":{"type":"Polygon","coordinates":[[[101.564219,3.022319],[101.56625,3.022319],[101.56625,3.024348],[101.564219,3.024348],[101.564219,3.022319]]]},"properties":{"hand":5.0}},{"type":"Feature","geometry":{"type":"Polygon","coordinates":[[[101.576406,3.022319],[101.578438,3.022319],[101.578438,3.024348],[101.576406,3.024348],[101.576406,3.022319]]]},"properties":{"hand":5.0}},{"type":"Feature","geometry":{"type":"Polygon","coordinates":[[[101.578437,3.022319],[101.580469,3.022319],[101.580469,3.024348],[101.578437,3.024348],[101.578437,3.022319]]]},"properties":{"hand":2.0}},{"type":"Feature","geometry":{"type":"Polygon","coordinates":[[[101.580469,3.022319],[101.5825,3.022319],[101.5825,3.024348],[101.580469,3.024348],[101.580469,3.022319]]]},"properties":{"hand":5.0}},{"type":"Feature","geometry":{"type":"Polygon","coordinates":[[[101.584531,3.022319],[101.586562,3.022319],[101.586562,3.024348],[101.584531,3.024348],[101.584531,3.022319]]]},"properties":{"hand":5.0}},{"type":"Feature","geometry":{"type":"Polygon","coordinates":[[[101.586562,3.022319],[101.588594,3.022319],[101.588594,3.024348],[101.586562,3.024348],[101.586562,3.022319]]]},"properties":{"hand":2.0}},{"type":"Feature","geometry":{"type":"Polygon","coordinates":[[[101.588594,3.022319],[101.590625,3.022319],[101.590625,3.024348],[101.588594,3.024348],[101.588594,3.022319]]]},"properties":{"hand":1.0}},{"type":"Feature","geometry":{"type":"Polygon","coordinates":[[[101.590625,3.022319],[101.592656,3.022319],[101.592656,3.024348],[101.590625,3.024348],[101.590625,3.022319]]]},"properties":{"hand":2.0}},{"type":"Feature","geometry":{"type":"Polygon","coordinates":[[[101.592656,3.022319],[101.594688,3.022319],[101.594688,3.024348],[101.592656,3.024348],[101.592656,3.022319]]]},"properties":{"hand":3.0}},{"type":"Feature","geometry":{"type":"Polygon","coordinates":[[[101.594688,3.022319],[101.596719,3.022319],[101.596719,3.024348],[101.594688,3.024348],[101.594688,3.022319]]]},"properties":{"hand":5.0}},{"type":"Feature","geometry":{"type":"Polygon","coordinates":[[[101.59875,3.022319],[101.600781,3.022319],[101.600781,3.024348],[101.59875,3.024348],[101.59875,3.022319]]]},"properties":{"hand":3.0}},{"type":"Feature","geometry":{"type":"Polygon","coordinates":[[[101.600781,3.022319],[101.602812,3.022319],[101.602812,3.024348],[101.600781,3.024348],[101.600781,3.022319]]]},"properties":{"hand":0.5}},{"type":"Feature","geometry":{"type":"Polygon","coordinates":[[[101.602812,3.022319],[101.604844,3.022319],[101.604844,3.024348],[101.602812,3.024348],[101.602812,3.022319]]]},"properties":{"hand":1.0}},{"type":"Feature","geometry":{"type":"Polygon","coordinates":[[[101.604844,3.022319],[101.606875,3.022319],[101.606875,3.024348],[101.604844,3.024348],[101.604844,3.022319]]]},"properties":{"hand":3.0}},{"type":"Feature","geometry":{"type":"Polygon","coordinates":[[[101.606875,3.022319],[101.608906,3.022319],[101.608906,3.024348],[101.606875,3.024348],[101.606875,3.022319]]]},"properties":{"hand":2.0}},{"type":"Feature","geometry":{"type":"Polygon","coordinates":[[[101.608906,3.022319],[101.610938,3.022319],[101.610938,3.024348],[101.608906,3.024348],[101.608906,3.022319]]]},"properties":{"hand":1.0}},{"type":"Feature","geometry":{"type":"Polygon","coordinates":[[[101.610938,3.022319],[101.612969,3.022319],[101.612969,3.024348],[101.610938,3.024348],[101.610938,3.022319]]]},"properties":{"hand":3.0}},{"type":"Feature","geometry":{"type":"Polygon","coordinates":[[[101.612969,3.022319],[101.615,3.022319],[101.615,3.024348],[101.612969,3.024348],[101.612969,3.022319]]]},"properties":{"hand":3.0}},{"type":"Feature","geometry":{"type":"Polygon","coordinates":[[[101.667813,3.022319],[101.669844,3.022319],[101.669844,3.024348],[101.667813,3.024348],[101.667813,3.022319]]]},"properties":{"hand":5.0}},{"type":"Feature","geometry":{"type":"Polygon","coordinates":[[[101.675938,3.022319],[101.677969,3.022319],[101.677969,3.024348],[101.675938,3.024348],[101.675938,3.022319]]]},"properties":{"hand":5.0}},{"type":"Feature","geometry":{"type":"Polygon","coordinates":[[[101.55,3.02029],[101.552031,3.02029],[101.552031,3.022319],[101.55,3.022319],[101.55,3.02029]]]},"properties":{"hand":3.0}},{"type":"Feature","geometry":{"type":"Polygon","coordinates":[[[101.552031,3.02029],[101.554063,3.02029],[101.554063,3.022319],[101.552031,3.022319],[101.552031,3.02029]]]},"properties":{"hand":2.0}},{"type":"Feature","geometry":{"type":"Polygon","coordinates":[[[101.554063,3.02029],[101.556094,3.02029],[101.556094,3.022319],[101.554063,3.022319],[101.554063,3.02029]]]},"properties":{"hand":1.0}},{"type":"Feature","geometry":{"type":"Polygon","coordinates":[[[101.556094,3.02029],[101.558125,3.02029],[101.558125,3.022319],[101.556094,3.022319],[101.556094,3.02029]]]},"properties":{"hand":0.5}},{"type":"Feature","geometry":{"type":"Polygon","coordinates":[[[101.558125,3.02029],[101.560156,3.02029],[101.560156,3.022319],[101.558125,3.022319],[101.558125,3.02029]]]},"properties":{"hand":3.0}},{"type":"Feature","geometry":{"type":"Polygon","coordinates":[[[101.560156,3.02029],[101.562187,3.02029],[101.562187,3.022319],[101.560156,3.022319],[101.560156,3.02029]]]},"properties":{"hand":5.0}},{"type":"Feature","geometry":{"type":"Polygon","coordinates":[[[101.562187,3.02029],[101.564219,3.02029],[101.564219,3.022319],[101.562187,3.022319],[101.562187,3.02029]]]},"properties":{"hand":5.0}},{"type":"Feature","geometry":{"type":"Polygon","coordinates":[[[101.56625,3.02029],[101.568281,3.02029],[101.568281,3.022319],[101.56625,3.022319],[101.56625,3.02029]]]},"properties":{"hand":3.0}},{"type":"Feature","geometry":{"type":"Polygon","coordinates":[[[101.570312,3.02029],[101.572344,3.02029],[101.572344,3.022319],[101.570312,3.022319],[101.570312,3.02029]]]},"properties":{"hand":5.0}},{"type":"Feature","geometry":{"type":"Polygon","coordinates":[[[101.576406,3.02029],[101.578438,3.02029],[101.578438,3.022319],[101.576406,3.022319],[101.576406,3.02029]]]},"properties":{"hand":3.0}},{"type":"Feature","geometry":{"type":"Polygon","coordinates":[[[101.578437,3.02029],[101.580469,3.02029],[101.580469,3.022319],[101.578437,3.022319],[101.578437,3.02029]]]},"properties":{"hand":5.0}},{"type":"Feature","geometry":{"type":"Polygon","coordinates":[[[101.580469,3.02029],[101.5825,3.02029],[101.5825,3.022319],[101.580469,3.022319],[101.580469,3.02029]]]},"properties":{"hand":5.0}},{"type":"Feature","geometry":{"type":"Polygon","coordinates":[[[101.5825,3.02029],[101.584531,3.02029],[101.584531,3.022319],[101.5825,3.022319],[101.5825,3.02029]]]},"properties":{"hand":5.0}},{"type":"Feature","geometry":{"type":"Polygon","coordinates":[[[101.584531,3.02029],[101.586562,3.02029],[101.586562,3.022319],[101.584531,3.022319],[101.584531,3.02029]]]},"properties":{"hand":0.5}},{"type":"Feature","geometry":{"type":"Polygon","coordinates":[[[101.586562,3.02029],[101.588594,3.02029],[101.588594,3.022319],[101.586562,3.022319],[101.586562,3.02029]]]},"properties":{"hand":1.0}},{"type":"Feature","geometry":{"type":"Polygon","coordinates":[[[101.588594,3.02029],[101.590625,3.02029],[101.590625,3.022319],[101.588594,3.022319],[101.588594,3.02029]]]},"properties":{"hand":2.0}},{"type":"Feature","geometry":{"type":"Polygon","coordinates":[[[101.590625,3.02029],[101.592656,3.02029],[101.592656,3.022319],[101.590625,3.022319],[101.590625,3.02029]]]},"properties":{"hand":1.0}},{"type":"Feature","geometry":{"type":"Polygon","coordinates":[[[101.592656,3.02029],[101.594688,3.02029],[101.594688,3.022319],[101.592656,3.022319],[101.592656,3.02029]]]},"properties":{"hand":1.0}},{"type":"Feature","geometry":{"type":"Polygon","coordinates":[[[101.594688,3.02029],[101.596719,3.02029],[101.596719,3.022319],[101.594688,3.022319],[101.594688,3.02029]]]},"properties":{"hand":2.0}},{"type":"Feature","geometry":{"type":"Polygon","coordinates":[[[101.59875,3.02029],[101.600781,3.02029],[101.600781,3.022319],[101.59875,3.022319],[101.59875,3.02029]]]},"properties":{"hand":5.0}},{"type":"Feature","geometry":{"type":"Polygon","coordinates":[[[101.600781,3.02029],[101.602812,3.02029],[101.602812,3.022319],[101.600781,3.022319],[101.600781,3.02029]]]},"properties":{"hand":3.0}},{"type":"Feature","geometry":{"type":"Polygon","coordinates":[[[101.602812,3.02029],[101.604844,3.02029],[101.604844,3.022319],[101.602812,3.022319],[101.602812,3.02029]]]},"properties":{"hand":3.0}},{"type":"Feature","geometry":{"type":"Polygon","coordinates":[[[101.604844,3.02029],[101.606875,3.02029],[101.606875,3.022319],[101.604844,3.022319],[101.604844,3.02029]]]},"properties":{"hand":2.0}},{"type":"Feature","geometry":{"type":"Polygon","coordinates":[[[101.606875,3.02029],[101.608906,3.02029],[101.608906,3.022319],[101.606875,3.022319],[101.606875,3.02029]]]},"properties":{"hand":3.0}},{"type":"Feature","geometry":{"type":"Polygon","coordinates":[[[101.608906,3.02029],[101.610938,3.02029],[101.610938,3.022319],[101.608906,3.022319],[101.608906,3.02029]]]},"properties":{"hand":1.0}},{"type":"Feature","geometry":{"type":"Polygon","coordinates":[[[101.610938,3.02029],[101.612969,3.02029],[101.612969,3.022319],[101.610938,3.022319],[101.610938,3.02029]]]},"properties":{"hand":2.0}},{"type":"Feature","geometry":{"type":"Polygon","coordinates":[[[101.612969,3.02029],[101.615,3.02029],[101.615,3.022319],[101.612969,3.022319],[101.612969,3.02029]]]},"properties":{"hand":3.0}},{"type":"Feature","geometry":{"type":"Polygon","coordinates":[[[101.615,3.02029],[101.617031,3.02029],[101.617031,3.022319],[101.615,3.022319],[101.615,3.02029]]]},"properties":{"hand":5.0}},{"type":"Feature","geometry":{"type":"Polygon","coordinates":[[[101.621094,3.02029],[101.623125,3.02029],[101.623125,3.022319],[101.621094,3.022319],[101.621094,3.02029]]]},"properties":{"hand":2.0}},{"type":"Feature","geometry":{"type":"Polygon","coordinates":[[[101.623125,3.02029],[101.625156,3.02029],[101.625156,3.022319],[101.623125,3.022319],[101.623125,3.02029]]]},"properties":{"hand":0.5}},{"type":"Feature","geometry":{"type":"Polygon","coordinates":[[[101.625156,3.02029],[101.627188,3.02029],[101.627188,3.022319],[101.625156,3.022319],[101.625156,3.02029]]]},"properties":{"hand":5.0}},{"type":"Feature","geometry":{"type":"Polygon","coordinates":[[[101.675938,3.02029],[101.677969,3.02029],[101.677969,3.022319],[101.675938,3.022319],[101.675938,3.02029]]]},"properties":{"hand":3.0}},{"type":"Feature","geometry":{"type":"Polygon","coordinates":[[[101.55,3.018261],[101.552031,3.018261],[101.552031,3.02029],[101.55,3.02029],[101.55,3.018261]]]},"properties":{"hand":5.0}},{"type":"Feature","geometry":{"type":"Polygon","coordinates":[[[101.552031,3.018261],[101.554063,3.018261],[101.554063,3.02029],[101.552031,3.02029],[101.552031,3.018261]]]},"properties":{"hand":3.0}},{"type":"Feature","geometry":{"type":"Polygon","coordinates":[[[101.554063,3.018261],[101.556094,3.018261],[101.556094,3.02029],[101.554063,3.02029],[101.554063,3.018261]]]},"properties":{"hand":0.5}},{"type":"Feature","geometry":{"type":"Polygon","coordinates":[[[101.556094,3.018261],[101.558125,3.018261],[101.558125,3.02029],[101.556094,3.02029],[101.556094,3.018261]]]},"properties":{"hand":0.5}},{"type":"Feature","geometry":{"type":"Polygon","coordinates":[[[101.558125,3.018261],[101.560156,3.018261],[101.560156,3.02029],[101.558125,3.02029],[101.558125,3.018261]]]},"properties":{"hand":2.0}},{"type":"Feature","geometry":{"type":"Polygon","coordinates":[[[101.560156,3.018261],[101.562187,3.018261],[101.562187,3.02029],[101.560156,3.02029],[101.560156,3.018261]]]},"properties":{"hand":3.0}},{"type":"Feature","geometry":{"type":"Polygon","coordinates":[[[101.562187,3.018261],[101.564219,3.018261],[101.564219,3.02029],[101.562187,3.02029],[101.562187,3.018261]]]},"properties":{"hand":5.0}},{"type":"Feature","geometry":{"type":"Polygon","coordinates":[[[101.568281,3.018261],[101.570312,3.018261],[101.570312,3.02029],[101.568281,3.02029],[101.568281,3.018261]]]},"properties":{"hand":2.0}},{"type":"Feature","geometry":{"type":"Polygon","coordinates":[[[101.570312,3.018261],[101.572344,3.018261],[101.572344,3.02029],[101.570312,3.02029],[101.570312,3.018261]]]},"properties":{"hand":3.0}},{"type":"Feature","geometry":{"type":"Polygon","coordinates":[[[101.578437,3.018261],[101.580469,3.018261],[101.580469,3.02029],[101.578437,3.02029],[101.578437,3.018261]]]},"properties":{"hand":2.0}},{"type":"Feature","geometry":{"type":"Polygon","coordinates":[[[101.580469,3.018261],[101.5825,3.018261],[101.5825,3.02029],[101.580469,3.02029],[101.580469,3.018261]]]},"properties":{"hand":3.0}},{"type":"Feature","geometry":{"type":"Polygon","coordinates":[[[101.5825,3.018261],[101.584531,3.018261],[101.584531,3.02029],[101.5825,3.02029],[101.5825,3.018261]]]},"properties":{"hand":3.0}},{"type":"Feature","geometry":{"type":"Polygon","coordinates":[[[101.584531,3.018261],[101.586562,3.018261],[101.586562,3.02029],[101.584531,3.02029],[101.584531,3.018261]]]},"properties":{"hand":2.0}},{"type":"Feature","geometry":{"type":"Polygon","coordinates":[[[101.586562,3.018261],[101.588594,3.018261],[101.588594,3.02029],[101.586562,3.02029],[101.586562,3.018261]]]},"properties":{"hand":1.0}},{"type":"Feature","geometry":{"type":"Polygon","coordinates":[[[101.588594,3.018261],[101.590625,3.018261],[101.590625,3.02029],[101.588594,3.02029],[101.588594,3.018261]]]},"properties":{"hand":2.0}},{"type":"Feature","geometry":{"type":"Polygon","coordinates":[[[101.590625,3.018261],[101.592656,3.018261],[101.592656,3.02029],[101.590625,3.02029],[101.590625,3.018261]]]},"properties":{"hand":0.5}},{"type":"Feature","geometry":{"type":"Polygon","coordinates":[[[101.592656,3.018261],[101.594688,3.018261],[101.594688,3.02029],[101.592656,3.02029],[101.592656,3.018261]]]},"properties":{"hand":1.0}},{"type":"Feature","geometry":{"type":"Polygon","coordinates":[[[101.594688,3.018261],[101.596719,3.018261],[101.596719,3.02029],[101.594688,3.02029],[101.594688,3.018261]]]},"properties":{"hand":5.0}},{"type":"Feature","geometry":{"type":"Polygon","coordinates":[[[101.596719,3.018261],[101.59875,3.018261],[101.59875,3.02029],[101.596719,3.02029],[101.596719,3.018261]]]},"properties":{"hand":3.0}},{"type":"Feature","geometry":{"type":"Polygon","coordinates":[[[101.59875,3.018261],[101.600781,3.018261],[101.600781,3.02029],[101.59875,3.02029],[101.59875,3.018261]]]},"properties":{"hand":0.5}},{"type":"Feature","geometry":{"type":"Polygon","coordinates":[[[101.600781,3.018261],[101.602812,3.018261],[101.602812,3.02029],[101.600781,3.02029],[101.600781,3.018261]]]},"properties":{"hand":0.5}},{"type":"Feature","geometry":{"type":"Polygon","coordinates":[[[101.602812,3.018261],[101.604844,3.018261],[101.604844,3.02029],[101.602812,3.02029],[101.602812,3.018261]]]},"properties":{"hand":0.5}},{"type":"Feature","geometry":{"type":"Polygon","coordinates":[[[101.604844,3.018261],[101.606875,3.018261],[101.606875,3.02029],[101.604844,3.02029],[101.604844,3.018261]]]},"properties":{"hand":5.0}},{"type":"Feature","geometry":{"type":"Polygon","coordinates":[[[101.606875,3.018261],[101.608906,3.018261],[101.608906,3.02029],[101.606875,3.02029],[101.606875,3.018261]]]},"properties":{"hand":2.0}},{"type":"Feature","geometry":{"type":"Polygon","coordinates":[[[101.608906,3.018261],[101.610938,3.018261],[101.610938,3.02029],[101.608906,3.02029],[101.608906,3.018261]]]},"properties":{"hand":1.0}},{"type":"Feature","geometry":{"type":"Polygon","coordinates":[[[101.610938,3.018261],[101.612969,3.018261],[101.612969,3.02029],[101.610938,3.02029],[101.610938,3.018261]]]},"properties":{"hand":0.5}},{"type":"Feature","geometry":{"type":"Polygon","coordinates":[[[101.612969,3.018261],[101.615,3.018261],[101.615,3.02029],[101.612969,3.02029],[101.612969,3.018261]]]},"properties":{"hand":3.0}},{"type":"Feature","geometry":{"type":"Polygon","coordinates":[[[101.615,3.018261],[101.617031,3.018261],[101.617031,3.02029],[101.615,3.02029],[101.615,3.018261]]]},"properties":{"hand":5.0}},{"type":"Feature","geometry":{"type":"Polygon","coordinates":[[[101.617031,3.018261],[101.619062,3.018261],[101.619062,3.02029],[101.617031,3.02029],[101.617031,3.018261]]]},"properties":{"hand":5.0}},{"type":"Feature","geometry":{"type":"Polygon","coordinates":[[[101.621094,3.018261],[101.623125,3.018261],[101.623125,3.02029],[101.621094,3.02029],[101.621094,3.018261]]]},"properties":{"hand":5.0}},{"type":"Feature","geometry":{"type":"Polygon","coordinates":[[[101.623125,3.018261],[101.625156,3.018261],[101.625156,3.02029],[101.623125,3.02029],[101.623125,3.018261]]]},"properties":{"hand":5.0}},{"type":"Feature","geometry":{"type":"Polygon","coordinates":[[[101.675938,3.018261],[101.677969,3.018261],[101.677969,3.02029],[101.675938,3.02029],[101.675938,3.018261]]]},"properties":{"hand":3.0}},{"type":"Feature","geometry":{"type":"Polygon","coordinates":[[[101.677969,3.018261],[101.68,3.018261],[101.68,3.02029],[101.677969,3.02029],[101.677969,3.018261]]]},"properties":{"hand":5.0}},{"type":"Feature","geometry":{"type":"Polygon","coordinates":[[[101.55,3.016232],[101.552031,3.016232],[101.552031,3.018261],[101.55,3.018261],[101.55,3.016232]]]},"properties":{"hand":5.0}},{"type":"Feature","geometry":{"type":"Polygon","coordinates":[[[101.552031,3.016232],[101.554063,3.016232],[101.554063,3.018261],[101.552031,3.018261],[101.552031,3.016232]]]},"properties":{"hand":3.0}},{"type":"Feature","geometry":{"type":"Polygon","coordinates":[[[101.554063,3.016232],[101.556094,3.016232],[101.556094,3.018261],[101.554063,3.018261],[101.554063,3.016232]]]},"properties":{"hand":2.0}},{"type":"Feature","geometry":{"type":"Polygon","coordinates":[[[101.556094,3.016232],[101.558125,3.016232],[101.558125,3.018261],[101.556094,3.018261],[101.556094,3.016232]]]},"properties":{"hand":0.5}},{"type":"Feature","geometry":{"type":"Polygon","coordinates":[[[101.558125,3.016232],[101.560156,3.016232],[101.560156,3.018261],[101.558125,3.018261],[101.558125,3.016232]]]},"properties":{"hand":3.0}},{"type":"Feature","geometry":{"type":"Polygon","coordinates":[[[101.560156,3.016232],[101.562187,3.016232],[101.562187,3.018261],[101.560156,3.018261],[101.560156,3.016232]]]},"properties":{"hand":5.0}},{"type":"Feature","geometry":{"type":"Polygon","coordinates":[[[101.564219,3.016232],[101.56625,3.016232],[101.56625,3.018261],[101.564219,3.018261],[101.564219,3.016232]]]},"properties":{"hand":3.0}},{"type":"Feature","geometry":{"type":"Polygon","coordinates":[[[101.56625,3.016232],[101.568281,3.016232],[101.568281,3.018261],[101.56625,3.018261],[101.56625,3.016232]]]},"properties":{"hand":3.0}},{"type":"Feature","geometry":{"type":"Polygon","coordinates":[[[101.568281,3.016232],[101.570312,3.016232],[101.570312,3.018261],[101.568281,3.018261],[101.568281,3.016232]]]},"properties":{"hand":5.0}},{"type":"Feature","geometry":{"type":"Polygon","coordinates":[[[101.572344,3.016232],[101.574375,3.016232],[101.574375,3.018261],[101.572344,3.018261],[101.572344,3.016232]]]},"properties":{"hand":5.0}},{"type":"Feature","geometry":{"type":"Polygon","coordinates":[[[101.574375,3.016232],[101.576406,3.016232],[101.576406,3.018261],[101.574375,3.018261],[101.574375,3.016232]]]},"properties":{"hand":5.0}},{"type":"Feature","geometry":{"type":"Polygon","coordinates":[[[101.580469,3.016232],[101.5825,3.016232],[101.5825,3.018261],[101.580469,3.018261],[101.580469,3.016232]]]},"properties":{"hand":3.0}},{"type":"Feature","geometry":{"type":"Polygon","coordinates":[[[101.5825,3.016232],[101.584531,3.016232],[101.584531,3.018261],[101.5825,3.018261],[101.5825,3.016232]]]},"properties":{"hand":5.0}},{"type":"Feature","geometry":{"type":"Polygon","coordinates":[[[101.584531,3.016232],[101.586562,3.016232],[101.586562,3.018261],[101.584531,3.018261],[101.584531,3.016232]]]},"properties":{"hand":0.5}},{"type":"Feature","geometry":{"type":"Polygon","coordinates":[[[101.586562,3.016232],[101.588594,3.016232],[101.588594,3.018261],[101.586562,3.018261],[101.586562,3.016232]]]},"properties":{"hand":0.5}},{"type":"Feature","geometry":{"type":"Polygon","coordinates":[[[101.588594,3.016232],[101.590625,3.016232],[101.590625,3.018261],[101.588594,3.018261],[101.588594,3.016232]]]},"properties":{"hand":0.5}},{"type":"Feature","geometry":{"type":"Polygon","coordinates":[[[101.590625,3.016232],[101.592656,3.016232],[101.592656,3.018261],[101.590625,3.018261],[101.590625,3.016232]]]},"properties":{"hand":0.5}},{"type":"Feature","geometry":{"type":"Polygon","coordinates":[[[101.592656,3.016232],[101.594688,3.016232],[101.594688,3.018261],[101.592656,3.018261],[101.592656,3.016232]]]},"properties":{"hand":0.5}},{"type":"Feature","geometry":{"type":"Polygon","coordinates":[[[101.594688,3.016232],[101.596719,3.016232],[101.596719,3.018261],[101.594688,3.018261],[101.594688,3.016232]]]},"properties":{"hand":5.0}},{"type":"Feature","geometry":{"type":"Polygon","coordinates":[[[101.596719,3.016232],[101.59875,3.016232],[101.59875,3.018261],[101.596719,3.018261],[101.596719,3.016232]]]},"properties":{"hand":0.5}},{"type":"Feature","geometry":{"type":"Polygon","coordinates":[[[101.59875,3.016232],[101.600781,3.016232],[101.600781,3.018261],[101.59875,3.018261],[101.59875,3.016232]]]},"properties":{"hand":1.0}},{"type":"Feature","geometry":{"type":"Polygon","coordinates":[[[101.600781,3.016232],[101.602812,3.016232],[101.602812,3.018261],[101.600781,3.018261],[101.600781,3.016232]]]},"properties":{"hand":0.5}},{"type":"Feature","geometry":{"type":"Polygon","coordinates":[[[101.602812,3.016232],[101.604844,3.016232],[101.604844,3.018261],[101.602812,3.018261],[101.602812,3.016232]]]},"properties":{"hand":1.0}},{"type":"Feature","geometry":{"type":"Polygon","coordinates":[[[101.604844,3.016232],[101.606875,3.016232],[101.606875,3.018261],[101.604844,3.018261],[101.604844,3.016232]]]},"properties":{"hand":2.0}},{"type":"Feature","geometry":{"type":"Polygon","coordinates":[[[101.606875,3.016232],[101.608906,3.016232],[101.608906,3.018261],[101.606875,3.018261],[101.606875,3.016232]]]},"properties":{"hand":1.0}},{"type":"Feature","geometry":{"type":"Polygon","coordinates":[[[101.608906,3.016232],[101.610938,3.016232],[101.610938,3.018261],[101.608906,3.018261],[101.608906,3.016232]]]},"properties":{"hand":0.5}},{"type":"Feature","geometry":{"type":"Polygon","coordinates":[[[101.610938,3.016232],[101.612969,3.016232],[101.612969,3.018261],[101.610938,3.018261],[101.610938,3.016232]]]},"properties":{"hand":5.0}},{"type":"Feature","geometry":{"type":"Polygon","coordinates":[[[101.612969,3.016232],[101.615,3.016232],[101.615,3.018261],[101.612969,3.018261],[101.612969,3.016232]]]},"properties":{"hand":5.0}},{"type":"Feature","geometry":{"type":"Polygon","coordinates":[[[101.615,3.016232],[101.617031,3.016232],[101.617031,3.018261],[101.615,3.018261],[101.615,3.016232]]]},"properties":{"hand":5.0}},{"type":"Feature","geometry":{"type":"Polygon","coordinates":[[[101.677969,3.016232],[101.68,3.016232],[101.68,3.018261],[101.677969,3.018261],[101.677969,3.016232]]]},"properties":{"hand":5.0}},{"type":"Feature","geometry":{"type":"Polygon","coordinates":[[[101.55,3.014203],[101.552031,3.014203],[101.552031,3.016232],[101.55,3.016232],[101.55,3.014203]]]},"properties":{"hand":0.5}},{"type":"Feature","geometry":{"type":"Polygon","coordinates":[[[101.552031,3.014203],[101.554063,3.014203],[101.554063,3.016232],[101.552031,3.016232],[101.552031,3.014203]]]},"properties":{"hand":1.0}},{"type":"Feature","geometry":{"type":"Polygon","coordinates":[[[101.554063,3.014203],[101.556094,3.014203],[101.556094,3.016232],[101.554063,3.016232],[101.554063,3.014203]]]},"properties":{"hand":3.0}},{"type":"Feature","geometry":{"type":"Polygon","coordinates":[[[101.556094,3.014203],[101.558125,3.014203],[101.558125,3.016232],[101.556094,3.016232],[101.556094,3.014203]]]},"properties":{"hand":2.0}},{"type":"Feature","geometry":{"type":"Polygon","coordinates":[[[101.558125,3.014203],[101.560156,3.014203],[101.560156,3.016232],[101.558125,3.016232],[101.558125,3.014203]]]},"properties":{"hand":2.0}},{"type":"Feature","geometry":{"type":"Polygon","coordinates":[[[101.560156,3.014203],[101.562187,3.014203],[101.562187,3.016232],[101.560156,3.016232],[101.560156,3.014203]]]},"properties":{"hand":5.0}},{"type":"Feature","geometry":{"type":"Polygon","coordinates":[[[101.564219,3.014203],[101.56625,3.014203],[101.56625,3.016232],[101.564219,3.016232],[101.564219,3.014203]]]},"properties":{"hand":3.0}},{"type":"Feature","geometry":{"type":"Polygon","coordinates":[[[101.56625,3.014203],[101.568281,3.014203],[101.568281,3.016232],[101.56625,3.016232],[101.56625,3.014203]]]},"properties":{"hand":3.0}},{"type":"Feature","geometry":{"type":"Polygon","coordinates":[[[101.572344,3.014203],[101.574375,3.014203],[101.574375,3.016232],[101.572344,3.016232],[101.572344,3.014203]]]},"properties":{"hand":5.0}},{"type":"Feature","geometry":{"type":"Polygon","coordinates":[[[101.574375,3.014203],[101.576406,3.014203],[101.576406,3.016232],[101.574375,3.016232],[101.574375,3.014203]]]},"properties":{"hand":5.0}},{"type":"Feature","geometry":{"type":"Polygon","coordinates":[[[101.578437,3.014203],[101.580469,3.014203],[101.580469,3.016232],[101.578437,3.016232],[101.578437,3.014203]]]},"properties":{"hand":5.0}},{"type":"Feature","geometry":{"type":"Polygon","coordinates":[[[101.580469,3.014203],[101.5825,3.014203],[101.5825,3.016232],[101.580469,3.016232],[101.580469,3.014203]]]},"properties":{"hand":3.0}},{"type":"Feature","geometry":{"type":"Polygon","coordinates":[[[101.5825,3.014203],[101.584531,3.014203],[101.584531,3.016232],[101.5825,3.016232],[101.5825,3.014203]]]},"properties":{"hand":2.0}},{"type":"Feature","geometry":{"type":"Polygon","coordinates":[[[101.584531,3.014203],[101.586562,3.014203],[101.586562,3.016232],[101.584531,3.016232],[101.584531,3.014203]]]},"properties":{"hand":0.5}},{"type":"Feature","geometry":{"type":"Polygon","coordinates":[[[101.586562,3.014203],[101.588594,3.014203],[101.588594,3.016232],[101.586562,3.016232],[101.586562,3.014203]]]},"properties":{"hand":0.5}},{"type":"Feature","geometry":{"type":"Polygon","coordinates":[[[101.588594,3.014203],[101.590625,3.014203],[101.590625,3.016232],[101.588594,3.016232],[101.588594,3.014203]]]},"properties":{"hand":0.5}},{"type":"Feature","geometry":{"type":"Polygon","coordinates":[[[101.590625,3.014203],[101.592656,3.014203],[101.592656,3.016232],[101.590625,3.016232],[101.590625,3.014203]]]},"properties":{"hand":0.5}},{"type":"Feature","geometry":{"type":"Polygon","coordinates":[[[101.592656,3.014203],[101.594688,3.014203],[101.594688,3.016232],[101.592656,3.016232],[101.592656,3.014203]]]},"properties":{"hand":1.0}},{"type":"Feature","geometry":{"type":"Polygon","coordinates":[[[101.594688,3.014203],[101.596719,3.014203],[101.596719,3.016232],[101.594688,3.016232],[101.594688,3.014203]]]},"properties":{"hand":5.0}},{"type":"Feature","geometry":{"type":"Polygon","coordinates":[[[101.596719,3.014203],[101.59875,3.014203],[101.59875,3.016232],[101.596719,3.016232],[101.596719,3.014203]]]},"properties":{"hand":1.0}},{"type":"Feature","geometry":{"type":"Polygon","coordinates":[[[101.59875,3.014203],[101.600781,3.014203],[101.600781,3.016232],[101.59875,3.016232],[101.59875,3.014203]]]},"properties":{"hand":1.0}},{"type":"Feature","geometry":{"type":"Polygon","coordinates":[[[101.600781,3.014203],[101.602812,3.014203],[101.602812,3.016232],[101.600781,3.016232],[101.600781,3.014203]]]},"properties":{"hand":2.0}},{"type":"Feature","geometry":{"type":"Polygon","coordinates":[[[101.602812,3.014203],[101.604844,3.014203],[101.604844,3.016232],[101.602812,3.016232],[101.602812,3.014203]]]},"properties":{"hand":2.0}},{"type":"Feature","geometry":{"type":"Polygon","coordinates":[[[101.604844,3.014203],[101.606875,3.014203],[101.606875,3.016232],[101.604844,3.016232],[101.604844,3.014203]]]},"properties":{"hand":1.0}},{"type":"Feature","geometry":{"type":"Polygon","coordinates":[[[101.606875,3.014203],[101.608906,3.014203],[101.608906,3.016232],[101.606875,3.016232],[101.606875,3.014203]]]},"properties":{"hand":2.0}},{"type":"Feature","geometry":{"type":"Polygon","coordinates":[[[101.608906,3.014203],[101.610938,3.014203],[101.610938,3.016232],[101.608906,3.016232],[101.608906,3.014203]]]},"properties":{"hand":0.5}},{"type":"Feature","geometry":{"type":"Polygon","coordinates":[[[101.610938,3.014203],[101.612969,3.014203],[101.612969,3.016232],[101.610938,3.016232],[101.610938,3.014203]]]},"properties":{"hand":3.0}},{"type":"Feature","geometry":{"type":"Polygon","coordinates":[[[101.612969,3.014203],[101.615,3.014203],[101.615,3.016232],[101.612969,3.016232],[101.612969,3.014203]]]},"properties":{"hand":5.0}},{"type":"Feature","geometry":{"type":"Polygon","coordinates":[[[101.615,3.014203],[101.617031,3.014203],[101.617031,3.016232],[101.615,3.016232],[101.615,3.014203]]]},"properties":{"hand":2.0}},{"type":"Feature","geometry":{"type":"Polygon","coordinates":[[[101.617031,3.014203],[101.619062,3.014203],[101.619062,3.016232],[101.617031,3.016232],[101.617031,3.014203]]]},"properties":{"hand":3.0}},{"type":"Feature","geometry":{"type":"Polygon","coordinates":[[[101.677969,3.014203],[101.68,3.014203],[101.68,3.016232],[101.677969,3.016232],[101.677969,3.014203]]]},"properties":{"hand":5.0}},{"type":"Feature","geometry":{"type":"Polygon","coordinates":[[[101.55,3.012174],[101.552031,3.012174],[101.552031,3.014203],[101.55,3.014203],[101.55,3.012174]]]},"properties":{"hand":3.0}},{"type":"Feature","geometry":{"type":"Polygon","coordinates":[[[101.552031,3.012174],[101.554063,3.012174],[101.554063,3.014203],[101.552031,3.014203],[101.552031,3.012174]]]},"properties":{"hand":2.0}},{"type":"Feature","geometry":{"type":"Polygon","coordinates":[[[101.554063,3.012174],[101.556094,3.012174],[101.556094,3.014203],[101.554063,3.014203],[101.554063,3.012174]]]},"properties":{"hand":3.0}},{"type":"Feature","geometry":{"type":"Polygon","coordinates":[[[101.556094,3.012174],[101.558125,3.012174],[101.558125,3.014203],[101.556094,3.014203],[101.556094,3.012174]]]},"properties":{"hand":5.0}},{"type":"Feature","geometry":{"type":"Polygon","coordinates":[[[101.558125,3.012174],[101.560156,3.012174],[101.560156,3.014203],[101.558125,3.014203],[101.558125,3.012174]]]},"properties":{"hand":3.0}},{"type":"Feature","geometry":{"type":"Polygon","coordinates":[[[101.560156,3.012174],[101.562187,3.012174],[101.562187,3.014203],[101.560156,3.014203],[101.560156,3.012174]]]},"properties":{"hand":5.0}},{"type":"Feature","geometry":{"type":"Polygon","coordinates":[[[101.562187,3.012174],[101.564219,3.012174],[101.564219,3.014203],[101.562187,3.014203],[101.562187,3.012174]]]},"properties":{"hand":5.0}},{"type":"Feature","geometry":{"type":"Polygon","coordinates":[[[101.564219,3.012174],[101.56625,3.012174],[101.56625,3.014203],[101.564219,3.014203],[101.564219,3.012174]]]},"properties":{"hand":5.0}},{"type":"Feature","geometry":{"type":"Polygon","coordinates":[[[101.56625,3.012174],[101.568281,3.012174],[101.568281,3.014203],[101.56625,3.014203],[101.56625,3.012174]]]},"properties":{"hand":5.0}},{"type":"Feature","geometry":{"type":"Polygon","coordinates":[[[101.568281,3.012174],[101.570312,3.012174],[101.570312,3.014203],[101.568281,3.014203],[101.568281,3.012174]]]},"properties":{"hand":5.0}},{"type":"Feature","geometry":{"type":"Polygon","coordinates":[[[101.570312,3.012174],[101.572344,3.012174],[101.572344,3.014203],[101.570312,3.014203],[101.570312,3.012174]]]},"properties":{"hand":5.0}},{"type":"Feature","geometry":{"type":"Polygon","coordinates":[[[101.572344,3.012174],[101.574375,3.012174],[101.574375,3.014203],[101.572344,3.014203],[101.572344,3.012174]]]},"properties":{"hand":0.5}},{"type":"Feature","geometry":{"type":"Polygon","coordinates":[[[101.574375,3.012174],[101.576406,3.012174],[101.576406,3.014203],[101.574375,3.014203],[101.574375,3.012174]]]},"properties":{"hand":5.0}},{"type":"Feature","geometry":{"type":"Polygon","coordinates":[[[101.576406,3.012174],[101.578438,3.012174],[101.578438,3.014203],[101.576406,3.014203],[101.576406,3.012174]]]},"properties":{"hand":2.0}},{"type":"Feature","geometry":{"type":"Polygon","coordinates":[[[101.578437,3.012174],[101.580469,3.012174],[101.580469,3.014203],[101.578437,3.014203],[101.578437,3.012174]]]},"properties":{"hand":5.0}},{"type":"Feature","geometry":{"type":"Polygon","coordinates":[[[101.5825,3.012174],[101.584531,3.012174],[101.584531,3.014203],[101.5825,3.014203],[101.5825,3.012174]]]},"properties":{"hand":5.0}},{"type":"Feature","geometry":{"type":"Polygon","coordinates":[[[101.584531,3.012174],[101.586562,3.012174],[101.586562,3.014203],[101.584531,3.014203],[101.584531,3.012174]]]},"properties":{"hand":0.5}},{"type":"Feature","geometry":{"type":"Polygon","coordinates":[[[101.586562,3.012174],[101.588594,3.012174],[101.588594,3.014203],[101.586562,3.014203],[101.586562,3.012174]]]},"properties":{"hand":0.5}},{"type":"Feature","geometry":{"type":"Polygon","coordinates":[[[101.588594,3.012174],[101.590625,3.012174],[101.590625,3.014203],[101.588594,3.014203],[101.588594,3.012174]]]},"properties":{"hand":0.5}},{"type":"Feature","geometry":{"type":"Polygon","coordinates":[[[101.590625,3.012174],[101.592656,3.012174],[101.592656,3.014203],[101.590625,3.014203],[101.590625,3.012174]]]},"properties":{"hand":0.5}},{"type":"Feature","geometry":{"type":"Polygon","coordinates":[[[101.592656,3.012174],[101.594688,3.012174],[101.594688,3.014203],[101.592656,3.014203],[101.592656,3.012174]]]},"properties":{"hand":5.0}},{"type":"Feature","geometry":{"type":"Polygon","coordinates":[[[101.594688,3.012174],[101.596719,3.012174],[101.596719,3.014203],[101.594688,3.014203],[101.594688,3.012174]]]},"properties":{"hand":1.0}},{"type":"Feature","geometry":{"type":"Polygon","coordinates":[[[101.596719,3.012174],[101.59875,3.012174],[101.59875,3.014203],[101.596719,3.014203],[101.596719,3.012174]]]},"properties":{"hand":2.0}},{"type":"Feature","geometry":{"type":"Polygon","coordinates":[[[101.59875,3.012174],[101.600781,3.012174],[101.600781,3.014203],[101.59875,3.014203],[101.59875,3.012174]]]},"properties":{"hand":1.0}},{"type":"Feature","geometry":{"type":"Polygon","coordinates":[[[101.600781,3.012174],[101.602812,3.012174],[101.602812,3.014203],[101.600781,3.014203],[101.600781,3.012174]]]},"properties":{"hand":2.0}},{"type":"Feature","geometry":{"type":"Polygon","coordinates":[[[101.602812,3.012174],[101.604844,3.012174],[101.604844,3.014203],[101.602812,3.014203],[101.602812,3.012174]]]},"properties":{"hand":1.0}},{"type":"Feature","geometry":{"type":"Polygon","coordinates":[[[101.604844,3.012174],[101.606875,3.012174],[101.606875,3.014203],[101.604844,3.014203],[101.604844,3.012174]]]},"properties":{"hand":2.0}},{"type":"Feature","geometry":{"type":"Polygon","coordinates":[[[101.606875,3.012174],[101.608906,3.012174],[101.608906,3.014203],[101.606875,3.014203],[101.606875,3.012174]]]},"properties":{"hand":1.0}},{"type":"Feature","geometry":{"type":"Polygon","coordinates":[[[101.608906,3.012174],[101.610938,3.012174],[101.610938,3.014203],[101.608906,3.014203],[101.608906,3.012174]]]},"properties":{"hand":0.5}},{"type":"Feature","geometry":{"type":"Polygon","coordinates":[[[101.610938,3.012174],[101.612969,3.012174],[101.612969,3.014203],[101.610938,3.014203],[101.610938,3.012174]]]},"properties":{"hand":1.0}},{"type":"Feature","geometry":{"type":"Polygon","coordinates":[[[101.612969,3.012174],[101.615,3.012174],[101.615,3.014203],[101.612969,3.014203],[101.612969,3.012174]]]},"properties":{"hand":5.0}},{"type":"Feature","geometry":{"type":"Polygon","coordinates":[[[101.615,3.012174],[101.617031,3.012174],[101.617031,3.014203],[101.615,3.014203],[101.615,3.012174]]]},"properties":{"hand":5.0}},{"type":"Feature","geometry":{"type":"Polygon","coordinates":[[[101.623125,3.012174],[101.625156,3.012174],[101.625156,3.014203],[101.623125,3.014203],[101.623125,3.012174]]]},"properties":{"hand":5.0}},{"type":"Feature","geometry":{"type":"Polygon","coordinates":[[[101.55,3.010145],[101.552031,3.010145],[101.552031,3.012174],[101.55,3.012174],[101.55,3.010145]]]},"properties":{"hand":3.0}},{"type":"Feature","geometry":{"type":"Polygon","coordinates":[[[101.552031,3.010145],[101.554063,3.010145],[101.554063,3.012174],[101.552031,3.012174],[101.552031,3.010145]]]},"properties":{"hand":2.0}},{"type":"Feature","geometry":{"type":"Polygon","coordinates":[[[101.554063,3.010145],[101.556094,3.010145],[101.556094,3.012174],[101.554063,3.012174],[101.554063,3.010145]]]},"properties":{"hand":1.0}},{"type":"Feature","geometry":{"type":"Polygon","coordinates":[[[101.556094,3.010145],[101.558125,3.010145],[101.558125,3.012174],[101.556094,3.012174],[101.556094,3.010145]]]},"properties":{"hand":2.0}},{"type":"Feature","geometry":{"type":"Polygon","coordinates":[[[101.558125,3.010145],[101.560156,3.010145],[101.560156,3.012174],[101.558125,3.012174],[101.558125,3.010145]]]},"properties":{"hand":1.0}},{"type":"Feature","geometry":{"type":"Polygon","coordinates":[[[101.560156,3.010145],[101.562187,3.010145],[101.562187,3.012174],[101.560156,3.012174],[101.560156,3.010145]]]},"properties":{"hand":2.0}},{"type":"Feature","geometry":{"type":"Polygon","coordinates":[[[101.56625,3.010145],[101.568281,3.010145],[101.568281,3.012174],[101.56625,3.012174],[101.56625,3.010145]]]},"properties":{"hand":5.0}},{"type":"Feature","geometry":{"type":"Polygon","coordinates":[[[101.568281,3.010145],[101.570312,3.010145],[101.570312,3.012174],[101.568281,3.012174],[101.568281,3.010145]]]},"properties":{"hand":5.0}},{"type":"Feature","geometry":{"type":"Polygon","coordinates":[[[101.570312,3.010145],[101.572344,3.010145],[101.572344,3.012174],[101.570312,3.012174],[101.570312,3.010145]]]},"properties":{"hand":1.0}},{"type":"Feature","geometry":{"type":"Polygon","coordinates":[[[101.572344,3.010145],[101.574375,3.010145],[101.574375,3.012174],[101.572344,3.012174],[101.572344,3.010145]]]},"properties":{"hand":3.0}},{"type":"Feature","geometry":{"type":"Polygon","coordinates":[[[101.574375,3.010145],[101.576406,3.010145],[101.576406,3.012174],[101.574375,3.012174],[101.574375,3.010145]]]},"properties":{"hand":3.0}},{"type":"Feature","geometry":{"type":"Polygon","coordinates":[[[101.576406,3.010145],[101.578438,3.010145],[101.578438,3.012174],[101.576406,3.012174],[101.576406,3.010145]]]},"properties":{"hand":3.0}},{"type":"Feature","geometry":{"type":"Polygon","coordinates":[[[101.578437,3.010145],[101.580469,3.010145],[101.580469,3.012174],[101.578437,3.012174],[101.578437,3.010145]]]},"properties":{"hand":2.0}},{"type":"Feature","geometry":{"type":"Polygon","coordinates":[[[101.584531,3.010145],[101.586562,3.010145],[101.586562,3.012174],[101.584531,3.012174],[101.584531,3.010145]]]},"properties":{"hand":0.5}},{"type":"Feature","geometry":{"type":"Polygon","coordinates":[[[101.586562,3.010145],[101.588594,3.010145],[101.588594,3.012174],[101.586562,3.012174],[101.586562,3.010145]]]},"properties":{"hand":0.5}},{"type":"Feature","geometry":{"type":"Polygon","coordinates":[[[101.588594,3.010145],[101.590625,3.010145],[101.590625,3.012174],[101.588594,3.012174],[101.588594,3.010145]]]},"properties":{"hand":2.0}},{"type":"Feature","geometry":{"type":"Polygon","coordinates":[[[101.590625,3.010145],[101.592656,3.010145],[101.592656,3.012174],[101.590625,3.012174],[101.590625,3.010145]]]},"properties":{"hand":3.0}},{"type":"Feature","geometry":{"type":"Polygon","coordinates":[[[101.592656,3.010145],[101.594688,3.010145],[101.594688,3.012174],[101.592656,3.012174],[101.592656,3.010145]]]},"properties":{"hand":2.0}},{"type":"Feature","geometry":{"type":"Polygon","coordinates":[[[101.594688,3.010145],[101.596719,3.010145],[101.596719,3.012174],[101.594688,3.012174],[101.594688,3.010145]]]},"properties":{"hand":1.0}},{"type":"Feature","geometry":{"type":"Polygon","coordinates":[[[101.596719,3.010145],[101.59875,3.010145],[101.59875,3.012174],[101.596719,3.012174],[101.596719,3.010145]]]},"properties":{"hand":0.5}},{"type":"Feature","geometry":{"type":"Polygon","coordinates":[[[101.59875,3.010145],[101.600781,3.010145],[101.600781,3.012174],[101.59875,3.012174],[101.59875,3.010145]]]},"properties":{"hand":3.0}},{"type":"Feature","geometry":{"type":"Polygon","coordinates":[[[101.600781,3.010145],[101.602812,3.010145],[101.602812,3.012174],[101.600781,3.012174],[101.600781,3.010145]]]},"properties":{"hand":1.0}},{"type":"Feature","geometry":{"type":"Polygon","coordinates":[[[101.602812,3.010145],[101.604844,3.010145],[101.604844,3.012174],[101.602812,3.012174],[101.602812,3.010145]]]},"properties":{"hand":0.5}},{"type":"Feature","geometry":{"type":"Polygon","coordinates":[[[101.604844,3.010145],[101.606875,3.010145],[101.606875,3.012174],[101.604844,3.012174],[101.604844,3.010145]]]},"properties":{"hand":1.0}},{"type":"Feature","geometry":{"type":"Polygon","coordinates":[[[101.606875,3.010145],[101.608906,3.010145],[101.608906,3.012174],[101.606875,3.012174],[101.606875,3.010145]]]},"properties":{"hand":0.5}},{"type":"Feature","geometry":{"type":"Polygon","coordinates":[[[101.608906,3.010145],[101.610938,3.010145],[101.610938,3.012174],[101.608906,3.012174],[101.608906,3.010145]]]},"properties":{"hand":1.0}},{"type":"Feature","geometry":{"type":"Polygon","coordinates":[[[101.610938,3.010145],[101.612969,3.010145],[101.612969,3.012174],[101.610938,3.012174],[101.610938,3.010145]]]},"properties":{"hand":2.0}},{"type":"Feature","geometry":{"type":"Polygon","coordinates":[[[101.612969,3.010145],[101.615,3.010145],[101.615,3.012174],[101.612969,3.012174],[101.612969,3.010145]]]},"properties":{"hand":5.0}},{"type":"Feature","geometry":{"type":"Polygon","coordinates":[[[101.621094,3.010145],[101.623125,3.010145],[101.623125,3.012174],[101.621094,3.012174],[101.621094,3.010145]]]},"properties":{"hand":5.0}},{"type":"Feature","geometry":{"type":"Polygon","coordinates":[[[101.645469,3.010145],[101.6475,3.010145],[101.6475,3.012174],[101.645469,3.012174],[101.645469,3.010145]]]},"properties":{"hand":5.0}},{"type":"Feature","geometry":{"type":"Polygon","coordinates":[[[101.665781,3.010145],[101.667813,3.010145],[101.667813,3.012174],[101.665781,3.012174],[101.665781,3.010145]]]},"properties":{"hand":3.0}},{"type":"Feature","geometry":{"type":"Polygon","coordinates":[[[101.669844,3.010145],[101.671875,3.010145],[101.671875,3.012174],[101.669844,3.012174],[101.669844,3.010145]]]},"properties":{"hand":5.0}},{"type":"Feature","geometry":{"type":"Polygon","coordinates":[[[101.55,3.008116],[101.552031,3.008116],[101.552031,3.010145],[101.55,3.010145],[101.55,3.008116]]]},"properties":{"hand":2.0}},{"type":"Feature","geometry":{"type":"Polygon","coordinates":[[[101.552031,3.008116],[101.554063,3.008116],[101.554063,3.010145],[101.552031,3.010145],[101.552031,3.008116]]]},"properties":{"hand":2.0}},{"type":"Feature","geometry":{"type":"Polygon","coordinates":[[[101.554063,3.008116],[101.556094,3.008116],[101.556094,3.010145],[101.554063,3.010145],[101.554063,3.008116]]]},"properties":{"hand":2.0}},{"type":"Feature","geometry":{"type":"Polygon","coordinates":[[[101.556094,3.008116],[101.558125,3.008116],[101.558125,3.010145],[101.556094,3.010145],[101.556094,3.008116]]]},"properties":{"hand":3.0}},{"type":"Feature","geometry":{"type":"Polygon","coordinates":[[[101.558125,3.008116],[101.560156,3.008116],[101.560156,3.010145],[101.558125,3.010145],[101.558125,3.008116]]]},"properties":{"hand":2.0}},{"type":"Feature","geometry":{"type":"Polygon","coordinates":[[[101.560156,3.008116],[101.562187,3.008116],[101.562187,3.010145],[101.560156,3.010145],[101.560156,3.008116]]]},"properties":{"hand":5.0}},{"type":"Feature","geometry":{"type":"Polygon","coordinates":[[[101.562187,3.008116],[101.564219,3.008116],[101.564219,3.010145],[101.562187,3.010145],[101.562187,3.008116]]]},"properties":{"hand":3.0}},{"type":"Feature","geometry":{"type":"Polygon","coordinates":[[[101.564219,3.008116],[101.56625,3.008116],[101.56625,3.010145],[101.564219,3.010145],[101.564219,3.008116]]]},"properties":{"hand":5.0}},{"type":"Feature","geometry":{"type":"Polygon","coordinates":[[[101.56625,3.008116],[101.568281,3.008116],[101.568281,3.010145],[101.56625,3.010145],[101.56625,3.008116]]]},"properties":{"hand":5.0}},{"type":"Feature","geometry":{"type":"Polygon","coordinates":[[[101.568281,3.008116],[101.570312,3.008116],[101.570312,3.010145],[101.568281,3.010145],[101.568281,3.008116]]]},"properties":{"hand":3.0}},{"type":"Feature","geometry":{"type":"Polygon","coordinates":[[[101.570312,3.008116],[101.572344,3.008116],[101.572344,3.010145],[101.570312,3.010145],[101.570312,3.008116]]]},"properties":{"hand":0.5}},{"type":"Feature","geometry":{"type":"Polygon","coordinates":[[[101.574375,3.008116],[101.576406,3.008116],[101.576406,3.010145],[101.574375,3.010145],[101.574375,3.008116]]]},"properties":{"hand":2.0}},{"type":"Feature","geometry":{"type":"Polygon","coordinates":[[[101.576406,3.008116],[101.578438,3.008116],[101.578438,3.010145],[101.576406,3.010145],[101.576406,3.008116]]]},"properties":{"hand":5.0}},{"type":"Feature","geometry":{"type":"Polygon","coordinates":[[[101.586562,3.008116],[101.588594,3.008116],[101.588594,3.010145],[101.586562,3.010145],[101.586562,3.008116]]]},"properties":{"hand":2.0}},{"type":"Feature","geometry":{"type":"Polygon","coordinates":[[[101.588594,3.008116],[101.590625,3.008116],[101.590625,3.010145],[101.588594,3.010145],[101.588594,3.008116]]]},"properties":{"hand":3.0}},{"type":"Feature","geometry":{"type":"Polygon","coordinates":[[[101.590625,3.008116],[101.592656,3.008116],[101.592656,3.010145],[101.590625,3.010145],[101.590625,3.008116]]]},"properties":{"hand":5.0}},{"type":"Feature","geometry":{"type":"Polygon","coordinates":[[[101.592656,3.008116],[101.594688,3.008116],[101.594688,3.010145],[101.592656,3.010145],[101.592656,3.008116]]]},"properties":{"hand":3.0}},{"type":"Feature","geometry":{"type":"Polygon","coordinates":[[[101.594688,3.008116],[101.596719,3.008116],[101.596719,3.010145],[101.594688,3.010145],[101.594688,3.008116]]]},"properties":{"hand":2.0}},{"type":"Feature","geometry":{"type":"Polygon","coordinates":[[[101.596719,3.008116],[101.59875,3.008116],[101.59875,3.010145],[101.596719,3.010145],[101.596719,3.008116]]]},"properties":{"hand":3.0}},{"type":"Feature","geometry":{"type":"Polygon","coordinates":[[[101.59875,3.008116],[101.600781,3.008116],[101.600781,3.010145],[101.59875,3.010145],[101.59875,3.008116]]]},"properties":{"hand":3.0}},{"type":"Feature","geometry":{"type":"Polygon","coordinates":[[[101.600781,3.008116],[101.602812,3.008116],[101.602812,3.010145],[101.600781,3.010145],[101.600781,3.008116]]]},"properties":{"hand":0.5}},{"type":"Feature","geometry":{"type":"Polygon","coordinates":[[[101.602812,3.008116],[101.604844,3.008116],[101.604844,3.010145],[101.602812,3.010145],[101.602812,3.008116]]]},"properties":{"hand":0.5}},{"type":"Feature","geometry":{"type":"Polygon","coordinates":[[[101.604844,3.008116],[101.606875,3.008116],[101.606875,3.010145],[101.604844,3.010145],[101.604844,3.008116]]]},"properties":{"hand":0.5}},{"type":"Feature","geometry":{"type":"Polygon","coordinates":[[[101.606875,3.008116],[101.608906,3.008116],[101.608906,3.010145],[101.606875,3.010145],[101.606875,3.008116]]]},"properties":{"hand":0.5}},{"type":"Feature","geometry":{"type":"Polygon","coordinates":[[[101.608906,3.008116],[101.610938,3.008116],[101.610938,3.010145],[101.608906,3.010145],[101.608906,3.008116]]]},"properties":{"hand":0.5}},{"type":"Feature","geometry":{"type":"Polygon","coordinates":[[[101.610938,3.008116],[101.612969,3.008116],[101.612969,3.010145],[101.610938,3.010145],[101.610938,3.008116]]]},"properties":{"hand":5.0}},{"type":"Feature","geometry":{"type":"Polygon","coordinates":[[[101.612969,3.008116],[101.615,3.008116],[101.615,3.010145],[101.612969,3.010145],[101.612969,3.008116]]]},"properties":{"hand":5.0}},{"type":"Feature","geometry":{"type":"Polygon","coordinates":[[[101.621094,3.008116],[101.623125,3.008116],[101.623125,3.010145],[101.621094,3.010145],[101.621094,3.008116]]]},"properties":{"hand":5.0}},{"type":"Feature","geometry":{"type":"Polygon","coordinates":[[[101.629219,3.008116],[101.63125,3.008116],[101.63125,3.010145],[101.629219,3.010145],[101.629219,3.008116]]]},"properties":{"hand":3.0}},{"type":"Feature","geometry":{"type":"Polygon","coordinates":[[[101.643438,3.008116],[101.645469,3.008116],[101.645469,3.010145],[101.643438,3.010145],[101.643438,3.008116]]]},"properties":{"hand":3.0}},{"type":"Feature","geometry":{"type":"Polygon","coordinates":[[[101.661719,3.008116],[101.66375,3.008116],[101.66375,3.010145],[101.661719,3.010145],[101.661719,3.008116]]]},"properties":{"hand":2.0}},{"type":"Feature","geometry":{"type":"Polygon","coordinates":[[[101.66375,3.008116],[101.665781,3.008116],[101.665781,3.010145],[101.66375,3.010145],[101.66375,3.008116]]]},"properties":{"hand":2.0}},{"type":"Feature","geometry":{"type":"Polygon","coordinates":[[[101.665781,3.008116],[101.667813,3.008116],[101.667813,3.010145],[101.665781,3.010145],[101.665781,3.008116]]]},"properties":{"hand":3.0}},{"type":"Feature","geometry":{"type":"Polygon","coordinates":[[[101.669844,3.008116],[101.671875,3.008116],[101.671875,3.010145],[101.669844,3.010145],[101.669844,3.008116]]]},"properties":{"hand":5.0}},{"type":"Feature","geometry":{"type":"Polygon","coordinates":[[[101.675938,3.008116],[101.677969,3.008116],[101.677969,3.010145],[101.675938,3.010145],[101.675938,3.008116]]]},"properties":{"hand":5.0}},{"type":"Feature","geometry":{"type":"Polygon","coordinates":[[[101.55,3.006087],[101.552031,3.006087],[101.552031,3.008116],[101.55,3.008116],[101.55,3.006087]]]},"properties":{"hand":3.0}},{"type":"Feature","geometry":{"type":"Polygon","coordinates":[[[101.552031,3.006087],[101.554063,3.006087],[101.554063,3.008116],[101.552031,3.008116],[101.552031,3.006087]]]},"properties":{"hand":2.0}},{"type":"Feature","geometry":{"type":"Polygon","coordinates":[[[101.554063,3.006087],[101.556094,3.006087],[101.556094,3.008116],[101.554063,3.008116],[101.554063,3.006087]]]},"properties":{"hand":5.0}},{"type":"Feature","geometry":{"type":"Polygon","coordinates":[[[101.556094,3.006087],[101.558125,3.006087],[101.558125,3.008116],[101.556094,3.008116],[101.556094,3.006087]]]},"properties":{"hand":3.0}},{"type":"Feature","geometry":{"type":"Polygon","coordinates":[[[101.558125,3.006087],[101.560156,3.006087],[101.560156,3.008116],[101.558125,3.008116],[101.558125,3.006087]]]},"properties":{"hand":2.0}},{"type":"Feature","geometry":{"type":"Polygon","coordinates":[[[101.560156,3.006087],[101.562187,3.006087],[101.562187,3.008116],[101.560156,3.008116],[101.560156,3.006087]]]},"properties":{"hand":5.0}},{"type":"Feature","geometry":{"type":"Polygon","coordinates":[[[101.562187,3.006087],[101.564219,3.006087],[101.564219,3.008116],[101.562187,3.008116],[101.562187,3.006087]]]},"properties":{"hand":2.0}},{"type":"Feature","geometry":{"type":"Polygon","coordinates":[[[101.564219,3.006087],[101.56625,3.006087],[101.56625,3.008116],[101.564219,3.008116],[101.564219,3.006087]]]},"properties":{"hand":3.0}},{"type":"Feature","geometry":{"type":"Polygon","coordinates":[[[101.56625,3.006087],[101.568281,3.006087],[101.568281,3.008116],[101.56625,3.008116],[101.56625,3.006087]]]},"properties":{"hand":3.0}},{"type":"Feature","geometry":{"type":"Polygon","coordinates":[[[101.568281,3.006087],[101.570312,3.006087],[101.570312,3.008116],[101.568281,3.008116],[101.568281,3.006087]]]},"properties":{"hand":2.0}},{"type":"Feature","geometry":{"type":"Polygon","coordinates":[[[101.570312,3.006087],[101.572344,3.006087],[101.572344,3.008116],[101.570312,3.008116],[101.570312,3.006087]]]},"properties":{"hand":1.0}},{"type":"Feature","geometry":{"type":"Polygon","coordinates":[[[101.580469,3.006087],[101.5825,3.006087],[101.5825,3.008116],[101.580469,3.008116],[101.580469,3.006087]]]},"properties":{"hand":2.0}},{"type":"Feature","geometry":{"type":"Polygon","coordinates":[[[101.5825,3.006087],[101.584531,3.006087],[101.584531,3.008116],[101.5825,3.008116],[101.5825,3.006087]]]},"properties":{"hand":3.0}},{"type":"Feature","geometry":{"type":"Polygon","coordinates":[[[101.584531,3.006087],[101.586562,3.006087],[101.586562,3.008116],[101.584531,3.008116],[101.584531,3.006087]]]},"properties":{"hand":5.0}},{"type":"Feature","geometry":{"type":"Polygon","coordinates":[[[101.588594,3.006087],[101.590625,3.006087],[101.590625,3.008116],[101.588594,3.008116],[101.588594,3.006087]]]},"properties":{"hand":5.0}},{"type":"Feature","geometry":{"type":"Polygon","coordinates":[[[101.590625,3.006087],[101.592656,3.006087],[101.592656,3.008116],[101.590625,3.008116],[101.590625,3.006087]]]},"properties":{"hand":5.0}},{"type":"Feature","geometry":{"type":"Polygon","coordinates":[[[101.592656,3.006087],[101.594688,3.006087],[101.594688,3.008116],[101.592656,3.008116],[101.592656,3.006087]]]},"properties":{"hand":3.0}},{"type":"Feature","geometry":{"type":"Polygon","coordinates":[[[101.594688,3.006087],[101.596719,3.006087],[101.596719,3.008116],[101.594688,3.008116],[101.594688,3.006087]]]},"properties":{"hand":3.0}},{"type":"Feature","geometry":{"type":"Polygon","coordinates":[[[101.596719,3.006087],[101.59875,3.006087],[101.59875,3.008116],[101.596719,3.008116],[101.596719,3.006087]]]},"properties":{"hand":2.0}},{"type":"Feature","geometry":{"type":"Polygon","coordinates":[[[101.59875,3.006087],[101.600781,3.006087],[101.600781,3.008116],[101.59875,3.008116],[101.59875,3.006087]]]},"properties":{"hand":5.0}},{"type":"Feature","geometry":{"type":"Polygon","coordinates":[[[101.600781,3.006087],[101.602812,3.006087],[101.602812,3.008116],[101.600781,3.008116],[101.600781,3.006087]]]},"properties":{"hand":5.0}},{"type":"Feature","geometry":{"type":"Polygon","coordinates":[[[101.602812,3.006087],[101.604844,3.006087],[101.604844,3.008116],[101.602812,3.008116],[101.602812,3.006087]]]},"properties":{"hand":5.0}},{"type":"Feature","geometry":{"type":"Polygon","coordinates":[[[101.604844,3.006087],[101.606875,3.006087],[101.606875,3.008116],[101.604844,3.008116],[101.604844,3.006087]]]},"properties":{"hand":0.5}},{"type":"Feature","geometry":{"type":"Polygon","coordinates":[[[101.606875,3.006087],[101.608906,3.006087],[101.608906,3.008116],[101.606875,3.008116],[101.606875,3.006087]]]},"properties":{"hand":0.5}},{"type":"Feature","geometry":{"type":"Polygon","coordinates":[[[101.608906,3.006087],[101.610938,3.006087],[101.610938,3.008116],[101.608906,3.008116],[101.608906,3.006087]]]},"properties":{"hand":0.5}},{"type":"Feature","geometry":{"type":"Polygon","coordinates":[[[101.610938,3.006087],[101.612969,3.006087],[101.612969,3.008116],[101.610938,3.008116],[101.610938,3.006087]]]},"properties":{"hand":5.0}},{"type":"Feature","geometry":{"type":"Polygon","coordinates":[[[101.615,3.006087],[101.617031,3.006087],[101.617031,3.008116],[101.615,3.008116],[101.615,3.006087]]]},"properties":{"hand":5.0}},{"type":"Feature","geometry":{"type":"Polygon","coordinates":[[[101.617031,3.006087],[101.619062,3.006087],[101.619062,3.008116],[101.617031,3.008116],[101.617031,3.006087]]]},"properties":{"hand":2.0}},{"type":"Feature","geometry":{"type":"Polygon","coordinates":[[[101.619062,3.006087],[101.621094,3.006087],[101.621094,3.008116],[101.619062,3.008116],[101.619062,3.006087]]]},"properties":{"hand":5.0}},{"type":"Feature","geometry":{"type":"Polygon","coordinates":[[[101.625156,3.006087],[101.627188,3.006087],[101.627188,3.008116],[101.625156,3.008116],[101.625156,3.006087]]]},"properties":{"hand":5.0}},{"type":"Feature","geometry":{"type":"Polygon","coordinates":[[[101.659688,3.006087],[101.661719,3.006087],[101.661719,3.008116],[101.659688,3.008116],[101.659688,3.006087]]]},"properties":{"hand":5.0}},{"type":"Feature","geometry":{"type":"Polygon","coordinates":[[[101.661719,3.006087],[101.66375,3.006087],[101.66375,3.008116],[101.661719,3.008116],[101.661719,3.006087]]]},"properties":{"hand":2.0}},{"type":"Feature","geometry":{"type":"Polygon","coordinates":[[[101.66375,3.006087],[101.665781,3.006087],[101.665781,3.008116],[101.66375,3.008116],[101.66375,3.006087]]]},"properties":{"hand":5.0}},{"type":"Feature","geometry":{"type":"Polygon","coordinates":[[[101.667813,3.006087],[101.669844,3.006087],[101.669844,3.008116],[101.667813,3.008116],[101.667813,3.006087]]]},"properties":{"hand":3.0}},{"type":"Feature","geometry":{"type":"Polygon","coordinates":[[[101.55,3.004058],[101.552031,3.004058],[101.552031,3.006087],[101.55,3.006087],[101.55,3.004058]]]},"properties":{"hand":5.0}},{"type":"Feature","geometry":{"type":"Polygon","coordinates":[[[101.552031,3.004058],[101.554063,3.004058],[101.554063,3.006087],[101.552031,3.006087],[101.552031,3.004058]]]},"properties":{"hand":1.0}},{"type":"Feature","geometry":{"type":"Polygon","coordinates":[[[101.554063,3.004058],[101.556094,3.004058],[101.556094,3.006087],[101.554063,3.006087],[101.554063,3.004058]]]},"properties":{"hand":3.0}},{"type":"Feature","geometry":{"type":"Polygon","coordinates":[[[101.556094,3.004058],[101.558125,3.004058],[101.558125,3.006087],[101.556094,3.006087],[101.556094,3.004058]]]},"properties":{"hand":5.0}},{"type":"Feature","geometry":{"type":"Polygon","coordinates":[[[101.558125,3.004058],[101.560156,3.004058],[101.560156,3.006087],[101.558125,3.006087],[101.558125,3.004058]]]},"properties":{"hand":3.0}},{"type":"Feature","geometry":{"type":"Polygon","coordinates":[[[101.560156,3.004058],[101.562187,3.004058],[101.562187,3.006087],[101.560156,3.006087],[101.560156,3.004058]]]},"properties":{"hand":3.0}},{"type":"Feature","geometry":{"type":"Polygon","coordinates":[[[101.562187,3.004058],[101.564219,3.004058],[101.564219,3.006087],[101.562187,3.006087],[101.562187,3.004058]]]},"properties":{"hand":3.0}},{"type":"Feature","geometry":{"type":"Polygon","coordinates":[[[101.564219,3.004058],[101.56625,3.004058],[101.56625,3.006087],[101.564219,3.006087],[101.564219,3.004058]]]},"properties":{"hand":3.0}},{"type":"Feature","geometry":{"type":"Polygon","coordinates":[[[101.568281,3.004058],[101.570312,3.004058],[101.570312,3.006087],[101.568281,3.006087],[101.568281,3.004058]]]},"properties":{"hand":5.0}},{"type":"Feature","geometry":{"type":"Polygon","coordinates":[[[101.570312,3.004058],[101.572344,3.004058],[101.572344,3.006087],[101.570312,3.006087],[101.570312,3.004058]]]},"properties":{"hand":2.0}},{"type":"Feature","geometry":{"type":"Polygon","coordinates":[[[101.584531,3.004058],[101.586562,3.004058],[101.586562,3.006087],[101.584531,3.006087],[101.584531,3.004058]]]},"properties":{"hand":2.0}},{"type":"Feature","geometry":{"type":"Polygon","coordinates":[[[101.588594,3.004058],[101.590625,3.004058],[101.590625,3.006087],[101.588594,3.006087],[101.588594,3.004058]]]},"properties":{"hand":5.0}},{"type":"Feature","geometry":{"type":"Polygon","coordinates":[[[101.590625,3.004058],[101.592656,3.004058],[101.592656,3.006087],[101.590625,3.006087],[101.590625,3.004058]]]},"properties":{"hand":2.0}},{"type":"Feature","geometry":{"type":"Polygon","coordinates":[[[101.592656,3.004058],[101.594688,3.004058],[101.594688,3.006087],[101.592656,3.006087],[101.592656,3.004058]]]},"properties":{"hand":1.0}},{"type":"Feature","geometry":{"type":"Polygon","coordinates":[[[101.594688,3.004058],[101.596719,3.004058],[101.596719,3.006087],[101.594688,3.006087],[101.594688,3.004058]]]},"properties":{"hand":0.5}},{"type":"Feature","geometry":{"type":"Polygon","coordinates":[[[101.596719,3.004058],[101.59875,3.004058],[101.59875,3.006087],[101.596719,3.006087],[101.596719,3.004058]]]},"properties":{"hand":2.0}},{"type":"Feature","geometry":{"type":"Polygon","coordinates":[[[101.59875,3.004058],[101.600781,3.004058],[101.600781,3.006087],[101.59875,3.006087],[101.59875,3.004058]]]},"properties":{"hand":2.0}},{"type":"Feature","geometry":{"type":"Polygon","coordinates":[[[101.600781,3.004058],[101.602812,3.004058],[101.602812,3.006087],[101.600781,3.006087],[101.600781,3.004058]]]},"properties":{"hand":2.0}},{"type":"Feature","geometry":{"type":"Polygon","coordinates":[[[101.602812,3.004058],[101.604844,3.004058],[101.604844,3.006087],[101.602812,3.006087],[101.602812,3.004058]]]},"properties":{"hand":3.0}},{"type":"Feature","geometry":{"type":"Polygon","coordinates":[[[101.604844,3.004058],[101.606875,3.004058],[101.606875,3.006087],[101.604844,3.006087],[101.604844,3.004058]]]},"properties":{"hand":2.0}},{"type":"Feature","geometry":{"type":"Polygon","coordinates":[[[101.606875,3.004058],[101.608906,3.004058],[101.608906,3.006087],[101.606875,3.006087],[101.606875,3.004058]]]},"properties":{"hand":0.5}},{"type":"Feature","geometry":{"type":"Polygon","coordinates":[[[101.608906,3.004058],[101.610938,3.004058],[101.610938,3.006087],[101.608906,3.006087],[101.608906,3.004058]]]},"properties":{"hand":0.5}},{"type":"Feature","geometry":{"type":"Polygon","coordinates":[[[101.610938,3.004058],[101.612969,3.004058],[101.612969,3.006087],[101.610938,3.006087],[101.610938,3.004058]]]},"properties":{"hand":5.0}},{"type":"Feature","geometry":{"type":"Polygon","coordinates":[[[101.619062,3.004058],[101.621094,3.004058],[101.621094,3.006087],[101.619062,3.006087],[101.619062,3.004058]]]},"properties":{"hand":0.5}},{"type":"Feature","geometry":{"type":"Polygon","coordinates":[[[101.659688,3.004058],[101.661719,3.004058],[101.661719,3.006087],[101.659688,3.006087],[101.659688,3.004058]]]},"properties":{"hand":5.0}},{"type":"Feature","geometry":{"type":"Polygon","coordinates":[[[101.661719,3.004058],[101.66375,3.004058],[101.66375,3.006087],[101.661719,3.006087],[101.661719,3.004058]]]},"properties":{"hand":3.0}},{"type":"Feature","geometry":{"type":"Polygon","coordinates":[[[101.66375,3.004058],[101.665781,3.004058],[101.665781,3.006087],[101.66375,3.006087],[101.66375,3.004058]]]},"properties":{"hand":2.0}},{"type":"Feature","geometry":{"type":"Polygon","coordinates":[[[101.665781,3.004058],[101.667813,3.004058],[101.667813,3.006087],[101.665781,3.006087],[101.665781,3.004058]]]},"properties":{"hand":0.5}},{"type":"Feature","geometry":{"type":"Polygon","coordinates":[[[101.667813,3.004058],[101.669844,3.004058],[101.669844,3.006087],[101.667813,3.006087],[101.667813,3.004058]]]},"properties":{"hand":3.0}},{"type":"Feature","geometry":{"type":"Polygon","coordinates":[[[101.55,3.002029],[101.552031,3.002029],[101.552031,3.004058],[101.55,3.004058],[101.55,3.002029]]]},"properties":{"hand":5.0}},{"type":"Feature","geometry":{"type":"Polygon","coordinates":[[[101.554063,3.002029],[101.556094,3.002029],[101.556094,3.004058],[101.554063,3.004058],[101.554063,3.002029]]]},"properties":{"hand":2.0}},{"type":"Feature","geometry":{"type":"Polygon","coordinates":[[[101.556094,3.002029],[101.558125,3.002029],[101.558125,3.004058],[101.556094,3.004058],[101.556094,3.002029]]]},"properties":{"hand":5.0}},{"type":"Feature","geometry":{"type":"Polygon","coordinates":[[[101.558125,3.002029],[101.560156,3.002029],[101.560156,3.004058],[101.558125,3.004058],[101.558125,3.002029]]]},"properties":{"hand":5.0}},{"type":"Feature","geometry":{"type":"Polygon","coordinates":[[[101.560156,3.002029],[101.562187,3.002029],[101.562187,3.004058],[101.560156,3.004058],[101.560156,3.002029]]]},"properties":{"hand":3.0}},{"type":"Feature","geometry":{"type":"Polygon","coordinates":[[[101.564219,3.002029],[101.56625,3.002029],[101.56625,3.004058],[101.564219,3.004058],[101.564219,3.002029]]]},"properties":{"hand":3.0}},{"type":"Feature","geometry":{"type":"Polygon","coordinates":[[[101.56625,3.002029],[101.568281,3.002029],[101.568281,3.004058],[101.56625,3.004058],[101.56625,3.002029]]]},"properties":{"hand":5.0}},{"type":"Feature","geometry":{"type":"Polygon","coordinates":[[[101.568281,3.002029],[101.570312,3.002029],[101.570312,3.004058],[101.568281,3.004058],[101.568281,3.002029]]]},"properties":{"hand":5.0}},{"type":"Feature","geometry":{"type":"Polygon","coordinates":[[[101.570312,3.002029],[101.572344,3.002029],[101.572344,3.004058],[101.570312,3.004058],[101.570312,3.002029]]]},"properties":{"hand":1.0}},{"type":"Feature","geometry":{"type":"Polygon","coordinates":[[[101.584531,3.002029],[101.586562,3.002029],[101.586562,3.004058],[101.584531,3.004058],[101.584531,3.002029]]]},"properties":{"hand":5.0}},{"type":"Feature","geometry":{"type":"Polygon","coordinates":[[[101.586562,3.002029],[101.588594,3.002029],[101.588594,3.004058],[101.586562,3.004058],[101.586562,3.002029]]]},"properties":{"hand":3.0}},{"type":"Feature","geometry":{"type":"Polygon","coordinates":[[[101.588594,3.002029],[101.590625,3.002029],[101.590625,3.004058],[101.588594,3.004058],[101.588594,3.002029]]]},"properties":{"hand":0.5}},{"type":"Feature","geometry":{"type":"Polygon","coordinates":[[[101.590625,3.002029],[101.592656,3.002029],[101.592656,3.004058],[101.590625,3.004058],[101.590625,3.002029]]]},"properties":{"hand":1.0}},{"type":"Feature","geometry":{"type":"Polygon","coordinates":[[[101.592656,3.002029],[101.594688,3.002029],[101.594688,3.004058],[101.592656,3.004058],[101.592656,3.002029]]]},"properties":{"hand":0.5}},{"type":"Feature","geometry":{"type":"Polygon","coordinates":[[[101.594688,3.002029],[101.596719,3.002029],[101.596719,3.004058],[101.594688,3.004058],[101.594688,3.002029]]]},"properties":{"hand":2.0}},{"type":"Feature","geometry":{"type":"Polygon","coordinates":[[[101.596719,3.002029],[101.59875,3.002029],[101.59875,3.004058],[101.596719,3.004058],[101.596719,3.002029]]]},"properties":{"hand":3.0}},{"type":"Feature","geometry":{"type":"Polygon","coordinates":[[[101.59875,3.002029],[101.600781,3.002029],[101.600781,3.004058],[101.59875,3.004058],[101.59875,3.002029]]]},"properties":{"hand":2.0}},{"type":"Feature","geometry":{"type":"Polygon","coordinates":[[[101.600781,3.002029],[101.602812,3.002029],[101.602812,3.004058],[101.600781,3.004058],[101.600781,3.002029]]]},"properties":{"hand":0.5}},{"type":"Feature","geometry":{"type":"Polygon","coordinates":[[[101.602812,3.002029],[101.604844,3.002029],[101.604844,3.004058],[101.602812,3.004058],[101.602812,3.002029]]]},"properties":{"hand":1.0}},{"type":"Feature","geometry":{"type":"Polygon","coordinates":[[[101.604844,3.002029],[101.606875,3.002029],[101.606875,3.004058],[101.604844,3.004058],[101.604844,3.002029]]]},"properties":{"hand":1.0}},{"type":"Feature","geometry":{"type":"Polygon","coordinates":[[[101.606875,3.002029],[101.608906,3.002029],[101.608906,3.004058],[101.606875,3.004058],[101.606875,3.002029]]]},"properties":{"hand":1.0}},{"type":"Feature","geometry":{"type":"Polygon","coordinates":[[[101.608906,3.002029],[101.610938,3.002029],[101.610938,3.004058],[101.608906,3.004058],[101.608906,3.002029]]]},"properties":{"hand":1.0}},{"type":"Feature","geometry":{"type":"Polygon","coordinates":[[[101.610938,3.002029],[101.612969,3.002029],[101.612969,3.004058],[101.610938,3.004058],[101.610938,3.002029]]]},"properties":{"hand":5.0}},{"type":"Feature","geometry":{"type":"Polygon","coordinates":[[[101.619062,3.002029],[101.621094,3.002029],[101.621094,3.004058],[101.619062,3.004058],[101.619062,3.002029]]]},"properties":{"hand":2.0}},{"type":"Feature","geometry":{"type":"Polygon","coordinates":[[[101.643438,3.002029],[101.645469,3.002029],[101.645469,3.004058],[101.643438,3.004058],[101.643438,3.002029]]]},"properties":{"hand":5.0}},{"type":"Feature","geometry":{"type":"Polygon","coordinates":[[[101.66375,3.002029],[101.665781,3.002029],[101.665781,3.004058],[101.66375,3.004058],[101.66375,3.002029]]]},"properties":{"hand":0.5}},{"type":"Feature","geometry":{"type":"Polygon","coordinates":[[[101.665781,3.002029],[101.667813,3.002029],[101.667813,3.004058],[101.665781,3.004058],[101.665781,3.002029]]]},"properties":{"hand":3.0}},{"type":"Feature","geometry":{"type":"Polygon","coordinates":[[[101.675938,3.002029],[101.677969,3.002029],[101.677969,3.004058],[101.675938,3.004058],[101.675938,3.002029]]]},"properties":{"hand":3.0}},{"type":"Feature","geometry":{"type":"Polygon","coordinates":[[[101.55,3.0],[101.552031,3.0],[101.552031,3.002029],[101.55,3.002029],[101.55,3.0]]]},"properties":{"hand":5.0}},{"type":"Feature","geometry":{"type":"Polygon","coordinates":[[[101.552031,3.0],[101.554063,3.0],[101.554063,3.002029],[101.552031,3.002029],[101.552031,3.0]]]},"properties":{"hand":2.0}},{"type":"Feature","geometry":{"type":"Polygon","coordinates":[[[101.554063,3.0],[101.556094,3.0],[101.556094,3.002029],[101.554063,3.002029],[101.554063,3.0]]]},"properties":{"hand":2.0}},{"type":"Feature","geometry":{"type":"Polygon","coordinates":[[[101.556094,3.0],[101.558125,3.0],[101.558125,3.002029],[101.556094,3.002029],[101.556094,3.0]]]},"properties":{"hand":3.0}},{"type":"Feature","geometry":{"type":"Polygon","coordinates":[[[101.560156,3.0],[101.562187,3.0],[101.562187,3.002029],[101.560156,3.002029],[101.560156,3.0]]]},"properties":{"hand":5.0}},{"type":"Feature","geometry":{"type":"Polygon","coordinates":[[[101.562187,3.0],[101.564219,3.0],[101.564219,3.002029],[101.562187,3.002029],[101.562187,3.0]]]},"properties":{"hand":5.0}},{"type":"Feature","geometry":{"type":"Polygon","coordinates":[[[101.564219,3.0],[101.56625,3.0],[101.56625,3.002029],[101.564219,3.002029],[101.564219,3.0]]]},"properties":{"hand":0.5}},{"type":"Feature","geometry":{"type":"Polygon","coordinates":[[[101.56625,3.0],[101.568281,3.0],[101.568281,3.002029],[101.56625,3.002029],[101.56625,3.0]]]},"properties":{"hand":2.0}},{"type":"Feature","geometry":{"type":"Polygon","coordinates":[[[101.568281,3.0],[101.570312,3.0],[101.570312,3.002029],[101.568281,3.002029],[101.568281,3.0]]]},"properties":{"hand":5.0}},{"type":"Feature","geometry":{"type":"Polygon","coordinates":[[[101.570312,3.0],[101.572344,3.0],[101.572344,3.002029],[101.570312,3.002029],[101.570312,3.0]]]},"properties":{"hand":3.0}},{"type":"Feature","geometry":{"type":"Polygon","coordinates":[[[101.580469,3.0],[101.5825,3.0],[101.5825,3.002029],[101.580469,3.002029],[101.580469,3.0]]]},"properties":{"hand":3.0}},{"type":"Feature","geometry":{"type":"Polygon","coordinates":[[[101.5825,3.0],[101.584531,3.0],[101.584531,3.002029],[101.5825,3.002029],[101.5825,3.0]]]},"properties":{"hand":3.0}},{"type":"Feature","geometry":{"type":"Polygon","coordinates":[[[101.584531,3.0],[101.586562,3.0],[101.586562,3.002029],[101.584531,3.002029],[101.584531,3.0]]]},"properties":{"hand":5.0}},{"type":"Feature","geometry":{"type":"Polygon","coordinates":[[[101.586562,3.0],[101.588594,3.0],[101.588594,3.002029],[101.586562,3.002029],[101.586562,3.0]]]},"properties":{"hand":1.0}},{"type":"Feature","geometry":{"type":"Polygon","coordinates":[[[101.588594,3.0],[101.590625,3.0],[101.590625,3.002029],[101.588594,3.002029],[101.588594,3.0]]]},"properties":{"hand":0.5}},{"type":"Feature","geometry":{"type":"Polygon","coordinates":[[[101.590625,3.0],[101.592656,3.0],[101.592656,3.002029],[101.590625,3.002029],[101.590625,3.0]]]},"properties":{"hand":2.0}},{"type":"Feature","geometry":{"type":"Polygon","coordinates":[[[101.592656,3.0],[101.594688,3.0],[101.594688,3.002029],[101.592656,3.002029],[101.592656,3.0]]]},"properties":{"hand":1.0}},{"type":"Feature","geometry":{"type":"Polygon","coordinates":[[[101.594688,3.0],[101.596719,3.0],[101.596719,3.002029],[101.594688,3.002029],[101.594688,3.0]]]},"properties":{"hand":2.0}},{"type":"Feature","geometry":{"type":"Polygon","coordinates":[[[101.596719,3.0],[101.59875,3.0],[101.59875,3.002029],[101.596719,3.002029],[101.596719,3.0]]]},"properties":{"hand":3.0}},{"type":"Feature","geometry":{"type":"Polygon","coordinates":[[[101.59875,3.0],[101.600781,3.0],[101.600781,3.002029],[101.59875,3.002029],[101.59875,3.0]]]},"properties":{"hand":3.0}},{"type":"Feature","geometry":{"type":"Polygon","coordinates":[[[101.600781,3.0],[101.602812,3.0],[101.602812,3.002029],[101.600781,3.002029],[101.600781,3.0]]]},"properties":{"hand":0.5}},{"type":"Feature","geometry":{"type":"Polygon","coordinates":[[[101.602812,3.0],[101.604844,3.0],[101.604844,3.002029],[101.602812,3.002029],[101.602812,3.0]]]},"properties":{"hand":1.0}},{"type":"Feature","geometry":{"type":"Polygon","coordinates":[[[101.604844,3.0],[101.606875,3.0],[101.606875,3.002029],[101.604844,3.002029],[101.604844,3.0]]]},"properties":{"hand":1.0}},{"type":"Feature","geometry":{"type":"Polygon","coordinates":[[[101.606875,3.0],[101.608906,3.0],[101.608906,3.002029],[101.606875,3.002029],[101.606875,3.0]]]},"properties":{"hand":0.5}},{"type":"Feature","geometry":{"type":"Polygon","coordinates":[[[101.608906,3.0],[101.610938,3.0],[101.610938,3.002029],[101.608906,3.002029],[101.608906,3.0]]]},"properties":{"hand":2.0}},{"type":"Feature","geometry":{"type":"Polygon","coordinates":[[[101.610938,3.0],[101.612969,3.0],[101.612969,3.002029],[101.610938,3.002029],[101.610938,3.0]]]},"properties":{"hand":3.0}},{"type":"Feature","geometry":{"type":"Polygon","coordinates":[[[101.612969,3.0],[101.615,3.0],[101.615,3.002029],[101.612969,3.002029],[101.612969,3.0]]]},"properties":{"hand":5.0}},{"type":"Feature","geometry":{"type":"Polygon","coordinates":[[[101.619062,3.0],[101.621094,3.0],[101.621094,3.002029],[101.619062,3.002029],[101.619062,3.0]]]},"properties":{"hand":2.0}},{"type":"Feature","geometry":{"type":"Polygon","coordinates":[[[101.623125,3.0],[101.625156,3.0],[101.625156,3.002029],[101.623125,3.002029],[101.623125,3.0]]]},"properties":{"hand":5.0}},{"type":"Feature","geometry":{"type":"Polygon","coordinates":[[[101.649531,3.0],[101.651563,3.0],[101.651563,3.002029],[101.649531,3.002029],[101.649531,3.0]]]},"properties":{"hand":5.0}},{"type":"Feature","geometry":{"type":"Polygon","coordinates":[[[101.651563,3.0],[101.653594,3.0],[101.653594,3.002029],[101.651563,3.002029],[101.651563,3.0]]]},"properties":{"hand":2.0}},{"type":"Feature","geometry":{"type":"Polygon","coordinates":[[[101.653594,3.0],[101.655625,3.0],[101.655625,3.002029],[101.653594,3.002029],[101.653594,3.0]]]},"properties":{"hand":5.0}},{"type":"Feature","geometry":{"type":"Polygon","coordinates":[[[101.665781,3.0],[101.667813,3.0],[101.667813,3.002029],[101.665781,3.002029],[101.665781,3.0]]]},"properties":{"hand":5.0}}]}
