catalog_id,name,slug,catalog_url,website_url,tagline,description,categories,is_featured,is_affiliate,published_at,updated_at
cmiubzphz00g2w1711escglyv,2015 LiDAR Flight Dublin City,2015-lidar-flight-dublin-city,https://geospatialcatalog.com/2015-lidar-flight-dublin-city,https://archive.nyu.edu/jspui/handle/2451/38659,"High-resolution LiDAR and photogrammetry data for Dublin City, Ireland, provided through NYU Libraries.","This record provides aerial laser scanning (ALS) and photogrammetry data from a 2015 flight over Dublin, Ireland. It includes 3D point-cloud (LAZ), 3D full waveform LiDAR (LAS and Pulsewave), and ortho-rectified 2D rasters, covering over 2km² with 1.4 billion laser points.",Data,False,False,2025-12-06T13:29:55.538Z,2025-12-06T13:30:17.757Z
cmiuc00cs00iew171ul0liatx,2019 LiDAR Data Collection for Sunset Park,2019-lidar-data-collection-for-sunset-park,https://geospatialcatalog.com/2019-lidar-data-collection-for-sunset-park,https://archive.nyu.edu/handle/2451/60458?mode=full,"A comprehensive aerial laser scanning and photogrammetry data collection for urban informatics research in Sunset Park, Brooklyn, NY.","This record serves as a portal to an extensive aerial laser scanning (ALS) and photogrammetry dataset covering approximately 1.0 km² in Sunset Park, Brooklyn, NY. The data was captured in April 2019, providing detailed representations of the urban environment. It includes LiDAR point clouds, full waveform files, and RGBI Nadir imagery for various research and practical applications.",Data,False,False,2025-12-06T13:29:55.538Z,2025-12-06T13:30:32.838Z
cmiuc38dx00wmw171098k7f9h,3D Elevation Program,3d-elevation-program,https://geospatialcatalog.com/3d-elevation-program,https://www.usgs.gov/3dep,The 3D Elevation Program (3DEP) provides high-quality topographic data and elevation products for the United States.,"The 3D Elevation Program (3DEP) is a U.S. Geological Survey (USGS) initiative to systematically collect enhanced elevation data nationwide. It aims to generate high-resolution topographic data, primarily using lidar technology, to support a wide range of applications. This program provides critical foundational data for mapping, natural resource management, infrastructure planning, and hazard mitigation across the United States.",Data,False,False,2025-12-06T13:29:55.538Z,2025-12-06T13:33:03.193Z
cmiuc35lp00w0w171yjxs9ucv,3D Printable Civil War Battlefields,3d-printable-civil-war-battlefields,https://geospatialcatalog.com/3d-printable-civil-war-battlefields,https://www.printables.com/@dhersh_3824441/collections/2774847,A collection of 3D printable models depicting Civil War Battlefields for historical and educational purposes.,"This Printables.com collection, curated by dhersh, features a series of 3D printable models focused on significant Civil War battlefields. It offers a unique way to engage with historical geography, providing tangible representations of important sites for study or display.",Data,False,False,2025-12-06T13:29:55.538Z,2025-12-07T13:35:26.827Z
cmiuc28nj00p2w1710wdoxepv,3DEP Lidar HAG on Planetary Computer,3dep-lidar-hag-planetary-computer,https://geospatialcatalog.com/3dep-lidar-hag-planetary-computer,https://planetarycomputer.microsoft.com/dataset/3dep-lidar-hag,Provides access to 3D Elevation Program Lidar Height Above Ground data via Microsoft Planetary Computer.,"This dataset offers 3D Elevation Program (3DEP) Lidar Height Above Ground (HAG) data, providing detailed elevation information. Hosted on Microsoft Planetary Computer, it enables users to access and process high-resolution lidar data for various geospatial analyses and environmental studies.",Data,False,False,2025-12-07T15:22:20.871Z,2025-12-07T15:22:21.247Z
cmiuc2riz00tgw171i6884yz9,99boundaries,99boundaries,https://geospatialcatalog.com/99boundaries,https://99boundaries.com/,Provides free OpenStreetMap boundaries in various file formats.,"This website offers free OpenStreetMap (OSM) administrative and land boundaries for various countries worldwide. The boundaries are generated using Overpass and OSM Land Polygons, ensuring up-to-date and community-contributed data. Users can download these datasets in multiple popular GIS file formats.",Data,False,False,2025-12-06T13:29:55.538Z,2025-12-06T13:32:40.278Z
cmiuc3a2400x9w171a7f5efgy,ACT Open Data Portal,act-open-data-portal,https://geospatialcatalog.com/act-open-data-portal,https://www.data.act.gov.au/,"The official open data portal for the Australian Capital Territory, promoting accessible and shareable government data.","This platform serves as the official open data portal for the Australian Capital Territory (ACT) Government. It provides public access to a wide range of government datasets, supporting transparency, re-usability, and community engagement. Users can find data related to various sectors, including education, transport, safety, and geospatial information.",Data,False,False,2025-12-06T13:29:55.538Z,2025-12-06T13:33:03.434Z
cmiuc05qo00jvw17146ozy27a,AFG Humanitarian Response MapCentre,afg-humanitarian-response-mapcentre,https://geospatialcatalog.com/afg-humanitarian-response-mapcentre,http://afg.humanitarianresponse.info/mapcentre,Centralized geospatial data and maps for humanitarian operations in Afghanistan.,"The AFG Humanitarian Response MapCentre serves as a vital platform for accessing geospatial information critical to humanitarian efforts in Afghanistan. It compiles and disseminates maps and data to support planning, coordination, and response activities across the region.",Data,False,False,2025-12-06T13:29:55.538Z,2025-12-06T13:30:37.838Z
cmiubzoo900fww171arx4mpkf,AGIC Geospatial Data Collections,agic-geospatial-data-collections,https://geospatialcatalog.com/agic-geospatial-data-collections,https://agic.az.gov/agic/geospatial-data-collections-and-resources,"A comprehensive directory of Arizona-specific, other state, and national geospatial data collections and resources.","This resource page from the Arizona Geographic Information Council (AGIC) provides links to various geospatial data collections. It serves as a central hub for discovering GIS data, interactive maps, and environmental review tools across Arizona and beyond. The site categorizes resources into Arizona, Other State, and Nationwide sections for easy navigation.",Data,False,False,2025-12-06T13:29:55.538Z,2025-12-06T13:30:17.658Z
cmiuc3dp700y4w171s09aekke,Alabama Open Data Portal,alabama-open-data-portal,https://geospatialcatalog.com/alabama-open-data-portal,https://data-algeohub.opendata.arcgis.com/,"Alabama's public platform for exploring, downloading, and engaging with open geospatial data.","This portal serves as Alabama's public platform for accessing and utilizing open geospatial data. Users can explore, search, preview, and download various state and national datasets. It also highlights featured applications and encourages building new apps and sharing insights.",Data,False,False,2025-12-06T13:29:55.538Z,2025-12-06T13:33:08.140Z
cmiuc3dsf00y8w171c54eg2a1,Alaska DNR Open Data,alaska-dnr-open-data,https://geospatialcatalog.com/alaska-dnr-open-data,https://data-soa-dnr.opendata.arcgis.com/,"Your gateway to accessing geospatial land and resource data, applications, maps, and publications.","Alaska DNR Open Data provides a public platform for exploring and downloading geospatial land and resource data. It offers access to applications, maps, and publications produced and maintained by the divisions and offices of the Department of Natural Resources. Users can discover and build apps, and engage to solve important local issues within the community.",Data,False,False,2025-12-06T13:29:55.538Z,2025-12-06T13:33:08.182Z
cmiuc1v8000n3w171q399nljk,Alberta Geological Survey,alberta-geological-survey,https://geospatialcatalog.com/alberta-geological-survey,https://geology-ags-aer.opendata.arcgis.com/,Alberta Geological Survey Open Data Portal provides free access to geoscience data for the province.,"The Alberta Geological Survey (AGS) Open Data Portal offers a collection of GIS data and interactive maps focused on Alberta's geology. It provides geoscience information across various domains, including surficial mapping, bedrock mapping, resource evaluation, groundwater, and geological hazards. All data is open and freely available under the Open Government License - Alberta.",Data,False,False,2025-12-06T13:29:55.538Z,2025-12-06T13:31:58.598Z
cmiuc2g3600quw171sggmo6m2,ALOS World 3D-30m,alos-dem-30m,https://geospatialcatalog.com/alos-dem-30m,https://planetarycomputer.microsoft.com/dataset/alos-dem,Provides access to a high-resolution global digital elevation model for diverse geospatial applications.,"The ALOS-DEM dataset offers a global 30-meter resolution digital elevation model, crucial for detailed terrain analysis and modeling. Hosted on the Microsoft Planetary Computer, it facilitates access to this extensive topographic data for researchers and developers. This resource supports various environmental and geographical studies.",Data,False,False,2025-12-07T14:36:05.302Z,2025-12-07T14:36:05.522Z
cmivz3fsd000004ju44arthf3,amche.in,amche-atlas,https://geospatialcatalog.com/amche-atlas,https://amche.in,A community built collection of public maps from Goa and India.,"amche.in is an interactive 3D atlas that allows users to explore and create various maps. It functions as a citizen-maintained digital mapping resource, offering free access to diverse geospatial data and mapping capabilities.",Data,False,False,2025-12-07T18:32:26.075Z,2025-12-07T18:32:26.329Z
cmiuc00fm00ilw171gy1ym21q,American Samoa Data Portal,american-samoa-data-portal,https://geospatialcatalog.com/american-samoa-data-portal,https://www.oc.nps.edu/CMSP/AS/index.html,A data portal providing Geographic Information System (GIS) datasets for American Samoa's Coastal and Marine Spatial Planning (CMSP).,"This portal offers a centralized repository for GIS data relevant to American Samoa's Coastal and Marine Spatial Planning (CMSP) initiatives. Users can explore a variety of datasets, including physical geography, elevation, and bathymetry, with options to view screenshots, access metadata, and download data. Selected datasets are also available via REST services, WMS, or interactive mapping interfaces.",Data,False,False,2025-12-06T13:29:55.538Z,2025-12-06T13:30:32.856Z
cmiubzphk00g1w171pxo34lnh,Antarctic Digital Database Viewer,antarctic-digital-database-viewer,https://geospatialcatalog.com/antarctic-digital-database-viewer,http://www.add.scar.org/,A comprehensive digital database viewer for Antarctic geographic information.,"The Antarctic Digital Database Viewer provides access to fundamental geospatial datasets for the Antarctic continent. It allows users to explore and download a range of geographical features, crucial for research, mapping, and environmental monitoring in the region. This platform is a key resource for understanding Antarctic geography.",Data,False,False,2025-12-06T13:29:55.538Z,2025-12-06T13:30:17.745Z
cmiuc2qm600t4w171jg79gtew,AquaMaps,aquamaps,https://geospatialcatalog.com/aquamaps,http://www.aquamaps.org/,"AquaMaps provides predicted range maps for aquatic species, offering valuable biodiversity information.","This platform generates standardized, computer-generated predictions of marine and freshwater species ranges globally. It serves as a resource for exploring aquatic biodiversity and species distribution for research and non-commercial applications.",Data|Tooling,False,False,2025-12-06T13:29:55.538Z,2025-12-06T13:32:40.144Z
cmiuc28ne00p1w171u5xi4tno,ArcticDEM,arcticdem,https://geospatialcatalog.com/arcticdem,https://www.pgc.umn.edu/data/arcticdem/,High-resolution digital surface models of the Arctic derived from optical stereo imagery for detailed topographic analysis.,ArcticDEM is an NGA-NSF initiative providing high-resolution Digital Surface Models (DSM) of the Arctic. It leverages optical stereo imagery from Maxar satellites and open-source photogrammetry software to produce elevation data. This dataset supports accurate measurement of topographic change and environmental monitoring in remote polar regions.,Data,False,False,2025-12-06T13:29:55.538Z,2025-12-06T13:32:16.829Z
cmiuc2f4d00qfw1719livjfnk,Arkansas GIS Office,arkansas-gis-office,https://geospatialcatalog.com/arkansas-gis-office,https://gis.arkansas.gov/,"Providing geospatial data, mapping applications, and GIS programs for the state of Arkansas.","The Arkansas GIS Office manages the state's spatial data infrastructure, offering a central repository for various GIS datasets. It provides essential mapping applications and supports state and local government initiatives through specialized geospatial programs and data services.",Data|Tooling,False,False,2025-12-06T13:29:55.538Z,2025-12-06T13:32:25.259Z
cmiuc04z300jqw17186wkbrkx,ASF SAR Data Products for Disaster Events,asf-sar-data-products-for-disaster-events,https://geospatialcatalog.com/asf-sar-data-products-for-disaster-events,https://registry.opendata.aws/asf-event-data/,A curated collection of Synthetic Aperture Radar (SAR) data for monitoring and assessing disaster events.,"This resource provides Synthetic Aperture Radar (SAR) and SAR-derived satellite data products from various sources, specifically curated for disaster events. It offers valuable insights for researchers, scientists, and emergency response teams, with irregular updates in response to new disasters. The data is managed by the Alaska Satellite Facility (ASF).",Data,False,False,2025-12-06T13:29:55.538Z,2025-12-06T13:30:37.742Z
cmiuc320300vaw1719thnvert,ASU GeoData,asu-geodata,https://geospatialcatalog.com/asu-geodata,https://geodata-asu.hub.arcgis.com/,"ASU GeoData is a platform for discovering and exploring geospatial datasets, maps, and aerial imagery curated by the ASU Library.","This platform empowers researchers to navigate and access the dynamic world of geospatial information. It serves as a central hub for discovering, exploring, and downloading datasets, maps, and aerial imagery. The site also connects users to additional GIS data portals across Arizona, including those from ASU research initiatives and various state and local government agencies.",Data,False,False,2025-12-06T13:29:55.538Z,2025-12-06T13:32:53.800Z
cmiubzc5700dfw171uio8dryp,Atlas of Namibia,atlas-of-namibia,https://geospatialcatalog.com/atlas-of-namibia,http://www.uni-koeln.de/sfb389/e/e1/download/atlas_namibia/main_namibia_atlas.html,A comprehensive digital atlas providing geospatial data and information for Namibia from Project E1.,"This digital atlas, developed as part of Project E1 by the University of Cologne, offers a rich collection of geospatial information for Namibia. It provides detailed insights across various thematic areas, making complex geographical data accessible. The atlas serves as a valuable resource for research and educational purposes focused on the region.",Data,False,False,2025-12-06T13:29:55.538Z,2025-12-06T13:30:00.459Z
cmiuc32rd00vgw171iz1c856c,AVIRIS,aviris,https://geospatialcatalog.com/aviris,https://aviris.jpl.nasa.gov/,The Airborne Visible Infrared Imaging Spectrometer (AVIRIS) provides critical Earth observation data for environmental research.,"The Airborne Visible Infrared Imaging Spectrometer (AVIRIS) is a NASA JPL instrument designed to collect hyperspectral imagery of Earth's surface. It plays a crucial role in various scientific research missions, monitoring environmental impacts, natural hazards, and ecological changes across diverse landscapes. The project offers access to collected data, flight planning information, and research publications.",Data,False,False,2025-12-06T13:29:55.538Z,2025-12-06T13:32:53.908Z
cmiuc2bes00pjw171athbt96o,Awesome Geospatial Embeddings,awesome-geospatial-embeddings,https://geospatialcatalog.com/awesome-geospatial-embeddings,https://github.com/hfangcat/Awesome-Geospatial-Embeddings,A curated list of papers focusing on geospatial embeddings for Earth data representation.,"This GitHub repository provides a comprehensive, curated list of academic papers dedicated to geospatial embeddings. It explores various methods for representing Earth data—spatial, temporal, and semantic—within embedding spaces, examining their behavior and applications. The collection aims to be a valuable resource for researchers and practitioners interested in the intersection of machine learning and geospatial science.",Data|Open Source Software,False,False,2025-12-06T13:29:55.538Z,2025-12-09T10:52:22.833Z
cmiubzxqm00hzw171txk3t0fk,Awesome-DEM,awesome-dem,https://geospatialcatalog.com/awesome-dem,https://github.com/DahnJ/Awesome-DEM,Overview of Digital Elevation Model (DEM) datasets,"This GitHub repository provides a comprehensive overview of Digital Elevation Model (DEM) datasets. It categorizes various global and local DEMs, including open and proprietary options, and distinguishes between DEM, DSM, and DTM concepts. The resource also lists relevant papers, portals, and discussions for further exploration of elevation data.",Data,False,False,2025-12-06T13:29:55.538Z,2025-12-06T13:30:28.323Z
cmiuc00da00igw171hjuk6qqm,awesome-forests,awesome-forests,https://geospatialcatalog.com/awesome-forests,https://github.com/blutjens/awesome-forests,A curated list of ground-truth forest datasets for machine learning and forestry research.,"This GitHub repository provides a curated list of ground-truth forest datasets for the machine learning and forestry community. It focuses on in-situ and validation data for various analyses, including biodiversity, carbon, and wildfire. The goal is to help researchers and practitioners easily find datasets for building machine learning models for forest analysis.",Data,False,False,2025-12-06T13:29:55.538Z,2025-12-06T13:30:32.841Z
cmiuc09ll00krw171ql5u8j70,awesome-gee-community-catalog,awesome-gee-community-catalog,https://geospatialcatalog.com/awesome-gee-community-catalog,https://gee-community-catalog.org/,A community-driven catalog of datasets for Google Earth Engine.,"This website serves as a comprehensive catalog for community datasets accessible within Google Earth Engine. It provides users with organized access to a wide array of geospatial data, along with resources to facilitate their exploration and utilization. The platform also features tutorials, publications, and tools for getting started with GEE community assets.",Data|Open Source Software|Tooling,False,False,2025-12-06T13:29:55.538Z,2025-12-06T13:30:42.888Z
cmiubzxju00hrw171mq5ro1h1,AWS Open Data Geo,aws-open-data-geo,https://geospatialcatalog.com/aws-open-data-geo,https://github.com/opengeos/aws-open-data-geo,A curated list of open geospatial datasets available on AWS.,"This GitHub repository compiles a comprehensive list of open geospatial datasets hosted on Amazon Web Services (AWS). It serves as a valuable resource for developers, researchers, and data scientists seeking readily available geospatial data for various applications and projects, streamlining access to critical information.",Data,False,False,2025-12-06T13:29:55.538Z,2025-12-06T13:30:28.291Z
cmiubzqfp00gew17119931ge8,AZGeo,azgeo,https://geospatialcatalog.com/azgeo,https://azgeo-data-hub-agic.hub.arcgis.com/,Arizona's authoritative geospatial repository providing free access to data and GIS tools.,"AZGeo Data Hub, an initiative of the Arizona Geographic Information Council (AGIC) and the Arizona State Land Department, serves as Arizona’s authoritative geospatial repository. It offers online map services, FGDC compliant metadata, geospatial data downloads, and applications for various governmental, private, and public users. Registered users also gain free access to ArcGIS Online GIS tools, fostering collaboration among geospatial professionals statewide.",Data,False,False,2025-12-06T13:29:55.538Z,2025-12-06T13:30:20.209Z
cmiubzh1k00ejw171t2dftbtc,Base Adresse Nationale,base-adresse-nationale,https://geospatialcatalog.com/base-adresse-nationale,https://adresse.data.gouv.fr/,"The official national address platform for France, providing comprehensive address data and tools.","This platform serves as the central hub for the Base Adresse Nationale (BAN) and the Base Adresse Locale (BAL) in France. It offers official, standardized address data, making it accessible for various uses. The site provides resources, documentation, and tools for managing, validating, and utilizing address information across French communes.",Data|Tooling,False,False,2025-12-06T13:29:55.538Z,2025-12-06T13:30:05.810Z
cmiuc333z00vmw171az4mqiy2,BD ORTHO®,bd-ortho,https://geospatialcatalog.com/bd-ortho,https://geoservices.ign.fr/bdortho,"The official geographical image of the French national territory, offering a sky-high view of France.","BD ORTHO® provides high-resolution orthorectified imagery, serving as a key digital reference tool for local authorities and ministries across France. Updated regularly, this data enriches the visualization of professional data and projects.",Data,False,False,2025-12-06T13:29:55.538Z,2025-12-06T13:32:56.468Z
cmiuc00e000ihw1719wqp5jrq,BD TOPO®,bd-topo,https://geospatialcatalog.com/bd-topo,https://geoservices.ign.fr/bdtopo,Comprehensive 2D and 3D vector modeling of French territory and infrastructure.,"BD TOPO® provides a detailed 3D vector description of France's territory and infrastructure with metric precision, suitable for scales from 1:2,000 to 1:50,000. It covers all national geographic and administrative entities, supporting visualization, positioning, and simulation for territorial analysis and operational management.",Data,False,False,2025-12-06T13:29:55.538Z,2025-12-06T13:30:32.847Z
cmk3sthqe000104l7woh6sy26,beaconDB,beacondb,https://geospatialcatalog.com/beacondb,https://beacondb.net/,"beaconDB provides a public domain wireless geolocation database, ethically sourced and privacy-friendly, for various location services.","This platform offers a public domain database for wireless geolocation, aggregating data from Wi-Fi networks, cell towers, and beacons across numerous countries. It emphasizes ethical data sourcing through opt-in collection, protects privacy by obfuscating published information, and ensures data integrity with abuse-resistant update mechanisms. The database supports integration via an API and various client applications.",Data|Open Source Software,False,False,2026-01-07T09:10:48.936Z,2026-01-07T09:11:00.611Z
cmiuc05os00juw171v5jbw0ju,Bedmap2,bedmap2,https://geospatialcatalog.com/bedmap2,https://www.bas.ac.uk/project/bedmap-2/#about,"A comprehensive dataset providing the bed topography, ice thickness, and surface elevation of the Antarctic continent.","Bedmap2 is a collaborative project that compiles and makes available a detailed dataset of Antarctica's subglacial topography, ice thickness, and surface elevation. This crucial data is derived from various airborne and ground-based geophysical measurements, offering an enhanced understanding of the continent's ice sheet dynamics and potential sea-level rise contributions. It serves as a fundamental resource for glaciological and climate research.",Data,False,False,2025-12-06T13:29:55.538Z,2025-12-06T13:30:37.836Z
cmiuc2nve00skw17115j7v6xc,BERDS - Spatial Data Warehouse,berds-spatial-data-warehouse,https://geospatialcatalog.com/berds-spatial-data-warehouse,http://www.biodiversity.bz/,A spatial data warehouse offering baseline ArcGIS shapefiles for Belize's environmental and planning initiatives.,"The Biodiversity and Environmental Resource Data System of Belize (BERDS) provides a spatial data warehouse component. It offers baseline ArcGIS shapefiles, primarily in UTM NAD 1927 Z16N format, for various societal, planning, conservation, and education initiatives within Belize. Users can download these datasets, which include full ArcGIS v.10 metadata, for free, with a requirement to reference BERDS in any publications.",Data,False,False,2025-12-06T13:29:55.538Z,2025-12-06T13:32:35.525Z
cmiuc042r00jdw1710zsnopp4,Bhuvan NRSC Open EO Data Archive,bhuvan-nrsc-open-eo-data-archive,https://geospatialcatalog.com/bhuvan-nrsc-open-eo-data-archive,https://bhuvan-app3.nrsc.gov.in/data/download/index.php,"Bhuvan is NRSC's Open Earth Observation Data Archive, providing free GIS data including Ortho, DEM, and satellite imagery.","Bhuvan is a comprehensive geospatial portal from the National Remote Sensing Centre (NRSC), offering open access to Earth Observation data. It provides a wide array of free GIS data products such as orthoimagery, Digital Elevation Models (DEM), and satellite imagery from various Indian sensors like AWiFS, LISSIII, and HySI. Users can download these datasets for diverse applications and explore web mapping tools within the platform.",Data|Tooling,False,False,2025-12-06T13:29:55.538Z,2025-12-06T13:30:37.615Z
cmiubzxj100hqw1716ipuuyf8,Biodiversity BGIS,biodiversity-bgis,https://geospatialcatalog.com/biodiversity-bgis,http://bgis.sanbi.org/,A comprehensive portal for biodiversity and ecosystem spatial data and environmental assessment guidelines in South Africa.,"This website serves as a central hub for spatial datasets related to biodiversity and ecosystems within South Africa and surrounding regions. It provides access to critical data layers for environmental planning and conservation efforts. Additionally, the platform offers best practice guidelines for species environmental assessments, supporting standardized approaches in Environmental Impact Assessments.",Data,False,False,2025-12-06T13:29:55.538Z,2025-12-06T13:30:28.286Z
cmiuc3duv00y9w171x3k67vi2,BiodiversityMapping.org,biodiversitymappingorg,https://geospatialcatalog.com/biodiversitymappingorg,https://biodiversitymapping.org/,"Explore the variety of life with the latest biodiversity maps, including birds, mammals, amphibians, and marine species.","BiodiversityMapping.org offers an extensive collection of global and regional maps showcasing the distribution of various species. It provides detailed visualizations for terrestrial and marine biodiversity, covering a wide array of taxa. Users can access and download GIS data for further analysis, making it a valuable resource for research and conservation efforts.",Data,False,False,2025-12-06T13:29:55.538Z,2025-12-06T13:33:08.184Z
cmiygdofk000104js95d3210w,BON in a Box,bon-in-a-box,https://geospatialcatalog.com/bon-in-a-box,https://boninabox.geobon.org/index,"A comprehensive platform providing tools, protocols, and project registration for global biodiversity observation and analysis.","BON in a Box offers an interactive pipeline engine to calculate Essential Biodiversity Variables (EBVs) and biodiversity indicators. It provides access to observation design, data collection protocols, and tools for data management, analysis, and reporting, alongside a portal for registering monitoring projects.",Data|Tooling,False,False,2025-12-09T10:44:18.790Z,2025-12-09T10:44:19.095Z
cmiubzj5j00exw1714z3p6rt7,Boston Plans,boston-plans,https://geospatialcatalog.com/boston-plans,https://www.bostonplans.org/3d-data-maps,The GIS Lab provides mapping and analytical support for the Planning Department and beyond.,"Boston Plans, through its GIS Lab, is a pivotal resource for urban planning and development in the city. It specializes in providing comprehensive mapping and analytical support, crucial for informed decision-making across various departments. The organization focuses on leveraging 3D data and advanced mapping technologies to enhance understanding of Boston's built and natural environments.",Data,False,False,2025-12-06T13:29:55.538Z,2025-12-06T13:30:10.525Z
cmiuc35k700vyw171bvbs37x5,British Geological Survey,british-geological-survey,https://geospatialcatalog.com/british-geological-survey,http://www.bgs.ac.uk/data/services/home.html,Providing online access to geological data and material collections through web services and APIs.,"The British Geological Survey (BGS) offers comprehensive access to its vast geological data and material collections. This is achieved through a suite of dedicated online databases, web services, and application programming interfaces (APIs), enabling users to integrate and utilize BGS information.",Data,False,False,2025-12-06T13:29:55.538Z,2025-12-06T13:32:58.588Z
cmiuc0bkz00l0w1710gdaimy6,C-CAP High-Resolution Land Cover,c-cap-high-resolution-land-cover,https://geospatialcatalog.com/c-cap-high-resolution-land-cover,https://coast.noaa.gov/digitalcoast/data/ccaphighres.html,Provides high-resolution C-CAP land cover data for coastal areas across the nation.,"The NOAA Office for Coastal Management provides C-CAP High-Resolution Land Cover data through its Digital Coast initiative. This resource offers detailed land cover information, including up to 25 classification categories, for most coastal areas nationwide. Data is available at 1 to 2.4-meter resolution, with 1-meter data recently released.",Data,False,False,2025-12-06T13:29:55.538Z,2025-12-06T13:30:47.369Z
cmiuc2uge00tyw171n211w3o6,CACES,caces,https://geospatialcatalog.com/caces,https://www.caces.us/data,Providing data on air pollutant concentrations and health impacts across the contiguous U.S.,"The Center for Air, Climate, & Energy Solutions (CACES) offers comprehensive data on outdoor concentrations of criteria and non-criteria air pollutants across the contiguous U.S. This resource also provides results from health impact models (AP2, EASIUR, InMAP) quantifying economic damages from air pollution exposure based on emission locations.",Data,False,False,2025-12-06T13:29:55.538Z,2025-12-06T13:32:45.117Z
cmiubzrn200gjw171ci33oa7o,Cal-Adapt Wildfire Projections,cal-adapt-wildfire-projections,https://geospatialcatalog.com/cal-adapt-wildfire-projections,https://registry.opendata.aws/caladapt-wildfire-dataset/,Wildfire projections for California to support climate resilience and grid operations.,"This dataset provides wildfire projections for California and its surrounding areas, developed to support California's Fifth Climate Assessment. It integrates historical weather observations and renewable energy capacity profiles, aiding in climate resilience and grid operations planning. The data is managed by Cal-Adapt: Analytics Engine.",Data,False,False,2025-12-06T13:29:55.538Z,2025-12-06T13:30:21.685Z
cmiuc2t5d00tuw171it7xmwe0,California State Geoportal,california-state-geoportal,https://geospatialcatalog.com/california-state-geoportal,https://gis.data.ca.gov/,"Discover, analyze, and download government geospatial data from the California State Geoportal.","This geoportal provides access to a wide range of California state government geospatial data. Users can discover, analyze, and download datasets in various formats like CSV, KML, GeoJSON, and GeoTIFF. It also offers API links for GeoServices, WMS, and WFS, supporting data integration and analysis.",Data,False,False,2025-12-06T13:29:55.538Z,2025-12-06T13:32:40.450Z
cmiubzh0100egw171efh7qaul,California State Lands Commission,california-state-lands-commission,https://geospatialcatalog.com/california-state-lands-commission,https://data-cslc.opendata.arcgis.com/,"The official open data hub for the California State Lands Commission, offering public GIS data, maps, and applications.","This hub provides a vast array of free public GIS data resources from the California State Lands Commission. Users can explore maps, applications, and geographic datasets to gain valuable insights. It supports informed decision-making across the commission by offering readily accessible geospatial information.",Data|Tooling,False,False,2025-12-06T13:29:55.538Z,2025-12-06T13:30:05.793Z
cmiubzd3200dsw171cfuwiac9,Canadian Hydrographic Service - NONNA,canadian-hydrographic-service-nonna,https://geospatialcatalog.com/canadian-hydrographic-service-nonna,https://data.chs-shc.ca/dashboard/map,Provides Canadian hydrographic data for non-navigational purposes under a specific license.,"The Canadian Hydrographic Service (CHS) NONNA platform offers access to hydrographic data. This data is explicitly not intended for navigational purposes, and users must adhere to a specific license agreement for its acquisition and use.",Data,False,False,2025-12-06T13:29:55.538Z,2025-12-06T13:30:00.660Z
cmiuc2uk700u5w171mlnf6bi9,Canadian Soil Information Service,canadian-soil-information-service,https://geospatialcatalog.com/canadian-soil-information-service,http://sis.agr.gc.ca/cansis/,A national service providing comprehensive soil data and information for Canada.,"The Canadian Soil Information Service (CanSIS) is a vital national resource dedicated to collecting, managing, and disseminating soil data across Canada. It serves as a central hub for researchers, policymakers, and the public to access critical information essential for agricultural planning, environmental monitoring, and land resource management. This service plays a key role in understanding and preserving Canada's soil resources.",Data,False,False,2025-12-06T13:29:55.538Z,2025-12-06T13:32:45.171Z
cmiuc2kuk00rvw171mu7duko4,CanElevation,canelevation,https://geospatialcatalog.com/canelevation,https://registry.opendata.aws/canelevation-dem/,"Provides Canada Digital Elevation Models (DEMs) including DTM, DSM, and derived products at 1m, 2m, and 30m resolutions.","CanElevation offers comprehensive Digital Elevation Models for Canada, encompassing Digital Terrain Models (DTM), Digital Surface Models (DSM), and other derived products. The dataset features resolutions of 1m, 2m, and 30m, integrating data from airborne LiDAR, optical digital images, and Copernicus DEM from the TanDEM-X Mission to ensure complete national coverage.",Data,False,False,2025-12-06T13:29:55.538Z,2025-12-06T13:32:30.766Z
cmiyts2mm000004l4hi68e5pj,Cartesius,cartesius,https://geospatialcatalog.com/cartesius,http://www.cartesius.be/CartesiusPortal/,A geospatial data portal providing access to a wide range of geographic information for Belgium.,"Cartesius serves as a central online portal for discovering and accessing geospatial data relevant to Belgium. It offers users a consolidated entry point to various geographic datasets and services, facilitating the use of spatial information for diverse applications.",Data,False,False,2025-12-13T08:12:38.014Z,2025-12-13T08:12:38.044Z
cmiuc2ber00pgw171m3z7kxrh,CCAFS Climate,ccafs-climate,https://geospatialcatalog.com/ccafs-climate,http://www.ccafs-climate.org/data/,Provides statistically downscaled future climate projections derived from IPCC assessment reports.,"This platform offers access to statistically downscaled future climate projections, along with data related to bias correction, spatial downscaling, and weather station information. It serves as a resource for researchers and practitioners needing detailed climate data for various analyses and applications.",Data|Tooling,False,False,2025-12-06T13:29:55.538Z,2025-12-06T13:32:20.394Z
cmiuc2w5n00umw171n0vn4inq,CDrone,cdrone,https://geospatialcatalog.com/cdrone,https://deepscenario.github.io/CDrone/,CDrone provides a synthetic drone dataset and data augmentation for monocular 3D object detection.,"CDrone introduces the CARLA Drone dataset, expanding camera perspectives for monocular 3D object detection benchmarks. It also develops GroundMix, an effective data augmentation pipeline that significantly boosts detection accuracy. This work aims to encourage progress in 3D detection frameworks.",Data|Tooling,False,False,2025-12-06T13:29:55.538Z,2025-12-06T13:32:45.380Z
cmiuc05xf00k1w171cqxpf423,Census Bureau Data,census-bureau-data,https://geospatialcatalog.com/census-bureau-data,https://data.census.gov/cedsci/,"Explore, customize, and download official data about America's people, places, and economy.","This official United States Census Bureau platform provides comprehensive data on America's people, places, and economy. Users can explore, customize, and download various data assets, including tables, maps, charts, profiles, and microdata. It offers tools to build customized maps and access detailed community profiles across numerous geographies.",Data|Tooling,False,False,2025-12-06T13:29:55.538Z,2025-12-06T13:30:37.874Z
cmiuc08uh00klw171ze182sl3,Census Mapping Files,census-mapping-files,https://geospatialcatalog.com/census-mapping-files,https://www.census.gov/geographies/mapping-files.html,Provides access to geographic information files from the U.S. Census Bureau for mapping and analysis.,"The U.S. Census Bureau offers various mapping files for download, enabling users to integrate geographical information into their GIS projects. Available formats include Shapefiles (Partnership, TIGER/Line, Cartographic Boundary), KML, and File Geodatabase files. These resources support data visualization, analysis, and research related to U.S. demographic and economic data.",Data,False,False,2025-12-06T13:29:55.538Z,2025-12-06T13:30:42.786Z
cmiuc38ff00wsw171gph0jiz2,Census Subdivision Boundary File,census-subdivision-boundary-file,https://geospatialcatalog.com/census-subdivision-boundary-file,https://www12.statcan.gc.ca/census-recensement/2011/geo/bound-limit/bound-limit-eng.cfm,Provides Canada's census subdivision boundaries for mapping and geographic analysis.,"This file contains the boundaries of all census subdivisions across Canada, which are municipalities or equivalent areas like Indian reserves and unorganized territories. It offers a crucial framework for geographic analysis and mapping using various GIS and mapping software. A comprehensive reference guide is also included with the file.",Data,False,False,2025-12-06T13:29:55.538Z,2025-12-06T13:33:03.201Z
cmiuc015g00ipw171einp3d29,Center For Hazards & Risk Research,center-for-hazards-risk-research,https://geospatialcatalog.com/center-for-hazards-risk-research,http://www.ldeo.columbia.edu/chrr/research/hotspots/coredata.html,"Provides freely available global core data sets for natural disaster hotspots, including hazard frequency, distribution, and risk analysis.","This platform offers a comprehensive collection of core data sets related to Natural Disaster Hotspots – A Global Risk Analysis. These data sets are freely available for download and include information on hazard frequency, distribution, mortality risks, and economic loss deciles for various natural disasters. The data is provided in common GIS-compatible formats to facilitate research and analysis.",Data,False,False,2025-12-06T13:29:55.538Z,2025-12-06T13:30:32.954Z
cmiuc2oth00sxw171pib7o3g5,Chalmers Cloud Ice Climatology,chalmers-cloud-ice-climatology,https://geospatialcatalog.com/chalmers-cloud-ice-climatology,https://registry.opendata.aws/ccic/,"A novel, deep-learning-based climate record of ice-particle concentrations in the atmosphere.","The Chalmers Cloud Ice Climatology (CCIC) provides a deep-learning-based climate record of atmospheric ice-particle concentrations. This dataset offers high spatial and temporal resolution, making it suitable for evaluating weather and climate models or studying individual weather systems. It is updated quarterly and available under a CC BY 4.0 license.",Data,False,False,2025-12-06T13:29:55.538Z,2025-12-06T13:32:35.663Z
cmiubzyhm00i6w171p0aard9w,Chesapeake Bay Program Data,chesapeake-bay-program-data,https://geospatialcatalog.com/chesapeake-bay-program-data,http://www.chesapeakebay.net/data,A comprehensive data hub providing access to monitoring and modeling data for the Chesapeake Bay ecosystem.,"This platform offers access to a wide array of current and historical monitoring and modeling data related to the Chesapeake Bay. Users can query databases using parameters like geographic region and date range, with results available as downloadable text files for further analysis. A robust Quality Assurance Program ensures the accuracy of environmental datasets.",Data,False,False,2025-12-06T13:29:55.538Z,2025-12-06T13:30:28.431Z
cmiubzz2d00iaw171a8hbst4z,City of Houston GIS,city-of-houston-gis,https://geospatialcatalog.com/city-of-houston-gis,https://mycity.maps.arcgis.com/home/index.html,MyCity Houston GIS Online provides geographic reference and services for the public.,"This portal offers a variety of GIS applications and open data for the City of Houston, serving as a public service for geographic reference. It includes tools for crime statistics, land use, council member lookup, and solid waste collection schedules. The site also provides access to historical maps and planning resources for the community.",Data|Tooling,False,False,2025-12-06T13:29:55.538Z,2025-12-06T13:30:28.511Z
cmiuc1z4700nnw171nvix02tn,City of Toronto,city-of-toronto,https://geospatialcatalog.com/city-of-toronto,https://www.toronto.ca/city-government/data-research-maps/open-data/,The City of Toronto provides a comprehensive open data portal for public access to various municipal datasets.,"This platform offers a wide array of datasets covering city services, community information, and economic development. It serves as a central hub for researchers, developers, and citizens to access and utilize public information from Toronto's municipal government.",Data,False,False,2025-12-06T13:29:55.538Z,2025-12-06T13:32:04.749Z
cmiubzva700hew171op5wku4k,Civil War Battlefield Boundaries,civil-war-battlefield-boundaries,https://geospatialcatalog.com/civil-war-battlefield-boundaries,https://irma.nps.gov/DataStore/Reference/Profile/2279732,"A National Park Service repository providing references and data, including Civil War battlefield boundaries.","The NPS DataStore is a comprehensive online repository managed by the National Park Service (NPS) for integrated resource management data and references. This specific profile provides detailed citation information for ""Civil War Battlefield Boundaries,"" a public reference.",Data,False,False,2025-12-06T13:29:55.538Z,2025-12-07T13:16:19.848Z
cmiubzsw700gow1719s3uz4jx,Climate Change Knowledge Portal,climate-change-knowledge-portal,https://geospatialcatalog.com/climate-change-knowledge-portal,https://climateknowledgeportal.worldbank.org/,"A global hub for climate-related data, insights, and knowledge resources from the World Bank.","The Climate Change Knowledge Portal serves as a central repository for global climate data, encompassing historical and future climate projections, vulnerabilities, and impacts. It provides a platform to access country, subnational, and watershed-level climate information, facilitating informed decision-making for development.","Blogs, Newsletters, and Podcasts|Data",False,False,2025-12-06T13:29:55.538Z,2025-12-06T13:30:23.142Z
cmiuc1qsq00lzw171h1j5d9f1,Climate Watch,climate-watch,https://geospatialcatalog.com/climate-watch,http://cait.wri.org/,"Open data, visualizations, and analysis for understanding global climate progress and emissions.","Climate Watch provides comprehensive open data, visualizations, and analytical tools for policymakers, researchers, and stakeholders. It offers insights into countries' climate progress, including Nationally Determined Contributions (NDCs), Long-Term Strategies (LTS), and Net-Zero Targets, aligning with the Paris Agreement.",Data|Tooling,False,False,2025-12-06T13:29:55.538Z,2025-12-06T13:31:53.917Z
cmiuc2ui100u4w171a2tfa5a7,"ClimateNA, ClimateEU, ClimateAF, ClimateSA",climatena-climateeu-climateaf-climatesa,https://geospatialcatalog.com/climatena-climateeu-climateaf-climatesa,https://sites.ualberta.ca/~ahamann/data.html,"Current, historical, and projected climate data for North America, South America, Europe, and Africa.","This service provides current, historical, and projected climate data for North America, South America, Europe, and Africa. Users can download interpolated data grids at 1km and 5km resolution or utilize software packages to query specific point locations. The platform also offers numerous derived variables like drought indices and growing degree days.",Data|Tooling,False,False,2025-12-06T13:29:55.538Z,2025-12-06T13:32:45.136Z
cmiuc08rl00kiw171sbdusnlj,CLMS portfolio,clms-portfolio,https://geospatialcatalog.com/clms-portfolio,https://land.copernicus.eu/pan-european/satellite-derived-products/eu-dem/eu-dem-v1.1?tab=mapview,The Copernicus Land Monitoring Service provides access to a portfolio of satellite-derived land monitoring products for Europe.,"The Copernicus Land Monitoring Service (CLMS) offers a comprehensive portfolio of satellite-derived products for land monitoring across Europe. This includes full-coverage land cover and use data, land cover in priority areas, and bio-geophysical variables, supporting environmental policies and sustainable resource management. The service provides access to a dataset catalogue and a data viewer for exploring available products like EU-DEM.",Data|Tooling,False,False,2025-12-06T13:29:55.538Z,2025-12-06T13:30:42.777Z
cmiubzwr700hgw171qyconjjy,CNIG Download Center,cnig-download-center,https://geospatialcatalog.com/cnig-download-center,https://centrodedescargas.cnig.es/CentroDescargas/modelos-digitales-elevaciones,The official download center for geographical information from Spain's National Geographic Institute.,This platform provides access to a wide range of geospatial data and cartographic products from the Instituto Geográfico Nacional (IGN) and Centro Nacional de Información Geográfica (CNIG) of Spain. Users can download various types of geographical information for diverse applications.,Data,False,False,2025-12-06T13:29:55.538Z,2025-12-06T13:30:28.174Z
cmiuc28g000oyw1711i3oqqh1,CNMI Data Portal,cnmi-data-portal,https://geospatialcatalog.com/cnmi-data-portal,https://www.oc.nps.edu/CMSP/CNMI/index.html,"Data portal for the Commonwealth of the Northern Mariana Islands, offering GIS datasets for various physical geography topics.","This data portal provides geospatial information for the Commonwealth of the Northern Mariana Islands (CNMI). Users can view screenshots, examine metadata, and download various GIS datasets related to physical geography, including islands, shorelines, elevation, and bathymetry. Some datasets also offer interactive mapping interfaces for exploration.",Data,False,False,2025-12-06T13:29:55.538Z,2025-12-06T13:32:15.562Z
cmiubzwud00how1710hr3qljs,Coastal Elevation Models,coastal-elevation-models,https://geospatialcatalog.com/coastal-elevation-models,http://www.ngdc.noaa.gov/mgg/coastal/coastal.html,Providing coastal digital elevation models for environmental monitoring and hazard mitigation.,"This NOAA National Centers for Environmental Information (NCEI) resource offers coastal digital elevation models (DEMs). These DEMs are crucial for researchers and decision-makers to understand and predict environmental changes affecting coastal regions, supporting various critical monitoring activities.",Data,False,False,2025-12-06T13:29:55.538Z,2025-12-06T13:30:28.199Z
cmiuc27dw00omw171l7msxh5p,Colorado GIS Data,colorado-gis-data,https://geospatialcatalog.com/colorado-gis-data,https://www.coloradoview.org/colorado-gis/,A comprehensive portal for accessing geospatial data from various Colorado state agencies.,"This website serves as a central hub for discovering GIS data pertaining to the state of Colorado. It aggregates links to data resources from multiple state departments, including Local Affairs, Natural Resources, and Oil and Gas Conservation. Users can find a diverse range of geospatial datasets, primarily in shapefile format, covering various administrative boundaries, environmental features, and infrastructure.",Data,False,False,2025-12-06T13:29:55.538Z,2025-12-06T13:32:15.422Z
cmiuc2k9p00rrw1713436fm5a,Computer Vision Group - Datasets,computer-vision-group-datasets,https://geospatialcatalog.com/computer-vision-group-datasets,https://cvg.cit.tum.de/data/datasets,"Providing diverse datasets for research in computer vision, image processing, and pattern recognition.","The Computer Vision Group at TUM offers a variety of datasets for researchers in computer vision, image processing, and pattern recognition. These datasets are shared to foster academic collaboration, with a request to cite the relevant publications when utilized.",Data,False,False,2025-12-06T13:29:55.538Z,2025-12-06T13:32:30.688Z
cmiubztql00gzw1710up1yrpc,Connecticut Data,connecticut-data,https://geospatialcatalog.com/connecticut-data,https://data.ct.gov/browse?limitTo=maps,An open data portal providing maps and geospatial data from Connecticut state agencies.,"Connecticut Data is an open data portal for the state of Connecticut, offering access to a wide range of datasets. It specifically highlights maps and geospatial information published by various state agencies. Users can browse data by view type, category, agency, or tags.",Data,False,False,2025-12-06T13:29:55.538Z,2025-12-06T13:30:23.260Z
cmiuc2sbh00tkw171bggtv0vg,Copernicus Browser,copernicus-browser,https://geospatialcatalog.com/copernicus-browser,https://browser.dataspace.copernicus.eu/,Browse and download full resolution satellite imagery from all Copernicus missions globally.,"The Copernicus Browser offers a comprehensive platform for exploring and acquiring high-resolution images from the entire suite of Copernicus missions. Users can easily navigate to areas of interest, specify time ranges and data collections, and visualize the resulting data directly within the browser. It supports various visualisations, high-resolution image downloads, timelapse creation, and raw data access for local processing.",Data|Tooling,False,False,2025-12-06T13:29:55.538Z,2025-12-30T14:14:39.938Z
cmiuc2d1m00q1w171ab5jgkny,Copernicus Browser,copernicus-browser-2,https://geospatialcatalog.com/copernicus-browser-2,https://github.com/eu-cdse/copernicus-browser,An open-source search and analysis tool for Copernicus satellite imagery within the Copernicus Data Space Ecosystem.,"Copernicus Browser is a powerful open-source web application designed for searching, visualizing, and analyzing satellite imagery from Sentinel-1, 2, 3, and 5P missions. It enables users to explore vast Earth Observation datasets, tweak rendering parameters, and download raw data or create custom visualizations. The platform is an integral part of the Copernicus Data Space Ecosystem, providing free access to advanced geospatial features for end-users.",Data|Open Source Software|Tooling,False,False,2025-12-06T13:29:55.538Z,2025-12-06T13:32:20.695Z
cmiuc21bz00nzw171cmp6j35b,Copernicus Digital Elevation Model (DEM),copernicus-digital-elevation-model-dem,https://geospatialcatalog.com/copernicus-digital-elevation-model-dem,https://registry.opendata.aws/copernicus-dem/,A global Digital Surface Model (DSM) providing elevation data at 30 and 90-meter resolutions.,"The Copernicus DEM is a Digital Surface Model (DSM) representing the Earth's surface, including buildings, infrastructure, and vegetation. It offers two instances: GLO-90 with worldwide 90-meter coverage and GLO-30 Public with limited worldwide 30-meter coverage. Data is available as Cloud Optimized GeoTIFFs, sourced from the Copernicus DEM 2021 release.",Data,False,False,2025-12-06T13:29:55.538Z,2025-12-06T13:32:07.624Z
cmjcyhgm8000204jmu7r80kn0,Coral Reef Image Classification Data,coral-reef-image-classification-data,https://geospatialcatalog.com/coral-reef-image-classification-data,https://registry.opendata.aws/coralreef-image-classification-training/,"A community-sourced repository providing standardized, machine-learning-ready imagery and annotations for coral reef conservation.","This dataset offers a continually updated, community-sourced repository of coral reef image classification training data. Hosted on AWS S3, it provides standardized, machine-learning-ready imagery and annotations to support global coral reef conservation efforts. The resource facilitates collaborative ML model development across scientific and conservation communities.",Data,False,False,2025-12-19T14:19:49.882Z,2025-12-19T14:19:50.235Z
cmiubzj5300evw17177gid1hc,CORONA Satellite Photographs,corona-satellite-photographs,https://geospatialcatalog.com/corona-satellite-photographs,https://cmr.earthdata.nasa.gov/search/concepts/C1220566377-USGS_LTA.html,"Historic CORONA satellite photographs from the U.S. Geological Survey, accessible via NASA's Earthdata CMR.","This resource provides access to historic CORONA satellite photographs, a collection of declassified imagery from early reconnaissance missions. Hosted by the U.S. Geological Survey and indexed through NASA's Earthdata Common Metadata Repository (CMR), these images offer valuable insights into historical land surface conditions.",Data,False,False,2025-12-06T13:29:55.538Z,2025-12-06T13:30:10.522Z
cmiubzxna00hyw171kp0k3mnh,County Of Los Angeles Enterprise GIS,county-of-los-angeles-enterprise-gis,https://geospatialcatalog.com/county-of-los-angeles-enterprise-gis,https://egis-lacounty.hub.arcgis.com/,An Esri Hub site for sharing and visualizing spatial data for Los Angeles County users and the public.,This Esri Hub site serves as the central platform for the LA County Enterprise GIS (eGIS) Program. It facilitates the sharing and visualization of authoritative spatial data and technology for both internal LA County users and the general public. The platform supports the county's vision by providing innovative tools and projects to enhance public services and improve outcomes for citizens.,Data|Tooling,False,False,2025-12-06T13:29:55.538Z,2025-12-06T13:30:28.309Z
cmiubzre200ghw171z5ppye2r,CRU Data,cru-data,https://geospatialcatalog.com/cru-data,http://www.cru.uea.ac.uk/cru/data/,Access to climate data from the Climatic Research Unit.,"The Climatic Research Unit (CRU) at the University of East Anglia is a world-renowned center for climate change research. This page likely provides access to its extensive collection of climate datasets, instrumental records, and reconstructions.",Data,False,False,2025-12-06T13:29:55.538Z,2025-12-06T13:30:21.420Z
cmiubzunb00haw171bki8ddps,CSA GIS Data Warehouse,csa-gis-data-warehouse,https://geospatialcatalog.com/csa-gis-data-warehouse,https://csagis-uok.opendata.arcgis.com/,"Explore our open data and tools, and use it to build insights of your own.","This website serves as the CSA GIS Data Warehouse, an open data portal sponsored by the Center for Spatial Analysis at the University of Oklahoma. It provides free public maps and geospatial data, along with various tools, to facilitate insights for users.",Data|Tooling,False,False,2025-12-06T13:29:55.538Z,2025-12-06T13:30:23.393Z
cmiuc05qp00jww171hhtopzn3,CSO PxStat Open Data Platform,cso-pxstat-open-data-platform,https://geospatialcatalog.com/cso-pxstat-open-data-platform,https://data.cso.ie/,The Central Statistics Office's open data portal provides free access to statistical data in reusable formats.,"This is the official Open Data portal of the Central Statistics Office (CSO) of Ireland. It provides access to a wide array of statistical data, including economic, social, and environmental indicators, in open, free, and reusable formats. Users can explore, search, and download datasets for various analyses.",Data,False,False,2025-12-06T13:29:55.538Z,2025-12-06T13:30:37.846Z
cmiuc1w6m00ngw171vaxjw0br,CT DEEP GIS Open Data,ct-deep-gis-open-data,https://geospatialcatalog.com/ct-deep-gis-open-data,https://deepmaps.ct.gov/,Providing public access to Connecticut's environmental and geographic information through an open data portal.,This portal provides public access to the Connecticut Department of Energy & Environmental Protection's (DEEP) Geographic Information Systems (GIS) data. It serves DEEP's mission to protect and preserve the environment by offering a statewide system for integrating and analyzing spatial data. The platform shares authoritative geospatial information with various governmental agencies.,Data,False,False,2025-12-06T13:29:55.538Z,2025-12-06T13:31:58.728Z
cmiuc1uif00n1w1714g3n6f92,CT ECO,ct-eco,https://geospatialcatalog.com/ct-eco,https://maps.cteco.uconn.edu/,"A portal for Connecticut's environmental data, maps, and GIS services.","Connecticut Environmental Conditions Online (CT ECO) provides access to a wealth of geospatial information focusing on Connecticut's environment. Users can explore various map viewers, browse a catalog of static PDF maps by town, and connect to map services using GIS software. The platform also offers direct downloads of GIS files for further analysis and integration.",Data|Tooling,False,False,2025-12-06T13:29:55.538Z,2025-12-06T13:31:58.524Z
cmiuc09n000ktw171ta5uf7nv,CTDOT Open Data,ctdot-open-data,https://geospatialcatalog.com/ctdot-open-data,https://connecticut-ctdot.opendata.arcgis.com/,Easily search for the latest transportation data and geospatial content from the Connecticut Department of Transportation.,"This platform provides public access to transportation data and geospatial content published by the Connecticut Department of Transportation. Users can discover, analyze, and quickly display content, including featured and newest applications. The portal emphasizes transparency and accessibility, offering a central hub for state transportation information.",Data|Tooling,False,False,2025-12-06T13:29:55.538Z,2025-12-06T13:30:42.893Z
cmiuc0aaj00kyw171mfy4jmqf,Danmarks Miljøportal,danmarks-miljoportal,https://geospatialcatalog.com/danmarks-miljoportal,https://miljoeportal.dk/,A public-private partnership supporting digital environmental management in Denmark.,"Danmarks Miljøportal is a collaborative public partnership owned by the Danish state, municipalities, and regions. Its core mission is to facilitate and support digital environmental administration and management throughout Denmark. The platform aims to centralize and streamline access to environmental data and tools for public authorities, fostering efficient environmental governance.",Data|Tooling,False,False,2025-12-06T13:29:55.538Z,2025-12-06T13:30:42.947Z
cmiuc34rj00vow171c0fg2qld,DASC: Kansas GeoPortal,dasc-kansas-geoportal,https://geospatialcatalog.com/dasc-kansas-geoportal,http://www.kansasgis.org/catalog/index.cfm,The Kansas Data Access & Support Center (DASC) provides a central GeoPortal for downloading and accessing Kansas geospatial data.,"DASC serves as the official State of Kansas GIS data clearinghouse, archiving and distributing authoritative geospatial data from trusted sources. It offers a comprehensive GeoPortal Hub for downloading GIS and map data, including LiDAR and imagery, alongside various geospatial technical services and application hosting for state agencies and partners.",Data|Tooling,False,False,2025-12-06T13:29:55.538Z,2025-12-06T13:32:58.479Z
cmiuc2k0r00rkw171tdpkd21s,Data Basin,data-basin,https://geospatialcatalog.com/data-basin,https://databasin.org/,"A science-based mapping and analysis platform supporting learning, research, and sustainable environmental stewardship.","Data Basin is a science-based mapping and analysis platform designed to support learning, research, and sustainable environmental stewardship. It provides an online environment for users to explore, map, and analyze various geospatial datasets. The platform aims to enhance understanding and collaboration in conservation and environmental science.",Data|Tooling,False,False,2025-12-06T13:29:55.538Z,2025-12-06T13:32:30.652Z
cmiuc398a00x1w17144y8qgkg,Data Catalogue,data-catalogue,https://geospatialcatalog.com/data-catalogue,http://www.data.gov.bc.ca/,Explore thousands of British Columbia government datasets available in a wide variety of file formats.,"The Data Catalogue is the official portal for accessing government datasets from British Columbia, Canada. It allows users to browse a vast collection of information and provides enhanced access to additional data upon logging in with an IDIR account.",Data,False,False,2025-12-06T13:29:55.538Z,2025-12-06T13:33:03.320Z
cmiuc398000wyw171lrfg36r5,data.gov.uk,datagovuk,https://geospatialcatalog.com/datagovuk,http://data.gov.uk/,The official portal for open government data in the United Kingdom.,"Data.gov.uk is the official UK government portal for finding open data. It provides access to datasets published by central government, local authorities, and various public bodies, enabling users to build products and services.",Data,False,False,2025-12-06T13:29:55.538Z,2025-12-06T13:33:03.328Z
cmiuc2pcw00szw171inlqtweb,Data.SA,datasa,https://geospatialcatalog.com/datasa,https://data.sa.gov.au/,"Data.SA is the official open data portal for the Government of South Australia, providing access to a wide range of public datasets.","This website serves as the central hub for accessing open data published by the South Australian government. It offers a catalog of datasets, information on contributing organizations, and showcases applications developed using the data. The portal aims to enhance transparency and foster innovation through public access to government information.",Data,False,False,2025-12-06T13:29:55.538Z,2025-12-06T13:32:38.780Z
cmiuc0bli00l2w171al2kcc5i,Dataforsyningen,dataforsyningen,https://geospatialcatalog.com/dataforsyningen,https://dataforsyningen.dk/data,"Access comprehensive Danish geospatial data, including basemaps, elevation models, buildings, and roads, available via webservices and direct download.","Dataforsyningen serves as a central hub for geospatial information in Denmark, offering a wide array of datasets for various applications. Users can find detailed information, visualize data on maps, and access data through webservices like WMS/WMTS or direct downloads in formats such as GeoTIFF. The platform supports both public administration and private use cases.",Data,False,False,2025-12-06T13:29:55.538Z,2025-12-06T13:30:47.385Z
cmiuc34rl00vqw171aoib9u0g,DataMapWales,datamapwales,https://geospatialcatalog.com/datamapwales,https://datamap.gov.wales/,A central source for public sector data and maps in Wales.,"DataMapWales provides a central source for public sector geospatial data in Wales, serving both the general public and public authorities. Users can browse a comprehensive catalogue of spatial data, view pre-made maps, and download datasets for independent analysis.",Data|Tooling,False,False,2025-12-06T13:29:55.538Z,2025-12-06T13:32:58.488Z
cmiuc3cvg00xtw171lp0dyac9,DataVic,datavic,https://geospatialcatalog.com/datavic,https://www.data.vic.gov.au/,Discover and access Victorian Government open data assets.,DataVic serves as the official open data portal for the Victorian Government in Australia. It provides a centralized platform for the public to find and access a wide range of data assets from various organizations across the Victorian public sector. The portal aims to enhance transparency and foster innovation by making government data readily available.,Data,False,False,2025-12-06T13:29:55.538Z,2025-12-06T13:33:08.016Z
cmiubzwsa00hjw1716t730bru,Daymet,daymet,https://geospatialcatalog.com/daymet,https://daymet.ornl.gov/,Daily gridded estimates of key meteorological and hydrological parameters for North America.,"Daymet provides daily gridded estimates of minimum and maximum temperature, precipitation, humidity, shortwave radiation, and snow water equivalent. Data is available at a 1 km x 1 km spatial resolution for North America, offering critical environmental insights for research and applications.",Data,False,False,2025-12-06T13:29:55.538Z,2025-12-06T13:30:28.186Z
cmiuc34s000vtw1716h1mka0s,DE FirstMap Delaware,de-firstmap-delaware,https://geospatialcatalog.com/de-firstmap-delaware,https://de-firstmap-delaware.hub.arcgis.com/pages/data,Discover Delaware's Data,"The DE FirstMap Delaware Hub provides a centralized platform for accessing diverse geospatial datasets for the state of Delaware. It enables users to explore, visualize, and download critical geographic information. This resource supports various applications, from government planning to public research, fostering data-driven decision-making.",Data,False,False,2025-12-06T13:29:55.538Z,2025-12-06T13:32:58.503Z
cmiuc20g400npw1716bja9gdt,Defra data services platform,defra-data-services-platform,https://geospatialcatalog.com/defra-data-services-platform,https://environment.data.gov.uk/,Defra group provides a Data Services Platform to make environmental data openly available to a wide range of users.,"Defra group provides a Data Services Platform to make environmental data openly available. The platform aims to inform actions and decisions that safeguard the natural environment, support food and farming, and sustain the rural economy. Data is accessible via APIs, spatial services, and for direct download.",Data|Tooling,False,False,2025-12-06T13:29:55.538Z,2025-12-06T13:32:06.484Z
cmiuc2zf500urw1713h7eai9e,DelawareView,delawareview,https://geospatialcatalog.com/delawareview,https://sites.udel.edu/delawareview/data-archive-and-distribution/gis/sources/,A comprehensive portal for geospatial data and GIS clearinghouses in Delaware.,"This website serves as a central hub for discovering and accessing various GIS data sources and clearinghouses specific to the state of Delaware. It provides direct links to county-level GIS portals, state environmental monitoring data, historical maps, and crucial census information, catering to a diverse user base.",Data,False,False,2025-12-06T13:29:55.538Z,2025-12-06T13:32:51.803Z
cmiuc09oy00kvw171s6ptf86y,Descarga de geodatos,descarga-de-geodatos,https://geospatialcatalog.com/descarga-de-geodatos,https://gis.pr.gov/descargaGeodatos/Pages/default.aspx,"Access and download a variety of geospatial data for Puerto Rico, covering environmental, administrative, and economic themes.","This official geodata portal provides free access to a comprehensive collection of geospatial datasets for Puerto Rico. Users can download data categorized into environmental, grid, delimitation, and economic development themes to support planning, research, and analysis. The platform serves as a vital resource for authoritative geographic information.",Data,False,False,2025-12-06T13:29:55.538Z,2025-12-06T13:30:42.904Z
cmiuc2j6i00raw171mia7mjp5,Descarga de Geodatos PR,descarga-de-geodatos-pr,https://geospatialcatalog.com/descarga-de-geodatos-pr,https://gis-pr-gov.translate.goog/descargaGeodatos/Pages/default.aspx?_x_tr_sl=auto&_x_tr_tl=en&_x_tr_hl=en-US,"Access and download a wide range of geospatial data for Puerto Rico, covering environmental, geological, and land use themes.","This platform serves as a central repository for geospatial data pertaining to Puerto Rico. It offers various datasets for download, supporting environmental analysis, land management, and research initiatives across the island. The site is maintained by the Oficina de Gerencia y Presupuesto de Puerto Rico.",Data,False,False,2025-12-06T13:29:55.538Z,2025-12-06T13:32:30.519Z
cmiuc36mc00whw17116r37fzr,Diamond Bay Research,diamond-bay-research,https://geospatialcatalog.com/diamond-bay-research,http://www.dbr.nu/data,"A comprehensive collection of geographic data and historical GIS resources, primarily focused on Asia.","Diamond Bay Research provides access to a wide array of geographic data, primarily focusing on historical and modern GIS resources for Asia, particularly China and Japan. The collection includes diverse datasets ranging from administrative boundaries and historical maps to environmental data and placenames, often hosted on Harvard Dataverse.",Data,False,False,2025-12-06T13:29:55.538Z,2025-12-06T13:32:58.766Z
cmjxywsko000004joxaj9dre2,Digital Earth Africa,digital-earth-africa-2,https://geospatialcatalog.com/digital-earth-africa-2,https://digitalearthafrica.org/en_za/,Transforming Earth Observation Data into Insights for Africa's Sustainable Growth.,"Digital Earth Africa delivers decision-ready Earth observation products to address social, environmental, and economic challenges across Africa. It processes openly accessible and freely available data to produce actionable insights, enhancing capacity and fostering innovation for sustainable development.",Data|Tooling,False,False,2026-01-03T07:29:59.572Z,2026-01-03T07:29:59.575Z
cmiuc29fn00paw171cdsxwoi5,Digital Earth Africa Sentinel-2 Level-2A,digital-earth-africa-sentinel-2-level-2a,https://geospatialcatalog.com/digital-earth-africa-sentinel-2-level-2a,https://registry.opendata.aws/deafrica-sentinel-2/,Provides analysis-ready Level-2A Sentinel-2 satellite imagery for the African continent on AWS.,"This dataset offers Digital Earth Africa Sentinel-2 Level-2A bottom-of-atmosphere reflectance data covering the African continent. Derived from the European Union Copernicus Sentinel-2 mission, it provides analysis-ready data ideal for various research and applications. New scenes are added regularly, usually within hours of their availability from Copernicus OpenHub.",Data,False,False,2025-12-06T13:29:55.538Z,2025-12-06T13:32:17.140Z
cmiuc2k1a00rnw171pdrybixo,Données Québec,donnees-quebec,https://geospatialcatalog.com/donnees-quebec,https://www.donneesquebec.ca/,The open data portal born from the collaboration between cities and the Government of Quebec.,"This portal provides access to open data from Quebec, Canada. It facilitates collaboration between municipalities and the provincial government to share a wide range of datasets. Users can explore various categories of data, find organizations, and discover applications built using the available information.",Data,False,False,2025-12-06T13:29:55.538Z,2025-12-06T13:32:30.668Z
cmiuc2lld00s3w171qy3tl23f,DOV Verkenner,dov-verkenner,https://geospatialcatalog.com/dov-verkenner,https://www.dov.vlaanderen.be/portaal/?module=verkenner,Explore and visualize extensive subsurface data for the Flanders region.,"The DOV Verkenner (Explorer) is a web-based portal developed by the Flemish government, providing interactive access to the Databank Ondergrond Vlaanderen. It allows users to explore, visualize, and query extensive subsurface data relevant to geology, hydrogeology, and geotechnics across the Flanders region.",Data|Tooling,False,False,2025-12-06T13:29:55.538Z,2026-02-27T13:30:40.377Z
cmiubzpkg00g4w1713d512mvk,DWEE NE,dwee-ne,https://geospatialcatalog.com/dwee-ne,https://dnr.nebraska.gov/data,"A resource for Nebraska's water, energy, and environmental data and interactive maps.","This website serves as a central hub for geospatial data related to water, energy, and environmental resources within Nebraska. It offers various interactive maps and data retrieval tools, allowing users to explore information on dam safety, floodplains, groundwater, and surface water. The portal provides access to critical environmental information for public use and research.",Data,False,False,2025-12-06T13:29:55.538Z,2025-12-06T13:30:17.787Z
cmiuc2j8v00rhw171oogwjehv,Earth Engine Data Catalog,earth-engine-data-catalog,https://geospatialcatalog.com/earth-engine-data-catalog,https://developers.google.com/earth-engine/datasets,A multi-petabyte catalog of satellite imagery and geospatial datasets with planetary-scale analysis capabilities.,"Google Earth Engine provides a comprehensive data catalog for scientists, researchers, and developers. It combines a vast collection of satellite imagery and geospatial datasets with powerful analysis tools. Users can detect changes, map trends, and quantify differences on the Earth's surface at a planetary scale.",Data|Tooling,False,False,2025-12-06T13:29:55.538Z,2025-12-06T13:32:30.553Z
cmiuc24su00odw171qdrq8zef,EarthDEM,earthdem,https://geospatialcatalog.com/earthdem,https://registry.opendata.aws/pgc-earthdem/,Provides 2m GSD Digital Elevation Models and mosaics from 2002 to the present for non-polar regions.,"EarthDEM offers 2m GSD Digital Elevation Models (DEMs) and mosaics, created from Maxar optical imagery since 2002. This project aims to deliver high-resolution, time-series elevation data for non-polar areas, enabling change detection and comparative topographic analysis. A portion of this global dataset is publicly available on AWS.",Data,False,False,2025-12-06T13:29:55.538Z,2025-12-06T13:32:11.001Z
cmiuc2c9p00prw171t6ejy03i,EarthEnv,earthenv,https://geospatialcatalog.com/earthenv,http://www.earthenv.org/cloud,"Global, remote-sensing supported environmental layers for assessing status and trends in biodiversity, ecosystems, and climate.","This platform provides global, remote-sensing supported environmental layers crucial for assessing biodiversity, ecosystems, and climate. It features a unique 1-km cloud cover dataset derived from 15 years of twice-daily MODIS satellite observations. The data offers insights into spatio-temporal cloud cover dynamics for ecological research and habitat mapping.",Data,False,False,2025-12-06T13:29:55.538Z,2025-12-06T13:32:20.534Z
cmiubzyei00i2w1711261kepx,Earthenv Habitat Heterogeneity,earthenv-habitat-heterogeneity,https://geospatialcatalog.com/earthenv-habitat-heterogeneity,http://www.earthenv.org/texture,"Global, remote-sensing supported environmental layers for assessing status and trends in biodiversity, ecosystems, and climate.","This resource offers global datasets quantifying spatial heterogeneity of terrestrial habitats. Utilizing textural features from MODIS Enhanced Vegetation Index (EVI) imagery, it provides 14 distinct metrics at multiple resolutions. These layers are crucial for researchers and modelers focused on biodiversity and ecosystem assessments.",Data,False,False,2025-12-06T13:29:55.538Z,2025-12-06T13:30:28.405Z
cmiuc3a1z00x7w171s4zs2dze,EarthEnv-DEM90,earthenv-dem90,https://geospatialcatalog.com/earthenv-dem90,http://www.earthenv.org/DEM,"Global, remote-sensing supported environmental layers for assessing status and trends in biodiversity, ecosystems, and climate.","EarthEnv-DEM90 provides a nearly-global, void-free, 90m digital elevation model derived from fused ASTER and SRTM data. It offers continuous coverage for approximately 91% of the globe, supporting assessments of biodiversity, ecosystems, and climate.",Data,False,False,2025-12-06T13:29:55.538Z,2025-12-06T13:33:03.435Z
cmiubzoo900fvw171g9jkay28,Earthquake Hazards Program,earthquake-hazards-program,https://geospatialcatalog.com/earthquake-hazards-program,https://www.usgs.gov/programs/earthquake-hazards,"The U.S. Geological Survey's Earthquake Hazards Program monitors, researches, and mitigates earthquake risks.","This program, managed by the U.S. Geological Survey, is dedicated to understanding earthquake processes and reducing their impacts across the United States and globally. It provides critical scientific information, data, and tools to assess seismic activity, evaluate hazards, and inform public safety and policy.",Data,False,False,2025-12-06T13:29:55.538Z,2025-12-06T13:30:17.607Z
cmiuc2sgm00tqw1719nm4i0yu,EarthStat,earthstat,https://geospatialcatalog.com/earthstat,http://www.earthstat.org/,GIS data for agriculture and the environment.,"EarthStat provides global GIS data sets focused on agriculture and the environment. It offers detailed information on cropland and pasture areas, harvested areas and yields for numerous crops, and greenhouse gas emissions from agricultural activities. The platform also analyzes climate variation effects on crop yields and water depletion.",Data,False,False,2025-12-06T13:29:55.538Z,2025-12-06T13:32:40.405Z
cmiubzqfc00gdw171krixl6zb,Ecopia AI,ecopia-ai,https://geospatialcatalog.com/ecopia-ai,https://www.ecopiatech.com/,High-precision 3D map data and geospatial feature extraction using AI.,"Ecopia AI specializes in converting high-resolution imagery into precise 3D vector map data at scale using artificial intelligence. This technology creates a foundational geospatial digital twin, providing detailed insights for various industries and applications. They offer products like 3D land cover, building-based geocoding, and advanced transportation features.",Companies|Data,False,False,2025-12-07T15:43:02.779Z,2025-12-07T15:43:03.094Z
cmiuc2wak00uow171ivyu7s7i,Ecoregions 2017,ecoregions-2017,https://geospatialcatalog.com/ecoregions-2017,https://ecoregions2017.appspot.com/,An interactive web map for exploring global terrestrial ecoregions.,This website offers an interactive web mapping application displaying the Ecoregions 2017 dataset. Users can navigate and zoom across a global map to visualize and understand the distribution of terrestrial ecoregions. It provides a visual tool for environmental research and conservation efforts.,Data|Tooling,False,False,2025-12-06T13:29:55.538Z,2025-12-06T13:32:45.391Z
cmiuc2w4v00ukw171c1uywuno,ECOSTRESS Data Resources,ecostress-data-resources,https://geospatialcatalog.com/ecostress-data-resources,https://github.com/nasa/ECOSTRESS-Data-Resources,"A comprehensive guide to finding, accessing, and working with NASA ECOSTRESS data for Earth science applications.","This GitHub repository serves as a central hub for information on the ECOsystem Spaceborne Thermal Radiometer Experiment on Space Station (ECOSTRESS) mission. It provides essential resources and guidance for users to effectively locate, retrieve, and process ECOSTRESS data products for various scientific analyses and applications.",Data|Tooling,False,False,2025-12-06T13:29:55.538Z,2025-12-06T13:32:45.373Z
cmiuc0cie00liw171d1my9ln5,EEA Data and Maps,eea-data-and-maps,https://geospatialcatalog.com/eea-data-and-maps,http://www.eea.europa.eu/data-and-maps#tab-datasets,The European Environment Agency provides comprehensive data and analysis to inform environmental policy and public understanding.,"The European Environment Agency (EEA) offers a comprehensive portal for environmental analysis and data. It provides access to publications, indicators, interactive maps, country fact sheets, and downloadable datasets. This resource aims to inform policymakers and the public on the status and trends of various environmental topics across Europe.",Data,False,False,2025-12-06T13:29:55.538Z,2025-12-06T13:30:47.528Z
cmiuc2no300sew17176nrd9tk,eGRID,egrid,https://geospatialcatalog.com/egrid,https://www.epa.gov/egrid,Provides comprehensive data on electric power generation and emissions in the United States.,"The Emissions & Generation Resource Integrated Database (eGRID) is a comprehensive inventory of environmental attributes for virtually all electric power generated in the United States. It provides detailed data on air emissions, generation, resource mix, and other key attributes for power plants across the nation. This resource supports environmental analysis, policy development, and public understanding of the electric power sector's impact.",Data|Tooling,False,False,2025-12-06T13:29:55.538Z,2025-12-06T13:32:35.481Z
cmjquknnl000104l28ostj2a1,Electricity Maps,electricity-maps,https://geospatialcatalog.com/electricity-maps,https://app.electricitymaps.com/,"Track real-time and historical electricity data worldwide, including production mix, CO2 emissions, and prices.","Electricity Maps offers an interactive platform for visualizing global electricity data. Users can explore real-time and historical information on energy production mixes, CO2 emissions, and electricity prices across various regions. The tool provides insights into carbon intensity and cross-border electricity flows.",Data|Tooling,False,False,2025-12-29T07:39:06.868Z,2025-12-29T07:39:07.326Z
cmiuc09ib00kow171pfteo1fj,EM-Earth,em-earth,https://geospatialcatalog.com/em-earth,https://registry.opendata.aws/emearth/,A comprehensive ensemble meteorological dataset offering global land data for hydrometeorological applications.,"EM-Earth is an Ensemble Meteorological Dataset for Planet Earth, providing data for precipitation, mean air temperature, air temperature range, and dew-point temperature. It covers global land areas at 0.1° spatial resolution from 1950 to 2019, with both hourly/daily deterministic and daily probabilistic estimates. This dataset is designed to meet diverse requirements for hydrometeorological applications.",Data,False,False,2025-12-06T13:29:55.538Z,2025-12-06T13:30:42.839Z
cmiuc05su00jyw1714wanzx4i,EnMAP,enmap,https://geospatialcatalog.com/enmap,https://www.enmap.org/,Germany's hyperspectral satellite mission for global environmental monitoring and characterization.,"The Environmental Mapping and Analysis Program (EnMAP) is a German hyperspectral satellite mission. It focuses on monitoring and characterizing Earth's environment globally by measuring geochemical, biochemical, and biophysical variables. The mission provides crucial information on the status and evolution of various terrestrial and aquatic ecosystems.",Data,False,False,2025-12-06T13:29:55.538Z,2025-12-06T13:30:37.859Z
cmiuc32tu00vjw171pimkp9iv,Enviroportal,enviroportal,https://geospatialcatalog.com/enviroportal,https://enviroportal.ead.ae/map/,A comprehensive web portal for environmental data and mapping tools in Abu Dhabi.,"Enviroportal offers an interactive web-based platform for exploring environmental data and geospatial information within Abu Dhabi. It provides tools for map search, data search, and various geospatial operations such as measurement, printing, and drawing. The portal also features specialized analytics for key environmental indicators.",Data|Tooling,False,False,2025-12-06T13:29:55.538Z,2025-12-06T13:32:53.918Z
cmjczmwqp000004iif0zbcp5i,EOC Geoservice SoilSuite,eoc-geoservice-soilsuite,https://geospatialcatalog.com/eoc-geoservice-soilsuite,https://geoservice.dlr.de/web/datasets/soilsuite_eur_5y,This service provides a collection of image data products detailing the spectral and statistical properties of European soils and bare surfaces.,"The SoilSuite offers a comprehensive collection of image data products focused on European soils and bare surfaces. It leverages DLR's Soil Composite Mapping Processor (ScMAP) to process Sentinel-2 data from 2018-2022, providing insights into spectral and statistical properties at 20m resolution. Products include bare surface reflectance composites, frequency maps, and landcover masks.",Data,False,False,2025-12-19T14:52:03.423Z,2025-12-19T14:52:04.028Z
cmjh5nfpn000004leuha7dhfi,EODAG,eodag,https://geospatialcatalog.com/eodag,https://github.com/CS-SI/eodag,"A unified API and command-line tool for searching, aggregating, and downloading Earth Observation data from various providers.","EODAG is a Python framework and command-line tool designed to simplify access to Earth Observation (EO) data. It provides a unified API for searching, aggregating results, and downloading remote sensed images, abstracting away differences between data providers. This tool supports listing collections and searching products by various criteria, facilitating efficient data retrieval.",Data|Open Source Software|Tooling,False,False,2025-12-22T12:51:30.630Z,2025-12-22T12:51:31.003Z
cmiubzfe300e4w171mrl951ds,EOxCloudless,eoxcloudless,https://geospatialcatalog.com/eoxcloudless,https://cloudless.eox.at/,Exploitation-Ready Satellite Imagery for viewing and analysis.,"EOxCloudless provides high-resolution, cloud-free satellite imagery derived from the ESA Copernicus Sentinel-2 mission. These elaborately post-processed images are optimized for various applications, including web maps and desktop GIS tools. The service offers both prerendered map caches and source mosaics for diverse user needs.",Data,False,False,2025-12-06T13:29:55.538Z,2025-12-06T13:30:05.590Z
cmiuc2vak00u8w171fj5yv3vn,EPA Geoportal,epa-geoportal,https://geospatialcatalog.com/epa-geoportal,http://gis.epa.ie/,"A central hub for accessing, viewing, and understanding environmental spatial data and web mapping services from the EPA Ireland.","This geoportal provides comprehensive access to environmental data for Ireland, enabling users to view WebGIS applications, download spatial datasets, and consume Web Mapping Services (WMS). It serves as a central point for discovering and utilizing the Environmental Protection Agency's geospatial information. The platform also offers metadata access and resources to help users learn about the available data.",Data|Tooling,False,False,2025-12-06T13:29:55.538Z,2025-12-06T13:32:45.233Z
cmiuc1sez00mhw171zg5hcmm2,EPSG.io,epsgio,https://geospatialcatalog.com/epsgio,https://epsg.io/,"A comprehensive online resource for coordinate systems worldwide, offering transformations, map previews, and data formats.","EPSG.io provides a vast database of coordinate systems, including EPSG and ESRI codes, allowing users to search, view, and understand various projections. It facilitates coordinate transformations and offers previews of locations on a map. The platform supports common data formats like WKT, OGC GML, and Proj.4 definitions.",Data|Tooling,False,False,2025-12-06T13:29:55.538Z,2025-12-06T13:31:55.436Z
cmiuc2j7d00rdw171tyzvavzu,ESA/CCI viewer,esacci-viewer,https://geospatialcatalog.com/esacci-viewer,http://maps.elie.ucl.ac.be/CCI/viewer/index.php,An online viewer for ESA/CCI Land Cover and conditions project data.,"This platform provides access to Land Cover and conditions data from the European Space Agency's Climate Change Initiative (ESA CCI) project. Users can explore and download various geospatial products, including land cover maps, plant functional type maps, and surface reflectance composites. The viewer supports data extraction at specific locations and offers yearly classifications spanning decades.",Data|Tooling,False,False,2025-12-06T13:29:55.538Z,2025-12-06T13:32:30.531Z
cmiuc3cwq00xvw171jdjwhoxy,ESPON Database Portal,espon-database-portal,https://geospatialcatalog.com/espon-database-portal,https://database.espon.eu/,"A portal providing European territorial development and cohesion policy data, indicators, and tools.","The ESPON Database Portal offers data, indicators, and tools for European territorial development and cohesion policy. It supports researchers, policymakers, and stakeholders at regional and local levels with information for policy formulation, application, and monitoring.",Data|Tooling,False,False,2025-12-06T13:29:55.538Z,2025-12-06T13:33:08.021Z
cmiuc2t8o00tvw1715l6l3pkc,ETH Global Canopy Height 10m 2020 version1,eth-globalcanopyheight-10m-2020-version1,https://geospatialcatalog.com/eth-globalcanopyheight-10m-2020-version1,https://www.research-collection.ethz.ch/entities/researchdata/2ecca65c-bc7b-4e72-9b62-534d606a062e,Global canopy height map for the year 2020 derived from Sentinel-2 and GEDI.,"This dataset, hosted by the ETH Zurich Research Collection, provides a global canopy height map for 2020. It was created using data from Sentinel-2 and GEDI, offering valuable insights into forest structures and biomass. The resource is open access and available under a Creative Commons license.",Data,False,False,2025-12-06T13:29:55.538Z,2025-12-07T16:24:24.963Z
cmiuc2dbx00q8w171zufdk1m1,ETOPO Global Relief Model,etopo-global-relief-model,https://geospatialcatalog.com/etopo-global-relief-model,http://www.ngdc.noaa.gov/mgg/global/global.html,Provides comprehensive global relief data for Earth's land topography and ocean bathymetry.,"The ETOPO Global Relief Model offers integrated global terrain data, combining land elevation and ocean depth into a single dataset. It is a foundational resource for various earth science applications, research, and mapping projects.",Data,False,False,2025-12-06T13:29:55.538Z,2025-12-06T13:32:20.707Z
cmiuc3dp400y3w1718ydxhxlf,European Climate Assessment & Dataset,european-climate-assessment-dataset,https://geospatialcatalog.com/european-climate-assessment-dataset,https://www.ecad.eu/,Provides data and analysis on changes in European weather and climate extremes.,"This project offers comprehensive information and daily datasets for monitoring and analyzing changes in weather and climate extremes across Europe. Initiated by ECSN in 1998, it receives financial support from EUMETNET and the European Commission, regularly updating its extensive database with contributions from national meteorological agencies.",Data,False,False,2025-12-06T13:29:55.538Z,2025-12-06T13:33:08.138Z
cmiuc2g0c00qqw171z1xfzadm,European Ground Motion Service,european-ground-motion-service,https://geospatialcatalog.com/european-ground-motion-service,https://land.copernicus.eu/en/products/european-ground-motion-service,Provides consistent and reliable millimeter-accuracy information on natural and anthropogenic ground motion across Europe.,"The European Ground Motion Service (EGMS) offers high-precision data on ground movements across Copernicus participating countries. This service leverages space-based remote sensing technology, specifically Synthetic Aperture Radar Interferometry (InSAR) from Sentinel-1, to detect and measure ground motion with millimeter accuracy. The data is updated annually, supporting diverse applications from infrastructure monitoring to urban planning and climate change research.",Data,False,False,2025-12-06T13:29:55.538Z,2025-12-06T13:32:25.386Z
cmiuc39zj00x5w171j21hzpig,FAO Hand-in-Hand,fao-hand-in-hand,https://geospatialcatalog.com/fao-hand-in-hand,https://data.apps.fao.org/?lang=en,The FAO Hand-in-Hand Geospatial Platform provides open-access geographic information and agricultural statistics.,"The Hand-in-Hand (HiH) Geospatial Platform is an enabling tool for the HiH Initiative, offering over 2 million data layers for targeted, evidence-based interventions. This Digital Public Good provides open-access geographic information, key food security indicators, and agricultural statistics from FAO and external organizations like NGOs, academia, and space agencies.",Data|Tooling,False,False,2025-12-06T13:29:55.538Z,2025-12-06T13:33:03.395Z
cmjohotlk000004l7c1z4kjr5,FIAtools,fiatools,https://geospatialcatalog.com/fiatools,https://fiatools.org/,"FIAtools offers an open-source Python ecosystem for comprehensive USDA Forest Service FIA data analysis, from raw plots to growth projections.","FIAtools offers an open-source Python ecosystem for USDA Forest Service FIA data analysis. It integrates pyFIA for high-performance survey data querying, gridFIA for spatial raster analysis, and pyFVS for tree growth simulations. An AI-powered interface, askFIA, enables natural language interaction for detailed forest inventory and biomass analysis.",Data|Open Source Software|Tooling,False,False,2025-12-28T08:18:50.758Z,2025-12-28T08:18:51.081Z
cmiuc32qm00vdw17136gqnbr7,Find Environmental Data,find-environmental-data,https://geospatialcatalog.com/find-environmental-data,http://www.environment.gov.au/metadataexplorer/explorer.jsp,"Discover, analyze and download data from Find Environmental Data.","This platform allows users to discover, analyze, and download environmental data. It supports various formats like CSV, KML, Zip, GeoJSON, GeoTIFF, and PNG, and provides API links for GeoServices, WMS, and WFS. Users can also analyze data with charts and thematic maps, and create StoryMaps and Web Maps.",Data|Tooling,False,False,2025-12-06T13:29:55.538Z,2025-12-06T13:32:53.898Z
cmiuc2vbm00ubw171y21u4yas,Finnish Meteorological Institute,finnish-meteorological-institute,https://geospatialcatalog.com/finnish-meteorological-institute,http://en.ilmatieteenlaitos.fi/open-data-manual,The official manual for accessing Finnish meteorological and oceanographic open data via web services.,The Finnish Meteorological Institute publishes a significant portion of its meteorological and oceanographic datasets as Open Data. This documentation serves as a guide for developers to build applications using weather and oceanographic information through the institute's open data web services.,Data|Tooling,False,False,2025-12-06T13:29:55.538Z,2025-12-06T13:32:45.241Z
cmiubzh3e00emw171xdk40g4x,FloodPlanet,floodplanet,https://geospatialcatalog.com/floodplanet,https://datacommons.cyverse.org/browse/iplant/home/shared/commons_repo/curated/Zhijie_FloodPlanet_2023,A curated dataset of manually labeled inundation data for deep learning applications in flood detection.,"The FloodPlanet dataset provides manually labeled inundation data, meticulously collected for advancing flood detection research. It serves as a crucial resource for training and validating deep learning models, utilizing high-resolution imagery from PlanetScope, Sentinel-1, and Sentinel-2 satellites. This version 1.0 dataset, contributed by Zhijie(JJ) Zhang and collaborators, is a valuable asset for the geospatial community.",Data,False,False,2025-12-06T13:29:55.538Z,2025-12-06T13:30:05.861Z
cmiubzqei00gaw171klg6szdy,Florida DEP Geospatial Open Data,florida-dep-geospatial-open-data,https://geospatialcatalog.com/florida-dep-geospatial-open-data,https://geodata.dep.state.fl.us/,Florida Department of Environmental Protection's portal for geospatial open data and resources.,"This platform provides access to a wide array of geospatial open data related to Florida's environmental protection efforts. Users can explore datasets categorized by environmental themes, search for specific projects, and access featured applications and StoryMaps. It serves as a central hub for environmental data maintained by the Florida DEP.",Data,False,False,2025-12-06T13:29:55.538Z,2025-12-06T13:30:20.099Z
cmiuc2vcg00ucw171l4g31yow,Florida Geographic Data Library,florida-geographic-data-library,https://geospatialcatalog.com/florida-geographic-data-library,http://www.fgdl.org/metadataexplorer/explorer.jsp,A comprehensive repository for current and archived geospatial data specific to Florida.,"The Florida Geographic Data Library (FGDL) offers a centralized collection of geospatial data for the state of Florida. It provides users with access to current and archived data through various catalogs and a dedicated explorer. This resource is maintained by the University of Florida GeoPlan Center, supporting a wide range of GIS applications and research needs within the region.",Data|Tooling,False,False,2025-12-06T13:29:55.538Z,2025-12-06T13:32:45.247Z
cmiuc2qm700t6w171rbw32prt,Florida Geospatial Open Data Portal,florida-geospatial-open-data-portal,https://geospatialcatalog.com/florida-geospatial-open-data-portal,https://geodata.floridagio.gov/,Explore Florida's Geospatial Open Data Portal,"This portal provides free access to Florida's geospatial open data, offering a centralized hub for various datasets. Users can download raw data in multiple open formats, including CSV, KML, ESRI Shapefile, and GeoJSON. It also features specialized datasets like the 2025 Statewide Parcel Data and links to agency-specific data portals.",Data,False,False,2025-12-06T13:29:55.538Z,2025-12-06T13:32:40.149Z
cmjczhjt2000104l9oss1rn13,FoodTwin,foodtwin,https://geospatialcatalog.com/foodtwin,https://foodtwin.theplotline.org/,This tool visualizes global food production and calorie variance across various food categories.,"FoodTwin offers an interactive platform for exploring global food system data. It provides insights into calorie production variance for diverse food categories, including grains, vegetables, and meat, enabling users to understand regional differences and trends.",Data,False,False,2025-12-19T14:47:53.438Z,2025-12-19T14:48:34.833Z
cmiuc1rqi00mbw171o0k0mzfc,Forest Canopy Height in Mexican Ecosystems,forest-canopy-height-in-mexican-ecosystems,https://geospatialcatalog.com/forest-canopy-height-in-mexican-ecosystems,https://lila.science/datasets/forest-canopy-height-in-mexican-ecosystems,A dataset offering lidar and Landsat-derived forest canopy height and vegetation indices for Mexican ecosystems.,"This dataset combines airborne lidar and Landsat satellite data to map vegetation structure in Mexican ecosystems. It includes lidar-derived canopy height values and Landsat-derived vegetation indices for 499,925 sample points across 1,105 aerial images, enabling fine-resolution ecological restoration monitoring.",Data,False,False,2025-12-06T13:29:55.538Z,2025-12-06T13:31:54.098Z
cmiuc09jg00kpw171i8tq2hia,Forêt ouverte,foret-ouverte,https://geospatialcatalog.com/foret-ouverte,https://www.foretouverte.gouv.qc.ca/,Forêt ouverte is a portal for the dissemination of ecoforest data from the Government of Québec.,"Forêt ouverte serves as the official portal for accessing ecoforest data provided by the Government of Québec. It features an interactive map that enables users to explore a wide array of environmental and forestry information. The platform also offers various tools and resources, including a map catalog, search functionalities, and contact options for support.",Data|Tooling,False,False,2025-12-06T13:29:55.538Z,2025-12-06T13:30:42.880Z
cmjczuzek000004llidx0h5q9,Foursquare OS Places,foursquare-os-places,https://geospatialcatalog.com/foursquare-os-places,https://places.foursquare.com/,"Offers a global platform for location data, points of interest, and developer APIs to power various applications.","This portal provides access to Foursquare's extensive database of places, offering rich location intelligence for businesses. It includes detailed information on millions of points of interest, enabling developers to integrate powerful location-based functionalities into their products.",Data|Tooling,False,False,2025-12-19T14:58:20.296Z,2025-12-19T14:58:20.728Z
cmiuc28g000oww171rtnpipvh,Freshwater Ecoregions of the World,freshwater-ecoregions-of-the-world,https://geospatialcatalog.com/freshwater-ecoregions-of-the-world,https://www.feow.org/download,A global biogeographical regionalization of the Earth's freshwater biodiversity.,"The Freshwater Ecoregions of the World (FEOW) project provides a comprehensive global biogeographical regionalization of Earth's freshwater biodiversity. This resource offers various downloadable files, including GIS shapefiles, Google Earth KMLs, and informational documents, to facilitate research and conservation efforts. It serves as a crucial tool for understanding and mapping global freshwater ecosystems and their unique biodiversity patterns.",Data,False,False,2025-12-06T13:29:55.538Z,2025-12-06T13:32:15.555Z
cmiuc2a4h00pfw171tacs11ci,FWS Wetlands,fws-wetlands,https://geospatialcatalog.com/fws-wetlands,https://www.fws.gov/wetlands/,A comprehensive resource for U.S. wetland data and conservation information.,"The U.S. Fish and Wildlife Service (FWS) Wetlands program provides a central repository for geospatial data and information concerning wetland ecosystems across the United States. This vital resource supports critical conservation efforts, environmental planning, and scientific research. It offers accessible resources for understanding wetland status, trends, and values.",Data,False,False,2025-12-06T13:29:55.538Z,2025-12-06T13:32:19.013Z
cmiuc398a00x0w17198c8qy5h,G-Econ,g-econ,https://geospatialcatalog.com/g-econ,http://gecon.yale.edu/,A global geophysically based dataset on economic activity at a 1-degree resolution.,"The G-Econ research project develops a geophysically based global dataset on economic activity. It provides ""gross cell product"" (GCP) for all regions at a 1-degree longitude by 1-degree latitude resolution. The current dataset, GEcon 4.0, covers 1990, 1995, 2000, and 2005, offering 27,500 terrestrial observations.",Data,False,False,2025-12-06T13:29:55.538Z,2025-12-06T13:33:03.322Z
cmiuc2qkk00t1w171v7p4keaj,GADM,gadm,https://geospatialcatalog.com/gadm,http://gadm.org/,Provides global administrative area maps and spatial data for all countries and their sub-divisions.,"GADM offers comprehensive geospatial data and maps depicting the administrative divisions of every country worldwide. Users can browse these maps online or download the spatial data to integrate into their own GIS projects and applications. This resource serves as a valuable repository for researchers, mappers, and analysts requiring detailed global administrative boundaries.",Data,False,False,2025-12-06T13:29:55.538Z,2025-12-06T13:32:40.099Z
cmiuc2oiu00sqw17110pil48u,gagiohome,gagiohome,https://geospatialcatalog.com/gagiohome,https://data-hub.gio.georgia.gov/,"Discover, analyze, and download geospatial data for the state of Georgia.","This platform serves as a central hub for discovering, analyzing, and downloading geospatial data related to Georgia. Users can access data in various formats like CSV, KML, GeoJSON, GeoTIFF, and PNG, along with API links for GeoServices, WMS, and WFS. It also offers tools for data analysis through charts and thematic maps, and supports the creation of StoryMaps and Web Maps.",Data|Tooling,False,False,2025-12-06T13:29:55.538Z,2025-12-06T13:32:35.620Z
cmiuc04va00jjw171l4pqfene,GEBCO,gebco,https://geospatialcatalog.com/gebco,http://www.gebco.net/,"GEBCO provides the most authoritative, publicly available bathymetry data sets for the world's oceans.","The General Bathymetric Chart of the Oceans (GEBCO) is dedicated to providing the most authoritative, publicly available bathymetry data sets for the world's oceans. This initiative offers a comprehensive range of data products, including gridded bathymetry, undersea feature names, and web services, aiming to facilitate ocean exploration and understanding.",Data|Tooling,False,False,2025-12-06T13:29:55.538Z,2025-12-06T13:30:37.704Z
cmiubzjw400f3w171ag7yomsb,GEDI L4A Aboveground Biomass Density,gedi-l4a-aboveground-biomass-density,https://geospatialcatalog.com/gedi-l4a-aboveground-biomass-density,https://registry.opendata.aws/nasa-gedil4aagbdensityv212056/,A dataset providing global footprint-level aboveground biomass density and prediction standard error from NASA's GEDI mission.,"This dataset offers Global Ecosystem Dynamics Investigation (GEDI) Level 4A Version 2 predictions of aboveground biomass density (AGBD) in Mg/ha and associated standard error estimates. It is derived from lidar waveform relative height metrics, calibrated with field plot data. The data covers the global latitude band observed by the International Space Station (ISS), providing crucial information for ecosystem and land cover studies.",Data,False,False,2025-12-06T13:29:55.538Z,2025-12-06T13:30:10.625Z
cmiuc31wr00v6w171dbgau6b3,geezacoleman/OpenSourceAgriculture,geezacolemanopensourceagriculture,https://geospatialcatalog.com/geezacolemanopensourceagriculture,https://github.com/geezacoleman/OpenSourceAgriculture?tab=readme-ov-file,"Collating all open-source datasets, software tools and deployment platforms related to open-source agriculture.","This GitHub repository serves as a comprehensive collection point for open-source resources dedicated to agriculture. It aims to centralize access to datasets, software tools, and deployment platforms that support open-source agricultural practices and research. The initiative provides a valuable hub for developers, researchers, and practitioners in the agri-tech community.",Data|Open Source Software|Tooling,False,False,2025-12-06T13:29:55.538Z,2025-12-06T13:32:53.785Z
cmiuc0d5100lkw171176nst1a,geo-spatial.org Romania Vector Data,geo-spatialorg-romania-vector-data,https://geospatialcatalog.com/geo-spatialorg-romania-vector-data,https://geo-spatial.org/vechi/download/romania-seturi-vectoriale,"Provides general vector datasets for Romania, frequently updated and available in various formats and via web services.","This page offers general vector datasets for Romania, including administrative boundaries, state frontiers, and localities. Data is frequently updated and accessible in multiple formats like Shapefile, TopoJSON, FlatGeobuf, CSV, and KML. Users can also access the data via WMS/WFS web services or visualize it online through an Open Layers application.",Data,False,False,2025-12-06T13:29:55.538Z,2025-12-06T13:30:47.587Z
cmiuc2ksw00rtw171htlhve9m,geo.admin.ch,geoadminch,https://geospatialcatalog.com/geoadminch,https://www.geo.admin.ch/de,"The official geoportal of the Swiss Federal Administration, providing access to geolocated information, data, and services.","geo.admin.ch serves as the central platform for all geolocated information, data, and services managed by the Swiss Federal Administration. Public institutions make these resources available, ensuring public access via the internet. It acts as a comprehensive hub for national geospatial data.",Data,False,False,2025-12-06T13:29:55.538Z,2025-12-06T13:32:30.754Z
cmiuc32qp00vew171nia7mer9,geo2day,geo2day,https://geospatialcatalog.com/geo2day,https://geo2day.com/,Download free OpenStreetMap vector data extracts by region in various GIS formats.,"Geo2day provides free OpenStreetMap (OSM) vector data extracts, organized by continent and country. Users can download pre-processed GIS data in multiple formats like ESRI Shape, GeoPackage, Geodatabase, GeoJSON, PBF, CSV, and TAB. This independent project facilitates access to OSM data for various geospatial applications.",Data,False,False,2025-12-06T13:29:55.538Z,2025-12-06T13:32:53.900Z
cmiuc2d0z00q0w1713kj4ozfh,geoBoundaries,geoboundaries,https://geospatialcatalog.com/geoboundaries,https://www.geoboundaries.org/,An open database of political administrative boundaries.,"geoBoundaries is an online, open-license resource providing a global database of political administrative boundaries for every country. It tracks approximately 1 million boundaries across over 200 entities, making data available for visualization and download in common file formats. This platform is a collaborative effort by the community and William & Mary geoLab.",Data|Open Source Software,False,False,2025-12-06T13:29:55.538Z,2025-12-06T13:32:20.626Z
cmiuc2gr100qxw171typetlz1,Geocatmin,geocatmin,https://geospatialcatalog.com/geocatmin,http://geocatmin.ingemmet.gob.pe/geocatmin/index_en.html?idioma=EN,"Geocatmin is an agile geographic information system designed for interactive, easy-to-use data access and comprehension.","Geocatmin is an agile geographic information system that facilitates interactive and easy access to and comprehension of information. It provides comprehensive geological, mining, and energy data, primarily focusing on Peru but also including global information.",Data,False,False,2025-12-06T13:29:55.538Z,2025-12-06T13:32:25.485Z
cmiuc1rx000mew1711xdm79lw,GEODATA.gov.gr,geodatagovgr,https://geospatialcatalog.com/geodatagovgr,http://geodata.gov.gr/geodata/,"Open data, accessible to all!","GEODATA.gov.gr is the official open geospatial data portal for Greece, providing public access to a wide range of spatial datasets. This platform serves as a central hub for discoverable and downloadable geographic information from various Greek government agencies and organizations. It aims to foster transparency and enable data-driven initiatives across different sectors.",Data,False,False,2025-12-06T13:29:55.538Z,2025-12-06T13:31:55.320Z
cmiuc2hx300r7w171bdojgjy7,GeoData@Wisconsin,geodatawisconsin,https://geospatialcatalog.com/geodatawisconsin,https://geodata.wisc.edu/,GeoData@Wisconsin serves as a central access point for geospatial data related to the state of Wisconsin.,"GeoData@Wisconsin functions as a comprehensive online repository for geospatial data pertaining to the state of Wisconsin. Users can explore and download a wide variety of datasets, with options for bulk downloads and advanced search functionalities. The platform is a collaborative effort involving the University of Wisconsin and several partner organizations dedicated to geographic information.",Data|Tooling,False,False,2025-12-06T13:29:55.538Z,2025-12-06T13:32:29.106Z
cmiuc23xs00o8w171b0qtk4nz,GeoDiscover Alberta,geodiscover-alberta,https://geospatialcatalog.com/geodiscover-alberta,https://geodiscover.alberta.ca/geoportal/,A portal for enhanced details and access to Alberta's geospatial data.,"GeoDiscover Alberta serves as a comprehensive portal for accessing and exploring geospatial data specific to the province of Alberta. It offers tools for searching data, viewing PDF maps, and utilizing an interactive map viewer to combine government and user data. The platform aims to enhance understanding and use of Alberta's geographic information for various purposes.",Data|Tooling,False,False,2025-12-06T13:29:55.538Z,2025-12-06T13:32:10.900Z
cmiuc35n300w6w171fcj3g702,GeoDOT Open Data Portal,geodot-open-data-portal,https://geospatialcatalog.com/geodot-open-data-portal,https://geodot-massdot.hub.arcgis.com/pages/open-data-portal,GeoDOT's Open Data Portal provides access to a wide range of Massachusetts transportation and environmental datasets for spatial analysis.,This portal offers a comprehensive collection of open datasets from the Massachusetts Department of Transportation (MassDOT). Users can search for and download data in various formats suitable for spatial analysis and web integration. The portal organizes its extensive data into categories and highlights key layers for easy discovery and use.,Data|Tooling,False,False,2025-12-06T13:29:55.538Z,2025-12-06T13:32:58.637Z
cmiuc1w8g00njw171yefp0sg3,Geofabrik,geofabrik,https://geospatialcatalog.com/geofabrik,https://download.geofabrik.de/,"Download OpenStreetMap data extracts for self-hosting and data analysis, updated daily.","Geofabrik provides free, daily updated OpenStreetMap data extracts for various global regions. Users can download OSM PBF and Shapefiles for self-hosting or data analysis. The service explicitly excludes personal metadata from OSM objects due to EU data protection regulations.",Data,False,False,2025-12-06T13:29:55.538Z,2025-12-06T13:31:58.741Z
cmiubzjzj00f7w1719ocufs0z,Geographic Information Systems Stack Exchange,geographic-information-systems-stack-exchange,https://geospatialcatalog.com/geographic-information-systems-stack-exchange,http://gis.stackexchange.com,"Q&A for cartographers, geographers and GIS professionals","Geographic Information Systems Stack Exchange is a dedicated Q&A platform for professionals and enthusiasts in cartography, geography, and GIS. It serves as a community-driven resource where users can ask questions, share knowledge, and learn from peers about various aspects of geospatial technology and applications.",Data|Open Source Software|Tooling,False,False,2025-12-06T13:29:55.538Z,2025-12-06T13:30:10.637Z
cmiuc24t600oew171c0jqszev,Geographic Names Server,geographic-names-server,https://geospatialcatalog.com/geographic-names-server,https://geonames.nga.mil/geonames/GNSData/,"Provides complete, downloadable files of geographic names for geopolitical areas worldwide.","This service offers geographic names data in a tab-delimited text format, suitable for GIS, databases, and spreadsheets. Data is available as a single global dataset, broken out by feature classification, or by individual country files. It provides powerful capabilities for data analysis, manipulation, and display for end users.",Data,False,False,2025-12-06T13:29:55.538Z,2025-12-06T13:32:11.004Z
cmiuc2d3t00q4w171i3s9ms2c,GeoHub,geohub,https://geospatialcatalog.com/geohub,https://data.geospatialhub.org/,The Wyoming Geospatial Hub is the primary site for the discovery and delivery of publicly accessible geospatial data in the state of Wyoming.,"The Wyoming Geospatial Hub serves as the central platform for discovering and accessing publicly available geospatial data across the state of Wyoming. It offers a comprehensive collection of datasets categorized by themes such as administrative boundaries, agriculture, climate, ecology, and infrastructure. This hub is a crucial resource for government agencies, businesses, researchers, and the public seeking geographical information specific to Wyoming.",Data,False,False,2025-12-06T13:29:55.538Z,2025-12-06T13:32:20.701Z
cmiuc322100vbw17178iihceg,GEOIDEA.RO,geoidearo,https://geospatialcatalog.com/geoidearo,https://geoidea.ro/,A project improving the scientific basis for open geodata model adoption in Romania.,"GEOIDEA.RO (GEodata Openness Initative for Development and Economic Advancement in ROmania) is a collaborative project between ETH Zurich and the Technical University of Civil Engineering Bucharest. Launched in January 2013, it aims to enhance the scientific foundations for integrating open geodata models within Romania. The project is co-financed by a grant from Switzerland through the Swiss Contribution to the enlarged European Union.",Data|Tooling,False,False,2025-12-06T13:29:55.538Z,2025-12-06T13:32:53.871Z
cmiubzjx400f4w171v04iuksm,Geological Survey Ireland,geological-survey-ireland,https://geospatialcatalog.com/geological-survey-ireland,https://www.gsi.ie/en-ie/data-and-maps/Pages/default.aspx,Providing comprehensive geospatial datasets and online viewers for various geological themes in Ireland.,"Geological Survey Ireland offers a wide array of geospatial datasets and online map viewers covering diverse geological aspects like bedrock, geochemistry, groundwater, marine, and geohazards. Users can access data through online viewers, download zip files, and utilize web services. The data is provided under a Creative Commons Attribution 4.0 International license, requiring specific attribution.",Data,False,False,2025-12-06T13:29:55.538Z,2025-12-06T13:30:10.630Z
cmiuc2fw100qmw171ih1qdtam,GeoNet Aotearoa New Zealand Data,geonet-aotearoa-new-zealand-data,https://geospatialcatalog.com/geonet-aotearoa-new-zealand-data,https://registry.opendata.aws/geonet/,GeoNet provides essential geological hazard information for Aotearoa New Zealand.,"This dataset contains various data and products recorded by the GeoNet sensor network, crucial for monitoring natural hazards across New Zealand. It includes GNSS, coastal gauge, camera images, waveform, seismic, and time series data, all vital for geological hazard assessment.",Data,False,False,2025-12-06T13:29:55.538Z,2025-12-06T13:32:25.354Z
cmiuc1w9w00nkw171x5ryldz7,GeoNOVA,geonova,https://geospatialcatalog.com/geonova,https://geonova.novascotia.ca/geodata,Find spatial data collections available in Nova Scotia and create your own maps.,"This service provides access to spatial data collections for Nova Scotia, allowing users to create maps and understand how geographic information aids decision-making. It offers public access to provincial geodata as part of a commitment to improve information access and transparency.",Data,False,False,2025-12-06T13:29:55.538Z,2025-12-06T13:31:58.758Z
cmiuc2f4500qew171sfjjpwq2,Geoportaal van Overijssel,geoportaal-van-overijssel,https://geospatialcatalog.com/geoportaal-van-overijssel,http://www.geoportaaloverijssel.nl,"The official geospatial portal for the Province of Overijssel, offering access to maps, GIS files, and services.","This geoportal serves as a central hub for spatial data related to the Province of Overijssel in the Netherlands. It provides users with access to a wide range of maps (PDFs), spatial (GIS) files, and associated services, ensuring data and descriptions are regularly updated. Users can search, browse, view, and download current geospatial datasets directly from the platform.",Data,False,False,2025-12-06T13:29:55.538Z,2025-12-06T13:32:25.247Z
cmiuc38e500wqw1712hxlyiko,Geoportal ARSO,geoportal-arso,https://geospatialcatalog.com/geoportal-arso,http://gis.arso.gov.si/geoportal/catalog/main/home.page,The official Slovenian Environmental Agency geoportal providing access to environmental data and thematic maps.,"This geoportal serves as a central hub for accessing a wide range of environmental data and interactive maps from the Slovenian Environmental Agency (ARSO). It features updated resources, including an environmental atlas and specialized thematic maps for various monitoring efforts.

Users can explore data related to water quality, soil conditions, and other critical environmental parameters, often presented through interactive dashboards and story maps.",Data,False,False,2025-12-06T13:29:55.538Z,2025-12-06T13:33:03.195Z
cmiuc2bf100pkw171egwydpdm,Geoportal.de,geoportalde,https://geospatialcatalog.com/geoportalde,https://www.geoportal.de/,Germany's national geospatial portal for official geodata and interactive mapping tools.,"This official German government portal offers a centralized platform for discovering and utilizing geospatial information from various federal and state authorities. It provides interactive map views, diverse base layers, and advanced tools for data analysis and visualization. Users can explore a wide range of topics and integrate their own WMS services.",Data|Tooling,False,False,2025-12-06T13:29:55.538Z,2025-12-06T13:32:20.432Z
cmiubzkwj00fjw171ng0f7ke0,Geoportale MASE,geoportale-mase,https://geospatialcatalog.com/geoportale-mase,http://www.pcn.minambiente.it/GN/,National access point for environmental and territorial information in Italy.,"This national geoportale, managed by the Italian Ministry of Environment and Energy Security (MASE), serves as a central hub for geospatial environmental data. It offers tools for searching metadata, visualizing cartography, and building custom maps using OGC-compliant services.",Data|Tooling,False,False,2025-12-06T13:29:55.538Z,2025-12-06T13:30:10.788Z
cmiuc09n200kuw171qc40rhit,Georgia GIS Data Clearinghouse,georgia-gis-data-clearinghouse,https://geospatialcatalog.com/georgia-gis-data-clearinghouse,https://data.georgiaspatial.org/,A central repository for geospatial data pertaining to the state of Georgia.,"This platform serves as the official Georgia GIS Data Clearinghouse, providing a centralized access point for various geospatial datasets relevant to the state. Users are required to register for an account to access the comprehensive data search page and download available resources.",Data,False,False,2025-12-06T13:29:55.538Z,2025-12-06T13:30:42.900Z
cmiuc0d8100lnw17168bj34km,Georgia GIS Data Clearinghouse,georgia-gis-data-clearinghouse-1,https://geospatialcatalog.com/georgia-gis-data-clearinghouse-1,https://data.georgiaspatial.org/login.asp?CookieTest=2,Provides a central online repository for geospatial data specific to the state of Georgia.,"The Georgia GIS Data Clearinghouse serves as a crucial online portal for users seeking geographic information system data relevant to the state. It facilitates access to a wide array of datasets, supporting various applications and analyses across different sectors within Georgia.",Data,False,False,2025-12-06T13:29:55.538Z,2025-12-06T13:30:47.636Z
cmiycmr9e000104l4ldzy43xy,GeoSeer,geoseer,https://geospatialcatalog.com/geoseer,https://www.geoseer.net/,"The spatial data search engine for WMS, WFS, WCS, and WMTS datasets.","GeoSeer functions as a dedicated search engine for spatial web services. It enables users to discover over 3.5 million distinct spatial GIS datasets, including WMS, WFS, WCS, and WMTS, hosted across more than 400,000 live services globally. This tool provides advanced search capabilities, allowing users to find specific data by location, service type, or projection.",Data|Tooling,False,False,2025-12-09T09:58:37.663Z,2025-12-09T09:58:37.667Z
cmiuc20gg00nrw171hj9gber7,Get Information about Schools,get-information-about-schools,https://geospatialcatalog.com/get-information-about-schools,https://get-information-schools.service.gov.uk/,"Find, search, and download information about schools, establishment groups, and governance roles in England.","This service provides a centralized platform for accessing and searching public data related to educational establishments, groups, and governance within England. Users can find detailed information, search for specific entities, and download daily updated datasets for analysis. It serves as a key resource for understanding the structure and performance of the UK education system.",Data,False,False,2025-12-06T13:29:55.538Z,2025-12-06T13:32:06.501Z
cmiubztry00h1w171sqkpbutt,GIS and Digital Spatial Data Research Guide,gis-and-digital-spatial-data-research-guide,https://geospatialcatalog.com/gis-and-digital-spatial-data-research-guide,https://libguides.humboldt.edu/c.php?g=303789&p=2026238,A comprehensive guide to California-specific GIS data and spatial resources.,"This research guide provides a curated list of resources for geospatial data focusing on California. It includes links to state-level data portals, specific agency datasets, and university data repositories, serving as a central hub for researchers and the public to discover and access relevant spatial information.",Data,False,False,2025-12-06T13:29:55.538Z,2025-12-06T13:30:23.264Z
cmiubzjyd00f5w171ipde7pd0,GIS Program at NCAR,gis-program-at-ncar,https://geospatialcatalog.com/gis-program-at-ncar,http://gisclimatechange.ucar.edu/,Advancing actionable Earth system science with Geographic Information Systems and data visualization.,"The GIS Program at NCAR focuses on applying geospatial technologies to address critical Earth system science challenges, particularly those related to climate change. It develops and provides interactive data visualization tools that help users explore climate anomalies, variability, and future scenarios. This initiative aims to enhance the understanding and communication of complex environmental data.",Data|Tooling,False,False,2025-12-06T13:29:55.538Z,2025-12-06T13:30:10.635Z
cmiuc08ol00kew171nrb0jjwn,GISOost,gisoost,https://geospatialcatalog.com/gisoost,http://www.gisoost.be/home/download.php?MENU=DATA,"Access digital maps and geospatial data for various themes in Oost-Vlaanderen, Belgium.","GISOost provides a central hub for digital maps and geospatial data related to Oost-Vlaanderen, Belgium. Users can explore various themes through interactive geolokets or integrate data directly into their own GIS applications using provided web services. This platform supports diverse applications from environmental planning to mobility analysis.",Data|Tooling,False,False,2025-12-06T13:29:55.538Z,2025-12-06T13:30:42.730Z
cmixgrduq000004l2nwkvx0v2,GISsurfer,gissurfer,https://geospatialcatalog.com/gissurfer,https://gissurfer.com,An accessible online tool for exploring GIS data and creating custom interactive maps without specialized software.,"GISsurfer provides a public service for anyone to easily explore GIS data from various sources, including federal to local levels. It offers a wide array of basemaps, supports custom map link creation, and allows for the generation of georeferenced images. The platform is designed for intuitive use across both mobile and desktop devices.",Data|Tooling,False,False,2025-12-09T09:58:37.663Z,2025-12-09T09:58:37.667Z
cmiuc20ia00nxw171ydcral5o,GLCNMO Land Cover Data,glcnmo-land-cover-data,https://geospatialcatalog.com/glcnmo-land-cover-data,https://globalmaps.github.io/glcnmo.html,"Global Land Cover data in raster format, classifying the entire globe into 20 categories based on FAO's LCCS.","The Global Land Cover by National Mapping Organizations (GLCNMO) provides geospatial land cover information in raster format, classifying the entire globe into 20 categories based on FAO's LCCS. Developed through international collaboration, it offers three versions (2003, 2008, 2013) using MODIS data, allowing for comparisons and integration with other LCCS-based products.",Data,False,False,2025-12-06T13:29:55.538Z,2025-12-06T13:32:06.552Z
cmiuc1vcg00n6w171ksa1wobp,GLiM - Global Lithological Map,glim-global-lithological-map,https://geospatialcatalog.com/glim-global-lithological-map,https://www.geo.uni-hamburg.de/en/geologie/forschung/aquatische-geochemie/glim.html,A global dataset providing detailed lithological information for Earth's land surface.,"GLiM is a comprehensive global lithological map project developed by the University of Hamburg. This dataset offers detailed information on the composition of Earth's land surface, serving as a fundamental resource for various geological and environmental studies. It is primarily used for research in areas such as aquatic geochemistry and broader Earth sciences.",Data,False,False,2025-12-06T13:29:55.538Z,2025-12-06T13:31:58.612Z
cmiubzolk00fsw171zyj7zmkb,Global 1-km Consensus Land Cover,global-1-km-consensus-land-cover,https://geospatialcatalog.com/global-1-km-consensus-land-cover,http://www.earthenv.org/landcover,A global 1-km consensus land-cover product for biodiversity and ecosystem modeling.,"This resource provides global, remote-sensing supported environmental layers at 1-km resolution for assessing status and trends in biodiversity, ecosystems, and climate. It offers two versions of consensus land-cover datasets, integrating multiple satellite products.",Data,False,False,2025-12-06T13:29:55.538Z,2025-12-06T13:30:17.602Z
cmiuc2f3i00qcw1717c2vk4pc,Global 30m Height Above Nearest Drainage (HAND),global-30m-height-above-nearest-drainage-hand,https://geospatialcatalog.com/global-30m-height-above-nearest-drainage-hand,https://registry.opendata.aws/glo-30-hand/,A global 30m resolution terrain model providing height above nearest drainage for near-worldwide land coverage.,"The Global 30m Height Above Nearest Drainage (HAND) dataset offers near-worldwide land coverage at 30-meter resolution. It is a terrain model that normalizes topography to relative heights along drainage networks, indicating local drainage potentials. Produced from the Copernicus GLO-30 Public DEM, each pixel value represents the vertical distance to the nearest drainage.",Data,False,False,2025-12-06T13:29:55.538Z,2025-12-06T13:32:25.246Z
cmiuc0bmp00l8w171z28ftu2x,Global Forest Change,global-forest-change,https://geospatialcatalog.com/global-forest-change,http://earthenginepartners.appspot.com/science-2013-global-forest/download_v1.2.html,Download global forest extent and change data derived from Landsat images for 2000-2014.,"This resource provides access to version 1.2 of the Global Forest Change dataset, offering detailed information on forest extent and loss from 2000 through 2014. The data is derived from time-series analysis of Landsat imagery, with updates incorporating Landsat 8 OLI for more recent years. Users can download the dataset and are encouraged to register for updates.",Data,False,False,2025-12-06T13:29:55.538Z,2025-12-06T13:30:47.403Z
cmiuc0bmp00l7w171043enyrn,Global Lakes and Wetlands Database,global-lakes-and-wetlands-database,https://geospatialcatalog.com/global-lakes-and-wetlands-database,https://www.worldwildlife.org/pages/global-lakes-and-wetlands-database,"WWF and the Center for Environmental Systems Research, University of Kassel, Germany created the Global Lakes and Wetlands Database (GLWD).","The Global Lakes and Wetlands Database (GLWD) was developed by WWF and the Center for Environmental Systems Research, University of Kassel, Germany. This database provides comprehensive geospatial information on lakes and wetlands worldwide, crucial for environmental research and conservation efforts. It serves as a vital resource for understanding global aquatic ecosystems and their distribution.",Data,False,False,2025-12-06T13:29:55.538Z,2025-12-06T13:30:47.402Z
cmj5kp3jn000004lapp02nm39,Global Renewables Watch,global-renewables-watch,https://geospatialcatalog.com/global-renewables-watch,https://github.com/microsoft/global-renewables-watch,"A global, temporal dataset tracking solar and wind energy installations using satellite imagery and deep learning.","This initiative provides a comprehensive global dataset of commercial solar photovoltaic farms and onshore wind turbines. It utilizes deep learning models applied to high-resolution satellite imagery, analyzed quarterly from 2017 to 2024, to identify installations and estimate their construction dates and preceding land use.",Data|Open Source Software|Tooling,False,False,2025-12-14T10:20:43.237Z,2025-12-14T10:20:43.624Z
cmiubzsvu00gmw171rui78ylr,Global Seismic Hazard Map,global-seismic-hazard-map,https://geospatialcatalog.com/global-seismic-hazard-map,http://gmo.gfz-potsdam.de/,"Provides a global overview of seismic hazard, mapping data from the Global Seismic Hazard Program.","This website presents the Global Seismic Hazard Map, an initiative focused on assessing and visualizing earthquake risks worldwide. It compiles and displays data from the Global Seismic Hazard Program, offering insights into potential ground shaking due to seismic activity across various regions. The platform serves as a vital resource for understanding geological hazards.",Data,False,False,2025-12-06T13:29:55.538Z,2025-12-06T13:30:23.135Z
cmiubzc4c00dbw171quih957u,GlobCover Portal,globcover-portal,https://geospatialcatalog.com/globcover-portal,http://due.esrin.esa.int/page_globcover.php,Provides global land cover maps derived from ENVISAT MERIS sensor data for environmental monitoring.,"The GlobCover Portal offers global land cover maps and composites, a result of an ESA initiative with partners like JRC, EEA, and FAO. It utilizes observations from the 300m MERIS sensor on board the ENVISAT satellite mission to deliver land cover products for specific periods, including 2004-2006 and 2009.",Data,False,False,2025-12-06T13:29:55.538Z,2025-12-06T13:30:00.449Z
cmiubzphk00g0w171y2a54cy1,GloVis,glovis,https://geospatialcatalog.com/glovis,https://glovis.usgs.gov/,"Query and order satellite images, aerial photographs, and cartographic products through the U.S. Geological Survey.","GloVis is the USGS Global Visualization Viewer, providing access to remote sensing data since 2001. Redesigned in 2017, this platform allows users to instantly view and download scenes of satellite imagery and aerial photographs. It offers tools for filtering results, viewing multiple scenes over time, and customizing the user experience.",Data|Tooling,False,False,2025-12-06T13:29:55.538Z,2025-12-06T13:30:17.748Z
cmiuc2ri700tfw171g7tul6ym,GMRT,gmrt,https://geospatialcatalog.com/gmrt,http://www.marine-geo.org/portals/gmrt/,"Global Multi-Resolution Topography Data Synthesis provides a continually updated, harmonized global elevation dataset.","The Global Multi-Resolution Topography (GMRT) synthesis is a unique and continually updated global elevation dataset. It integrates and harmonizes cleaned multibeam sonar data from oceans worldwide, rigorously reviewed and processed by the GMRT Team. This foundational resource offers seamless access to high-quality elevation data for ocean and terrestrial geoscientific research.",Data,False,False,2025-12-06T13:29:55.538Z,2025-12-06T13:32:40.276Z
cmiuc1ugx00myw171xj5khfe6,GOES Imagery Viewer,goes-imagery-viewer,https://geospatialcatalog.com/goes-imagery-viewer,https://www.star.nesdis.noaa.gov/goes/,Explore real-time and archived imagery from NOAA's GOES-East and GOES-West satellites.,"This platform provides a comprehensive viewer for Geostationary Operational Environmental Satellite (GOES) imagery, offering various channels and RGB composites. Users can access data for regions like the Continental U.S. (CONUS) to monitor weather phenomena and environmental conditions. The site supports real-time updates and historical data viewing for meteorological and climate applications.",Data|Tooling,False,False,2025-12-06T13:29:55.538Z,2025-12-06T13:31:58.500Z
cmj1aka0s000004l5n6yv3rxo,Google Maps Scraper,google-maps-scraper,https://geospatialcatalog.com/google-maps-scraper,https://apify.com/compass/crawler-google-places,"This tool extracts comprehensive business data from Google Maps for lead generation, competitor analysis, and market research.","The Google Maps Scraper extracts detailed business information from Google Maps, including addresses, contact details, reviews, and pricing. It supports lead generation, competitor tracking, and market analysis by providing structured data for thousands of locations. Users can export data, integrate with other tools, and automate research workflows.",Companies|Data|Tooling,False,False,2025-12-14T08:31:32.929Z,2025-12-14T08:31:32.936Z
cmiuc34rn00vrw171wf8uwahh,Google Satellite Embedding V1,google-satellite-embedding-v1,https://geospatialcatalog.com/google-satellite-embedding-v1,https://registry.opendata.aws/aef-source/,"A comprehensive dataset of annual satellite embeddings, provided as Cloud-Optimized GeoTIFF (COG) files.","This dataset offers annual satellite embeddings for the years 2018 to 2024, inclusive. Produced by Google and Google DeepMind, it provides valuable earth observation data in an easily accessible format. It is ideal for machine learning applications and environmental analysis.",Data,False,False,2025-12-06T13:29:55.538Z,2025-12-06T13:32:58.490Z
cmiuc1qvc00m0w171kwha4e7u,Great Lakes Bathymetry,great-lakes-bathymetry,https://geospatialcatalog.com/great-lakes-bathymetry,http://www.ngdc.noaa.gov/mgg/greatlakes/greatlakes.html,A collection of Great Lakes bathymetry and topographic maps compiled from over a century of soundings.,"This collection compiles over a century of lake floor geological and geophysical data for public use. It includes bathymetry and detailed topographic maps for each Great Lake, derived from soundings collected by various U.S. and Canadian organizations. The data serves as a vital resource for researchers and communities addressing Great Lakes science, pollution, and ecosystem health.",Data,False,False,2025-12-06T13:29:55.538Z,2025-12-06T13:31:53.919Z
cmiubzwsd00hlw171xpdxv4q7,gridMET,gridmet,https://geospatialcatalog.com/gridmet,https://www.climatologylab.org/gridmet.html,A high-spatial resolution dataset of daily surface meteorological data for the contiguous US and southern British Columbia.,"gridMET is a high-spatial resolution (~4-km) dataset providing daily surface meteorological data across the contiguous US from 1979-yesterday, with real-time extensions to southern British Columbia. It offers critical inputs for ecological, agricultural, and hydrological models, updated daily. The dataset includes primary climate variables and derived products like reference evapotranspiration and drought indices.",Data,False,False,2025-12-06T13:29:55.538Z,2025-12-06T13:30:28.189Z
cmiubzg8l00ecw171sz9fsjdr,Guam CMSP Data Portal,guam-cmsp-data-portal,https://geospatialcatalog.com/guam-cmsp-data-portal,https://www.oc.nps.edu/CMSP/Guam/index.html,A comprehensive GIS data portal providing geospatial information for Guam's Coastal and Marine Spatial Planning.,"This portal offers a centralized access point for various GIS datasets pertaining to Guam's coastal and marine environment. Users can view data screenshots, examine detailed metadata, and directly download datasets, supporting Coastal and Marine Spatial Planning (CMSP) initiatives. It also features interactive mapping interfaces for select data layers.",Data,False,False,2025-12-06T13:29:55.538Z,2025-12-06T13:30:05.706Z
cmiubzwr700hhw17198524kxk,GéoGratis,geogratis,https://geospatialcatalog.com/geogratis,http://www.geogratis.gc.ca/,"Search, discover, and download free maps, data, imagery, and publications from Canada.","GéoGratis is a platform provided by Natural Resources Canada, offering public access to a wide range of geospatial information. Users can explore and acquire various free geographic products including maps, satellite imagery, and cartographic data for diverse applications. It serves as a central repository for Canadian geospatial resources.",Data,False,False,2025-12-06T13:29:55.538Z,2025-12-06T13:30:28.182Z
cmiuc3a2500xaw1710ep5dm3w,Halifax Regional Municipality,halifax-regional-municipality,https://geospatialcatalog.com/halifax-regional-municipality,https://catalogue-hrm.opendata.arcgis.com/,Halifax Regional Municipality provides public access to its open geospatial data and analytics.,The Halifax Regional Municipality Open Data portal offers public access to a wide range of geospatial data. It is committed to improving citizen engagement and transparency by providing data free of charge in machine-readable formats. Users can explore various categories and access recently released and updated datasets.,Data,False,False,2025-12-06T13:29:55.538Z,2025-12-06T13:33:03.439Z
cmiuc23xs00o9w171tba4o08m,Harmonized world soil database v1.2,harmonized-world-soil-database-v12,https://geospatialcatalog.com/harmonized-world-soil-database-v12,https://www.fao.org/soils-portal/data-hub/soil-maps-and-databases/harmonized-world-soil-database-v12/en/,A comprehensive global soil database providing harmonized soil information for diverse applications.,"The Harmonized World Soil Database (HWSD) v1.2 is a 30 arc-second raster database developed through a collaboration between FAO and IIASA. It integrates existing regional and national soil information with the FAO-UNESCO Soil Map of the World, offering consistent soil data on a global scale. This resource is vital for environmental modeling and agricultural planning.",Data,False,False,2025-12-06T13:29:55.538Z,2025-12-06T13:32:10.915Z
cmiuc2kvc00ryw171xafoq6ri,Harris Central Appraisal District,harris-central-appraisal-district,https://geospatialcatalog.com/harris-central-appraisal-district,http://pdata.hcad.org/GIS/,"Provides property appraisal, tax information, and geospatial data for Harris County, Texas.","The Harris Central Appraisal District offers a comprehensive platform for property search, appraisal data, and tax information within Harris County, Texas. It provides access to various online services, including interactive maps and public data resources.",Data|Tooling,False,False,2025-12-06T13:29:55.538Z,2025-12-06T13:32:30.790Z
cmiuc1t9i00mrw171pph89knp,Harvard Dataverse,harvard-dataverse,https://geospatialcatalog.com/harvard-dataverse,https://dataverse.harvard.edu/,Access to this research data repository is currently restricted.,"This Harvard Dataverse instance is a platform for sharing research data, but access to the requested page is currently forbidden. It typically hosts a wide range of datasets for academic and research purposes across various disciplines.",Data,False,False,2025-12-06T13:29:55.538Z,2025-12-06T13:31:56.983Z
cmiuc374q00wiw171dp7d5tfg,Hawaii Statewide GIS Program,hawaii-statewide-gis-program,https://geospatialcatalog.com/hawaii-statewide-gis-program,https://geoportal.hawaii.gov/,The Hawaii Statewide GIS Program offers an open data site for geospatial information.,"This geoportal serves as the official open data site for the Hawaii Statewide GIS Program, providing centralized access to a diverse collection of geospatial datasets for the state. It allows users to explore, visualize, and download data related to various aspects of Hawaii's environment, infrastructure, and demographics.",Data,False,False,2025-12-06T13:29:55.538Z,2025-12-06T13:32:58.821Z
cmiuc07wh00k4w171myo5v1eh,HELCOM Map and Data Service,helcom-map-and-data-service,https://geospatialcatalog.com/helcom-map-and-data-service,http://maps.helcom.fi/website/mapservice/index.html,An online platform offering open access to geographic and environmental data for the Baltic Sea region.,"The HELCOM Map and data service (HELCOM MADS) provides open access to a wide range of geographic and environmental data for the Baltic Sea. Users can view datasets on bathymetry, biodiversity, marine protected areas, shipping traffic, and more as interactive map layers. It serves as a central hub for environmental information in the region.",Data|Tooling,False,False,2025-12-06T13:29:55.538Z,2025-12-06T13:30:42.622Z
cmiubzxmu00hvw171xp1shp4g,Helsinki Region Infoshare,helsinki-region-infoshare,https://geospatialcatalog.com/helsinki-region-infoshare,http://www.hri.fi/fi/,A service providing open data and applications for the Helsinki metropolitan area.,"Helsinki Region Infoshare (HRI) is a collaborative platform offering open data from the Helsinki metropolitan area. It serves as a central hub for various datasets, news, and user-developed applications related to urban development, environment, and traffic. The platform aims to make public data accessible and usable for developers, researchers, and citizens.",Data|Tooling,False,False,2025-12-06T13:29:55.538Z,2025-12-06T13:30:28.306Z
cmkmdp4pa000104ky1llot9aq,HighMountainAsia,highmountainasia,https://geospatialcatalog.com/highmountainasia,https://nsidc.org/data/highmountainasia,This collection provides remote sensing data and tools for monitoring snow and ice changes across the High Mountain Asia region.,"The NSIDC DAAC High Mountain Asia (HMA) collection offers comprehensive data on snow and ice dynamics across five major mountain ranges, including the Himalaya and Hindu Kush. It integrates historical and modern remote sensing techniques to monitor glacial changes, water resources, and related hazards. The Glacier and Snow Melt Toolbox (GMELT) provides various remote sensing products and models for assessing environmental shifts.",Data|Tooling,False,False,2026-01-20T09:15:37.297Z,2026-01-20T09:15:37.299Z
cmiuc2fyl00qnw171azzxqr9w,Historical Hurricane Tracks,historical-hurricane-tracks,https://geospatialcatalog.com/historical-hurricane-tracks,http://coast.noaa.gov/hurricanes/,"Explore and analyze over 13,000 historical hurricane tracks and detailed storm information from NOAA.","This comprehensive NOAA resource provides access to historical hurricane tracks, offering detailed data on over 13,000 storms. Users can search by location, storm name, year, or ocean basin and filter results by storm category, pressure, and date range. It serves as a valuable tool for researching past hurricane events and their impacts.",Data|Tooling,False,False,2025-12-06T13:29:55.538Z,2025-12-06T13:32:25.356Z
cmiuc08vl00knw171em61p7qa,historical-basemaps,historical-basemaps,https://geospatialcatalog.com/historical-basemaps,https://github.com/aourednik/historical-basemaps,A collection of georeferenced historical boundaries for world countries and cultural regions.,"This open-source project provides ready-to-use basemaps for mapping historical data on global or continental scales. The datasets consist of georeferenced boundaries of past political entities, primarily for academic and research applications. Users are encouraged to verify the data against other sources due to its work-in-progress nature.",Data|Open Source Software|Tooling,False,False,2025-12-06T13:29:55.538Z,2025-12-06T13:30:42.792Z
cmiuc0dem00lsw17149x94pnf,Humanitarian Data Exchange,humanitarian-data-exchange,https://geospatialcatalog.com/humanitarian-data-exchange,https://data.humdata.org/,"A platform for sharing humanitarian data worldwide, supporting effective crisis response.","The Humanitarian Data Exchange (HDX) is an open data platform managed by OCHA that aims to make humanitarian data easy to find and use. It provides a central location for data related to humanitarian crises, allowing users to access datasets on various topics from different organizations for informed decision-making.",Data,False,False,2025-12-06T13:29:55.538Z,2025-12-06T17:53:28.100Z
cmiuc04tw00jiw171ol1ccdj8,HydroSHEDS,hydrosheds,https://geospatialcatalog.com/hydrosheds,https://www.hydrosheds.org/,"Seamless hydrographic data for global and regional applications, freely available in standard GIS formats.","The HydroSHEDS database offers a suite of freely available global digital data layers supporting hydro-ecological research and applications worldwide. Its hydrographic data products encompass catchment boundaries, river networks, and lakes at multiple resolutions and scales, forming a geospatial framework for diverse assessments.",Data,False,False,2025-12-06T13:29:55.538Z,2025-12-06T13:30:37.702Z
cmiuc1w7e00nhw1714tyv5pxk,IBGE,ibge,https://geospatialcatalog.com/ibge,https://www.ibge.gov.br/en/home-eng.html,"Official Brazilian institute for geographical, cartographical, geodetic, and statistical information.","The Brazilian Institute of Geography and Statistics (IBGE) is the primary provider of statistical, geographical, cartographical, and environmental information in Brazil. It conducts censuses and surveys, offering a vast array of data crucial for public planning, government, and academic research. The institute's work covers demographics, economy, natural resources, and socio-economic indicators across the national territory.",Data,False,False,2025-12-06T13:29:55.538Z,2025-12-06T13:31:58.733Z
cmiubzolg00fpw171cp77ye79,Idaho DEQ GIS Open Data,idaho-deq-gis-open-data,https://geospatialcatalog.com/idaho-deq-gis-open-data,https://opengisdata-idahodeq.opendata.arcgis.com/,A central hub for Idaho Department of Environmental Quality's GIS open data and mapping applications.,"This platform serves as the Idaho Department of Environmental Quality's (DEQ) GIS Open Data HUB, providing public access to a wide range of environmental geographic information. It features data and applications focused on protecting human health and the quality of Idaho’s air, land, and water.",Data,False,False,2025-12-06T13:29:55.538Z,2025-12-06T13:30:17.593Z
cmiuc1rxe00mfw1718vah9ttj,IEM,iem,https://geospatialcatalog.com/iem,https://mesonet.agron.iastate.edu/GIS/,Iowa State University's Iowa Environmental Mesonet provides GIS resources for spatially referenced environmental data.,"The Iowa Environmental Mesonet (IEM) offers a comprehensive GIS Mainpage from Iowa State University. It provides tools, documentation, and web applications for integrating and manipulating spatially referenced environmental datasets. This platform serves as a central hub for GIS-related information and resources pertaining to IEM data.",Data|Tooling,False,False,2025-12-06T13:29:55.538Z,2025-12-09T10:51:32.382Z
cmiuc2kpk00rsw171rwjrtlmx,IFMHA,ifmha,https://geospatialcatalog.com/ifmha,https://github.com/smhassanerfani/ifmha,A comprehensive dataset of fluvial hydraulic and geometry attributes from USGS streamflow measurements across the US.,"IFMHA is a large dataset containing over 2.8 million field measurements of fluvial hydraulic and geometry attributes. Collected from 10,050 USGS gage sites across the United States, the data spans from 1845 to 2022 and extends the HYDRoSWOT dataset with additional attributes from NHDPlusV21.",Data,False,False,2025-12-06T13:29:55.538Z,2025-12-06T13:32:30.752Z
cmiuc042s00jfw171vz38ga3g,Illinois Department of Transportation,illinois-department-of-transportation,https://geospatialcatalog.com/illinois-department-of-transportation,https://gis-idot.opendata.arcgis.com/,"Discover, analyze, and download geospatial data from the Illinois Department of Transportation.","This platform provides access to geospatial data from the Illinois Department of Transportation. Users can discover, analyze, and download data in various formats like CSV, KML, GeoJSON, and GeoTIFF, and utilize API links for GeoServices, WMS, and WFS. It also supports building and exploring applications, charts, and thematic maps.",Data|Tooling,False,False,2025-12-06T13:29:55.538Z,2025-12-06T13:30:37.617Z
cmiuc27ha00osw171xlwnm88k,Illinois State Geological Survey Clearinghouse,illinois-state-geological-survey-clearinghouse,https://geospatialcatalog.com/illinois-state-geological-survey-clearinghouse,https://clearinghouse.isgs.illinois.edu/data,"A data clearinghouse providing access to geospatial data for Illinois, covering climate, coastal, and more.","This website serves as a data clearinghouse for the Illinois State Geological Survey (ISGS). It offers a wide array of geospatial datasets, focusing on environmental and geological topics specific to Illinois. Users can find data related to climate, coastal areas, hydrology, and various other earth science domains.",Data,False,False,2025-12-06T13:29:55.538Z,2025-12-06T13:32:15.428Z
cmiuc3cya00xyw171px05v488,Indiana Geographic Information Office,indiana-geographic-information-office,https://geospatialcatalog.com/indiana-geographic-information-office,https://www.in.gov/gis/,Facilitating GIS collaboration and promoting geospatial information use across Indiana.,"The Indiana Geographic Information Office (IGIO) is a government entity responsible for governing GIS activities and fostering a cooperative geospatial community within the state. It works in conjunction with the Indiana Geographic Information Council, a non-profit organization, to advance GIS projects and initiatives that benefit Hoosiers.",Data,False,False,2025-12-07T15:34:29.422Z,2025-12-07T15:34:29.837Z
cmiuc2f5700qiw1714xfjq5cj,Indiana Spatial Data Portal,indiana-spatial-data-portal,https://geospatialcatalog.com/indiana-spatial-data-portal,https://gis.iu.edu/,"Provides public access to Indiana geospatial data, including orthophotos and lidar imagery, with no use restrictions.","The Indiana Spatial Data Portal (ISDP) offers public access to a wide range of Indiana geospatial data, supported by Indiana University's high-performance infrastructure. It archives and provides web access to imagery from state and local government initiatives, including statewide orthophotos and lidar imagery managed by the Indiana Geographic Information Office. All datasets are available for download without use restrictions.",Data,False,False,2025-12-06T13:29:55.538Z,2025-12-06T13:32:25.281Z
cmiuc1qvc00m1w1714zahvf6i,Indiana Statewide Digital Aerial Imagery Catalog,indiana-statewide-digital-aerial-imagery-catalog,https://geospatialcatalog.com/indiana-statewide-digital-aerial-imagery-catalog,https://registry.opendata.aws/in-imagery/,"A comprehensive catalog of Indiana's statewide digital aerial imagery, available in various formats including Cloud Optimized GeoTIFFs.","This catalog provides access to the State of Indiana's digital orthophotography, managed by the Indiana Geographic Information Office and IOT Office of Technology. Imagery dates back to 2005 and is available in formats like Cloud Optimized GeoTIFF (COG), original GeoTIFF, ECW, and MrSID. The datasets are organized into a statewide tile grid scheme, with collections updated on a 4-year cycle and licensed under Creative Commons 0 (CC0).",Data,False,False,2025-12-06T13:29:55.538Z,2025-12-06T13:31:53.986Z
cmiuc2cav00pww171z4na2u3o,IndianaMap,indianamap,https://geospatialcatalog.com/indianamap,https://www.indianamap.org/,"IndianaMap centralizes various GIS data for the state of Indiana, serving as its geospatial open data portal.","IndianaMap is the official geospatial open data portal for the state of Indiana, providing centralized access to a wide range of GIS data. Users can explore data through the IndianaMap Viewer, custom map applications, or download datasets directly from the Hub. The platform aims to make Indiana's geospatial information readily available for various applications and analyses.",Data|Tooling,False,False,2025-12-06T13:29:55.538Z,2025-12-06T13:32:20.565Z
cmiuc2cbo00pxw171bpvl9vfb,International Permafrost Association,international-permafrost-association,https://geospatialcatalog.com/international-permafrost-association,https://www.permafrost.org/data/,"Global hub for permafrost research, data, and scientific collaboration.","The International Permafrost Association (IPA) serves as a leading international organization dedicated to fostering permafrost research and disseminating critical information. It provides a centralized platform for accessing diverse data resources, publications, and educational materials related to permafrost science.",Data,False,False,2025-12-06T13:29:55.538Z,2025-12-06T13:32:20.568Z
cmiuc36ey00w9w171z3mo5h6b,io-biodiversity,biodiversity-intactness,https://geospatialcatalog.com/biodiversity-intactness,https://planetarycomputer.microsoft.com/dataset/io-biodiversity,"This dataset provides comprehensive biodiversity information, accessible through the Microsoft Planetary Computer for environmental analysis.","The io-biodiversity dataset offers a rich collection of geospatial data focused on biodiversity. Hosted on the Microsoft Planetary Computer, it facilitates large-scale environmental research and conservation efforts by providing readily available and analysis-ready data.",Data,False,False,2025-12-07T14:27:50.959Z,2025-12-07T14:28:57.943Z
cmiuc2ugf00u1w17105ant9vh,Iowa DOT Open Data,iowa-dot-open-data,https://geospatialcatalog.com/iowa-dot-open-data,https://data.iowadot.gov/,The Iowa Department of Transportation's public platform for exploring and downloading open geospatial data.,"This site serves as the Iowa Department of Transportation's public platform, offering easy access to explore and download open geospatial data. It provides critical information on managing the state’s transportation infrastructure, aiming to improve public experience and maximize system performance.",Data,False,False,2025-12-06T13:29:55.538Z,2025-12-06T13:32:45.126Z
cmiuc1ugy00mzw171797d6cla,Iowa Geospatial Data Clearinghouse,iowa-geospatial-data-clearinghouse,https://geospatialcatalog.com/iowa-geospatial-data-clearinghouse,https://geodata.iowa.gov/,State of Iowa Geospatial Data Clearinghouse providing framework data access and curated services.,"The Iowa Geospatial Data Clearinghouse offers public geospatial data, tools, and resources from the State of Iowa and its partners. It provides access to foundational data and curated services, supporting statewide data initiatives and information sharing.",Data,False,False,2025-12-06T13:29:55.538Z,2025-12-06T13:31:58.499Z
cmiubzz7800ibw1716eznurwr,IPUMS NHGIS,ipums-nhgis,https://geospatialcatalog.com/ipums-nhgis,https://www.nhgis.org/,Provides U.S. census and other historical geographic data for research and analysis.,"The National Historical Geographic Information System (NHGIS) offers a vast collection of U.S. census data and boundary files from 1790 to the present. It enables researchers to track social, economic, and environmental change over time through consistent geographic units.",Data,False,False,2025-12-06T13:29:55.538Z,2025-12-06T13:30:28.513Z
cmiubzh5000epw17170p8nx14,Istat,istat,https://geospatialcatalog.com/istat,http://www.istat.it/it/archivio/104317,Official definitive territorial bases and census variables for Italy.,This resource from Istat (Italian National Institute of Statistics) provides definitive territorial bases and census variables for 2021. It offers essential geospatial and statistical data for various analytical purposes.,Data,False,False,2025-12-06T13:29:55.538Z,2025-12-06T13:30:08.045Z
cmivp2q7z000004ky64yyrq31,ISW Map Room,isw-map-room,https://geospatialcatalog.com/isw-map-room,https://understandingwar.org/analysis/map-room,Provides a vast collection of open-source conflict maps for detailed analysis of global conflicts.,"The ISW Map Room offers an extensive collection of interactive and static maps, providing in-depth visual analysis of global conflicts. Users can explore maps by team, region, map series, and product line, facilitating detailed research into ongoing geopolitical events.","Blogs, Newsletters, and Podcasts|Data",False,False,2025-12-07T12:26:50.559Z,2025-12-07T12:26:50.791Z
cmiuc35lp00w2w171b230plul,IUCN Red List,iucn-red-list,https://geospatialcatalog.com/iucn-red-list,https://www.iucnredlist.org/resources/spatial-data-download,Access global spatial data and distribution maps for threatened species and taxonomic groups.,"The IUCN Red List provides spatial data for over 152,300 species, representing 88% of its global assessments. These datasets include distribution maps for comprehensively assessed taxonomic groups and selected freshwater species, offering crucial information on species' conservation status.",Data,False,False,2025-12-06T13:29:55.538Z,2025-12-06T13:32:58.620Z
cmjcyb5ir000004l9ynnu8u2g,"Japan Prefectures, 3D Point Cloud Data",japan-prefectures-3d-point-cloud-data,https://geospatialcatalog.com/japan-prefectures-3d-point-cloud-data,https://registry.opendata.aws/japan_pointcloud/,This dataset offers high-precision 3D point cloud data covering all prefectures across Japan.,"This dataset provides high-precision 3D point cloud data for all prefectures throughout Japan. It is generated from aerial laser surveys, airborne laser bathymetry, and mobile mapping systems, intended for infrastructure maintenance, disaster prevention, and autonomous vehicle applications.",Data,False,False,2025-12-19T14:14:55.435Z,2025-12-19T14:14:55.920Z
cmiuc2kuv00rww171pah5a5pj,JAXA Land Surface Temperature,jaxa-land-surface-temperature,https://geospatialcatalog.com/jaxa-land-surface-temperature,https://earth.jaxa.jp/en/data/products/land-surface-temperature/index.html,JAXA provides land surface temperature data from the Global Change Observation Mission - Climate “SHIKISAI” satellite.,"This JAXA Earth-graphy page offers access to land surface temperature data collected by the Global Change Observation Mission - Climate ""SHIKISAI"" satellite. The data is made available for various applications, contributing to climate research and environmental monitoring.",Data,False,False,2025-12-06T13:29:55.538Z,2025-12-06T13:32:30.770Z
cmiuc1w8g00niw171m1qm2yhw,Jing Wei,jing-wei,https://geospatialcatalog.com/jing-wei,https://weijing-rs.github.io/product.html,"Provides high-resolution, long-term global and China-specific datasets for ground-level air pollutants using artificial intelligence.","This website offers the GlobalHighAirPollutants (GHAP) and ChinaHighAirPollutants (CHAP) datasets, featuring long-term, full-coverage, and high-resolution data for various air pollutants. These datasets are generated using advanced artificial intelligence techniques on big data, considering the spatiotemporal heterogeneity of air pollution.",Data,False,False,2025-12-06T13:29:55.538Z,2025-12-06T13:31:58.737Z
cmiuc3ctp00xqw171e68ued9u,Kansas Geoportal,kansas-geoportal,https://geospatialcatalog.com/kansas-geoportal,https://hub.kansasgis.org/,The Kansas Geoportal Hub for sharing geospatial data across state departments.,"This platform serves as a central hub for sharing a wide array of geospatial data across various state departments in Kansas. It provides a comprehensive GIS Data Catalog, allowing users to explore and access diverse datasets. The geoportal aims to facilitate data discovery and utilization for state-level initiatives and public access.",Data,False,False,2025-12-06T13:29:55.538Z,2025-12-06T13:33:07.969Z
cmj1bfet9000004if64ujekiu,Kansas Historical Society Maps,kansas-map-holdings,https://geospatialcatalog.com/kansas-map-holdings,https://www.kansashistory.gov/p/maps/13861,"This collection offers extensive historical maps, atlases, and architectural drawings detailing Kansas, the Great Plains, and global regions.","The Kansas Historical Society maintains a significant collection of over 25,000 maps, atlases, and architectural drawings. These resources illustrate changes in terrain, infrastructure, property, and boundaries across Kansas, the United States, and the world, with particular strength in 19th-century Kansas.",Data,False,False,2025-12-14T08:31:32.929Z,2025-12-14T08:31:32.936Z
cmiubzj4v00etw17166qy8ygd,Kartat.kapsi.fi,kartatkapsifi,https://geospatialcatalog.com/kartatkapsifi,http://kartat.kapsi.fi/,A download service for open map data from the National Land Survey of Finland.,"This service provides open geospatial datasets from the National Land Survey of Finland, including base maps, background maps, orthophotos, and control point registers. Users can download various data types via HTTP, FTP, and rsync, supporting access to essential Finnish geographic information.",Data,False,False,2025-12-06T13:29:55.538Z,2025-12-06T13:30:10.507Z
cmiuc023x00j4w171cihxsvyw,KITTI Vision Benchmark Suite,kitti-vision-benchmark-suite,https://geospatialcatalog.com/kitti-vision-benchmark-suite,https://www.cvlibs.net/datasets/kitti/,Provides real-world computer vision benchmarks and datasets for autonomous driving research.,"The KITTI Vision Benchmark Suite offers challenging real-world datasets for computer vision tasks in autonomous driving. Data is collected using a research vehicle equipped with high-resolution cameras, a Velodyne laser scanner, and a GPS system in various environments around Karlsruhe, Germany. It provides benchmarks for tasks like stereo, optical flow, visual odometry, 3D object detection, and 3D tracking.",Data,False,False,2025-12-06T13:29:55.538Z,2025-12-06T13:30:33.092Z
cmiuc2d3r00q2w17125s2ckpp,Knowledge Hub for Water,knowledge-hub-for-water,https://geospatialcatalog.com/knowledge-hub-for-water,http://water.jrc.ec.europa.eu/,Providing scientific evidence and data tools to support EU water policy and its integration with sectoral policies.,"This hub offers scientific evidence and data tools developed through Joint Research Centre (JRC) projects. Its primary goal is to support European Union water policy, integrating it with related sectors like agriculture, energy, and climate. The focus is on environmental and health protection, aligning with EU Green Deal strategies.",Data|Tooling,False,False,2025-12-06T13:29:55.538Z,2025-12-06T13:32:20.697Z
cmiuc052900jrw171ullmrsos,KyFromAbove on AWS,kyfromabove-on-aws,https://geospatialcatalog.com/kyfromabove-on-aws,https://registry.opendata.aws/kyfromabove/,"Provides public domain aerial imagery and LiDAR data for Kentucky, hosted on AWS.","The KyFromAbove initiative offers a current basemap for Kentucky, including leaf-off aerial photography and LiDAR data. This resource supports state, federal, local, and regional users by providing open data to reduce GIS application development costs and promote data sharing. All data is made publicly available.",Data,False,False,2025-12-06T13:29:55.538Z,2025-12-06T13:30:37.750Z
cmiuc0blh00l1w171sjxjol6o,KyGovMaps Open Data Portal,kygovmaps-open-data-portal,https://geospatialcatalog.com/kygovmaps-open-data-portal,https://opengisdata.ky.gov/,"Explore, access, and download Kentucky-specific GIS data and discover mapping applications.","The KyGovMaps Open Data Portal provides a centralized hub for Kentucky-specific GIS data. Users can explore, access, and download various datasets, analyze them with maps, and discover web mapping applications. It also offers direct access to mapping services via REST endpoints for integration into new applications.",Data|Tooling,False,False,2025-12-06T13:29:55.538Z,2025-12-06T13:30:47.373Z
cmiubzb9z00d0w171c6lvycd4,Land Processes Distributed Active Archive Center,land-processes-distributed-active-archive-center,https://geospatialcatalog.com/land-processes-distributed-active-archive-center,https://lpdaac.usgs.gov/news/release-nasadem-data-products/,Provides crucial Earth science data for investigating and monitoring land processes.,"NASA's Land Processes Distributed Active Archive Center (LP DAAC) offers a vast array of Earth science data. This center is essential for researchers and scientists investigating, characterizing, and monitoring biological, geological, hydrological, and ecological conditions and processes. It serves as a key resource within the NASA Earthdata ecosystem for land science.",Data|Tooling,False,False,2025-12-06T13:29:55.538Z,2025-12-06T13:29:59.580Z
cmiww2nw5000004i813hpexyc,Land Records,land-records,https://geospatialcatalog.com/land-records,https://landrecords.us/,"Provides accessible, authoritative land parcel data for the United States at competitive prices.","Land Records offers a comprehensive nationwide land parcel dataset, covering 99% of the United States. This service provides a rich set of land, building, and ownership attributes, available for instant download in multiple formats. It caters to various projects, from individual researchers to large organizations.",Data,False,False,2025-12-08T08:28:01.527Z,2025-12-08T08:28:01.778Z
cmiuc23wa00o4w171bsan5iw4,LGB,lgb,https://geospatialcatalog.com/lgb,https://geobasis-bb.de/lgb/de/,"Official provider of geoinformation and surveying services for the state of Brandenburg, Germany.","LGB (Landesvermessung und Geobasisinformation Brandenburg) serves as the state agency responsible for official land surveying and providing fundamental geoinformation for Brandenburg, Germany. It offers a wide array of geospatial data, applications, and services to the public and professional users.",Data|Tooling,False,False,2025-12-06T13:29:55.538Z,2025-12-06T13:32:10.883Z
cmiuc35m300w3w171h7gdzpma,LiDAR and Aerial Archaeology,lidar-and-aerial-archaeology,https://geospatialcatalog.com/lidar-and-aerial-archaeology,https://lidarandaerialarchaeology.com/,"Free LiDAR & aerial photography maps from around the world, alongside other related archaeological resources.","LiDAR and Aerial Archaeology offers free LiDAR and aerial photography maps from various global regions. It also provides access to other related archaeological resources, including training materials and geological data.",Data,False,False,2025-12-06T13:29:55.538Z,2025-12-06T13:32:58.631Z
cmiuc2bh600pow171fsznau9f,LILA BC,lila-bc,https://geospatialcatalog.com/lila-bc,https://lila.science/datasets/,A comprehensive platform offering extensive labeled datasets of wildlife imagery for machine learning and computer vision research.,"LILA BC provides a curated collection of publicly available datasets, primarily consisting of camera trap and underwater video imagery. These datasets support the development and training of machine learning models for wildlife monitoring, biodiversity analysis, and environmental impact studies. The platform aggregates data from various conservation projects and agencies worldwide.",Data,False,False,2025-12-06T13:29:55.538Z,2025-12-06T13:32:20.440Z
cmiuc2mwf00s4w171c91qd5ks,LILA BC,lila-bc-1,https://geospatialcatalog.com/lila-bc-1,http://lila.science/otherdatasets,A curated list of conservation-related labeled datasets not hosted on LILA.,"LILA BC provides a comprehensive list of conservation-related labeled datasets that are not directly hosted on the LILA platform. This resource complements LILA's own dataset collection, aiming to track machine-learning-ready data with interesting labels attached to images or documents. The page emphasizes publicly accessible datasets relevant to various conservation efforts.",Data,False,False,2025-12-06T13:29:55.538Z,2025-12-06T13:32:35.370Z
cmiubzkr200few171tguhiilx,LINZ Data Service,linz-data-service,https://geospatialcatalog.com/linz-data-service,http://data.linz.govt.nz/,New Zealand's authoritative source for geospatial data and services.,"This platform serves as the official data service for Land Information New Zealand (LINZ), providing access to a wide range of geospatial data. It offers various datasets for download and through APIs, supporting diverse applications across government, industry, and the public.",Data,False,False,2025-12-06T13:29:55.538Z,2025-12-06T13:30:10.742Z
cmiuc2rju00thw171tuoh72uc,LOKSTAT,lokstat,https://geospatialcatalog.com/lokstat,https://lokstat.ugent.be/lokstat_start.php,A historical database providing access to Belgian census data from the late 19th and early 20th centuries.,"LOKSTAT is an historical databank of local statistics, offering results from general censuses conducted in Belgium around 1900. It provides consultative access to data from every Belgian municipality existing during that period, including industry, agriculture, and population statistics. This resource is part of the Queteletcentrum at Ghent University.",Data,False,False,2025-12-06T13:29:55.538Z,2025-12-06T13:32:40.281Z
cmiuc02um00j7w171r5rjxk6i,London Data,london-data,https://geospatialcatalog.com/london-data,http://data.london.gov.uk/,The official open data portal for the Greater London Authority.,"This portal provides access to a wide range of public datasets related to London, covering various aspects of the city's operations and demographics. It serves as a central hub for researchers, developers, and citizens to explore and utilize data for analysis, applications, and informed decision-making within the capital.",Data,False,False,2025-12-06T13:29:55.538Z,2025-12-06T13:30:36.273Z
cmiubzbcj00d6w171dd27swk0,Louisiana DOTD,louisiana-dotd,https://geospatialcatalog.com/louisiana-dotd,https://data-ladotd.opendata.arcgis.com/,"Discover, analyze, and download geospatial data from the Louisiana Department of Transportation & Development.","This platform provides access to geospatial data from the Louisiana Department of Transportation & Development. Users can discover, analyze, and download various datasets in formats like CSV, KML, GeoJSON, and GeoTIFF. It also offers API links for GeoServices, WMS, and WFS, enabling further analysis with charts and maps.",Data,False,False,2025-12-06T13:29:55.538Z,2025-12-06T13:30:00.328Z
cmiubzokp00fow171goxl8bd8,Louisiana GIS Atlas,louisiana-gis-atlas,https://geospatialcatalog.com/louisiana-gis-atlas,https://atlas.ga.lsu.edu/,Providing public access to high-resolution geospatial data for Louisiana and surrounding coastal areas.,"Atlas, hosted by LSU, serves as a central repository for high-resolution geospatial data pertaining primarily to Louisiana. It offers public access to crucial datasets like statewide Lidar elevation data, providing the first comprehensive lidar coverage for the state. Additionally, the platform hosts historical aerial imagery from sources such as GOHSEP and coastal DOQQ imagery spanning Louisiana, Mississippi, and Alabama, making valuable environmental and land-use data readily available.",Data,False,False,2025-12-06T13:29:55.538Z,2025-12-07T17:09:41.257Z
cmiuc2gra00qyw171862kv5ki,LRIS Portal,lris-portal,https://geospatialcatalog.com/lris-portal,http://lris.scinfo.org.nz/,A comprehensive portal for New Zealand's land resource and environmental data.,"The LRIS Portal provides access to a vast collection of national and regional land resource information for New Zealand. It serves as a central hub for researchers, policymakers, and the public to explore and download critical environmental datasets. The portal facilitates informed decision-making across various sectors.",Data,False,False,2025-12-06T13:29:55.538Z,2025-12-06T13:32:25.497Z
cmiuc2f6b00qlw171vz4i08e0,Maine GeoLibrary,maine-geolibrary,https://geospatialcatalog.com/maine-geolibrary,https://mainegeolibrary-maine.hub.arcgis.com/,"A centralized geospatial data hub for the state of Maine, built using ArcGIS Hub.","This website serves as the new Maine GeoLibrary, providing access to essential geospatial data for the state. It offers a structured collection of GIS framework layers, facilitating discovery and access to critical geographic information for various applications. The platform leverages ArcGIS Hub technology to organize and disseminate spatial data efficiently.",Data,False,False,2025-12-06T13:29:55.538Z,2025-12-06T13:32:25.285Z
cmiubzfa400dxw171xjd1j67n,Maine Geological Survey Open Data,maine-geological-survey-open-data,https://geospatialcatalog.com/maine-geological-survey-open-data,https://mgs-maine.opendata.arcgis.com/,A hub for accessing geological and environmental data from the Maine Geological Survey.,"This platform serves as the official open data portal for the Maine Geological Survey, offering a centralized resource for researchers, professionals, and the public. Users can explore and download a wide array of geospatial datasets related to Maine's geology and environment. The portal provides access to data organized by categories such as bedrock, surficial geology, hydrogeology, and coastal features.",Data,False,False,2025-12-06T13:29:55.538Z,2025-12-06T13:30:05.555Z
cmiyls5rq000004jshfiup0nn,Major-TOM: Expandable Datasets for Earth Observation,major-tom-expandable-datasets-for-earth-observation,https://geospatialcatalog.com/major-tom-expandable-datasets-for-earth-observation,https://huggingface.co/Major-TOM,"A standard for curating, sharing, and combining large-scale Earth Observation datasets for AI and ML.","This platform offers a framework for building extensive, open, and compatible Earth observation datasets. It hosts a variety of image and embedding datasets, including multi-spectral Sentinel-2, SAR Sentinel-1, and Copernicus DEM, designed to support deep learning models.",Data,False,False,2025-12-09T13:15:27.326Z,2025-12-09T13:15:27.909Z
cmiubztpl00gyw171a0zu5ec8,Malaria Atlas Project,malaria-atlas-project,https://geospatialcatalog.com/malaria-atlas-project,https://data.malariaatlas.org/maps,Provides interactive maps and data for understanding global malaria prevalence and intervention strategies.,"The Malaria Atlas Project (MAP) offers a comprehensive platform for visualizing and accessing geospatial data on malaria. It features interactive maps displaying global Pf Parasite Rate, intervention coverage, and commodity distribution across various years. This resource supports research and public health efforts by providing detailed insights into malaria epidemiology.",Data|Tooling,False,False,2025-12-06T13:29:55.538Z,2025-12-06T13:30:23.258Z
cmiuc041p00j8w171ytbrfq8s,MapasIGME,mapasigme,https://geospatialcatalog.com/mapasigme,https://info.igme.es/cartografiadigital/portada/default.aspx?Intranet=false&language=es,"A vital portal for geological and thematic cartography in Spain, supporting scientific, technical, and socioeconomic activities.","This platform provides essential cartographic knowledge from the Geological and Mining Institute of Spain (IGME). It serves as a foundational resource for scientific, technical, and socioeconomic activities directly impacting the physical environment and natural resources. The data supports research and decision-making related to natural resource management, public works, agriculture, land use, territorial planning, environment, and natural hazards.",Data,False,False,2025-12-06T13:29:55.538Z,2025-12-06T13:30:37.583Z
cmiuc3c1100xhw1716lf1zjza,Mapping Sound - NPS,mapping-sound-nps,https://geospatialcatalog.com/mapping-sound-nps,https://www.nps.gov/subjects/sound/soundmap.htm,Explore and understand the preservation and measurement of natural soundscapes within U.S. National Parks.,"This initiative by the U.S. National Park Service focuses on the importance of natural sounds, their preservation, and the impacts of noise pollution. It provides comprehensive information on exploring, understanding, and measuring soundscapes in national parks. The program highlights educational resources and efforts to improve sound environments for wildlife, wilderness, visitors, and cultural-historical sites.",Data,False,False,2025-12-06T13:29:55.538Z,2025-12-09T10:50:07.298Z
cmiuc295n00p4w171aaq07256,MappingGM,mappinggm,https://geospatialcatalog.com/mappinggm,https://mappinggm.org.uk/,A geospatial platform for exploring and understanding Greater Manchester's geography.,"MappingGM serves as a dedicated geospatial and GIS platform focused on the Greater Manchester region in the United Kingdom. It provides tools and potentially data to visualize and analyze geographical information relevant to the area, supporting various applications from urban planning to environmental monitoring.",Data|Tooling,False,False,2025-12-06T13:29:55.538Z,2025-12-06T13:32:16.913Z
cmiycacxw000004l49b4869jg,MappingSupport GIS Servers List,mappingsupport-gis-servers-list,https://geospatialcatalog.com/mappingsupport-gis-servers-list,https://mappingsupport.com/p/surf_gis/list-federal-state-county-city-GIS-servers.pdf,"A comprehensive directory of federal, state, county, and city GIS servers for public data access.","This resource compiles a detailed list of GIS servers from various government levels, including federal, state, county, and city entities. It serves as a valuable reference for users seeking access to publicly available geospatial data and services.",Data,False,False,2025-12-09T09:58:37.663Z,2025-12-09T09:58:37.667Z
cmiuc2f4000qdw171qjj2qjpa,Maps & GIS of Costa Rica,maps-gis-of-costa-rica,https://geospatialcatalog.com/maps-gis-of-costa-rica,https://tamu.libguides.com/costarica,A research guide from Texas A&M University Libraries for geospatial resources related to Costa Rica.,"This is a specialized research guide provided by Texas A&M University Libraries. It curates information and resources on maps and Geographic Information Systems (GIS) specifically focused on Costa Rica, serving students and researchers. The guide aims to facilitate access to relevant geospatial data and tools for academic and research purposes.",Data,False,False,2025-12-06T13:29:55.538Z,2025-12-09T10:52:45.308Z
cmiypyd12000004l28mxngu36,MAPSTER,mapster,https://geospatialcatalog.com/mapster,http://igrek.amzp.pl/index.php,Provides a digital collection of archival maps of Poland and Central Europe for non-commercial use.,"MAPSTER offers a comprehensive digital collection of archival maps focusing on Poland and Central Europe, available for non-commercial purposes. It features a robust locality search engine to quickly find maps for specific places, a graphic index browser for navigating map sheets, and tabular summaries detailing map attributes like publication year and resolution.",Data,False,False,2025-12-11T10:57:58.184Z,2025-12-11T10:57:58.190Z
cmiuc3a2600xbw171021ip7f7,Marine Regions,marine-regions,https://geospatialcatalog.com/marine-regions,http://www.marineregions.org/index.php,A standard list of marine georeferenced place names and areas.,"Marine Regions provides a standardized list of marine georeferenced place names and areas, integrating information from the VLIMAR Gazetteer and MARBOUND database. It serves as a global standard for marine geographic locations, boundaries, and regions, offering comprehensive statistics on marine places and names.",Data,False,False,2025-12-06T13:29:55.538Z,2025-12-06T13:33:03.441Z
cmiuc0dxl00luw171d677n11f,Maryland Open Data Portal,maryland-open-data-portal,https://geospatialcatalog.com/maryland-open-data-portal,https://opendata.maryland.gov/,Quickly search for the latest data and content from Maryland contributors.,"The Maryland Open Data Portal serves as a centralized hub for accessing public data and content from various state and local contributors across Maryland. It provides a platform for users to quickly search, discover, and utilize datasets for analysis and application development. The portal aims to foster transparency and collaboration by making governmental information readily available.",Data|Tooling,False,False,2025-12-06T13:29:55.538Z,2025-12-06T13:30:47.702Z
cmiuc0cl400ljw171iev60gnm,Maryland's GIS Data Catalog,marylands-gis-data-catalog,https://geospatialcatalog.com/marylands-gis-data-catalog,https://data.imap.maryland.gov/,Quickly search for the latest data and geographic content from Maryland contributors.,"This is Maryland's official GIS Data Catalog, providing a centralized hub for open, transparent, and easily accessible geographic content from various state contributors. It aims to make data discoverable and usable for the public, supporting various applications and analyses.",Data,False,False,2025-12-06T13:29:55.538Z,2025-12-06T13:30:47.532Z
cmiubzg5y00e6w171x5qgsklv,MassGIS,massgis,https://geospatialcatalog.com/massgis,https://www.mass.gov/get-massgis-data,Access a wide variety of geospatial data layers for Massachusetts.,MassGIS is the official source for geospatial data from the Commonwealth of Massachusetts. It provides diverse GIS data layers designed for use in various software and web map applications by the public and professionals alike.,Data,False,False,2025-12-06T13:29:55.538Z,2025-12-06T13:30:05.673Z
cmiuc07xj00k6w1719sc0se11,MassGIS Data Layers,massgis-data-layers,https://geospatialcatalog.com/massgis-data-layers,https://www.mass.gov/info-details/massgis-data-layers,A comprehensive collection of digital geospatial data layers for the Commonwealth of Massachusetts.,"MassGIS provides a central repository for various digital geospatial datasets pertaining to Massachusetts. Each dataset offers detailed descriptions, metadata, and direct links for free data downloads, supporting diverse applications and research needs across the state.",Data,False,False,2025-12-06T13:29:55.538Z,2025-12-06T13:30:42.628Z
cmiubzqg200gfw1711xy6sxr1,MDOT GIS Open Data,mdot-gis-open-data,https://geospatialcatalog.com/mdot-gis-open-data,https://gis-mdot.opendata.arcgis.com/,Provides public access to geospatial data from the Michigan Department of Transportation.,"This service offers a public portal for downloading geospatial data from the Michigan Department of Transportation (MDOT). It serves as a valuable resource for citizens and state employees, providing diverse datasets related to transportation infrastructure and public services. Users should be aware of the terms of use and data disclaimers regarding accuracy and completeness.",Data,False,False,2025-12-06T13:29:55.538Z,2025-12-06T13:30:20.219Z
cmiuc2g3d00qvw1713rotdzf5,MDOT GIS Open Data,mdot-gis-open-data-1,https://geospatialcatalog.com/mdot-gis-open-data-1,https://www.michigan.gov/mdot/business/gis-open-data,Supporting the implementation and use of GIS for informed decisions about Michigan's transportation infrastructure.,The Michigan Department of Transportation (MDOT) leverages its Geographic Information System (GIS) to address spatial challenges and enhance decision-making related to the state's transportation network. This initiative provides innovative solutions to support more informed choices about Michigan's vital infrastructure.,Data,False,False,2025-12-06T13:29:55.538Z,2025-12-06T13:32:25.412Z
cmiuc08sr00kkw171o69z3aji,MDOT GIS Open Data Portal,mdot-gis-open-data-portal,https://geospatialcatalog.com/mdot-gis-open-data-portal,https://data-maryland.opendata.arcgis.com/pages/mdot,Maryland's Department of Transportation provides open data and interactive mapping applications for public use.,"The MDOT GIS Open Data Portal serves as a central hub for geospatial content from Maryland's Department of Transportation and the entire State. It offers easy search capabilities for the latest data and geospatial content, emphasizing transparency and accessibility for all users. The portal provides both interactive mapping applications and direct access to featured open datasets.",Data,False,False,2025-12-06T13:29:55.538Z,2025-12-06T13:30:42.784Z
cmiuc1v8n00n4w171ky5wqio4,MERIT DEM,merit-dem,https://geospatialcatalog.com/merit-dem,http://hydro.iis.u-tokyo.ac.jp/~yamadai/MERIT_DEM/,A high-accuracy global Digital Elevation Model developed by removing multiple error components from existing spaceborne DEMs.,"The MERIT DEM is a high-accuracy global Digital Elevation Model (DEM) at 3 arcsecond resolution (~90m), created by correcting errors in existing spaceborne DEMs like SRTM3 and AW3D. It significantly improves vertical accuracy, especially in flat regions, enhancing geoscience applications dependent on terrain data.",Data,False,False,2025-12-06T13:29:55.538Z,2025-12-06T13:31:58.584Z
cmiuc20ia00nww171qp7po7ri,Met Office DataPoint,met-office-datapoint,https://geospatialcatalog.com/met-office-datapoint,http://www.metoffice.gov.uk/datapoint/getting-started,"Access meteorological data and forecasts from the UK Met Office, with a planned retirement date in 2025.","Met Office DataPoint is a service offering programmatic access to various weather data for developers. It provides a range of meteorological observations and forecasts through an API. Users are advised that the service has a planned retirement date of December 1, 2025.",Data,False,False,2025-12-06T13:29:55.538Z,2025-12-06T13:32:06.550Z
cmiuc397d00www171ma195zub,Michigan & Great Lakes Data,michigan-great-lakes-data,https://geospatialcatalog.com/michigan-great-lakes-data,https://libguides.lib.msu.edu/c.php?g=356116&p=2402194,A comprehensive guide to GIS data resources for Michigan and the Great Lakes region.,"This resource provides a curated collection of geospatial data portals and datasets specifically focused on Michigan and the Great Lakes. It includes links to state-level open data, imagery, transportation data, and various water-related resources. The guide also features data for specific regions like Southeast Michigan and the City of Detroit.",Data,False,False,2025-12-06T13:29:55.538Z,2025-12-06T13:33:03.285Z
cmiubzg9u00edw171eqfu8alo,Microsoft Buildings,microsoft-buildings,https://geospatialcatalog.com/microsoft-buildings,https://github.com/microsoft/buildings,A global dataset providing quarterly estimates of building density and height using machine learning.,"This repository offers a global dataset of building density and height, generated quarterly by applying machine learning models to PlanetScope basemaps. It provides a global public layer and detailed data for five high-growth locations, distributed as Cloud-Optimized GeoTIFFs (COGs). The resource supports both data exploration and model training for users interested in urban development analysis.",Data|Open Source Software,False,False,2025-12-06T13:29:55.538Z,2025-12-06T13:30:05.729Z
cmiuc23xr00o6w171brlnm2jq,Microsoft GlobalMLBuildingFootprints,microsoft-globalmlbuildingfootprints,https://geospatialcatalog.com/microsoft-globalmlbuildingfootprints,https://github.com/microsoft/GlobalMLBuildingFootprints,"Worldwide building footprints derived from satellite imagery, freely available for global use.","This GitHub repository provides access to 1.4 billion open building footprints detected by Bing Maps. The data is derived from various satellite imagery sources, including Maxar, Airbus, and IGN France, spanning 2014 to 2024. It is released under the ODbL license, allowing free download and use.",Data,False,False,2025-12-06T13:29:55.538Z,2025-12-06T13:32:10.903Z
cmiubzsww00grw1710ihvgw6d,Mines GIS Data,mines-gis-data,https://geospatialcatalog.com/mines-gis-data,https://libguides.mines.edu/maps/gis,"A comprehensive guide to GIS software and geospatial data resources, with a focus on Colorado and U.S. datasets.","This resource from Colorado School of Mines provides an overview of available GIS software, including Esri ArcPRO and open-source QGIS. It also serves as a curated portal to numerous geospatial data sources, categorized for Colorado-specific and broader U.S. data. The guide is valuable for students and researchers seeking GIS tools and data for various projects.",Data,False,False,2025-12-06T13:29:55.538Z,2025-12-06T13:30:23.147Z
cmiuc0dfw00ltw1716q9n2vcj,Minnesota Geospatial Commons,minnesota-geospatial-commons,https://geospatialcatalog.com/minnesota-geospatial-commons,https://gisdata.mn.gov/,A collaborative space for users and publishers of Minnesota's geospatial resources.,"The Minnesota Geospatial Commons serves as a central hub for accessing foundational geospatial data and resources pertinent to the state of Minnesota. It fosters collaboration among various users, including researchers, developers, and planners, by providing a platform for sharing critical GIS data.",Data,False,False,2025-12-06T13:29:55.538Z,2025-12-06T13:30:47.661Z
cmiuc1rw000mcw1714toqch9v,Mississauga Open Data,mississauga-open-data,https://geospatialcatalog.com/mississauga-open-data,http://data.mississauga.ca/,Explore a comprehensive collection of geospatial and non-geospatial data provided by the City of Mississauga.,"The Mississauga Open Data Hub serves as a central repository for various datasets from the City of Mississauga. It provides public access to information across multiple categories, enabling users to discover, analyze, and utilize city data for various purposes.",Data,False,False,2025-12-06T13:29:55.538Z,2025-12-06T13:31:55.318Z
cmiuc2nr700shw1710t776ttk,Mississippi Geospatial Data Catalog,mississippi-geospatial-data-catalog,https://geospatialcatalog.com/mississippi-geospatial-data-catalog,https://opendata.gis.ms.gov/,"Discover, analyze, and download geospatial data from Mississippi's official open data catalog.","The Mississippi Geospatial Data Catalog provides a public platform for exploring, analyzing, and downloading open geospatial data for the state of Mississippi. Users can access data in various formats like CSV, KML, GeoJSON, and GeoTIFF, and utilize API links for GeoServices, WMS, and WFS. The platform also supports data visualization through charts and thematic maps, encouraging the creation of StoryMaps and Web Maps.",Data|Tooling,False,False,2025-12-06T13:29:55.538Z,2025-12-06T13:32:35.499Z
cmiuc1ski00mjw171ttcq3elz,MIT Libraries GIS Data for Massachusetts,mit-libraries-gis-data-for-massachusetts,https://geospatialcatalog.com/mit-libraries-gis-data-for-massachusetts,https://libguides.mit.edu/gis/mass,A curated guide to Geographic Information Systems (GIS) data resources for Massachusetts.,This LibGuide from MIT Libraries provides a centralized resource for discovering and accessing various GIS datasets relevant to the state of Massachusetts. It aims to assist researchers and students in locating essential geospatial information for their projects.,Data,False,False,2025-12-06T13:29:55.538Z,2025-12-06T13:31:55.443Z
cmkgmmhlb000004l70si3t1wq,Model My Watershed,model-my-watershed,https://geospatialcatalog.com/model-my-watershed,https://modelmywatershed.org/,"An online platform for exploring human impacts on watersheds, analyzing data, and simulating water quality scenarios.","This platform allows users to analyze mapped watershed data, visualize monitoring information, and run model simulations. It helps in understanding the effects of human activities and different conservation or development scenarios on water quality.",Data|Tooling,False,False,2026-01-16T08:38:51.915Z,2026-01-16T08:38:51.934Z
cmiubzxmv00hww171s59qbpaa,MODIS Web,modis-web,https://geospatialcatalog.com/modis-web,https://modis.gsfc.nasa.gov/,The MODIS Web provides comprehensive access to Moderate Resolution Imaging Spectroradiometer (MODIS) data products from NASA.,"This website serves as a central hub for data collected by the MODIS instruments aboard NASA's Terra and Aqua satellites. It offers a wide array of raw and processed data products covering Earth's atmosphere, land, cryosphere, and oceans. Users can access scientifically validated data for various environmental and climate research applications.",Data,False,False,2025-12-06T13:29:55.538Z,2025-12-06T13:30:28.321Z
cmiubzfa000dww171mdn6bixx,MondoGIS,mondogis,https://geospatialcatalog.com/mondogis,http://www.mondogis.com/geodata.html,A comprehensive collection of freely downloadable GIS data from various Italian national and regional sources.,"MondoGIS serves as a valuable Italian online resource, curating and providing direct links to a wide array of geospatial data freely available from national entities, regional governments, and open-source initiatives. It acts as a central hub for users seeking diverse GIS datasets, from administrative boundaries to seismic information.",Data,False,False,2025-12-06T13:29:55.538Z,2025-12-06T13:30:05.548Z
cmiuc34tq00vww171z44bu1q4,Montana Cadastral,montana-cadastral,https://geospatialcatalog.com/montana-cadastral,http://svc.mt.gov/msl/mtcadastral,Provides informational cadastral data for properties across Montana.,"This service from the Montana State Library offers cadastral information for various properties within the state. It explicitly states that the data is for informational purposes only and not suitable for legal, engineering, or surveying uses. Consumers are advised to consult primary data sources for verification.",Data,False,False,2025-12-06T13:29:55.538Z,2025-12-06T13:32:58.516Z
cmiuc1rxe00mgw171zk0pjqv3,Montana State Library GeoInfo,montana-state-library-geoinfo,https://geospatialcatalog.com/montana-state-library-geoinfo,https://msl.mt.gov/geoinfo/,"Providing access to Montana's geospatial information, data, and research resources.","The Montana State Library's Geographic Information page serves as a central hub for geospatial data and resources related to the state. It offers access to various government publications, research materials, and supports the Montana Geospatial Information Advisory Council.",Data,False,False,2025-12-06T13:29:55.538Z,2025-12-06T13:31:55.406Z
cmiuc1qrx00lxw1715zdgkp3j,Montana State Library Geoinfo,montana-state-library-geoinfo-1,https://geospatialcatalog.com/montana-state-library-geoinfo-1,https://msl.mt.gov/geoinfo/data/,The Montana State Library provides access to a wide range of geospatial data and resources for the state of Montana.,"This platform serves as the central hub for discovering and accessing geospatial information maintained by the Montana State Library. It offers links to various data categories, supporting state, local, and federal government information. The site is a key resource for researchers and the public seeking geographical data related to Montana.",Data,False,False,2025-12-06T13:29:55.538Z,2025-12-06T13:31:53.852Z
cmiuc041q00j9w171to6fmo0i,MRLC,mrlc,https://geospatialcatalog.com/mrlc,https://www.mrlc.gov/data?f%5B0%5D=region%3Aalaska,Providing consistent and accurate national land cover data for the United States.,"The Multi-Resolution Land Characteristics Consortium (MRLC) is a group of federal agencies producing the National Land Cover Database (NLCD). It offers comprehensive land cover and land cover change data, essential for environmental monitoring and research across the U.S.",Data,False,False,2025-12-06T13:29:55.538Z,2025-12-06T13:30:37.584Z
cmiuc07yp00kaw171rk7nijb3,MRLC,mrlc-1,https://geospatialcatalog.com/mrlc-1,https://www.mrlc.gov/data,Provides national land cover data and related geospatial products for the United States.,"The Multi-Resolution Land Characteristics (MRLC) Consortium offers access to comprehensive land cover data, including the National Land Cover Database (NLCD). This consortium is a partnership of federal agencies that produce consistent and timely land cover information.",Data,False,False,2025-12-06T13:29:55.538Z,2025-12-06T13:30:42.667Z
cmiuc2ve700udw171r1flgq8u,MSDIS Open Data Site,msdis-open-data-site,https://geospatialcatalog.com/msdis-open-data-site,https://data-msdis.opendata.arcgis.com/,Missouri's primary spatial data clearinghouse for distributing geospatial data layers.,"The Missouri Spatial Data Information Service (MSDIS) serves as the primary spatial data clearinghouse for Missouri. Funded by the State of Missouri Office of Geospatial Information, it operates as a Research Support Center within the University of Missouri College of Arts & Sciences. MSDIS maintains and distributes a significant collection of vector data, aerial photography, and LiDAR elevation data.",Data,False,False,2025-12-06T13:29:55.538Z,2025-12-06T13:32:45.261Z
cmiuc27ha00otw171nljzrvbg,NACJD,nacjd,https://geospatialcatalog.com/nacjd,https://www.icpsr.umich.edu/web/pages/NACJD/index.html,A national archive for criminal justice and criminology data.,"The National Archive of Criminal Justice Data (NACJD) serves as a vital resource for research in criminal justice and criminology. It provides comprehensive data services, enabling users to both discover and share valuable datasets. This initiative supports empirical research and informs policy development within the criminal justice field.",Data,False,False,2025-12-06T13:29:55.538Z,2025-12-06T13:32:15.430Z
cmiuc2mz100scw171fj2x3aic,NARWidth Data Set,narwidth-data-set,https://geospatialcatalog.com/narwidth-data-set,http://gaia.geosci.unc.edu/NARWidth/index.html,The North American River Width Data Set provides planform morphometric measurements of rivers using Landsat imagery.,"NARWidth is a geospatial data set offering planform morphometric measurements of North American rivers, derived from Landsat imagery. It includes 6.7 million georeferenced width measurements and 1.3 million flagged reservoir/lake measurements, suitable for various scientific and engineering applications like hydrologic and biogeochemical models. This data set is freely available for non-commercial scientific and educational purposes.",Data,False,False,2025-12-06T13:29:55.538Z,2025-12-06T13:32:35.398Z
cmiubzyho00i7w171md6h4b69,NASA / USGS Controlled Europa DTMs,nasa-usgs-controlled-europa-dtms,https://geospatialcatalog.com/nasa-usgs-controlled-europa-dtms,https://registry.opendata.aws/nasa-usgs-europa-dtms/,High-quality digital terrain models (DTMs) of Europa's surface derived from Galileo spacecraft imagery.,"This dataset provides stereo-derived Digital Terrain Models (DTMs) of five key sites on Jupiter's moon Europa, generated from NASA's Galileo spacecraft Solid State Imager data. These DTMs offer crucial topographical insights for understanding Europa's geology and supporting future landed missions, with manual editing for accuracy and updated pointing information for precise coordination. They are suitable for most scientific analyses, acknowledging inherent uncertainties in resolution and precision.",Data,False,False,2025-12-06T13:29:55.538Z,2025-12-06T13:30:28.427Z
cmiuc329q00vcw171x1p7vm4z,NASA Earthdata Lightning,nasa-earthdata-lightning,https://geospatialcatalog.com/nasa-earthdata-lightning,https://ghrc.nsstc.nasa.gov/lightning/dataset-info.html,"NASA’s lightning data, collected from the ground, air, and space, help scientists understand lightning patterns and predict severe weather.","This resource provides access to NASA's comprehensive lightning data, gathered from various sources including ground-based sensors, airborne platforms, and satellite observations. Scientists utilize this data to gain insights into lightning patterns and to enhance the accuracy of severe weather predictions. It serves as a vital component within the broader NASA Earthdata ecosystem.",Data,False,False,2025-12-06T13:29:55.538Z,2025-12-06T13:32:53.895Z
cmiwxkeuk000004js03pw2381,NASA Worldview,nasa-worldview,https://geospatialcatalog.com/nasa-worldview,https://worldview.earthdata.nasa.gov/,"Interactive interface for browsing full-resolution, global, daily satellite images.","This interactive interface provides full-resolution, global, daily satellite imagery, often available within three hours of observation. It supports time-critical applications such as wildfire management, air quality measurements, and weather forecasting.",Data,False,False,2025-12-08T09:09:49.276Z,2025-12-08T09:09:49.481Z
cmiuc2ca300psw171rxr3xymv,National Address Database,national-address-database,https://geospatialcatalog.com/national-address-database,https://www.transportation.gov/gis/national-address-database,"A comprehensive, nationwide dataset providing standardized address information for the United States.","The National Address Database (NAD) is a unified dataset managed by the U.S. Department of Transportation. It aims to provide a standardized, publicly available resource for addresses across the entire United States, supporting various applications requiring accurate and consistent address data.",Data,False,False,2025-12-06T13:29:55.538Z,2025-12-06T13:32:20.557Z
cmiuc2g2w00qtw171iqqh3ej6,National Conservation Easement Database,national-conservation-easement-database,https://geospatialcatalog.com/national-conservation-easement-database,https://www.conservationeasement.us/,A comprehensive public database for conservation easements across the United States.,"This database provides spatial data and information on conservation easements, allowing users to search, explore via an interactive map, and learn about conservation efforts. It serves as a central resource for understanding protected areas and land conservation initiatives.",Data|Tooling,False,False,2025-12-06T13:29:55.538Z,2025-12-10T15:58:14.330Z
cmiuc2a3q00pew171izfslonz,National Hydrography Dataset,national-hydrography-dataset,https://geospatialcatalog.com/national-hydrography-dataset,http://nhd.usgs.gov/,"The authoritative dataset representing the water drainage network of the United States, now succeeded by 3DHP.","The National Hydrography Dataset (NHD) formerly detailed the water drainage network across the U.S., including rivers, streams, lakes, and dams. As of October 1, 2023, NHD data is no longer maintained but remains available, with the 3D Hydrography Program (3DHP) now serving as the most current data source.",Data,False,False,2025-12-06T13:29:55.538Z,2025-12-06T13:32:18.901Z
cmiuc311z00uyw171gplhl7p6,National Parks & Wildlife Service,national-parks-wildlife-service,https://geospatialcatalog.com/national-parks-wildlife-service,http://www.npws.ie/mapsanddata/,"Providing access to Ireland's biodiversity, habitat, and protected site data through map viewers and open data policies.","The National Parks & Wildlife Service (NPWS) offers a dedicated portal for geospatial data related to Ireland's natural heritage. This platform provides access to crucial information on habitats, species, and protected areas, alongside detailed policies on data usage and standards. Users can explore various datasets and interactive map viewers for flora and protected sites.",Data,False,False,2025-12-06T13:29:55.538Z,2025-12-06T13:32:53.665Z
cmiuc2nve00slw171q9oq1rfk,National Wetlands Inventory,national-wetlands-inventory,https://geospatialcatalog.com/national-wetlands-inventory,https://www.fws.gov/program/national-wetlands-inventory/wetlands-data,Provides comprehensive geospatial data on wetlands across the United States for conservation and management.,"The U.S. Fish & Wildlife Service's National Wetlands Inventory offers publicly available geospatial data, maps, and information on the characteristics, extent, and status of wetlands. This resource supports wetland conservation, restoration, and management efforts by providing critical environmental insights.",Data,False,False,2025-12-06T13:29:55.538Z,2025-12-06T13:32:35.526Z
cmiuc27ha00orw171xqyngt2w,Natural England Open Data Geoportal,natural-england-open-data-geoportal,https://geospatialcatalog.com/natural-england-open-data-geoportal,https://naturalengland-defra.opendata.arcgis.com/,This is Natural England's platform for sharing geospatial data and web services.,"This is Natural England's platform for sharing geospatial data and web services. Natural England is the government’s adviser for the natural environment in England, helping to protect and restore the natural world for people to enjoy. This geoportal provides free and open access to definitive geographic products, web applications, story maps, services, and APIs, all available under the Open Government Licence v3.0 unless otherwise stated.",Data,False,False,2025-12-06T13:29:55.538Z,2025-12-06T13:32:15.462Z
cmiuc1wun00nmw171llo8drco,Natural Science Institute of Iceland,natural-science-institute-of-iceland,https://geospatialcatalog.com/natural-science-institute-of-iceland,https://www.ni.is/en/research/geoinformation/metadata-and-downloads,"Iceland's primary institute for research and data on geology, flora, and natural hazards.","The Natural Science Institute of Iceland focuses on comprehensive research and data collection across various natural sciences. It provides information on Iceland's unique geological features, diverse flora, and significant natural hazards, contributing to scientific understanding and conservation efforts.",Data,False,False,2025-12-06T13:29:55.538Z,2025-12-06T13:32:01.843Z
cmiuc2kvc00rxw171yd0c5ho1,NatureServe,natureserve-1,https://geospatialcatalog.com/natureserve-1,https://www.natureserve.org/,NatureServe provides authoritative biodiversity data and tools to guide conservation efforts across North America.,"For nearly 50 years, NatureServe has been the authoritative source for biodiversity data throughout North America. It works with a network of organizations and scientists to collect, analyze, and deliver biodiversity knowledge that informs conservation action. The organization tracks over 100,000 species and 7,000 ecosystems, offering location-specific data crucial for targeted conservation.",Companies|Data|Tooling,False,False,2025-12-12T10:25:22.359Z,2025-12-12T10:25:22.767Z
cmiubzj4800esw171fo273h55,NC OneMap,nc-onemap,https://geospatialcatalog.com/nc-onemap,https://www.nconemap.gov/,Geographic Data Serving a Statewide Community,"NC OneMap serves as a strategic resource, offering a comprehensive collection of authoritative geographic data and web services. This collaborative initiative involves numerous partners across North Carolina, including local, state, and federal government agencies, the private sector, and academia. Users can search for, browse, and download data, integrate it into applications, perform analysis with various tools, or develop new applications using its APIs.",Data|Tooling,False,False,2025-12-06T13:29:55.538Z,2025-12-06T13:30:10.504Z
cmiubzbcj00d7w171e0s1inr9,NCDOT GIS Data Layers,ncdot-gis-data-layers,https://geospatialcatalog.com/ncdot-gis-data-layers,https://connect.ncdot.gov/resources/gis/pages/gis-data-layers.aspx,Provides access to the North Carolina Department of Transportation's updated GIS data layers for infrastructure and planning.,"The NCDOT GIS Data Layers page serves as a central hub for various geospatial datasets maintained by the North Carolina Department of Transportation. It offers regularly updated information crucial for transportation planning, infrastructure management, and public access. Users can find data related to roads, rail, bridges, and administrative boundaries.",Data,False,False,2025-12-06T13:29:55.538Z,2025-12-06T13:30:00.435Z
cmiuc2gv600r0w1714s17eha9,NDOT GeoHub,ndot-geohub,https://geospatialcatalog.com/ndot-geohub,https://geohub-ndot.hub.arcgis.com/,"The Nevada Department of Transportation's public platform for exploring and downloading open transportation data, maps, and apps.","This site serves as the Nevada Department of Transportation's official GeoHub, providing authoritative transportation-themed GIS information. It offers a public platform for accessing and downloading open data, discovering applications, and engaging with NDOT's efforts to enhance Nevada's roadways.",Data|Tooling,False,False,2025-12-06T13:29:55.538Z,2025-12-06T13:32:25.501Z
cmiuc2gu400qzw171kd8elv79,Near-global 1-km freshwater variables,near-global-1-km-freshwater-variables,https://geospatialcatalog.com/near-global-1-km-freshwater-variables,http://www.earthenv.org/streams,"Global, remote-sensing supported environmental layers for assessing status and trends in biodiversity, ecosystems, and climate.","This dataset provides near-global, spatially continuous, and freshwater-specific environmental variables at 1km resolution. It offers remote-sensing supported environmental layers for assessing biodiversity, ecosystems, and climate status and trends, derived from upstream climate, topography, land cover, surface geology, and soil data.",Data|Tooling,False,False,2025-12-06T13:29:55.538Z,2025-12-06T13:32:25.500Z
cmiuc3ds800y7w171yr3uxyl2,NebraskaMap,nebraskamap,https://geospatialcatalog.com/nebraskamap,https://www.nebraskamap.gov/,Nebraska GIS Open Data Hubsite. This site allows the public to interface with data related to Nebraska.,"NebraskaMap is the official GIS Open Data Hubsite for the state of Nebraska. It provides a centralized platform for the public to access and interact with a wide array of geospatial data related to the state. The site serves as a vital resource for various applications, offering insights into Nebraska's geography and resources.",Data,False,False,2025-12-06T13:29:55.538Z,2025-12-06T13:33:08.177Z
cmiuc20gh00nsw171dbhehl9c,New Hampshire Geodata Portal,new-hampshire-geodata-portal,https://geospatialcatalog.com/new-hampshire-geodata-portal,https://new-hampshire-geodata-portal-1-nhgranit.hub.arcgis.com/,"Access authoritative GIS data, web applications, and related geospatial resources for New Hampshire.","The New Hampshire Geodata Portal, developed by NH GRANIT at UNH, provides a central hub for discovering and utilizing authoritative GIS data and related geospatial resources across New Hampshire. It offers access to various web applications and data layers, fostering partnerships with state agencies, non-profits, and the US Government to make these resources available to the public.",Data|Tooling,False,False,2025-12-06T13:29:55.538Z,2025-12-06T13:32:06.497Z
cmiuc2rfe00taw171f5hm6xoi,New Orleans District,new-orleans-district,https://geospatialcatalog.com/new-orleans-district,https://www.mvn.usace.army.mil/Missions/Engineering/Channel-Improvement-and-Stabilization-Program/2013MBMR/,Provides hydrographic survey data for channel improvement and stabilization programs.,"This is the official public website of the New Orleans District, U.S. Army Corps of Engineers, providing access to historical hydrographic survey data. The data supports channel improvement and stabilization programs, crucial for navigation and flood control along major waterways.",Data,False,False,2025-12-06T13:29:55.538Z,2025-12-06T13:32:40.195Z
cmiuc2ugd00txw171rg30w5tq,New Popular Edition Maps,new-popular-edition-maps,https://geospatialcatalog.com/new-popular-edition-maps,http://www.npemap.org.uk/,"Access and contribute to historic UK Ordnance Survey maps, enhanced with crowdsourced postcode data.","This website provides free access to the Ordnance Survey New Popular Edition maps, covering Great Britain from the 1940s. It integrates these historic basemaps with modern, crowdsourced UK postcode data, allowing users to view and contribute to a comprehensive geographic dataset. The platform emphasizes open data principles, offering postcode data for download.",Data|Tooling,False,False,2025-12-06T13:29:55.538Z,2025-12-06T13:32:45.123Z
cmiuc1w3g00new171q8leofog,New York Parcels,new-york-parcels,https://geospatialcatalog.com/new-york-parcels,https://gis.ny.gov/parcels,"Collecting, assembling, maintaining, and providing access to statewide tax parcel GIS data for New York.","This program focuses on collecting, assembling, maintaining, and providing access to statewide tax parcel GIS data for New York State. It offers public access to parcel data via direct downloads and web services, along with an assessment look-up tool.",Data|Tooling,False,False,2025-12-06T13:29:55.538Z,2026-01-05T11:13:29.235Z
cmiubzyk500i8w171untp0tir,New Zealand Elevation,new-zealand-elevation,https://geospatialcatalog.com/new-zealand-elevation,https://registry.opendata.aws/nz-elevation/,A comprehensive collection of New Zealand's publicly owned digital elevation and surface models.,"This dataset offers New Zealand's publicly owned digital elevation and surface models, freely available under an open license. It includes 1m resolution grids derived from LiDAR data, provided as Cloud Optimised GeoTIFFs (COGs) with LERC compression. Each elevation file is accompanied by STAC metadata, organized by region and survey, and regularly updated as new data is published.",Data,False,False,2025-12-06T13:29:55.538Z,2025-12-06T13:30:28.444Z
cmiuc022d00j1w17172wksh5l,NIBIS Kartenserver,nibis-kartenserver,https://geospatialcatalog.com/nibis-kartenserver,http://nibis.lbeg.de/cardomap3/,"A geospatial map server powered by cardo.Map, offering various mapping functionalities.","The NIBIS Kartenserver provides a comprehensive web mapping platform, enabling users to explore and interact with geospatial data. It offers tools for map printing, legend display, address search, and coordinate identification, alongside advanced features like measurement and elevation profiling. The platform serves as a central access point for various basemaps and thematic data layers.",Data|Tooling,False,False,2025-12-06T13:29:55.538Z,2025-12-06T13:30:33.073Z
cmiuc2k0x00rmw171jc4kcryn,NJGIN Open Data,njgin-open-data,https://geospatialcatalog.com/njgin-open-data,https://njogis-newjersey.opendata.arcgis.com/,Your Gateway to Geographic Information for New Jersey.,"The NJGIN Open Data Portal, managed by the NJ Office of GIS, provides access to a wide array of geographic information for the state of New Jersey. It serves as a central hub for exploring and utilizing geospatial datasets from various state agencies and partners, facilitating data discovery and use for the public.",Data,False,False,2025-12-06T13:29:55.538Z,2025-12-06T13:32:30.645Z
cmiuc07xj00k5w171hqykx50v,NLOG,nlog,https://geospatialcatalog.com/nlog,https://www.nlog.nl/en/data,Providing access to subsurface data and information for the Netherlands.,"NLOG (Netherlands Oil and Gas Portal) offers a comprehensive online platform for accessing geological and subsurface data for the Netherlands. It provides access to raw and interpreted data, including boreholes, seismic data, production figures, and models, primarily derived from the DINO database.",Data,False,False,2025-12-06T13:29:55.538Z,2025-12-06T13:30:42.662Z
cmiuc0aem00kzw171slgj69bb,NMPi,nmpi,https://geospatialcatalog.com/nmpi,https://marine.gov.scot/maps/nmpi,Provides access to a comprehensive catalog of marine data layers for Scotland.,"The National Marine Plan interactive (NMPi) website offers a catalog of geospatial data layers related to marine activities and environments in Scotland. Users can browse and filter various datasets, including aquaculture sites, native oyster habitats, and other marine planning information. This platform serves as a central resource for exploring and understanding Scotland's marine assets and regulatory frameworks.",Data,False,False,2025-12-06T13:29:55.538Z,2025-12-06T13:30:46.102Z
cmiuc24rv00ocw171xlm0tfyv,NOAA Coastal Lidar Data,noaa-coastal-lidar-data,https://geospatialcatalog.com/noaa-coastal-lidar-data,https://registry.opendata.aws/noaa-coastal-lidar/,"A collection of NOAA coastal lidar data, provided in Entwine Point Tiles (EPT) and LAZ formats.","This resource provides NOAA Coastal Lidar Data, a collection of lidar projects focused on U.S. coastal areas. The data, measuring 3D object locations from airborne platforms, is available in Entwine Point Tiles (EPT) and LAZ formats. It includes point clouds attributed with object type, reflection intensity, and other metadata, organized by original projects with specific coordinate reference systems.",Data,False,False,2025-12-06T13:29:55.538Z,2025-12-06T13:32:10.989Z
cmiuc2p8u00syw171vf5slzky,NOAA CoastWatch,noaa-coastwatch,https://geospatialcatalog.com/noaa-coastwatch,https://oceanwatch.noaa.gov/cwn/index.html,Access and utilize global and regional satellite data for ocean and coastal applications and environmental monitoring.,"NOAA CoastWatch provides access to global and regional satellite data for a wide range of ocean and coastal applications. This service supports research, resource management, and decision-making by offering data products and tools to understand and protect marine ecosystems and assess environmental change.",Data|Tooling,False,False,2025-12-06T13:29:55.538Z,2025-12-06T13:32:35.700Z
cmiuc2mxd00s6w171tjksgkgi,North American Environmental Atlas,north-american-environmental-atlas,https://geospatialcatalog.com/north-american-environmental-atlas,http://www.cec.org/north-american-environmental-atlas/,Go Beyond Boundaries & Work Together for #Ecosystems Protection with North American Environmental Atlas & Google Earth Tours.,"The North American Environmental Atlas provides harmonized geospatial data for Canada, Mexico, and the United States, offering a continental and regional perspective on environmental issues. It serves as a unique tool to analyze and raise awareness of shared environment and ecosystems, demonstrating their value and aiding in protection efforts. The Atlas features dozens of map layers, harmonizing geographic information across political boundaries to understand critical trends.",Data,False,False,2025-12-06T13:29:55.538Z,2025-12-06T13:32:35.372Z
cmiuc36gy00wfw17162ajtji0,North Dakota GIS Hub Data Portal,north-dakota-gis-hub-data-portal,https://geospatialcatalog.com/north-dakota-gis-hub-data-portal,https://gishubdata-ndgov.hub.arcgis.com/,"The official portal for North Dakota geospatial data and information, managed by state agency data stewards.",The North Dakota GIS Hub Data Portal serves as the central access point for geospatial data and information related to the state of North Dakota. It provides a structured repository where users can discover and utilize datasets managed and maintained by various North Dakota state agencies. This portal ensures access to authoritative and thematic geospatial resources for the public and professionals.,Data,False,False,2025-12-06T13:29:55.538Z,2025-12-06T13:32:58.752Z
cmiuc1vgw00nbw1710qagbnam,NPS DataStore,nps-datastore,https://geospatialcatalog.com/nps-datastore,https://irma.nps.gov/DataStore/,"A digital repository for the National Park Service, providing tools for managing and discovering park-related documents and datasets.","The NPS DataStore serves as a central digital repository for the National Park Service, offering robust tools for adding, organizing, and discovering documents and datasets pertinent to park resources. It supports resource management by providing access to critical information, including park boundaries, science reports, and featured content. This platform is essential for informed park planning and policy decisions.",Data|Tooling,False,False,2025-12-06T13:29:55.538Z,2025-12-06T13:31:58.640Z
cmiubzygs00i4w1719scjthj5,NSF NCAR GDEX,nsf-ncar-gdex,https://geospatialcatalog.com/nsf-ncar-gdex,https://rda.ucar.edu/datasets/ds559.0/,Providing access to a four-kilometer long-term regional hydroclimate reanalysis dataset over the conterminous United States.,"This resource offers access to the d559000 dataset, a four-kilometer long-term regional hydroclimate reanalysis over the conterminous United States (CONUS). It is hosted on the NSF NCAR Geoscience Data Exchange (GDEX), a platform dedicated to facilitating access to geoscience data. The platform provides various resources for data discovery, access, and analysis.",Data,False,False,2025-12-06T13:29:55.538Z,2025-12-06T13:30:28.424Z
cmiuc38dl00wlw171rg6i618t,NSF NEON Lidar,nsf-neon-lidar,https://geospatialcatalog.com/nsf-neon-lidar,https://www.neonscience.org/data-collection/lidar,Providing airborne lidar data and information for characterizing vegetation and surface features across U.S. ecosystems.,"This resource details the lidar data collection methods employed by NSF NEON to map vegetation height, density, and other surface characteristics over large regions. Using airborne sensors, lidar provides detailed 3D pictures of forest structure, crucial for ecological research. It highlights the advantages of active sensors like lidar for comprehensive ecosystem parameter mapping.",Data,False,False,2025-12-06T13:29:55.538Z,2025-12-06T13:33:03.171Z
cmiubzmex00fnw171djkvyjk1,NSW Environment Map Data,nsw-environment-map-data,https://geospatialcatalog.com/nsw-environment-map-data,http://mapdata.environment.nsw.gov.au,A portal for environmental mapping data from the New South Wales government.,"This website, likely operated by the New South Wales government, appears to be designed as a hub for environmental map data. While currently inaccessible due to a ""403 Forbidden"" error, its domain suggests a focus on providing geospatial information related to the environment within NSW, Australia. It is presumed to offer various datasets and mapping resources for public or professional use.",Data,False,False,2025-12-06T13:29:55.538Z,2025-12-06T13:30:14.864Z
cmiuc3c1200xlw1710opw26d2,NUVIEW,nuview,https://geospatialcatalog.com/nuview,https://www.nuview.space/,Revolutionizing Earth observation by annually mapping the planet's land surface with satellite-based LiDAR.,NUVIEW is a company building the first commercial satellites to annually map the planet's entire land surface with LiDAR. This initiative aims to elevate global Earth observation capabilities and provide unprecedented insights into the planet's topography and features.,Companies|Data,False,False,2025-12-09T14:46:21.344Z,2025-12-09T14:46:21.348Z
cmiuc2shj00trw171wmw3sa41,NYC Department of City Planning,nyc-department-of-city-planning,https://geospatialcatalog.com/nyc-department-of-city-planning,https://www.nyc.gov/content/planning/pages/resources#datasets,"A comprehensive resource for geospatial data, tools, and maps for New York City planning and analysis.","This platform provides access to extensive open datasets, digital tools, and interactive maps for exploring New York City's demographics, land use, housing, and economic trends. It serves as a central hub for official geocoding technology and various data explorers to support urban planning and environmental review.",Data|Tooling,False,False,2025-12-06T13:29:55.538Z,2025-12-06T13:32:40.406Z
cmiubzxmr00huw171zbuu8ko9,NYS GIS Clearinghouse,nys-gis-clearinghouse,https://geospatialcatalog.com/nys-gis-clearinghouse,https://gis.ny.gov/,The official hub for GIS data and information within New York State.,"The NYS GIS Clearinghouse serves as the official portal for New York State's geospatial data and information. It provides access to various GIS data programs, facilitates coordination among state agencies and organizations, and offers resources for geospatial professionals within the state.",Data|Tooling,False,False,2025-12-06T13:29:55.538Z,2025-12-06T13:30:28.295Z
cmiuc2rfu00tcw171ja3om9ks,NYS GIS Clearinghouse Data,nys-gis-clearinghouse-data,https://geospatialcatalog.com/nys-gis-clearinghouse-data,https://gis.ny.gov/gisdata/,"Discover free public data, maps, applications, and other geospatial resources for New York State.","The NYS GIS Clearinghouse Data portal provides access to a wide array of free public geospatial data, maps, and applications for New York State. It serves as a central hub for various data programs, including parcels, streets, addresses, orthoimagery, elevation, and civil boundaries. The platform also facilitates GIS coordination and enterprise solutions for state agencies.",Data,False,False,2025-12-06T13:29:55.538Z,2025-12-06T13:32:40.216Z
cmiuc34tv00vxw171aptzwaqf,NYS GIS LIDAR,nys-gis-lidar,https://geospatialcatalog.com/nys-gis-lidar,https://gis.ny.gov/lidar,"Providing access to current, in-progress, and historic LIDAR collections for New York State.","This platform offers comprehensive access to LIDAR datasets for New York State, including options for individual tile downloads via an application and bulk downloads through an FTP site. It also tracks the status of in-progress, planned, latest, and historic LIDAR collections across the state. Users can explore various projects and access associated metadata.",Data,False,False,2025-12-06T13:29:55.538Z,2025-12-06T13:32:58.521Z
cmiuc2bf300plw171roen0nwo,Náttúrufræðistofnun Íslands,natturufraedistofnun-islands,https://geospatialcatalog.com/natturufraedistofnun-islands,http://atlas.lmi.is/LmiData/index.php,"Provides extensive datasets on Iceland's natural history, including place names, land surveys, vegetation, ecosystems, geology, and biodiversity.","The Icelandic Institute of Natural History (Náttúrufræðistofnun Íslands) offers a comprehensive data download portal. It contains extensive collections covering various aspects of Iceland's natural environment, such as geographical names, land surveying, vegetation communities, ecosystems, bedrock and superficial deposits, species distribution, fossils, and minerals.",Data,False,False,2025-12-06T13:29:55.538Z,2025-12-06T13:32:20.435Z
cmiuc04wz00jkw171n5fkxoyq,OCADS,ocads,https://geospatialcatalog.com/ocads,https://www.ncei.noaa.gov/products/ocean-carbon-acidification-data-system,A specialized data management system for ocean carbon and acidification data.,"The Ocean Carbon and Acidification Data System (OCADS) is a dedicated platform for managing ocean carbon and ocean acidification (OA) data. It operates within the National Centers for Environmental Information (NCEI), providing a centralized repository for critical environmental datasets.",Data,False,False,2025-12-06T13:29:55.538Z,2025-12-06T13:30:37.715Z
cmjo3zunc000004jvyu4bz9s3,OldMapsOnline,oldmapsonline,https://geospatialcatalog.com/oldmapsonline,https://www.oldmapsonline.org/,An easy-to-use portal for discovering historical maps from libraries worldwide.,"OldMapsOnline provides a user-friendly way to explore a vast collection of historical maps from libraries across the globe. Users can browse historical locations and search for old maps using an interactive timeline, making historical cartography accessible.",Data|Tooling,False,False,2025-12-27T09:39:33.762Z,2025-12-27T09:39:34.245Z
cmiuc2j8s00rgw171r6im55gz,Ontario Data Catalogue,ontario-data-catalogue,https://geospatialcatalog.com/ontario-data-catalogue,https://data.ontario.ca/,Find public data and explore thousands of datasets published by the Government of Ontario.,"This platform serves as the official data catalogue for the Government of Ontario, providing public access to a wide array of government data. Users can explore and download over 2900 datasets across various topics, facilitating transparency and public engagement with provincial information.",Data,False,False,2025-12-06T13:29:55.538Z,2025-12-06T13:32:30.556Z
cmkcujv0a000004l90w7318d8,Open Charge Map,open-charge-map,https://geospatialcatalog.com/open-charge-map,https://openchargemap.io/,The global public registry of electric vehicle charging locations.,"Open Charge Map functions as a global database for electric vehicle charging stations. It is a community-driven platform, with data managed and populated by EV drivers worldwide, providing a comprehensive public registry of charging locations.",Data|Tooling,False,False,2026-01-13T17:10:26.617Z,2026-01-13T17:10:26.621Z
cmiuc31wq00v4w171tu58mkgt,Open Data Bristol,open-data-bristol,https://geospatialcatalog.com/open-data-bristol,https://opendata.bristol.gov.uk/,"Open Data Bristol is a site for exploring, analysing and sharing data about the city.","Open Data Bristol provides a platform for exploring, analyzing, and sharing a wide range of public data concerning the city of Bristol. It offers datasets that can be viewed and reused by anyone, subject to their respective licenses. Users can find information on various topics, from transport and environment to population and social care.",Data,False,False,2025-12-06T13:29:55.538Z,2025-12-06T13:32:53.782Z
cmiuc2shr00tsw171grk82y83,Open Data DC,open-data-dc,https://geospatialcatalog.com/open-data-dc,https://opendata.dc.gov/,The District of Columbia government shares hundreds of datasets for public access and use.,"Open Data DC is the official portal where the District of Columbia government shares hundreds of diverse datasets with the public. It invites users to browse, download, and analyze data files, or build applications using its provided APIs. This platform promotes transparency and civic engagement by making government information readily accessible.",Data,False,False,2025-12-06T13:29:55.538Z,2025-12-06T13:32:40.408Z
cmiuc28me00p0w171dkbbmolc,Open Data MLUGEO.UAV,open-data-mlugeouav,https://geospatialcatalog.com/open-data-mlugeouav,https://insitu.geo.uni-halle.de/uav/metadata-catalog,A metadata catalog documenting UAV flight activities and high-quality geospatial data for research.,"This metadata catalog documents UAV flight activities conducted by the IN SITU.MLUGEO drone team, publishing all flight operations. It provides high-quality geospatial data derived from RGB, thermal, multispectral, and LiDAR sensor technology, supporting numerous research projects and study areas. Users can explore datasets via interactive search filters and submit data requests through a contact form.",Data,False,False,2025-12-06T13:29:55.538Z,2025-12-06T13:32:16.799Z
cmiuc331300vlw1716nfir8mu,Open Geography Portal,open-geography-portal,https://geospatialcatalog.com/open-geography-portal,https://geoportal.statistics.gov.uk/,The UK's official Office for National Statistics Open Data Geography Site.,"This portal provides access to the UK's official Office for National Statistics (ONS) open data geography site. It serves as a central hub for geospatial information, documents, and applications related to geographical boundaries and statistical areas within the United Kingdom.",Data,False,False,2025-12-06T13:29:55.538Z,2025-12-06T13:32:56.353Z
cmiuc1pti00lww17115xvn338,Open Government Canada,open-government-canada,https://geospatialcatalog.com/open-government-canada,https://open.canada.ca/en,A collaborative open source project providing government information and data from the Government of Canada.,"This platform serves as the official Open Government portal for Canada, offering a wide range of public sector information. It is designed to foster transparency and accessibility, enabling citizens and organizations to access government data and resources.",Data,False,False,2025-12-06T13:29:55.538Z,2025-12-06T13:31:52.714Z
cmiubzbd100d8w171vipfykor,Open Infrastructure Map,open-infrastructure-map,https://geospatialcatalog.com/open-infrastructure-map,https://openinframap.org/,"An open map of the world's electricity, telecoms, oil, gas, and water infrastructure, powered by OpenStreetMap data.","This platform provides a comprehensive global map visualizing critical infrastructure. It leverages OpenStreetMap data to display detailed information on power grids, communication networks, and essential utility systems worldwide, offering a valuable resource for analysis and planning.",Data,False,False,2025-12-06T13:29:55.538Z,2025-12-06T13:30:00.443Z
cmiuc1qvd00m2w171fl7t4wsd,Open-Meteo,open-meteo,https://geospatialcatalog.com/open-meteo,https://github.com/open-meteo/open-meteo,"Free Weather Forecast API for non-commercial use, no API key required.","Open-Meteo offers an open-source weather API providing free access for non-commercial applications without the need for an API key. It delivers hourly weather forecasts for up to 16 days, historical weather data spanning 80 years, and integrates various global and regional weather models.",Data|Open Source Software,False,False,2025-12-06T13:29:55.538Z,2025-12-06T13:31:53.924Z
cmiuc1qvn00m4w1719238w17g,OpenAddresses,openaddresses,https://geospatialcatalog.com/openaddresses,https://openaddresses.io/,"OpenAddresses provides openly licensed, essential address data, connecting digital to physical places worldwide.","OpenAddresses is a collaborative project that aggregates and provides openly licensed address data from various sources globally. This initiative aims to establish address data as essential public infrastructure, making it freely available for a wide range of applications. Users can easily access and download existing datasets and contribute new data to expand its comprehensive global coverage.",Data,False,False,2025-12-06T13:29:55.538Z,2025-12-06T13:31:53.990Z
cmiuc2wc800upw1717fodmifo,OpenAerialMap,openaerialmap,https://geospatialcatalog.com/openaerialmap,https://openaerialmap.org/,The open collection of aerial imagery,"OpenAerialMap is an open collection and database for aerial imagery, fostering collaboration and accessibility. It provides a platform for mappers to store, share, and discover imagery, particularly from UAV efforts. Users can browse, filter, and obtain the imagery they need for various applications, including crisis response.",Data|Open Source Software|Tooling,False,False,2025-12-06T13:29:55.538Z,2025-12-06T13:32:45.419Z
cmiubzbb800d3w171rczxlv5b,OpenDEM,opendem,https://geospatialcatalog.com/opendem,https://www.opendem.info/opendtm_de.html,"OpenDTM-DE provides a free, high-resolution Digital Terrain Model for Germany, compiled from federal state data.","OpenDTM-DE is a project to create a unified, high-resolution Digital Terrain Model (DTM) for Germany. It aggregates freely available 1-meter resolution terrain models from individual German federal states. This initiative addresses the absence of a nationwide high-resolution DTM from the BKG, offering essential geospatial data products.",Data,False,False,2025-12-06T13:29:55.538Z,2025-12-06T13:29:59.930Z
cmiuc0ccw00lbw171s2rpjxbg,OpenFlights,openflights,https://geospatialcatalog.com/openflights,https://openflights.org/data,"Free airport and airline data with IATA, ICAO, latitude, longitude, elevation, timezone, and DST information.","OpenFlights provides a comprehensive database of airport, airline, and route data globally. This free resource offers detailed information including IATA/ICAO codes, geographic coordinates, altitude, timezone, and DST details for over 10,000 locations. It's an essential resource for anyone needing structured aviation and transportation data.",Data,False,False,2025-12-06T13:29:55.538Z,2025-12-06T13:30:47.477Z
cmiubzkuq00fiw171su5gvddz,opengeos/geospatial-data-catalogs,opengeosgeospatial-data-catalogs,https://geospatialcatalog.com/opengeosgeospatial-data-catalogs,https://github.com/opengeos/geospatial-data-catalogs,A curated list of open geospatial datasets available on major cloud and data platforms.,"This GitHub repository serves as a comprehensive catalog of open geospatial datasets. It organizes and lists data accessible through prominent platforms such as AWS, Google Earth Engine, Microsoft Planetary Computer, NASA CMR, and STAC Index, providing a valuable resource for geospatial professionals.",Data|Open Source Software,False,False,2025-12-06T13:29:55.538Z,2025-12-06T13:30:10.765Z
cmiuc35mq00w5w171fwh5l386,OpenTopography,opentopography,https://geospatialcatalog.com/opentopography,https://opentopography.org/,High-Resolution Topography Data and Tools,"OpenTopography provides easy, centralized access to a diverse collection of high-resolution topographic data. This platform strives to simplify data discovery by integrating data from various sources, including the USGS 3D Elevation Program. It also offers a suite of tools for processing and analyzing these datasets.",Data|Tooling,False,False,2025-12-06T13:29:55.538Z,2025-12-06T13:32:58.635Z
cmiuc0d5p00llw171thra8rlk,Oregon Explorer,oregon-explorer,https://geospatialcatalog.com/oregon-explorer,https://hub.oregonexplorer.info/pages/osdl-archive,"Provides natural resource data, maps, and tools to support informed decision-making in Oregon.","This archive offers access to non-framework data layers from the retired Oregon Spatial Data Library, serving as a valuable resource for natural resource information. It complements the Oregon GEOHub, which now hosts Oregon's authoritative geospatial framework data. Users should note that the quality of data and metadata in this archive can be highly variable.",Data,False,False,2025-12-06T13:29:55.538Z,2025-12-06T13:30:47.597Z
cmiubzj5800eww171yuifmv09,Oregon Spatial Data Library,oregon-spatial-data-library,https://geospatialcatalog.com/oregon-spatial-data-library,https://spatialdata.oregonexplorer.info/geoportal/,Connecting users to Oregon's authoritative geospatial data and archived resources.,"The Oregon Spatial Data Library (OSDL) served as a central access point for geospatial data, metadata, and services specific to Oregon. It has since transitioned, with its authoritative geospatial framework data now accessible via the Oregon GEOHub, while archived non-framework data is available through the Oregon Explorer. This site facilitated discovery and access to critical spatial information for the state.",Data,False,False,2025-12-06T13:29:55.538Z,2025-12-06T13:30:10.517Z
cmiuc2ope00suw17103pis8n7,OS Data Hub,os-data-hub,https://geospatialcatalog.com/os-data-hub,https://www.ordnancesurvey.co.uk/opendatadownload/products.html,"The OS Data Hub can bring your geospatial solutions to life with our APIs, download service, data package creator and other user apps.","The OS Data Hub provides a comprehensive platform for geospatial solutions, offering APIs, a download service, a data package creator, and various user applications. It offers access to a wealth of free and premium Ordnance Survey products, enhancing geospatial projects with detailed mapping and environmental data.",Data|Tooling,False,False,2025-12-06T13:29:55.538Z,2025-12-06T13:32:35.645Z
cmiuc04x600jlw171gr0yt3e7,OWRB Data & Maps,owrb-data-maps,https://geospatialcatalog.com/owrb-data-maps,http://www.owrb.ok.gov/maps/PMG/DMindex.html,Access data and information regarding Oklahoma's water resources.,"The Oklahoma Water Resources Board (OWRB) provides a centralized portal for geospatial data and information related to water resources within the state of Oklahoma. It offers access to various datasets including groundwater, surface water, water rights, and water supply. The site also features specific studies and frequently requested maps.",Data,False,False,2025-12-06T13:29:55.538Z,2025-12-06T13:30:37.734Z
cmiuc311x00uww171mus0l6lh,PAD-US Data Download,pad-us-data-download,https://geospatialcatalog.com/pad-us-data-download,https://www.usgs.gov/programs/gap-analysis-project/science/pad-us-data-download,"Download the Protected Areas Database of the United States, available nationally or by state/territory.","This page provides direct access to the Protected Areas Database of the United States (PAD-US). Data is offered in an ArcGIS Geodatabase format, allowing users to download comprehensive information for the entire nation or specifically by 56 individual State/Territory boundaries. It serves as a key resource for conservation and land management.",Data,False,False,2025-12-06T13:29:55.538Z,2025-12-06T13:32:53.662Z
cmiuc1vdq00n9w171h6etig7t,PALSAR-2 ScanSAR Flooding in Rwanda,palsar-2-scansar-flooding-in-rwanda,https://geospatialcatalog.com/palsar-2-scansar-flooding-in-rwanda,https://registry.opendata.aws/palsar-2-scansar-flooding-in-rwanda/,A dataset providing PALSAR-2 ScanSAR observations of flooding and landslides in Rwanda.,"This dataset contains ALOS-2 PALSAR-2 ScanSAR Level 2.1 data, offering orthorectified backscatter observations with a 350 km observation width at 25m resolution. It was generated by JAXA in response to torrential rainfall, flooding, and landslides in Rwanda, activated through the International Disaster Charter. The data provides valuable insights for disaster response and natural resource monitoring in affected regions.",Data,False,False,2025-12-06T13:29:55.538Z,2025-12-06T13:31:58.620Z
cmiuc34ro00vsw171koo0hh50,PANGAEA.,pangaea,https://geospatialcatalog.com/pangaea,https://www.pangaea.de/,Data Publisher for Earth & Environmental Science,"PANGAEA offers services for archiving, publishing, and distributing georeferenced data from earth system research. As a World Data Center, it is a member of the World Data System, providing a reliable repository for scientific datasets.",Data,False,False,2025-12-06T13:29:55.538Z,2025-12-06T13:32:58.502Z
cmiuc27h900oqw171pwva5uj7,Parcellaire Express (PCI),parcellaire-express-pci,https://geospatialcatalog.com/parcellaire-express-pci,https://geoservices.ign.fr/parcellaire-express-pci#telechargementfra,Access IGN France's cadastral parcel data for French departments.,"This service provides the Parcellaire Express (PCI) dataset, offering detailed cadastral parcel information across various departments in France. Users can download up-to-date Shapefile data, organized by departmental boundaries, for comprehensive land management and geospatial analysis. The data is provided by IGN France, a key national geographic information provider.",Data,False,False,2025-12-06T13:29:55.538Z,2025-12-06T13:32:15.433Z
cmiuc2c8o00pqw171xncgk5n2,Paris Data,paris-data,https://geospatialcatalog.com/paris-data,https://opendata.paris.fr/pages/home/,Bienvenue sur Paris Data ! Le site de la démarche Open Data de la Ville de Paris.,"Paris Data serves as the official Open Data platform for the City of Paris, providing public access to a wide array of datasets. These datasets are published by various city services and their partners, all under the Open Data Commons Attribution License (ODbL) to promote transparency and reuse.",Data,False,False,2025-12-06T13:29:55.538Z,2025-12-06T13:32:20.509Z
cmiypt722000004jphf2r47wm,PastMaps,pastmaps,https://geospatialcatalog.com/pastmaps,https://pastmaps.com/,Providing access to historical maps and geospatial data for research and analysis.,"PastMaps offers a comprehensive collection of historical maps and geospatial datasets. This platform supports researchers, historians, and planners by providing tools for exploring past landscapes and changes over time.",Companies|Data,False,False,2025-12-09T15:08:14.309Z,2025-12-09T15:08:14.711Z
cmiubzujz00h8w1719lcx46wn,Peel Region Data Portal,peel-region-data-portal,https://geospatialcatalog.com/peel-region-data-portal,http://opendata.peelregion.ca/,"An authoritative open data portal offering diverse datasets and visual tools for Peel Region, Canada.","This portal serves as a central hub for accessing comprehensive data pertaining to the Peel Region in Canada. Users can explore and download information on critical topics such as demographics, population trends, housing, economic activity, and regional operations. The platform also provides visual tools and reports to facilitate data analysis and understanding.",Data|Tooling,False,False,2025-12-06T13:29:55.538Z,2025-12-06T13:30:23.388Z
cmiuc3a1z00x8w171ow4e38ek,PennDOT Open Data,penndot-open-data,https://geospatialcatalog.com/penndot-open-data,https://data-pennshare.opendata.arcgis.com/,The PennShare Open Data Site provides access to Pennsylvania's published GIS data.,"This portal offers comprehensive GIS data from the Pennsylvania Department of Transportation (PennDOT). Users can map, style, chart, download, and share various datasets related to the state's transportation infrastructure and assets.",Data,False,False,2025-12-06T13:29:55.538Z,2025-12-06T13:33:03.427Z
cmiuc1t2w00mpw171s3r0hvun,Pennsylvania Spatial Data Access,pennsylvania-spatial-data-access,https://geospatialcatalog.com/pennsylvania-spatial-data-access,http://www.pasda.psu.edu/,A comprehensive geospatial data portal for the Commonwealth of Pennsylvania.,"Pennsylvania Spatial Data Access (PASDA) serves as the official geospatial data clearinghouse for the Commonwealth of Pennsylvania. It provides access to a wide array of geographic information system (GIS) data, including base map themes, orthoimagery, and environmental datasets from various state agencies. The platform facilitates data discovery and download for researchers, government agencies, and the public.",Data,False,False,2025-12-06T13:29:55.538Z,2025-12-06T13:31:56.860Z
cmiubzj7800f1w171g12oso3t,Pennsylvania State Data Center,pennsylvania-state-data-center,https://geospatialcatalog.com/pennsylvania-state-data-center,https://pasdc.hbg.psu.edu/,Making federal census and socioeconomic data accessible and useful for Pennsylvania decision-makers.,"The Pennsylvania State Data Center (PASDC) serves as the official source of demographic and socioeconomic data for the Commonwealth of Pennsylvania. It partners with the U.S. Census Bureau to provide local access to federal statistics, assisting users with information acquisition, data evaluation, and interpretation.",Data,False,False,2025-12-06T13:29:55.538Z,2025-12-06T13:30:10.535Z
cmj1au6ak000204l5sn7ryl05,Perry-Castañeda Library Map Collection,perry-castaneda-library-map-collection,https://geospatialcatalog.com/perry-castaneda-library-map-collection,https://maps.lib.utexas.edu/maps,The University of Texas at Austin's extensive map collection provides a vast resource for geographic research and historical study.,"The Perry-Castañeda Library Map Collection at the University of Texas at Austin houses a comprehensive array of maps, atlases, and geospatial data. It serves as a significant resource for students, researchers, and the public, offering access to diverse cartographic materials for various academic and historical purposes.",Data,False,False,2025-12-12T10:20:28.875Z,2025-12-12T10:20:28.880Z
cmiuc0d8100low171xvo527fi,Placekey,placekey,https://geospatialcatalog.com/placekey,https://www.placekey.io/,Solve Address Matching with a Free Universal Location ID,"Placekey is a universal place identifier trusted by organizations, businesses, and geospatial scientists to easily represent and unify location data. It is built with developers in mind to facilitate the joining and combining of geospatial data from diverse sources, leading to more comprehensive insights.",Companies|Data|Tooling,False,False,2025-12-06T13:29:55.538Z,2025-12-06T13:30:47.634Z
cmiygzi11000104jjnmh8caap,Planet Education and Research Program,planet-education-and-research-program,https://geospatialcatalog.com/planet-education-and-research-program,https://www.planet.com/industries/education-and-research/,"The Planet Education and Research Program offers university-affiliated students and researchers limited, non-commercial access to PlanetScope and RapidEye imagery.","This program provides university-affiliated students, faculty, and researchers with limited, non-commercial access to PlanetScope and RapidEye satellite imagery. It enables the study of global change, forest dynamics, urban growth, and agricultural yields using daily, high-resolution data for academic projects.",Data,False,False,2025-12-09T11:02:09.259Z,2025-12-09T11:02:09.746Z
cmiuc2qm600t5w171du8nwiym,POI Factory,poi-factory,https://geospatialcatalog.com/poi-factory,http://www.poi-factory.com/,A community for sharing free GPS Points of Interest (POI) files and discussing related topics.,"POI Factory has been a friendly online community since 2006, where users can share and discuss GPS files. The website provides access to over 1,000,000 free POI locations, covering a wide array of categories from retail and dining to outdoor activities and attractions. It serves as a valuable resource for GPS users looking to enhance their navigation with custom datasets.",Data|Tooling,False,False,2025-12-06T13:29:55.538Z,2025-12-06T13:32:40.146Z
cmiuc041q00jaw171grgu7m85,Polar View,polar-view,https://geospatialcatalog.com/polar-view,http://www.polarview.aq/index.php/antarctic,A website about Polar View and related services in the Antarctic region.,"This platform provides access to a variety of geospatial datasets focusing on the Antarctic. It serves as a central hub for researchers and users to explore and download critical environmental data, including satellite imagery and ice-related products. The service aims to support monitoring and analysis of the dynamic polar environment.",Data,False,False,2025-12-06T13:29:55.538Z,2025-12-06T13:30:37.607Z
cmiuc32tn00viw171g2f19vnf,Population Density Maps,population-density-maps,https://geospatialcatalog.com/population-density-maps,https://dataforgood.fb.com/tools/population-density-maps/,Access detailed population density maps for humanitarian and development efforts.,"This platform provides detailed population density maps, likely derived from Facebook's extensive user data and AI analysis. These maps are invaluable for researchers, humanitarian organizations, and development agencies to understand population distribution and density across various regions. The data supports critical decision-making in disaster response, public health initiatives, and infrastructure planning.",Data|Tooling,False,False,2025-12-06T13:29:55.538Z,2025-12-06T13:32:53.915Z
cmiubzqes00gbw171b6rzkot5,"Poseidon 3D Seismic, Australia",poseidon-3d-seismic-australia,https://geospatialcatalog.com/poseidon-3d-seismic-australia,https://registry.opendata.aws/tgs-opendata-poseidon/,"A 3D seismic dataset for oil and gas exploration in Australia, openly available on AWS.","This dataset provides near, mid, far, and full stack (with AGC) imaged 3D seismic data, along with a decimated stacking velocity field. Covering approximately 2,900 km2, it is primarily used in oil and gas exploration within Australia. The data is converted to open-source MDIO format and hosted on AWS S3, licensed under CC BY 4.0.",Data,False,False,2025-12-06T13:29:55.538Z,2025-12-06T13:30:20.107Z
cmiubzcz800dnw1719wm7rikn,PRIO,prio,https://geospatialcatalog.com/prio,https://www.prio.org/Data/,Peace Research Institute Oslo (PRIO) provides public access to a diverse collection of research data and datasets.,"PRIO is dedicated to making its extensive research data publicly available for replication and further study. The platform offers a wide array of datasets derived from various PRIO projects and publications, covering critical global issues. These resources are invaluable for researchers and analysts in peace and conflict studies.",Data,False,False,2025-12-06T13:29:55.538Z,2025-12-06T13:30:00.576Z
cmiubzdof00duw17152uqyu5c,Proba-V-TerraNorte Forest Maps,proba-v-terranorte-forest-maps,https://geospatialcatalog.com/proba-v-terranorte-forest-maps,http://smiswww.iki.rssi.ru/default.aspx?page=356,Developing forest cover maps using Proba-V satellite data for environmental monitoring.,"This initiative by the Space Research Institute of the Russian Academy of Sciences focuses on satellite monitoring technologies. The project utilizes satellite imagery, such as that from Proba-V, to create detailed maps of forest cover. These maps are a key output of the Proba-V-TerraNorte project, contributing to environmental understanding.",Data,False,False,2025-12-06T13:29:55.538Z,2025-12-06T13:30:00.673Z
cmiuc2ve700uew171yhjmujdx,Protected Planet,protected-planet,https://geospatialcatalog.com/protected-planet,http://www.protectedplanet.net/,The most up-to-date and complete source of data on protected areas and other effective area-based conservation measures (OECMs).,"Protected Planet provides comprehensive and current data on protected areas and OECMs globally. It is updated monthly with submissions from governments, NGOs, landowners, and communities, offering vital information for conservation efforts. The platform showcases global statistics and allows exploration by regional, country, or individual area levels.",Data|Tooling,False,False,2025-12-06T13:29:55.538Z,2025-12-06T13:32:45.309Z
cmiuc38e500wpw171ns9hqehy,Puget Sound LIDAR Consortium,puget-sound-lidar-consortium,https://geospatialcatalog.com/puget-sound-lidar-consortium,http://pugetsoundlidar.ess.washington.edu/,"A historical portal for LiDAR data in the Puget Sound region, now largely superseded by newer resources.","The Puget Sound LIDAR Consortium (PSLC) website provides access to historical LiDAR data for the Puget Sound area. While no longer actively maintained, it served as an important early resource for researchers and the public. Users are now directed to the more current Washington Department of Natural Resources LiDAR portal for up-to-date information and data.",Data,False,False,2025-12-06T13:29:55.538Z,2025-12-06T13:33:03.197Z
cmiuc09me00ksw17148khvyo6,Queensland DDS Search (Unavailable),queensland-dds-search-unavailable,https://geospatialcatalog.com/queensland-dds-search-unavailable,http://dds.information.qld.gov.au/DDS/search.aspx,The Queensland Data Delivery Service search page is currently unavailable.,"This URL, intended for searching the Queensland Data Delivery Service, is currently returning an HTTP 404 Not Found error. The page cannot be accessed, suggesting it may have been removed, moved, or is temporarily offline.",Data,False,False,2025-12-06T13:29:55.538Z,2025-12-06T13:30:42.891Z
cmiuc2vbh00uaw1718ljip2a5,Rain over Africa,rain-over-africa,https://geospatialcatalog.com/rain-over-africa,https://registry.opendata.aws/roa/,Provides spaceborn precipitation estimates for Africa using deep learning and geostationary imagery.,"The Rain over Africa (RoA) dataset offers spaceborn precipitation estimates for Africa, derived from geostationary imagery using convolutional and quantile regression neural networks. It includes uncertainty estimates and is updated at most yearly, licensed under CC BY 4.0. This dataset is part of the Registry of Open Data on AWS, making it discoverable on AWS Data Exchange.",Data,False,False,2025-12-06T13:29:55.538Z,2026-01-05T11:14:01.333Z
cmiuc3c1000xgw171f6vf51hx,Randolph Glacier Inventory (RGI),randolph-glacier-inventory-rgi,https://geospatialcatalog.com/randolph-glacier-inventory-rgi,http://www.glims.org/RGI/,A globally complete inventory of glacier outlines for monitoring the world's changing glaciers.,"The Randolph Glacier Inventory (RGI) is a comprehensive dataset providing outlines of glaciers worldwide, excluding ice sheets. It serves as a snapshot of global glaciers, primarily targeting the year 2000, and is crucial for large-scale analyses of glacier volume and climate response. The RGI is a subset of the broader GLIMS initiative.",Data,False,False,2025-12-06T13:29:55.538Z,2025-12-06T13:33:07.836Z
cmjd06qtz000004l5t1mo4j42,RapidCrops,rapidcrops,https://geospatialcatalog.com/rapidcrops,https://source.coop/planet/rapidcrops,A pan-European label dataset providing harmonized crop type information for large-scale agricultural classification.,"RapidCrops offers 99 million agricultural parcel boundaries with harmonized crop type data across seven EU countries, spanning 5-7 years. The dataset is derived from the EU IACS programme and includes attributes to support machine learning workflows, particularly those leveraging Earth Observation data.",Data,False,False,2025-12-19T15:07:29.169Z,2025-12-19T15:07:29.491Z
cmiubzolj00fqw1713pkp3e4m,RarePlanes,rareplanes,https://geospatialcatalog.com/rareplanes,https://registry.opendata.aws/rareplanes/,A unique open-source machine learning dataset featuring real and synthetic satellite imagery for aircraft detection.,"RarePlanes is an open-source machine learning dataset from CosmiQ Works and AI.Reverie, designed to test the value of synthetic data in computer vision. It combines real Maxar WorldView-3 satellite imagery with synthetically generated data to enhance algorithms for automatic aircraft detection and attribute identification. This dataset is the largest openly available very high-resolution resource for synthetic data testing in an overhead perspective.",Data,False,False,2025-12-06T13:29:55.538Z,2025-12-06T13:30:17.583Z
cmiuc20gt00ntw171rbym6ozx,Regrid,regrid,https://geospatialcatalog.com/regrid,https://regrid.com/,Authoritative parcel data with boundaries across the U.S. & Canada.,"Regrid offers comprehensive, government-sourced parcel data for the United States and Canada, supporting confident decision-making across various sectors. The platform provides access to detailed land data, including parcel boundaries and associated property information. Users can leverage this data for real estate, urban planning, and other geospatial analysis needs.",Companies|Data|Tooling,False,False,2025-12-06T13:29:55.538Z,2025-12-06T13:32:06.487Z
cmiuc32re00vhw171c9d1wcc3,RGIS,rgis,https://geospatialcatalog.com/rgis,http://rgis.unm.edu/rgis6/,"Browse and access a vast collection of geospatial data for New Mexico, including rasters, vectors, and files.","RGIS, hosted by the University of New Mexico, serves as a comprehensive data portal for geographic information systems data focused on New Mexico. It provides access to a wide array of datasets categorized by themes such as agriculture, boundaries, climate, elevation, environment, and transportation. Users can search, browse, and download spatial data in various formats, often with associated metadata.",Data|Tooling,False,False,2025-12-06T13:29:55.538Z,2025-12-06T13:32:53.910Z
cmiuc2d4600q5w17114lv15nt,RIGIS,rigis,https://geospatialcatalog.com/rigis,https://www.rigis.org/,Rhode Island Geographic Information System (RIGIS) open GIS data distribution clearinghouse,"The Rhode Island Geographic Information System (RIGIS) operates as an open GIS data distribution clearinghouse for the state. It provides access to a diverse range of geographically-referenced datasets, covering essential topics such as transportation, infrastructure, and the environment, facilitating public access and analysis.",Data,False,False,2025-12-06T13:29:55.538Z,2025-12-06T13:32:20.703Z
cmiubzcz400dmw171bgfux451,Riverscapes Consortium,riverscapes-consortium,https://geospatialcatalog.com/riverscapes-consortium,https://www.riverscapes.net/,"Connecting individuals and building communities for healthy riverscapes through science, conservation, and restoration.","The Riverscapes Consortium is a collective of scientists, restoration practitioners, managers, and conservationists dedicated to addressing urgent riverscape challenges. It works to advance science, build community, develop tools, and distribute data to increase capacity and knowledge, inspiring action for improved riverscape health.",Data|Tooling,False,False,2025-12-06T13:29:55.538Z,2025-12-06T13:30:00.573Z
cmiuc2ca500puw17193m59y5m,RoadDetections,roaddetections,https://geospatialcatalog.com/roaddetections,https://github.com/microsoft/RoadDetections,"Microsoft offers a global dataset of road detections derived from Bing Maps aerial imagery, freely available for download.","This resource provides a comprehensive dataset of 54.2 million kilometers of roads detected worldwide using Microsoft Maps aerial imagery, including Maxar and Airbus sources. The data is openly accessible under the Open Data Commons Open Database License (ODbL), with plans to open-source the underlying AI model and geometry generation code in 2025.",Data|Open Source Software,False,False,2025-12-06T13:29:55.538Z,2025-12-06T13:32:20.560Z
cmiyjs86y000004jt5rg1b3jb,Rockd,rockd,https://geospatialcatalog.com/rockd,https://rockd.org/,Explore and document the geologic world with instant access to geological data and observation tools.,"rockd provides users with immediate access to geological information and a dashboard that summarizes key facts about their current location. It enables easy recording of geological observations, offering spatially informed suggestions for nearby units, time intervals, and fossils. Users can track their progress through the geologic record with summary statistics.",Data|Tooling,False,False,2025-12-09T12:20:39.292Z,2025-12-09T12:21:05.757Z
cmiubzyag00i0w1717qqdrmqz,Rulamahue.cl,rulamahuecl,https://geospatialcatalog.com/rulamahuecl,https://www.rulamahue.cl/,"An online atlas providing detailed maps of Chile's regions, provinces, and communes.","Rulamahue.cl hosts a comprehensive online atlas featuring maps and plans of Chile's administrative divisions. It offers geographical information for all regions, provinces, and communes, making the data available for sharing and reuse under a Creative Commons license. This resource is valuable for geographical research and educational purposes related to Chile.",Data,False,False,2025-12-06T13:29:55.538Z,2025-12-06T13:30:28.394Z
cmiuc01xe00iww171qvh93w07,SAGE,sage,https://geospatialcatalog.com/sage,https://sage.nelson.wisc.edu/,SAGE fosters interdisciplinary research on global environmental problems and human-environment interactions.,"The Center for Sustainability and the Global Environment (SAGE) at the University of Wisconsin-Madison conducts interdisciplinary research. It focuses on regional and global environmental problems, examining the complex interactions between environmental systems, natural resources, and human activities, while also providing data and models.",Data|Tooling,False,False,2025-12-06T13:29:55.538Z,2025-12-06T13:30:33.045Z
cmiubzfc500e1w171xgkc2w7u,Satellitemap.space,satellitemap-space,https://geospatialcatalog.com/satellitemap-space,https://satellitemap.space/,"Discover live positions of Starlink, SpaceX, Kuiper & GPS satellites with an interactive map.","This platform offers real-time tracking of Starlink, SpaceX, Kuiper, and GPS satellites using an interactive WebGL map. Users can explore live satellite positions, launch tables, and coverage information, with upcoming features like orbital decay predictions and satellite train tracking. It provides a comprehensive visualization of internet constellations and individual satellites.",Data|Tooling,False,False,2025-12-06T13:29:55.538Z,2026-01-07T08:50:07.246Z
cmiuc1ugi00mvw171ywn3mn11,Satlas Super Resolution,satlas-super-resolution,https://geospatialcatalog.com/satlas-super-resolution,https://github.com/allenai/satlas-super-resolution,"Provides open AI-generated global super-resolution geospatial imagery, updated frequently.","Satlas Super Resolution offers globally generated AI-enhanced imagery for 2023, aiming for high accuracy and frequent updates. This GitHub repository provides the training and inference code, data, and model weights for the super-resolution outputs. It supports the mission of Satlas to provide open, AI-generated geospatial data.",Data|Open Source Software|Tooling,False,False,2025-12-06T13:29:55.538Z,2025-12-06T13:31:58.493Z
cmiuc311n00utw171j4d2mrri,SatPM2.5,satpm25,https://geospatialcatalog.com/satpm25,https://registry.opendata.aws/surface-pm2-5-v6gl/,"Estimates global fine particulate matter (PM2.5) concentrations using a fusion of satellite, simulation, and monitor data.","SatPM2.5 provides comprehensive estimates of fine particulate matter (PM2.5) concentrations by integrating aerosol optical depth from multiple satellites (MODIS, VIIRS, MISR, SeaWiFS) with simulation models (GEOS-Chem) and ground-based measurements. This geophysical estimate is further refined through statistical fusion with direct PM2.5 measurements to explain most of the variance observed. The dataset is updated yearly and is available under a Creative Commons Attribution 4.0 International license.",Data,False,False,2025-12-06T13:29:55.538Z,2025-12-06T13:32:53.656Z
cmiuc027d00j5w171d06qshzb,SC DHEC GIS Hub,sc-dhec-gis-hub,https://geospatialcatalog.com/sc-dhec-gis-hub,https://sc-department-of-health-and-environmental-control-gis-sc-dhec.hub.arcgis.com/pages/data,A public platform for exploring and downloading open geospatial data from the SC Department of Health and Environmental Control.,"The SC DHEC GIS Hub serves as a public platform for accessing and downloading open geospatial data related to health and environmental control in South Carolina. It provides data categories such as water, air, coastal, land, and health, encouraging users to engage with important local issues. The hub also offers guidance on accessing Rest Services for more advanced data consumption.",Data,False,False,2025-12-06T13:29:55.538Z,2025-12-06T13:30:33.104Z
cmiuc04yi00jow171f2zwlwls,SCDNR GIS Open Data,scdnr-gis-open-data,https://geospatialcatalog.com/scdnr-gis-open-data,https://data-scdnr.opendata.arcgis.com/,A centralized hub for authoritative geospatial data and applications from the South Carolina Department of Natural Resources.,"This site provides access to a wide range of geospatial datasets, StoryMaps, and web applications from the South Carolina Department of Natural Resources. It features categorized data including Conservation, Water Resources, Geology, Marine Resources, and Imagery. Users can explore and download critical environmental and natural resource information for South Carolina.",Data|Tooling,False,False,2025-12-06T13:29:55.538Z,2025-12-06T13:30:37.737Z
cmiubztnv00gxw1714okiu5rw,SCDOT GIS Mapping,scdot-gis-mapping,https://geospatialcatalog.com/scdot-gis-mapping,http://info2.scdot.org/GISMapping/Pages/GIS.aspx,Provides downloadable GIS data for roadways and traffic counts in South Carolina.,"The South Carolina Department of Transportation (SCDOT) offers a dedicated portal for Geographic Information System (GIS) data. This resource provides free, downloadable datasets related to the state's transportation infrastructure, including detailed roadway networks and historical traffic count information. Users can access various years of traffic data in both line and point formats.",Data,False,False,2025-12-06T13:29:55.538Z,2025-12-06T13:30:23.246Z
cmiuc1t2v00mow171hr4yuesf,Sea Ice Today,sea-ice-today,https://geospatialcatalog.com/sea-ice-today,https://nsidc.org/sea-ice-today,Daily updates and analysis on Arctic and Antarctic sea ice conditions.,"This website provides daily updates and scientific analysis of Arctic and Antarctic sea ice conditions. It is a key resource from the National Snow and Ice Data Center (NSIDC) for monitoring changes in the cryosphere, offering critical insights into environmental shifts and climate change impacts.","Blogs, Newsletters, and Podcasts|Data",False,False,2025-12-06T13:29:55.538Z,2025-12-06T13:31:56.912Z
cmiuc1qwe00m6w171zn6z9znn,SensatUrban,sensaturban,https://geospatialcatalog.com/sensaturban,https://github.com/QingyongHu/SensatUrban,An urban-scale point cloud dataset for semantic segmentation research with billions of annotated points.,"SensatUrban is a large-scale photogrammetric point cloud dataset designed for urban semantic segmentation research. It features nearly three billion richly annotated points, covering approximately 6 km² across two UK cities. This dataset provides essential benchmarks and challenges for advancing 3D point cloud analysis and deep learning applications.",Data,False,False,2025-12-06T13:29:55.538Z,2025-12-06T13:31:53.988Z
cmiuc2ohf00spw171fjabw0ft,Sentinel-1,sentinel-1,https://geospatialcatalog.com/sentinel-1,https://registry.opendata.aws/sentinel-1/,"Access the global Sentinel-1 GRD archive, converted to cloud-optimized GeoTIFF format, freely available on AWS.","This resource provides access to the global Sentinel-1 GRD archive, encompassing data from its inception to the present. The data is converted into cloud-optimized GeoTIFF format, making it readily available for various applications. It supports diverse use cases, including land and sea monitoring, emergency response for environmental disasters, and economic applications.",Data,False,False,2025-12-06T13:29:55.538Z,2025-12-06T13:32:35.594Z
cmiuc2k0w00rlw171dvuun19r,Sentinel-1 Backscatter Imagery,sentinel-1-backscatter-imagery,https://geospatialcatalog.com/sentinel-1-backscatter-imagery,https://registry.opendata.aws/sentinel-1-rtc-indigo/,Analysis-ready Sentinel-1 C-band SAR imagery for environmental monitoring over the Contiguous United States.,"This dataset offers Radiometrically Terrain Corrected (RTC) Sentinel-1 C-band Synthetic Aperture Radar (SAR) imagery, processed from original Ground Range Detected (GRD) scenes. It provides analysis-ready data, suitable for environmental monitoring, available over the Contiguous United States (CONUS) since 2017. The data is managed by Indigo Ag, Inc. and targets daily updates.",Data,False,False,2025-12-06T13:29:55.538Z,2025-12-06T13:32:30.633Z
cmiuc20i900nuw1717l66sm2l,Sentinel-2,sentinel-2,https://geospatialcatalog.com/sentinel-2,https://registry.opendata.aws/sentinel-2/,"Access high-resolution optical imagery from the Sentinel-2 mission, freely available on the Registry of Open Data on AWS.","This AWS registry provides free and open access to Sentinel-2 satellite imagery, a land monitoring mission offering high-resolution optical data globally every five days. It includes both L1C and L2A data, regularly updated within hours of availability. The data supports various ongoing studies and applications.",Data,False,False,2025-12-06T13:29:55.538Z,2025-12-06T13:32:06.541Z
cmiuc07yc00k9w171epqo6zyf,Sentinel-2 Cloud-Optimized GeoTIFFs,sentinel-2-cloud-optimized-geotiffs,https://geospatialcatalog.com/sentinel-2-cloud-optimized-geotiffs,https://registry.opendata.aws/sentinel-2-l2a-cogs/,Cloud-optimized Sentinel-2 satellite imagery for land monitoring and Earth observation on AWS.,"This dataset provides Sentinel-2 Level-2A satellite imagery in Cloud-Optimized GeoTIFF (COG) format, offering high-resolution optical data for land monitoring. It includes global coverage with frequent updates, accessible via AWS, and is accompanied by SpatioTemporal Asset Catalog (STAC) metadata, making it easily discoverable and usable for various geospatial applications.",Data,False,False,2025-12-06T13:29:55.538Z,2025-12-06T13:30:42.665Z
cmiuc2jxa00riw171w9shehvh,SNIAmb,sniamb,https://geospatialcatalog.com/sniamb,https://sniamb.apambiente.pt/,Portugal's National Environmental Information System for data access and geographic visualization.,"SNIAmb (Sistema Nacional de Informação do Ambiente) is Portugal's National Environmental Information System. It provides structured access to a wide array of environmental data and offers geographic visualization tools across various thematic areas, supporting environmental management and public consultation processes.",Data|Tooling,False,False,2025-12-06T13:29:55.538Z,2025-12-06T13:32:30.632Z
cmiubzyls00i9w171zspd4s3p,Snow Data Assimilation System (SNODAS),snow-data-assimilation-system-snodas,https://geospatialcatalog.com/snow-data-assimilation-system-snodas,https://nsidc.org/data/g02158/versions/1#anchor-0,Provides comprehensive snow data products from the National Snow and Ice Data Center (NSIDC).,"This resource offers access to Snow Data Assimilation System (SNODAS) data products, managed by the National Snow and Ice Data Center (NSIDC). SNODAS provides crucial information on snow cover, depth, and water equivalent, essential for cryospheric and hydrological research.",Data,False,False,2025-12-06T13:29:55.538Z,2025-12-06T13:30:28.446Z
cmj1aqi2t000004jvpwzrgykj,Soar Atlas,soar-atlas,https://geospatialcatalog.com/soar-atlas,https://soaratlas.com/discover,A platform for discovering and accessing global geospatial data.,"Soar Atlas provides a centralized platform for users to explore and access a wide array of geospatial datasets. It aims to simplify the discovery process for various types of imagery and spatial information, making complex data more readily available.",Companies|Data,False,False,2025-12-12T10:20:28.875Z,2025-12-12T10:20:28.880Z
cmiuc1t0p00mmw171i59l4lvj,SoilGrids,soilgrids,https://geospatialcatalog.com/soilgrids,http://soilgrids.org/,A global system for digital soil mapping providing detailed soil property data at 250m resolution.,"SoilGrids is a comprehensive web portal offering global digital soil maps at a 250-meter resolution. It provides detailed information on various soil properties, derived from a global compilation of soil profile data and environmental layers, making it a valuable resource for environmental analysis.",Data,False,False,2025-12-06T13:29:55.538Z,2025-12-06T13:31:56.841Z
cmiuc0dam00lpw171oaqfhja7,SpaceFromSpace,spacefromspace,https://geospatialcatalog.com/spacefromspace,https://spacefromspace.com/,"Browse free high-resolution satellite imagery, past and present, of spaceports, cities, and more worldwide.","SpaceFromSpace provides free access to high-resolution satellite imagery, featuring both current-day and historic declassified spy satellite images. The platform allows users to explore various global locations, including spaceports and cities, offering unique perspectives on inaccessible areas and environmental changes.",Data,False,False,2025-12-06T13:29:55.538Z,2025-12-06T13:30:47.644Z
cmiuc015g00imw171zn8p4c21,SRTM Tile Grabber,srtm-tile-grabber,https://geospatialcatalog.com/srtm-tile-grabber,https://dwtkns.com/srtm/,"An interactive web tool for identifying and accessing SRTM elevation data tiles, now pointing to external download sources.","The SRTM Tile Grabber was designed to facilitate the download of Shuttle Radar Topography Mission (SRTM) elevation data tiles. Although direct download links from this tool are no longer functional as of January 2021, it remains a valuable resource for identifying specific SRTM tile names. Users can still use the map to determine which 90-meter resolution GeoTIFF files to download from external mirrors like CGIAR's website.",Data|Tooling,False,False,2025-12-06T13:29:55.538Z,2025-12-06T13:30:32.930Z
cmiuc2kvr00rzw171o650m6kt,Stadt Wien Geodatenviewer,stadt-wien-geodatenviewer,https://geospatialcatalog.com/stadt-wien-geodatenviewer,http://www.wien.gv.at/stadtentwicklung/stadtvermessung/geodaten/viewer/geodatendownload.html,Provides free geobasic data for the entire Vienna city area through the Open Government Vienna (OGD) initiative.,"The Surveying and Geoinformation Department (MA 41) of the City of Vienna offers free geobasic data for the entire Vienna city area. This initiative, part of Open Government Vienna (OGD), makes essential geospatial information readily available to the public.",Data,False,False,2025-12-06T13:29:55.538Z,2025-12-06T13:32:30.794Z
cmiubzsw100gnw171o725v72m,State Cartographer's Office,state-cartographers-office,https://geospatialcatalog.com/state-cartographers-office,https://www.sco.wisc.edu/data/,"Find geospatial data for Wisconsin from various local, state, and federal sources.","The State Cartographer's Office (SCO) at UW–Madison serves as a primary resource for locating commonly-requested Wisconsin geospatial datasets. This platform helps users navigate the fragmented landscape of data availability, as Wisconsin currently lacks a single, statewide geospatial data download site. It connects users to various data categories from local, state, and federal sources.",Data,False,False,2025-12-06T13:29:55.538Z,2025-12-06T13:30:23.144Z
cmiuc2w4r00ujw17101pmqxyj,State of Alaska Geoportal,state-of-alaska-geoportal,https://geospatialcatalog.com/state-of-alaska-geoportal,https://gis.data.alaska.gov/,Alaska Geospatial Council ArcGIS Online Hub Site for open data and services.,"The Alaska Open Data Geoportal is a cooperative project coordinated by the Alaska Geospatial Office, providing access to a wide array of geospatial data and services. These resources are hosted by various public agencies across the state, fostering collaboration and data sharing.",Data|Tooling,False,False,2025-12-06T13:29:55.538Z,2025-12-06T13:32:45.368Z
cmiubzkse00fhw171s3vnwuuy,State of Idaho GIS Hub,state-of-idaho-gis-hub,https://geospatialcatalog.com/state-of-idaho-gis-hub,https://gis-idaho.hub.arcgis.com/,"Explore authoritative data, maps, applications, and tools from Idaho's State Agencies.","This hub provides access to authoritative geospatial data, maps, applications, and tools from Idaho's State Agencies. It serves as a central point for discovering datasets that contribute to the Idaho Spatial Data Infrastructure (Idaho SDI), facilitating exploration and utilization of state-level GIS resources.",Data|Tooling,False,False,2025-12-06T13:29:55.538Z,2025-12-06T13:30:10.755Z
cmiubzhsx00eqw1717jl1sa5r,State of Michigan,state-of-michigan,https://geospatialcatalog.com/state-of-michigan,https://gis-michigan.opendata.arcgis.com/,"A comprehensive open data portal for Michigan geospatial datasets, offering browse, search, and download capabilities.","This platform provides access to a wide array of Michigan geospatial datasets, allowing users to browse by category or search by keywords. It enables previewing and exploring attributes of datasets before downloading them in various formats like ESRI shapefile, spreadsheet, KML, or via API.",Data,False,False,2025-12-06T13:29:55.538Z,2025-12-06T13:30:08.148Z
cmiuc00e300ikw171nmi1qtff,State of South Dakota,state-of-south-dakota,https://geospatialcatalog.com/state-of-south-dakota,https://opendata2017-09-18t192802468z-sdbit.opendata.arcgis.com/,This site provides access to publicly available data for the State of South Dakota.,"The State of South Dakota Open Data site serves as a central hub for geospatial data and information. It offers public access to a variety of datasets, map galleries, and applications from various state departments. This platform facilitates data discovery and utilization for citizens, researchers, and government agencies.",Data,False,False,2025-12-06T13:29:55.538Z,2025-12-06T13:30:32.854Z
cmiuc2kt800ruw171tb28gsku,State of Tennessee GIS Data,state-of-tennessee-gis-data,https://geospatialcatalog.com/state-of-tennessee-gis-data,https://tn-tnmap.opendata.arcgis.com/,Providing public access to open geographic data from various Tennessee state agencies.,"The State of Tennessee offers a comprehensive open data portal for geographic information. Users can easily search for, preview, and download a wide array of GIS data contributed by various state agencies. This initiative promotes transparency and accessibility of valuable geospatial resources for public use.",Data,False,False,2025-12-06T13:29:55.538Z,2025-12-06T13:32:30.756Z
cmiubztnt00gww171ivxwvuau,Statistics Canada Road Network Files,statistics-canada-road-network-files,https://geospatialcatalog.com/statistics-canada-road-network-files,http://www12.statcan.gc.ca/census-recensement/2011/geo/RNF-FRR/index-eng.cfm,"Digital representations of Canada's national road network, including street names, types, directions, and address ranges.","These files provide digital representations of Canada's national road network, derived from the 2011 Census. They contain detailed attribute information like street names, types, directions, and address ranges, making them essential for various geospatial applications and analyses across Canada.",Data,False,False,2025-12-06T13:29:55.538Z,2025-12-06T13:30:23.239Z
cmiuc34s000vuw171tksarnjz,Statistics Finland,statistics-finland,https://geospatialcatalog.com/statistics-finland,https://www.stat.fi/org/avoindata/paikkatietoaineistot_en.html,"Statistics Finland provides open geographic data, primarily statistical areas and linked statistical information.","Statistics Finland offers open geographic data, mainly comprising statistical areas and associated statistical data. This page serves as a central hub for information regarding the contents, interfaces, and implementation instructions for their open geographic data resources. These datasets are an integral part of the national geographic information infrastructure of Finland.",Data,False,False,2025-12-06T13:29:55.538Z,2025-12-06T13:32:58.513Z
cmiuc05tz00jzw1714p0ll3bt,STRI Scientific Databases,stri-scientific-databases,https://geospatialcatalog.com/stri-scientific-databases,https://stri.si.edu/research-computing/databases,Access extensive scientific databases curated by the Smithsonian Tropical Research Institute for tropical ecosystems research.,"The Smithsonian Tropical Research Institute (STRI) offers access to a variety of scientific databases, supporting research into tropical biodiversity and ecosystems. These resources are vital for scientists studying the unique environments of the tropics, particularly in Panama.",Data,False,False,2025-12-06T13:29:55.538Z,2025-12-06T13:30:37.862Z
cmjr0fuia000004la415s0q92,swissALTI3D,swissalti3d,https://geospatialcatalog.com/swissalti3d,https://www.swisstopo.admin.ch/en/height-model-swissalti3d,An extremely precise digital elevation model describing the surface of Switzerland without vegetation and development.,"swissALTI3D is a highly accurate digital elevation model that captures the surface of Switzerland, excluding vegetation and development. It provides foundational height data for various applications and is updated every six years to maintain its precision.",Data,False,False,2025-12-29T10:23:19.935Z,2025-12-29T10:23:20.623Z
cmiubzosd00fxw171rj3du51z,swisstopo,swisstopo,https://geospatialcatalog.com/swisstopo,https://www.swisstopo.admin.ch/en/geodata-and-applications,"Provides comprehensive geodata and applications for Switzerland, including digital maps, imagery, and 3D models.","swisstopo is the national mapping agency of Switzerland, offering a wide array of geospatial data products and services. These include various digital maps, aerial and satellite imagery, landscape and height models, and specialized geological and aeronautical maps. The organization also develops and maintains geodetic software to support surveying and mapping needs.",Data|Tooling,False,False,2025-12-06T13:29:55.538Z,2025-12-06T13:30:17.698Z
cmiubzfc500e2w1713q040bxz,TACO,taco,https://geospatialcatalog.com/taco,http://tacodataset.org/,"A large-scale trash dataset for computer vision, enabling AI to detect and combat litter.","The TACO dataset addresses the critical need for annotated images to train deep learning models for trash detection. It aims to advance AI applications in environmental monitoring, such as drone-based trash surveying and robotic litter collection, by providing a comprehensive and continually updated collection of segmented trash images.",Data|Open Source Software,False,False,2025-12-06T13:29:55.538Z,2025-12-06T13:30:05.581Z
cmiuc377600wjw171dl0hrtcr,TanDEM-X Science Server,tandem-x-science-server,https://geospatialcatalog.com/tandem-x-science-server,https://tandemx-science.dlr.de/,Providing access to global TanDEM-X Synthetic Aperture Radar data for scientific research.,The TanDEM-X Science Server offers researchers and scientists access to high-resolution Synthetic Aperture Radar (SAR) data and Digital Elevation Models (DEMs) derived from the TanDEM-X mission. This platform supports a wide range of scientific applications by providing crucial geospatial information for Earth observation.,Data,False,False,2025-12-06T13:29:55.538Z,2025-12-06T13:32:58.824Z
cmiuc06fu00k2w171vq1pn73e,TCCON Data Archive,tccon-data-archive,https://geospatialcatalog.com/tccon-data-archive,https://tccondata.org/,A global network providing precise column-averaged abundances of atmospheric gases from ground-based Fourier Transform Spectrometers.,"This archive provides accurate and precise column-averaged abundances of various atmospheric gases like CO2, CH4, and H2O, retrieved from direct solar spectra recorded by the TCCON network. Data is publicly available in netCDF format, along with auxiliary information like averaging kernels and a priori profiles for research and analysis.",Data|Tooling,False,False,2025-12-06T13:29:55.538Z,2025-12-06T13:30:37.944Z
cmiuc1ui000n0w1711g21nsuz,Tech Blog,tech-blog,https://geospatialcatalog.com/tech-blog,https://tech.marksblogg.com/,"Benchmarks & Tips for Big Data, Hadoop, AWS, Google Cloud, PostgreSQL, Spark, Python & More...","This blog provides benchmarks and tips for working with big data, cloud platforms, and various geospatial datasets. It features in-depth analyses of large-scale open data, satellite imagery, and GIS software applications. The content covers a range of topics from data center locations to global building footprints and advanced imagery processing.","Blogs, Newsletters, and Podcasts|Data|Tooling",False,False,2025-12-06T13:29:55.538Z,2025-12-06T13:31:58.502Z
cmjd0e9ky000104l5violsvhl,TerraDrought,terradrought,https://geospatialcatalog.com/terradrought,https://terradrought.eu/index.html,TerraDrought provides near-real-time global drought monitoring and impact analysis.,"TerraDrought offers a comprehensive platform for global drought monitoring, delivering near-real-time insights by integrating forecasts, observations, and impact reports. It helps users anticipate risks and respond effectively to drought conditions worldwide, providing detailed analysis of drought intensity and societal impacts.",Data,False,False,2025-12-19T15:13:19.922Z,2025-12-19T15:13:20.383Z
cmiuc2om600srw1712cmf6uqa,The National Map - Data Delivery,the-national-map-data-delivery,https://geospatialcatalog.com/the-national-map-data-delivery,https://www.usgs.gov/core-science-systems/ngp/tnm-delivery/,Providing access to foundational geospatial data for the United States through The National Map.,"This official U.S. Geological Survey (USGS) page serves as a portal for data delivery from The National Map. It offers various types of geospatial information and mapping products for the United States, supporting diverse scientific research and public needs. Users can access foundational data for various applications.",Data,False,False,2025-12-06T13:29:55.538Z,2025-12-06T13:32:35.626Z
cmiubzd2w00drw171rop1ynqv,theLIST,thelist,https://geospatialcatalog.com/thelist,https://www.thelist.tas.gov.au/app/content/data,Sharing Tasmanian location based information,"The LIST (Land Information System Tasmania) provides a comprehensive portal for accessing location-based data and services across Tasmania, Australia. Users can explore and acquire various geospatial datasets, maps, and property information, supporting diverse applications from environmental management to urban planning. This platform serves as a central hub for government agencies, businesses, and the public to utilize authoritative spatial data.",Data|Tooling,False,False,2025-12-06T13:29:55.538Z,2025-12-06T13:30:00.658Z
cmiuc36gx00wew171c03iyz08,TIGER Data Products Guide,tiger-data-products-guide,https://geospatialcatalog.com/tiger-data-products-guide,https://www.census.gov/programs-surveys/geography/guidance/tiger-data-products-guide.html,Help determining which TIGER Product to use for geospatial and demographic analysis.,"This guide from the U.S. Census Bureau assists users in selecting the appropriate TIGER (Topologically Integrated Geographic Encoding and Referencing) data product for their needs. It details the various geographic data offerings, ensuring users can effectively leverage Census Bureau information for analysis and mapping initiatives.",Data,False,False,2025-12-06T13:29:55.538Z,2025-12-06T13:32:58.745Z
cmiuc395n00wuw171s92yk6cs,TNGIS,tngis,https://geospatialcatalog.com/tngis,https://www.tngis.org/,Tennessee's Geographic Data Clearinghouse.,"TNGIS serves as Tennessee's official geographic data clearinghouse, cataloging and sharing authoritative spatial data sources for the state. It provides a centralized hub for users to explore and access various geospatial datasets.",Data,False,False,2025-12-06T13:29:55.538Z,2025-12-06T13:33:03.283Z
cmiuc29g600pcw171gsx9y9ab,TNM Download v2,tnm-download-v2,https://geospatialcatalog.com/tnm-download-v2,https://apps.nationalmap.gov/downloader/,A simplified client for downloading geospatial products from The National Map.,"The TNM Download Client offers a user-friendly interface built on modern web technologies for accessing and downloading various products from The National Map. It streamlines the process of finding and acquiring geospatial data, including topographic maps and national boundary datasets.",Data|Tooling,False,False,2025-12-06T13:29:55.538Z,2025-12-06T13:32:17.143Z
cmiubzg5z00e7w171huz5dl3n,TNMap,tnmap,https://geospatialcatalog.com/tnmap,http://tnmap.tn.gov/,"The State of Tennessee's portal for comprehensive GIS data, applications, and services.","TNMap serves as a centralized hub for accessing downloadable GIS datasets, a variety of web applications, and data services for the state of Tennessee. Its primary goal is to support and serve the geospatial community within Tennessee by providing essential resources.",Data|Tooling,False,False,2025-12-06T13:29:55.538Z,2025-12-06T13:30:05.675Z
cmiubzpr700g7w171x4uegdsv,TOD Database,tod-database,https://geospatialcatalog.com/tod-database,http://toddata.cnt.org/,Provides economic and demographic information for transit-oriented development across U.S. metropolitan areas.,"The National TOD Database, a project by the Center for Transit-Oriented Development, offers economic and demographic data for existing and proposed fixed guideway transit stations in the U.S. It serves as a vital tool for planners, developers, government officials, and academics, providing detailed insights at multiple geographic levels.",Data|Tooling,False,False,2025-12-06T13:29:55.538Z,2025-12-06T13:30:17.845Z
cmiuc2mxr00s7w171hmo85x1e,Toporama,toporama,https://geospatialcatalog.com/toporama,http://atlas.gc.ca/toporama/en/index.html,"Natural Resources Canada provides Toporama, an online topographic map viewer.","Toporama, provided by Natural Resources Canada, offers an interactive topographic map viewer as part of The Atlas of Canada. It allows users to explore detailed topographic information for various regions within Canada, making it a valuable resource for geographic data and mapping.",Data|Tooling,False,False,2025-12-06T13:29:55.538Z,2025-12-06T13:32:35.385Z
cmiuc397f00wxw1718n4cjebx,Trainline EU Stations,trainline-eu-stations,https://geospatialcatalog.com/trainline-eu-stations,https://github.com/capitainetrain/stations,A GitHub repository providing a comprehensive list of train stations and their associated metadata.,"This open-source GitHub repository serves as a central hub for train station data. It includes extensive metadata for various stations, making it a valuable resource for developers and data analysts working with transportation information. The project encourages community contributions to maintain and expand the dataset.",Data|Open Source Software,False,False,2025-12-06T13:29:55.538Z,2025-12-06T13:33:03.301Z
cmiuc27fg00opw171xor8jell,Tsunamis,tsunamis,https://geospatialcatalog.com/tsunamis,http://www.ngdc.noaa.gov/hazard/tsu_db.shtml,NCEI provides a comprehensive historical database of tsunami events globally.,"NCEI and the World Data Service for Geophysics maintain the Global Historical Tsunami Database. This unique resource supports tsunami warning centers, engineers, oceanographers, seismologists, and the public by providing information on tsunami events from 2000 B.C. to the present across major oceans and seas.",Data,False,False,2025-12-06T13:29:55.538Z,2025-12-06T13:32:15.426Z
cmiuc29am00p7w1714ry6l0ym,TxDOT Open Data Portal,txdot-open-data-portal,https://geospatialcatalog.com/txdot-open-data-portal,https://gis-txdot.opendata.arcgis.com/,Texas Department of Transportation's gateway to GIS data.,"The TxDOT Open Data Portal provides access to a wide range of geospatial data from the Texas Department of Transportation. Users can explore, filter, and download GIS datasets related to transportation infrastructure, planning, safety, and more. This platform serves as a central hub for accessing crucial public data for analysis and projects.",Data,False,False,2025-12-06T13:29:55.538Z,2025-12-06T13:32:17.031Z
cmiuc31h800v2w171tn5z3f2v,TxGIO DataHub,txgio-datahub,https://geospatialcatalog.com/txgio-datahub,https://data.tnris.org/?pg=1&inc=24,A comprehensive data hub providing access to a wide range of Texas geospatial data and services.,"The TxGIO DataHub serves as a central repository for geospatial data pertaining to Texas. It offers various data categories including imagery, elevation, hydrography, and transportation, accessible through multiple delivery methods. Users can download, access external links, or order specific datasets.",Data,False,False,2025-12-06T13:29:55.538Z,2025-12-06T13:32:53.745Z
cmiubzkwq00fkw171v3isou58,U.S. Census Bureau Cartographic Boundary Files,us-census-bureau-cartographic-boundary-files,https://geospatialcatalog.com/us-census-bureau-cartographic-boundary-files,https://www.census.gov/geographies/mapping-files/time-series/geo/carto-boundary-file.html,Access U.S. Census Bureau cartographic boundary files in shapefile format for various years.,"This U.S. Census Bureau resource provides access to cartographic boundary files. These files are available in shapefile format, offering geographic data for the United States across different years. Users can download these datasets for mapping and analysis purposes.",Data,False,False,2025-12-06T13:29:55.538Z,2025-12-06T13:30:10.770Z
cmiubzc6w00dgw1719f1sslxa,U.S. Geological Survey Water Data,us-geological-survey-water-data,https://geospatialcatalog.com/us-geological-survey-water-data,https://www.usgs.gov/mission-areas/water-resources/data,Providing fundamental water information and datasets for economic well-being and effective resource management.,"The U.S. Geological Survey's Water Resources Mission Area offers essential water information and datasets. These resources are crucial for economic well-being, protecting life and property, and supporting effective management of water resources across the nation. The site lists discrete data releases and datasets produced during their science and research activities.",Data,False,False,2025-12-06T13:29:55.538Z,2025-12-06T13:30:00.465Z
cmiubzugt00h4w171f2xc1z6g,U.S. Office of Coast Survey,us-office-of-coast-survey,https://geospatialcatalog.com/us-office-of-coast-survey,http://www.charts.noaa.gov/?Disclaimer=noaa%21nos%40ocs%23mcd&Submit=Proceed+to+Chart+Downloader,"Official source for U.S. nautical charts, publications, and navigation updates from NOAA's Office of Coast Survey.","The U.S. Office of Coast Survey provides official nautical charts and related hydrographic products for safe navigation. This federal agency, part of NOAA and the U.S. Department of Commerce, offers various chart formats, publications like the Coast Pilot, and tools for mariners.",Data|Tooling,False,False,2025-12-06T13:29:55.538Z,2025-12-06T13:30:23.345Z
cmiubzgc000efw171ujb8najh,UCDP,ucdp,https://geospatialcatalog.com/ucdp,https://ucdp.uu.se/,Providing one of the most accurate and well-used data-sources on global armed conflicts since the 1970s.,"The Uppsala Conflict Data Program (UCDP) systematically records and defines ongoing violent conflicts globally. It offers one of the most accurate and widely used data sources on armed conflicts, with its definition becoming a standard for systematic conflict study.",Data,False,False,2025-12-06T13:29:55.538Z,2025-12-06T13:30:05.735Z
cmiubzh3c00elw171ig52l5it,UGRC,ugrc,https://geospatialcatalog.com/ugrc,https://gis.utah.gov/,Utah's map technology coordination office.,"The Utah Geospatial Resource Center (UGRC) aggregates and makes available important statewide data sets. It engages and advises on GIS implementations and best practices, and builds custom tools, services, and applications for all levels of government.",Data|Tooling,False,False,2025-12-06T13:29:55.538Z,2025-12-09T10:48:31.492Z
cmiuc1obi00lvw171sg2iezwn,UH Manoa Library GIS Data Guide,uh-manoa-library-gis-data-guide,https://geospatialcatalog.com/uh-manoa-library-gis-data-guide,https://guides.library.manoa.hawaii.edu/c.php?g=704413&p=5001341,"A comprehensive guide to GIS data resources, organized by geography, with a strong focus on Hawaiʻi and Pacific Islands.","This resource provides a curated list of GIS data sources, categorized geographically, primarily for Hawaiʻi and the broader Pacific Islands region. It includes links to state and county GIS portals, specialized datasets like bathymetry and climate data, and commercial imagery providers. The guide serves as a valuable starting point for researchers seeking geospatial information for these specific areas.",Data,False,False,2025-12-06T13:29:55.538Z,2025-12-06T13:31:50.727Z
cmiuc35lp00w1w1719gld1f17,UK Live Traffic Cameras,uk-live-traffic-cameras,https://geospatialcatalog.com/uk-live-traffic-cameras,https://uktraffic.live/,"Real-time monitoring of the UK’s 4,339 live traffic cameras.","This website offers real-time access to live traffic camera feeds across the United Kingdom. It centralizes data from thousands of cameras, providing current road conditions and traffic flow information. Users can view popular and most-viewed cameras to monitor specific routes.",Data,False,False,2025-12-06T13:29:55.538Z,2025-12-06T13:32:58.618Z
cmiuc0ccw00law171dc4lomm7,UK National Atmospheric Emissions Inventory,uk-national-atmospheric-emissions-inventory,https://geospatialcatalog.com/uk-national-atmospheric-emissions-inventory,https://naei.beis.gov.uk/,Providing comprehensive data on atmospheric emissions across the United Kingdom.,"The UK National Atmospheric Emissions Inventory (NAEI) is a key resource for tracking and reporting on atmospheric emissions within the UK. It compiles detailed data on various pollutants, supporting environmental policy development and research.",Data,False,False,2025-12-06T13:29:55.538Z,2025-12-06T13:30:47.487Z
cmiubzwud00hpw171bnw4taqf,UK Pollutant Deposition,uk-pollutant-deposition,https://geospatialcatalog.com/uk-pollutant-deposition,http://www.pollutantdeposition.ceh.ac.uk/,Provides UK information on atmospheric pollutant deposition and its environmental effects.,"This website offers comprehensive information on atmospheric pollutant deposition across the UK. It details the effects of poor air quality on human health and ecosystems, covering both wet and dry deposition processes. The site focuses on key components like sulphur, reactive nitrogen, and heavy metals, complementing other UK air quality resources.",Data,False,False,2025-12-06T13:29:55.538Z,2025-12-06T13:30:28.197Z
cmiubzd2e00dpw171hxn1m9jf,Umbra SAR Open Data,umbra-sar-open-data,https://geospatialcatalog.com/umbra-sar-open-data,https://registry.opendata.aws/umbra-open-data/,Umbra provides high-resolution Synthetic Aperture Radar (SAR) imagery as open data on AWS for diverse monitoring and analysis.,"This program offers high-resolution Synthetic Aperture Radar (SAR) imagery from Umbra satellites, with resolutions up to 16-cm. SAR data can penetrate clouds and darkness, making it ideal for continuous monitoring and change detection. The Open Data Program provides frequently updated time-series locations and a collection of global images for various applications.",Data,False,False,2025-12-06T13:29:55.538Z,2025-12-06T13:30:00.586Z
cmiubzfbu00e0w17100klfxlp,UMN Geospatial Data,umn-geospatial-data,https://geospatialcatalog.com/umn-geospatial-data,https://libguides.umn.edu/geospatialdata,A comprehensive guide to online GIS data and resources from the University of Minnesota Libraries.,"This guide from the University of Minnesota Libraries serves as a robust, though not exhaustive, resource for geospatial data. It aims to identify and provide access to a wide array of online GIS data and related resources, suitable for various research and learning needs. The collection encompasses both globally accessible and institutionally licensed datasets, covering diverse geographic scales and thematic areas.",Data,False,False,2025-12-06T13:29:55.538Z,2025-12-06T13:30:05.578Z
cmiuc04yz00jpw171s1d1bjfq,University of Alberta Library Geospatial,university-of-alberta-library-geospatial,https://geospatialcatalog.com/university-of-alberta-library-geospatial,https://guides.library.ualberta.ca/geospatial-data-and-maps/alberta,"A subject guide to geospatial data, GIS resources, and printed maps at the University of Alberta Library.","This guide provides access to geospatial data, GIS resources, and printed maps available through the University of Alberta Library. It specifically highlights free geospatial data for the province of Alberta, including provincial and NGO sources. The guide also covers broader topics like international and Canadian data, restricted spatial data, databases, and software.",Data|Tooling,False,False,2025-12-06T13:29:55.538Z,2025-12-06T13:30:37.740Z
cmiubzxmv00hxw171f6wot245,University of Nebraska–Lincoln SNR,university-of-nebraskalincoln-snr,https://geospatialcatalog.com/university-of-nebraskalincoln-snr,http://snr.unl.edu/data/geographygis/,A comprehensive repository of GIS data and online resources from the School of Natural Resources.,"This website serves as a central hub for geographic information system (GIS) data and online resources curated by the University of Nebraska–Lincoln's School of Natural Resources. It offers access to diverse datasets covering environmental, geological, and climate-related topics for research and public use, primarily focusing on Nebraska.",Data,False,False,2025-12-06T13:29:55.538Z,2025-12-06T13:30:28.313Z
cmiuc00e000iiw1715lclibak,UNR Libraries GIS Guide,unr-libraries-gis-guide,https://geospatialcatalog.com/unr-libraries-gis-guide,https://guides.library.unr.edu/c.php?g=185506&p=1225301,"A comprehensive guide to GIS data resources, offering access to local, governmental, and international datasets.","This page, part of the University of Nevada, Reno Libraries' GIS guide, provides a curated collection of links to various geospatial datasets. It features resources ranging from local Nevada county and city open data portals to broader Earth Sciences, Demographic, Economic, and Geocoding resources. The guide aims to assist users in locating diverse data for their GIS projects.",Data,False,False,2025-12-06T13:29:55.538Z,2025-12-06T13:30:32.850Z
cmiuc2hqc00r6w171q484gtqv,US Census Data on Planetary Computer,us-census-planetary-computer,https://geospatialcatalog.com/us-census-planetary-computer,https://planetarycomputer.microsoft.com/dataset/us-census,Provides access to comprehensive US Census demographic and geographic data hosted on Microsoft Planetary Computer.,"This resource offers access to detailed US Census demographic and geographic data, integrated within the Microsoft Planetary Computer ecosystem. Users can leverage this extensive dataset for various analytical tasks, including population studies, urban planning, and socio-economic research. The platform facilitates efficient data processing and analysis through its cloud-native capabilities.",Data,False,False,2025-12-07T14:31:15.987Z,2025-12-07T14:31:16.234Z
cmiubzpg000fyw171u70xljz7,US EPA Enterprise Data Catalog,us-epa-enterprise-data-catalog,https://geospatialcatalog.com/us-epa-enterprise-data-catalog,https://edg.epa.gov/metadata/catalog/main/home.page,"Gateway to environmental datasets and information from the US EPA, serving as a comprehensive data hub.","This platform serves as the central Environmental Dataset Gateway for the U.S. Environmental Protection Agency. It provides access to a wide array of environmental data, information, laws, and regulations, enabling users to find and utilize critical resources for environmental protection and research.",Data,False,False,2025-12-06T13:29:55.538Z,2025-12-06T13:30:17.720Z
cmiuc2cds00pyw1712wfxutc0,US Fish and Wildlife Service Open Data,us-fish-and-wildlife-service-open-data,https://geospatialcatalog.com/us-fish-and-wildlife-service-open-data,https://gis-fws.opendata.arcgis.com/,The official open data portal for the US Fish and Wildlife Service.,This is the official open data portal for the US Fish and Wildlife Service (FWS). It serves as a central source for authoritative and publicly shared geospatial content. The portal aims to provide data and information to support conservation efforts across the nation.,Data,False,False,2025-12-06T13:29:55.538Z,2025-12-06T13:32:20.571Z
cmk3vmkcf000004ifc27zdmtm,US Parcel Layer,us-parcel-layer,https://geospatialcatalog.com/us-parcel-layer,https://www.kaggle.com/datasets/landrecordsus/us-parcel-layer,A comprehensive dataset providing detailed property parcel boundaries and associated land information for the United States.,"This dataset offers extensive geospatial information on land parcels across the United States. It includes property boundaries, ownership details, and various land attributes, making it a valuable resource for real estate analysis, urban planning, and geographic research.",Data,False,False,2026-01-07T10:29:35.854Z,2026-01-07T10:29:36.252Z
cmiubzg7y00ebw1716wc9lddj,USAGov,usagov,https://geospatialcatalog.com/usagov,https://www.usa.gov/census-data,"Learn about the census, which happens every 10 years and counts every resident in the United States.","This official United States government website provides comprehensive information about the U.S. Census, a decennial count of every resident. It serves as a resource for understanding census data and offers guidance on how to search for specific data by state, county, or city.",Data,False,False,2025-12-06T13:29:55.538Z,2025-12-06T13:30:05.704Z
cmiuc02pp00j6w171yowo4d8t,USDA Forest Service FSGeodata Clearinghouse,usda-forest-service-fsgeodata-clearinghouse,https://geospatialcatalog.com/usda-forest-service-fsgeodata-clearinghouse,https://data.fs.usda.gov/geodata/,The USDA Forest Service FSGeodata Clearinghouse provides public access to a wide range of geospatial data and mapping products.,"This clearinghouse serves as a central repository for the U.S. Forest Service's geospatial data. It offers downloadable datasets, map services, and various raster and vector products relevant to forestry, land management, and environmental monitoring. Users can explore data related to forest conditions, land cover, hazards, and topographic features.",Data,False,False,2025-12-06T13:29:55.538Z,2025-12-06T13:30:33.168Z
cmiubzqes00gcw17155hjmwiv,USDA Geospatial Data Gateway,usda-geospatial-data-gateway,https://geospatialcatalog.com/usda-geospatial-data-gateway,https://gdg.sc.egov.usda.gov/,The official gateway for accessing geospatial data from the USDA Natural Resources Conservation Service.,"This platform provides users with access to a wide variety of geospatial datasets related to natural resources, managed by the USDA's Natural Resources Conservation Service (NRCS). It serves as a central hub for ordering and directly downloading critical environmental and agricultural data for the United States.",Data,False,False,2025-12-06T13:29:55.538Z,2025-12-06T13:30:20.116Z
cmiuc0dba00lqw171b6ubfw1a,USGS 3DEP LiDAR Point Clouds,usgs-3dep-lidar-point-clouds,https://geospatialcatalog.com/usgs-3dep-lidar-point-clouds,https://registry.opendata.aws/usgs-lidar/,Access the USGS 3D Elevation Program's LiDAR point cloud data hosted on AWS Open Data.,"This dataset provides access to the USGS 3D Elevation Program (3DEP) LiDAR point cloud data covering the conterminous United States, Hawaii, and U.S. territories. It offers two data realizations: public access Entwine Point Tiles (EPT) and Requester Pays access to the original Raw LAZ format. The data is periodically updated and available under a US Government Public Domain license.",Data|Tooling,False,False,2025-12-06T13:29:55.538Z,2025-12-06T13:30:47.650Z
cmiubzcw900dkw171r4pe4pjz,USGS FSU Coal Spatial Data,usgs-fsu-coal-spatial-data,https://geospatialcatalog.com/usgs-fsu-coal-spatial-data,http://pubs.usgs.gov/of/2001/ofr-01-104/fsucoal/html/data1.htm,"Provides downloadable spatial data and metadata for coal sample points, deposits, and basins from the former Soviet Union.","This USGS Open-File Report offers a directory of spatial data related to coal in the former Soviet Union. It includes datasets for coal sample points, coal deposits, and coal basins, derived from various geological surveys and compiled by the USGS. Data is available in multiple GIS and text formats for direct download.",Data,False,False,2025-12-06T13:29:55.538Z,2025-12-06T13:30:00.560Z
cmiuc042r00jcw171763fy76p,USGS Projects in Afghanistan,usgs-projects-in-afghanistan,https://geospatialcatalog.com/usgs-projects-in-afghanistan,http://afghanistan.cr.usgs.gov/geospatial-reference-datasets,Providing geospatial reference datasets and scientific research for Afghanistan.,"This USGS website serves as a hub for geospatial reference datasets and scientific project information related to Afghanistan. It details various science initiatives, including studies in biology, climate, geology, and natural hazards, offering foundational data for diverse applications.",Data,False,False,2025-12-06T13:29:55.538Z,2025-12-06T13:30:37.614Z
cmiuc06fx00k3w171w9cq7eet,USGSNAIPPlus,usgsnaipplus,https://geospatialcatalog.com/usgsnaipplus,https://imagery.nationalmap.gov/arcgis/rest/services/USGSNAIPPlus/ImageServer,The USGS NAIP Plus service provides high-resolution orthoimagery from NAIP and HRO for the conterminous United States.,"This service from The National Map offers National Agriculture Imagery Program (NAIP) and high-resolution orthoimagery (HRO). It combines visual attributes of aerial photographs with the spatial accuracy of maps, with resolutions varying from 6 inches to 1 meter. The imagery is available for free public domain downloads in JPEG 2000 format.",Data,False,False,2025-12-06T13:29:55.538Z,2025-12-06T13:30:37.941Z
cmiuc01y200iyw171udm24q1n,UTexas LibGuides: Texas GIS Data,utexas-libguides-texas-gis-data,https://geospatialcatalog.com/utexas-libguides-texas-gis-data,https://guides.lib.utexas.edu/sources-of-geospatial-data/texas-gis-data,A comprehensive guide to open data portals for state-level geospatial data covering all of Texas.,This resource from the University of Texas Libraries compiles open data portals offering a wide variety of geospatial datasets specifically for the state of Texas. It advises users to consider federal sources for complementary data and provides practical tips for managing large datasets in GIS software. The guide helps users efficiently locate and utilize Texas-specific geospatial information.,Data,False,False,2025-12-06T13:29:55.538Z,2025-12-06T13:30:33.054Z
cmiubzc5500dew171fhilu18q,Vermont Open Geodata Portal,vermont-open-geodata-portal,https://geospatialcatalog.com/vermont-open-geodata-portal,https://geodata.vermont.gov/,Your source for geospatial data,"The Vermont Open Geodata Portal serves as the official hub for geospatial data related to the state of Vermont. It provides a centralized repository for various datasets, making them accessible to the public, researchers, and government agencies. This portal facilitates data discovery and download for a wide range of geographic information system (GIS) applications.",Data,False,False,2025-12-06T13:29:55.538Z,2025-12-06T13:30:00.457Z
cmiubzknu00fcw171xg3h9c1p,VGIN Clearinghouse Data Downloads,vgin-clearinghouse-data-downloads,https://geospatialcatalog.com/vgin-clearinghouse-data-downloads,https://vgin.vdem.virginia.gov/pages/cl-data-download,The official hub for downloading geospatial data from the Virginia GIS Clearinghouse.,"This platform serves as the central access point for users to acquire a wide array of geospatial data pertaining to the Commonwealth of Virginia. It functions as the main data download page for the Virginia Geographic Information Network (VGIN) Clearinghouse, providing structured access to various datasets.",Data,False,False,2025-12-06T13:29:55.538Z,2025-12-06T13:30:10.732Z
cmiubzpkg00g5w1717es3p4ih,Virginia Geospatial Data Resources,virginia-geospatial-data-resources,https://geospatialcatalog.com/virginia-geospatial-data-resources,https://guides.lib.vt.edu/c.php?g=660137&p=4634747,A comprehensive guide to accessing geospatial data from local government entities across Virginia.,"This resource compiles links to geospatial data services offered by numerous counties and cities within Virginia. It provides direct access to open data portals, download pages, and contact information for GIS data. The guide is particularly useful for researchers, developers, and the public seeking authoritative local government spatial data.",Data,False,False,2025-12-06T13:29:55.538Z,2025-12-06T13:30:17.789Z
cmiuc29iw00pdw171ubhj9onf,Wake County Open Data,wake-county-open-data,https://geospatialcatalog.com/wake-county-open-data,http://data.wakegov.com,Wake County's official open data portal provides high-quality information and source data for public access.,"The Wake County Open Data portal serves as a central hub for various stakeholders to access high-quality information and source data. It enables users to search, filter, download, and utilize API access for a wide array of datasets. This platform supports informed decision-making for businesses, government agencies, non-profits, and citizens.",Data,False,False,2025-12-06T13:29:55.538Z,2025-12-06T13:32:17.196Z
cmiuc2mx600s5w171yr2jy5u5,Washington State Geospatial Open Data Portal,washington-state-geospatial-open-data-portal,https://geospatialcatalog.com/washington-state-geospatial-open-data-portal,https://geo.wa.gov/,Explore and access Washington State's comprehensive collection of geospatial open data and applications.,This portal provides a centralized hub for accessing geospatial open data and applications from various Washington State agencies. It aims to enhance government efficiency and responsiveness by making critical spatial information readily available to the public. Users can explore a wide array of datasets and interactive maps across diverse categories.,Data,False,False,2025-12-06T13:29:55.538Z,2025-12-06T13:32:35.383Z
cmiuc2du300qbw171yuumf75t,WaterIsotopes.org,waterisotopesorg,https://geospatialcatalog.com/waterisotopesorg,http://wateriso.utah.edu/waterisotopes/pages/data_access/da_main.html,Tools and products designed to help you use water isotopes in your work.,"This website provides a comprehensive resource for water isotope research and applications. It offers access to various data products, interactive tools, and archived information from scientific publications. The resources are designed to support researchers and professionals in utilizing stable water isotopes in their studies.",Data|Tooling,False,False,2025-12-06T13:29:55.538Z,2025-12-06T13:32:20.815Z
cmiuc0cgb00lfw1712zjufayt,Web Soil Survey,web-soil-survey,https://geospatialcatalog.com/web-soil-survey,http://websoilsurvey.nrcs.usda.gov/app/,Provides authoritative soil data and information produced by the National Cooperative Soil Survey.,"Operated by the USDA Natural Resources Conservation Service (NRCS), this platform offers access to the world's largest natural resource information system. It provides soil maps and data for over 95 percent of the nation’s counties, serving as the single authoritative source for soil survey information.",Data|Tooling,False,False,2025-12-06T13:29:55.538Z,2025-12-06T13:30:47.517Z
cmiuc3a0n00x6w171uynlfqz8,Who’s On First,whos-on-first,https://geospatialcatalog.com/whos-on-first,https://www.whosonfirst.org/,A global gazetteer providing stable identifiers and descriptive properties for places from continents to venues.,"Who’s On First is a comprehensive gazetteer containing over 26 million records of places worldwide, ranging from continents to individual venues. Each entry features a stable identifier and a rich set of descriptive properties. The project offers its data in various formats, including GeoJSON and SQLite, and provides an API for programmatic access.",Data|Open Source Software|Tooling,False,False,2025-12-06T13:29:55.538Z,2025-12-06T13:33:03.418Z
cmiuc1uf700msw1714qcnmggk,Wisconsin DNR Open Data Portal,wisconsin-dnr-open-data-portal,https://geospatialcatalog.com/wisconsin-dnr-open-data-portal,https://data-wi-dnr.opendata.arcgis.com/,"A free web resource for locating, viewing, and downloading geospatial data from the Wisconsin Department of Natural Resources.","This portal serves as a central hub for geographic information systems (GIS) data maintained by the Wisconsin Department of Natural Resources. Users can explore, view, and download a variety of datasets, documents, apps, and maps related to Wisconsin's natural resources. It aims to provide public access to critical environmental and land-related information for various applications.",Data|Tooling,False,False,2025-12-06T13:29:55.538Z,2025-12-06T13:31:58.466Z
cmiubzony00ftw171filps0p3,WisconsinView,wisconsinview,https://geospatialcatalog.com/wisconsinview,https://wisconsinview.org/,Coordinating remote sensing imagery access and use in Wisconsin since 2004.,WisconsinView serves as a central hub for accessing and utilizing remote sensing imagery and LiDAR data specifically for the state of Wisconsin. This initiative facilitates the discovery and download of valuable geospatial datasets through its partnership with GeoData@Wisconsin. It aims to support various applications by providing resources and educational content related to satellite information and remote sensing.,Data,False,False,2025-12-06T13:29:55.538Z,2025-12-09T10:48:10.450Z
cmiuc35pe00w7w1717du3qoeo,World database of large urban areas,world-database-of-large-urban-areas,https://geospatialcatalog.com/world-database-of-large-urban-areas,https://nordpil.com/resources/world-database-of-large-cities/index.html,Database of the world's largest cities with population history and locations from 1950-2005.,"This resource offers a comprehensive database of the world's largest urban areas, providing detailed information on their geographical locations and historical population trends from 1950 to 2005. The data is meticulously prepared using official UN statistics, ensuring accuracy and reliability for various analytical purposes. It is readily available for download in multiple formats, including those compatible with GIS software, Google Earth, and standard tabular formats, facilitating broad accessibility and integration into diverse projects.",Data,False,False,2025-12-06T13:29:55.538Z,2025-12-06T13:32:58.639Z
cmiuc1ugq00mww171gl4gom6c,WorldCereal,worldcereal,https://geospatialcatalog.com/worldcereal,https://esa-worldcereal.org/en,"An open, user-friendly, and customizable global crop mapping system supporting global food security.","WorldCereal is a research project funded by the European Space Agency, dedicated to providing a free, cloud-based processing system. This system generates high-resolution custom crop location and type products at both local and global scales. It aims to enhance food security through advanced geospatial data and analysis.",Data|Tooling,False,False,2025-12-06T13:29:55.538Z,2025-12-06T13:31:58.497Z
cmiuc2oph00svw171l9xf6kug,WorldClim,worldclim,https://geospatialcatalog.com/worldclim,http://www.worldclim.org/,"A global climate data repository providing maps, graphs, tables, and downloadable data.","WorldClim provides comprehensive global climate data, including monthly temperature, precipitation, and bioclimatic variables. This resource serves as a vital repository for researchers and practitioners in various fields. The data is available for download at different spatial resolutions.",Data,False,False,2025-12-06T13:29:55.538Z,2025-12-06T13:32:35.646Z
cmiuc022k00j3w17142maofd2,WOUDC,woudc,https://geospatialcatalog.com/woudc,http://www.woudc.org/,"Discover, visualize, and access a global archive of ground-based ozone and UV radiation data.","WOUDC operates as a World Meteorological Organization (WMO) data center, supporting the Global Atmosphere Watch (GAW) program. It provides a comprehensive global archive of ground-based ozone and UV radiation data, enabling users to discover, visualize, and access these critical environmental datasets. The center is managed by Environment and Climate Change Canada.",Data,False,False,2025-12-06T13:29:55.538Z,2025-12-06T13:30:33.091Z
cmiuc2gyr00r4w17185hpc6rz,WSDOT Geospatial Open Data Portal,wsdot-geospatial-open-data-portal,https://geospatialcatalog.com/wsdot-geospatial-open-data-portal,https://gisdata-wsdot.opendata.arcgis.com/,Washington State Department of Transportation’s geospatial open data site for viewing and downloading spatial data.,"This portal provides access to spatial data from the Washington State Department of Transportation (WSDOT). Users can explore, filter, and download various WSDOT spatial datasets, as well as access interactive and printable maps. It serves as a central hub for the state's transportation-related geospatial information.",Data,False,False,2025-12-06T13:29:55.538Z,2025-12-07T16:00:04.835Z
cmiuc2ses00tnw171u7p1glg2,WVGISTC,wvgistc,https://geospatialcatalog.com/wvgistc,https://wvgis.wvu.edu/data/data.php,West Virginia's central hub for discovering and accessing GIS data for the state.,"The West Virginia GIS Technical Center (WVGISTC) maintains a comprehensive GIS Data Clearinghouse. This platform serves as a central repository for geospatial data pertaining to West Virginia, enabling users to efficiently locate and access various datasets.",Data,False,False,2025-12-06T13:29:55.538Z,2025-12-06T13:32:40.345Z
cmiubzsxp00gtw171g4ll7qfx,WyoGISC,wyogisc,https://geospatialcatalog.com/wyogisc,http://www.uwyo.edu/wygisc/applications/index.html,Providing geospatial data and applications for the state of Wyoming.,"The Wyoming Geographic Information Science Center (WyoGISC) at the University of Wyoming serves as a central hub for geospatial data and various applications. It supports research, education, and public access to critical GIS resources for the region.",Data|Tooling,False,False,2025-12-06T13:29:55.538Z,2025-12-06T13:30:23.157Z
cmiuc3aru00xfw171zcoe39yf,YorkU LibGuides Geospatial Data,yorku-libguides-geospatial-data,https://geospatialcatalog.com/yorku-libguides-geospatial-data,https://researchguides.library.yorku.ca/c.php?g=679467&p=4793118,A research guide for accessing geospatial (GIS) data with a focus on Costa Rica at York University.,"This comprehensive research guide from York University Library provides detailed information and resources for locating and accessing geospatial (GIS) data. It specifically highlights datasets pertinent to Costa Rica, serving as an invaluable resource for students and researchers. The guide outlines various methods for searching, browsing by topic, and ordering geospatial data.",Data,False,False,2025-12-06T13:29:55.538Z,2025-12-06T13:33:03.505Z
