{"type": "FeatureCollection", "crs": {"type": "name", "properties": {"name": "urn:ogc:def:crs:OGC:1.3:CRS84"}}, "features": [{"type": "Feature", "properties": {"country": "Singapore", "objectid": 1, "flag_url": "https://moe-edugis.maps.arcgis.com/sharing/rest/content/items/34a78245cd504389b4637181afaee1ac/data"}, "geometry": {"type": "MultiPolygon", "coordinates": [[[[103.99054, 1.38329], [103.99795, 1.36986], [103.99414, 1.35528], [103.98497, 1.34416], [103.95997, 1.32084], [103.84192, 1.25903], [103.79831, 1.25944], [103.64692, 1.30465], [103.64095, 1.31834], [103.64331, 1.33139], [103.67108, 1.39319], [103.67775, 1.40361], [103.6844, 1.41111], [103.69914, 1.42361], [103.71359, 1.42945], [103.80414, 1.445], [103.8172, 1.44528], [103.82942, 1.44361], [103.84831, 1.43472], [103.87941, 1.41722], [103.89401, 1.4075], [103.96775, 1.38722], [103.99054, 1.38329]]]]}}, {"type": "Feature", "properties": {"country": "Brunei Darussalam", "objectid": 2, "flag_url": "https://moe-edugis.maps.arcgis.com/sharing/rest/content/items/4aada6ef8f17415eac88504170e961c4/data"}, "geometry": {"type": "MultiPolygon", "coordinates": [[[[115.01844, 4.89579], [114.98915, 4.84292], [114.97943, 4.83166], [114.9622, 4.82195], [114.94583, 4.81722], [114.91748, 4.81166], [114.90443, 4.81111], [114.87915, 4.81027], [114.86665, 4.80972], [114.85262, 4.80361], [114.78707, 4.74958], [114.77985, 4.73584], [114.77777, 4.72084], [114.77998, 4.70916], [114.78846, 4.69736], [114.81554, 4.58084], [114.82582, 4.49584], [114.82916, 4.47389], [114.83472, 4.44639], [114.84366, 4.43563], [114.85901, 4.43264], [114.86693, 4.35527], [114.80636, 4.14458], [114.79305, 4.12694], [114.70541, 4.05], [114.66998, 4.02972], [114.64999, 4.02222], [114.63804, 4.01819], [114.61949, 4.02166], [114.60943, 4.03084], [114.60845, 4.05569], [114.47554, 4.2], [114.39999, 4.25639], [114.32999, 4.32695], [114.32916, 4.34], [114.30901, 4.43319], [114.26389, 4.4975], [114.24609, 4.52166], [114.23581, 4.53194], [114.18831, 4.56694], [114.17998, 4.5725], [114.16499, 4.57777], [114.15332, 4.58], [114.09508, 4.59054], [114.10165, 4.59139], [114.13997, 4.59416], [114.16054, 4.59416], [114.1797, 4.59278], [114.19054, 4.59], [114.20305, 4.58166], [114.28692, 4.59236], [114.30081, 4.59555], [114.52026, 4.69111], [114.52916, 4.69584], [114.54498, 4.7075], [114.55525, 4.71778], [114.56415, 4.72945], [114.57999, 4.74777], [114.59275, 4.76222], [114.63388, 4.80305], [114.65525, 4.82277], [114.66609, 4.8325], [114.68553, 4.8475], [114.71693, 4.87139], [114.73665, 4.88584], [114.9136, 4.99639], [114.93137, 5.00584], [114.95416, 5.0175], [114.96361, 5.02166], [115.00943, 5.03722], [115.04026, 5.0475], [115.05137, 5.05027], [115.06915, 5.05305], [115.08221, 5.05222], [115.09804, 5.0475], [115.1036, 5.0391], [115.04165, 4.96889], [114.9897, 4.90472], [114.98206, 4.88972], [115.01844, 4.89579]]], [[[115.02913, 4.82021], [115.03547, 4.80694], [115.04998, 4.79834], [115.06165, 4.80305], [115.12469, 4.84944], [115.13359, 4.85764], [115.14578, 4.90324], [115.1922, 4.84916], [115.22304, 4.805], [115.26138, 4.68305], [115.28249, 4.61166], [115.28249, 4.59861], [115.27832, 4.58277], [115.27277, 4.57389], [115.2686, 4.56444], [115.26443, 4.54111], [115.27318, 4.45139], [115.27805, 4.43889], [115.28637, 4.42695], [115.30275, 4.41028], [115.3179, 4.39639], [115.34471, 4.36833], [115.35081, 4.36], [115.35665, 4.34931], [115.36026, 4.33264], [115.35207, 4.3175], [115.33985, 4.31166], [115.32055, 4.31555], [115.1136, 4.37416], [115.10235, 4.38055], [115.09636, 4.39139], [115.09027, 4.41334], [115.02943, 4.64584], [115.02665, 4.65666], [115.02054, 4.72444], [115.02083, 4.75334], [115.02913, 4.82021]]]]}}, {"type": "Feature", "properties": {"country": "Cambodia", "objectid": 3, "flag_url": "https://moe-edugis.maps.arcgis.com/sharing/rest/content/items/6fb0443f6151420eb8c12c78fecfffec/data"}, "geometry": {"type": "MultiPolygon", "coordinates": [[[[105.19175, 10.90612], [105.1008, 10.9543], [105.06108, 10.92027], [105.04995, 10.90694], [105.03892, 10.8817], [105.04914, 10.84389], [105.06108, 10.82361], [105.09372, 10.74653], [105.09415, 10.71319], [105.05997, 10.69347], [104.98261, 10.65347], [104.95441, 10.63125], [104.93914, 10.61195], [104.92969, 10.59361], [104.9183, 10.57695], [104.89443, 10.54416], [104.87788, 10.53042], [104.85053, 10.52139], [104.80107, 10.52], [104.77052, 10.52195], [104.73304, 10.525], [104.71547, 10.52848], [104.70168, 10.53118], [104.66983, 10.53694], [104.59483, 10.53271], [104.56623, 10.50181], [104.54857, 10.46521], [104.48775, 10.42277], [104.44533, 10.42274], [104.34607, 10.49277], [104.27636, 10.54333], [104.25129, 10.56618], [104.16385, 10.56166], [104.12775, 10.55777], [104.09372, 10.54777], [104.03247, 10.55944], [104.00496, 10.56694], [103.93107, 10.58819], [103.82706, 10.54542], [103.8047, 10.53133], [103.75855, 10.53195], [103.73635, 10.49597], [103.63499, 10.49021], [103.52165, 10.60445], [103.51608, 10.63805], [103.55857, 10.71333], [103.5883, 10.73111], [103.68439, 10.74056], [103.66615, 10.75611], [103.67635, 10.80055], [103.69315, 10.81235], [103.71734, 10.83666], [103.72191, 10.86611], [103.71942, 10.8875], [103.71191, 10.9125], [103.66665, 11.02777], [103.55565, 11.15535], [103.51011, 11.15903], [103.4758, 11.13194], [103.45164, 11.09583], [103.43413, 11.01916], [103.41164, 10.94389], [103.34886, 10.88472], [103.17345, 10.86555], [103.14972, 10.87416], [103.1297, 10.88305], [103.09602, 10.93444], [103.10441, 10.96], [103.11691, 11.11195], [103.11344, 11.15264], [103.09261, 11.20458], [103.10135, 11.34861], [103.07637, 11.4425], [103.02885, 11.54195], [102.97566, 11.52924], [102.96025, 11.54416], [102.97183, 11.56458], [102.983, 11.5821], [102.98386, 11.61745], [102.96968, 11.63658], [102.96538, 11.67236], [102.98926, 11.70305], [103.02097, 11.71998], [103.064, 11.70218], [103.07639, 11.71274], [103.0233, 11.72888], [103.00247, 11.72514], [102.99585, 11.72239], [102.97845, 11.71041], [102.96965, 11.73291], [102.95741, 11.75653], [102.9158, 11.796], [102.91441, 11.80333], [102.89588, 11.82677], [102.90694, 11.78741], [102.92996, 11.77], [102.95246, 11.74792], [102.9665, 11.71958], [102.95915, 11.68215], [102.9585, 11.65098], [102.96775, 11.59916], [102.95893, 11.57542], [102.93565, 11.59139], [102.91609, 11.63585], [102.92405, 11.65215], [102.91539, 11.74569], [102.90691, 11.76778], [102.89842, 11.77888], [102.88692, 11.78695], [102.84643, 11.83979], [102.71727, 12.16632], [102.71721, 12.19555], [102.74775, 12.37368], [102.78778, 12.41585], [102.77943, 12.45194], [102.63374, 12.60291], [102.57012, 12.64479], [102.5229, 12.65777], [102.5036, 12.68548], [102.5068, 12.73695], [102.52165, 12.7508], [102.52361, 12.75666], [102.53381, 12.7984], [102.49248, 12.97666], [102.41721, 13.11695], [102.39514, 13.16166], [102.34651, 13.28174], [102.3501, 13.29897], [102.35305, 13.31027], [102.35609, 13.37916], [102.35985, 13.49694], [102.3772, 13.57389], [102.39665, 13.56861], [102.43942, 13.56222], [102.46582, 13.56194], [102.54102, 13.57055], [102.56387, 13.58055], [102.59902, 13.61514], [102.56693, 13.64666], [102.56554, 13.68118], [102.62944, 13.71694], [102.72207, 13.765], [102.76276, 13.85083], [102.77555, 13.88861], [102.78471, 13.92347], [102.79525, 13.94139], [102.80942, 13.95555], [102.85804, 13.99305], [102.90248, 14.03666], [102.9397, 14.14569], [102.93539, 14.16861], [102.94087, 14.18354], [102.96277, 14.20639], [102.98484, 14.21125], [103.0238, 14.22798], [103.03633, 14.23815], [103.06374, 14.27243], [103.09465, 14.29113], [103.14388, 14.31722], [103.18386, 14.33055], [103.24426, 14.33529], [103.27388, 14.35347], [103.32833, 14.3584], [103.37901, 14.35743], [103.47123, 14.37361], [103.51318, 14.39944], [103.56456, 14.42305], [103.65915, 14.44777], [103.69373, 14.43854], [103.72276, 14.39027], [103.92221, 14.33916], [104.03603, 14.34784], [104.045, 14.35447], [104.05609, 14.35945], [104.12373, 14.38458], [104.28358, 14.40777], [104.42303, 14.37666], [104.45855, 14.36616], [104.47534, 14.35715], [104.55304, 14.36277], [104.58374, 14.36937], [104.6054, 14.39889], [104.64415, 14.42958], [104.80901, 14.44764], [104.88971, 14.41945], [104.91829, 14.40125], [104.97084, 14.39333], [105.00335, 14.37733], [105.00139, 14.34638], [104.99845, 14.31735], [105.00943, 14.28889], [105.04117, 14.23847], [105.08214, 14.21895], [105.12137, 14.23083], [105.14825, 14.24993], [105.1647, 14.3025], [105.19315, 14.34965], [105.2106, 14.34965], [105.20916, 14.28868], [105.28297, 14.17826], [105.37477, 14.10653], [105.4397, 14.11527], [105.49595, 14.13514], [105.55913, 14.16833], [105.73326, 14.11093], [105.78456, 14.07632], [105.79345, 14.03292], [105.80803, 14.01695], [105.8886, 13.95055], [105.91028, 13.93285], [105.9472, 13.92666], [106.05664, 13.93], [106.1111, 13.94583], [106.17422, 14.05861], [106.16763, 14.08139], [106.11943, 14.13527], [106.03456, 14.23687], [105.99623, 14.33166], [106.00082, 14.36722], [106.09985, 14.38138], [106.14013, 14.37847], [106.16949, 14.36583], [106.22193, 14.38166], [106.23942, 14.41361], [106.24721, 14.44819], [106.25193, 14.48888], [106.29028, 14.48136], [106.30526, 14.45972], [106.32263, 14.44847], [106.40874, 14.45805], [106.43221, 14.48555], [106.43137, 14.50805], [106.47456, 14.56416], [106.53449, 14.59739], [106.60081, 14.50945], [106.62886, 14.46597], [106.70333, 14.435], [106.75262, 14.40942], [106.76526, 14.38889], [106.80345, 14.34097], [106.85026, 14.30389], [107.11845, 14.40389], [107.16915, 14.43889], [107.23415, 14.49722], [107.2536, 14.53111], [107.34749, 14.59527], [107.47304, 14.64], [107.5466, 14.70862], [107.55331, 14.7018], [107.55845, 14.65708], [107.53325, 14.55014], [107.50444, 14.48222], [107.48082, 14.43555], [107.45672, 14.42222], [107.43226, 14.43504], [107.40915, 14.42027], [107.37545, 14.33735], [107.38915, 14.29243], [107.38471, 14.24055], [107.36068, 14.16472], [107.34408, 14.1284], [107.37053, 14.02042], [107.38305, 14.00458], [107.4735, 13.93171], [107.47026, 13.84139], [107.46419, 13.79436], [107.58859, 13.59527], [107.62925, 13.53804], [107.63638, 13.38166], [107.60646, 13.31134], [107.48332, 13.02055], [107.49248, 12.9525], [107.50943, 12.88416], [107.51971, 12.86416], [107.56318, 12.81083], [107.59305, 12.60388], [107.59526, 12.55445], [107.54991, 12.3593], [107.53415, 12.33861], [107.43894, 12.25454], [107.42339, 12.25349], [107.39777, 12.28777], [107.37831, 12.31277], [107.35373, 12.3318], [107.29637, 12.32277], [107.23859, 12.30361], [107.18997, 12.28722], [107.16276, 12.27375], [107.11081, 12.21583], [107.08194, 12.17777], [107.05275, 12.13944], [106.97471, 12.0825], [106.95584, 12.07472], [106.90735, 12.06465], [106.85694, 12.06722], [106.7892, 12.07346], [106.7471, 12.0], [106.72608, 11.97382], [106.69858, 11.96277], [106.62868, 11.97153], [106.44538, 11.98208], [106.41955, 11.97264], [106.42117, 11.96535], [106.46135, 11.885], [106.44858, 11.81722], [106.43774, 11.79361], [106.4483, 11.70972], [106.45821, 11.66586], [106.41719, 11.67611], [106.30305, 11.68174], [106.26865, 11.71777], [106.08316, 11.77305], [106.04337, 11.77625], [106.02226, 11.75985], [106.01428, 11.72055], [105.96128, 11.64479], [105.92636, 11.65194], [105.89817, 11.66736], [105.8751, 11.67042], [105.85315, 11.66195], [105.81644, 11.61745], [105.81907, 11.59401], [105.87865, 11.54895], [105.90012, 11.43534], [105.88304, 11.36416], [105.87114, 11.29674], [105.92996, 11.22027], [105.94858, 11.2025], [106.12645, 11.08677], [106.15552, 11.09389], [106.1894, 11.05368], [106.2124, 10.9725], [106.20903, 10.97009], [106.18663, 10.975], [106.15226, 10.96871], [106.14566, 10.91945], [106.17665, 10.87055], [106.20331, 10.77055], [106.0822, 10.80277], [105.95997, 10.8825], [105.85831, 10.91666], [105.78135, 11.02097], [105.74609, 11.0193], [105.72205, 11.01305], [105.69441, 10.99611], [105.63553, 10.97], [105.58853, 10.95971], [105.55469, 10.95305], [105.52776, 10.94722], [105.52429, 10.94576], [105.43094, 10.96576], [105.37219, 10.90055], [105.36191, 10.88069], [105.30025, 10.87555], [105.23385, 10.88972], [105.20609, 10.89944], [105.19175, 10.90612]]]]}}, {"type": "Feature", "properties": {"country": "Laos DR", "objectid": 4, "flag_url": "https://moe-edugis.maps.arcgis.com/sharing/rest/content/items/679ec579146740c9a9428c3254d3b69e/data"}, "geometry": {"type": "MultiPolygon", "coordinates": [[[[104.257, 17.88764], [104.23944, 17.93722], [104.21575, 17.98902], [104.19554, 18.015], [104.10179, 18.10944], [104.09194, 18.14638], [104.07193, 18.19972], [104.04693, 18.23833], [103.97615, 18.32687], [103.94067, 18.32666], [103.84248, 18.31111], [103.75943, 18.33777], [103.61922, 18.3884], [103.50776, 18.42166], [103.41748, 18.43444], [103.39722, 18.43499], [103.37137, 18.43111], [103.30109, 18.41903], [103.27638, 18.40222], [103.2422, 18.36541], [103.24109, 18.33903], [103.25665, 18.275], [103.14083, 18.16527], [103.12026, 18.14875], [103.06942, 18.12303], [103.06841, 18.02883], [103.04713, 17.99701], [103.01589, 17.97999], [102.97838, 17.99881], [102.94651, 18.00597], [102.8586, 17.97472], [102.84137, 17.96249], [102.73055, 17.88305], [102.68359, 17.82], [102.61068, 17.88673], [102.61276, 17.91861], [102.60422, 17.9468], [102.54415, 17.97166], [102.52333, 17.97333], [102.47249, 17.97055], [102.42374, 17.98194], [102.29915, 18.04764], [102.25776, 18.08777], [102.21332, 18.13833], [102.17998, 18.19096], [102.15706, 18.20423], [102.10822, 18.20945], [102.08939, 18.21498], [102.07083, 18.20833], [102.04776, 18.19166], [101.99942, 18.12749], [101.91067, 18.0368], [101.88505, 18.03139], [101.85081, 18.04416], [101.78415, 18.06354], [101.76194, 18.03833], [101.74165, 17.97277], [101.68915, 17.90583], [101.63609, 17.88958], [101.57721, 17.86006], [101.55971, 17.81384], [101.58106, 17.79735], [101.49722, 17.74346], [101.35582, 17.65722], [101.30971, 17.62472], [101.22717, 17.53135], [101.15971, 17.46075], [101.07575, 17.49985], [101.03345, 17.54124], [100.9879, 17.56153], [100.96305, 17.56555], [100.94131, 17.56434], [100.92216, 17.56895], [100.91123, 17.59945], [100.92415, 17.61916], [100.95345, 17.64972], [100.98845, 17.73207], [100.98439, 17.75014], [100.98055, 17.76305], [100.9897, 17.80611], [101.02881, 17.89798], [101.06318, 17.91458], [101.08721, 17.93014], [101.11374, 17.95708], [101.14334, 18.0225], [101.17082, 18.08722], [101.17665, 18.17527], [101.15457, 18.345], [101.09582, 18.37395], [101.08669, 18.38765], [101.059, 18.41861], [101.05783, 18.44159], [101.10699, 18.51875], [101.14722, 18.54055], [101.18012, 18.56014], [101.24109, 18.63764], [101.26797, 18.68458], [101.23693, 18.74138], [101.24971, 18.86888], [101.25395, 18.89479], [101.29998, 18.97583], [101.3186, 18.99638], [101.33956, 19.01069], [101.35346, 19.04437], [101.30582, 19.09277], [101.28998, 19.10611], [101.20247, 19.35388], [101.2011, 19.37458], [101.21585, 19.46149], [101.26436, 19.47437], [101.28513, 19.52055], [101.27908, 19.56625], [101.25929, 19.58569], [101.22511, 19.59438], [101.08611, 19.59027], [101.0636, 19.60527], [101.0322, 19.61916], [100.9586, 19.62138], [100.9122, 19.61972], [100.88388, 19.59833], [100.86748, 19.5775], [100.8522, 19.56], [100.8136, 19.52055], [100.77388, 19.48575], [100.75534, 19.50791], [100.7, 19.53361], [100.64088, 19.55062], [100.61303, 19.53819], [100.58495, 19.49397], [100.57895, 19.49346], [100.51639, 19.51889], [100.49088, 19.53777], [100.44554, 19.62777], [100.40756, 19.73855], [100.40499, 19.74903], [100.41124, 19.7718], [100.44609, 19.815], [100.4861, 19.85944], [100.50624, 19.87854], [100.55095, 20.01764], [100.57097, 20.09166], [100.58046, 20.15777], [100.57483, 20.16246], [100.52103, 20.14583], [100.45786, 20.18808], [100.41873, 20.23819], [100.38762, 20.30847], [100.37928, 20.33708], [100.35991, 20.36555], [100.34332, 20.38222], [100.3211, 20.39153], [100.28749, 20.39277], [100.26089, 20.38611], [100.2272, 20.35666], [100.16555, 20.29194], [100.10526, 20.30944], [100.09137, 20.34861], [100.11262, 20.37569], [100.12567, 20.40125], [100.14137, 20.48944], [100.14943, 20.54472], [100.17276, 20.62791], [100.20944, 20.69305], [100.25875, 20.74903], [100.29055, 20.77166], [100.37172, 20.82618], [100.44165, 20.81833], [100.4622, 20.81305], [100.49694, 20.80583], [100.5261, 20.80458], [100.56054, 20.81389], [100.60471, 20.83388], [100.61786, 20.84045], [100.64055, 20.86174], [100.64253, 20.88489], [100.61054, 20.88861], [100.57555, 20.87666], [100.54387, 20.86777], [100.52172, 20.87666], [100.52068, 20.95194], [100.54677, 21.02611], [100.57068, 21.03208], [100.60291, 21.03861], [100.62456, 21.05472], [100.67192, 21.12805], [100.69964, 21.18264], [100.70317, 21.2275], [100.72721, 21.30781], [100.77437, 21.30097], [100.81817, 21.29958], [100.83915, 21.3043], [100.86248, 21.31666], [101.00136, 21.39833], [101.10082, 21.46541], [101.1272, 21.49083], [101.16214, 21.53639], [101.14824, 21.57264], [101.18471, 21.55889], [101.26485, 21.37444], [101.24721, 21.33333], [101.23464, 21.25201], [101.2536, 21.21041], [101.29193, 21.17687], [101.33817, 21.18874], [101.38749, 21.22319], [101.50861, 21.2468], [101.57055, 21.24722], [101.60887, 21.23472], [101.67706, 21.19638], [101.70333, 21.175], [101.73256, 21.13949], [101.78595, 21.14451], [101.84526, 21.21611], [101.84952, 21.23954], [101.84845, 21.25346], [101.80651, 21.28555], [101.76866, 21.29291], [101.74095, 21.31389], [101.74331, 21.35777], [101.76054, 21.45333], [101.76749, 21.49666], [101.78166, 21.65346], [101.75235, 21.73207], [101.76526, 21.83445], [101.67276, 21.93333], [101.62713, 21.97041], [101.57444, 22.20916], [101.62595, 22.28069], [101.67547, 22.3884], [101.66193, 22.41153], [101.67095, 22.44333], [101.69136, 22.47222], [101.74151, 22.49777], [101.77352, 22.49993], [101.79999, 22.48944], [101.92526, 22.43735], [102.03096, 22.45485], [102.11485, 22.43298], [102.14075, 22.39628], [102.15374, 22.38472], [102.18012, 22.32611], [102.18491, 22.30041], [102.23831, 22.24249], [102.27742, 22.2159], [102.30484, 22.21014], [102.42276, 22.11569], [102.44803, 22.06694], [102.50178, 21.9668], [102.52665, 21.94777], [102.55525, 21.94055], [102.58554, 21.9368], [102.60443, 21.92847], [102.64722, 21.85305], [102.66165, 21.78681], [102.66054, 21.76055], [102.65415, 21.73485], [102.67519, 21.65854], [102.75401, 21.67069], [102.86136, 21.71833], [102.97055, 21.74514], [102.98741, 21.7127], [102.99081, 21.60694], [102.98747, 21.5743], [102.96902, 21.55555], [102.94443, 21.52861], [102.89068, 21.46611], [102.87692, 21.43014], [102.90498, 21.44027], [102.90471, 21.38194], [102.8886, 21.25222], [102.91907, 21.22888], [102.91444, 21.16805], [102.93727, 21.16333], [103.04207, 21.04597], [103.08805, 20.95555], [103.11782, 20.89361], [103.17713, 20.84388], [103.18909, 20.8442], [103.2186, 20.83027], [103.33527, 20.80555], [103.36021, 20.80214], [103.42499, 20.79389], [103.6054, 20.74027], [103.63735, 20.71791], [103.67332, 20.68152], [103.68705, 20.65958], [103.73838, 20.67096], [103.77138, 20.73722], [103.77887, 20.78445], [103.85665, 20.8525], [104.10395, 20.9759], [104.19443, 20.94333], [104.23027, 20.92888], [104.30623, 20.8943], [104.33069, 20.87708], [104.34422, 20.84315], [104.40942, 20.77833], [104.50193, 20.71222], [104.58817, 20.67264], [104.61442, 20.66514], [104.64189, 20.65235], [104.62997, 20.61861], [104.60054, 20.59027], [104.5161, 20.51722], [104.45444, 20.50445], [104.38151, 20.45458], [104.39374, 20.43527], [104.42054, 20.42416], [104.5204, 20.40708], [104.55275, 20.41423], [104.61546, 20.41604], [104.70902, 20.34153], [104.715, 20.31305], [104.84492, 20.22506], [104.93928, 20.18346], [104.98471, 20.09833], [104.97783, 20.00395], [104.96272, 19.98841], [104.89943, 19.97333], [104.84221, 19.93888], [104.7897, 19.89194], [104.79015, 19.86399], [104.82652, 19.86388], [104.84907, 19.84416], [104.832, 19.78743], [104.77026, 19.75695], [104.717, 19.74798], [104.67928, 19.70791], [104.66721, 19.68722], [104.65497, 19.64791], [104.64423, 19.61666], [104.56888, 19.60555], [104.51957, 19.60541], [104.44985, 19.64527], [104.42276, 19.66985], [104.24609, 19.70444], [104.22054, 19.70319], [104.15874, 19.68749], [104.14999, 19.68167], [104.14159, 19.66264], [104.08742, 19.6643], [104.05832, 19.68277], [104.03883, 19.69374], [104.02142, 19.66912], [104.03888, 19.62027], [104.05054, 19.59944], [104.07895, 19.56916], [104.10165, 19.55861], [104.10595, 19.52264], [104.10386, 19.47861], [104.04136, 19.41846], [103.97165, 19.39208], [103.87768, 19.30951], [104.00693, 19.2334], [104.06109, 19.23861], [104.17457, 19.19055], [104.22602, 19.14506], [104.22075, 19.11133], [104.27881, 19.1109], [104.53026, 18.97222], [104.54915, 18.94166], [104.57304, 18.90298], [104.67221, 18.83694], [104.74456, 18.79625], [104.93525, 18.74416], [105.02998, 18.72083], [105.10555, 18.69666], [105.1461, 18.67333], [105.19317, 18.63673], [105.19414, 18.61], [105.15027, 18.59874], [105.11525, 18.51764], [105.10387, 18.47027], [105.10873, 18.43798], [105.18332, 18.33445], [105.26707, 18.2525], [105.30852, 18.25615], [105.32583, 18.24277], [105.32193, 18.19668], [105.33221, 18.18611], [105.35734, 18.16819], [105.39998, 18.15756], [105.50444, 18.16833], [105.58221, 18.04861], [105.62725, 17.9875], [105.68193, 17.81445], [105.7543, 17.67041], [105.79554, 17.65333], [105.83284, 17.6402], [105.86081, 17.61861], [105.89221, 17.58444], [105.93193, 17.52916], [106.02138, 17.42611], [106.03915, 17.40666], [106.09013, 17.3568], [106.15138, 17.30472], [106.21165, 17.26166], [106.24866, 17.24645], [106.34082, 17.16916], [106.42054, 17.06472], [106.4342, 17.01136], [106.44123, 16.99249], [106.5202, 16.96735], [106.5611, 16.99694], [106.55525, 16.93805], [106.55525, 16.88874], [106.56067, 16.67743], [106.57527, 16.64222], [106.6847, 16.4593], [106.70221, 16.43972], [106.75665, 16.42034], [106.78249, 16.4325], [106.81387, 16.47305], [106.82916, 16.50666], [106.84338, 16.53235], [106.87512, 16.53687], [106.89526, 16.51777], [106.98387, 16.33722], [106.9872, 16.29972], [107.01055, 16.30736], [107.03055, 16.30638], [107.09389, 16.30082], [107.14722, 16.26334], [107.14861, 16.23308], [107.15207, 16.20583], [107.16512, 16.18374], [107.19165, 16.16083], [107.33762, 16.05611], [107.36249, 16.06277], [107.38247, 16.0675], [107.46082, 16.08048], [107.4753, 16.02734], [107.47582, 16.0225], [107.46361, 16.00389], [107.40194, 15.91847], [107.25555, 15.85847], [107.22929, 15.86639], [107.20395, 15.85895], [107.1763, 15.79035], [107.18304, 15.76542], [107.26305, 15.64778], [107.3611, 15.55639], [107.42025, 15.50334], [107.51749, 15.46833], [107.59636, 15.38389], [107.68471, 15.28861], [107.69525, 15.27083], [107.68471, 15.23472], [107.68158, 15.22648], [107.67025, 15.20527], [107.64055, 15.12805], [107.61582, 15.06361], [107.58679, 15.04555], [107.47331, 15.03583], [107.46804, 15.02319], [107.47998, 14.97145], [107.54012, 14.91889], [107.55165, 14.8475], [107.54943, 14.72445], [107.5466, 14.70862], [107.47304, 14.64], [107.34749, 14.59527], [107.2536, 14.53111], [107.23415, 14.49722], [107.16915, 14.43889], [107.11845, 14.40389], [106.85026, 14.30389], [106.80345, 14.34097], [106.76526, 14.38889], [106.75262, 14.40942], [106.70333, 14.435], [106.62886, 14.46597], [106.60081, 14.50945], [106.53449, 14.59739], [106.47456, 14.56416], [106.43137, 14.50805], [106.43221, 14.48555], [106.40874, 14.45805], [106.32263, 14.44847], [106.30526, 14.45972], [106.29028, 14.48136], [106.25193, 14.48888], [106.24721, 14.44819], [106.23942, 14.41361], [106.22193, 14.38166], [106.16949, 14.36583], [106.14013, 14.37847], [106.09985, 14.38138], [106.00082, 14.36722], [105.99623, 14.33166], [106.03456, 14.23687], [106.11943, 14.13527], [106.16763, 14.08139], [106.17422, 14.05861], [106.1111, 13.94583], [106.05664, 13.93], [105.9472, 13.92666], [105.91028, 13.93285], [105.8886, 13.95055], [105.80803, 14.01695], [105.79345, 14.03292], [105.78456, 14.07632], [105.73326, 14.11093], [105.55913, 14.16833], [105.49595, 14.13514], [105.4397, 14.11527], [105.37477, 14.10653], [105.28297, 14.17826], [105.20916, 14.28868], [105.2106, 14.34965], [105.22561, 14.34235], [105.29749, 14.36944], [105.37053, 14.40472], [105.44443, 14.45055], [105.49332, 14.50389], [105.51526, 14.53111], [105.5354, 14.56389], [105.53637, 14.60764], [105.52832, 14.64805], [105.51596, 14.81555], [105.54525, 14.85861], [105.56638, 14.88305], [105.57721, 14.91166], [105.59055, 15.00055], [105.52443, 15.07027], [105.47116, 15.11021], [105.4747, 15.17472], [105.53707, 15.39527], [105.56581, 15.40584], [105.58332, 15.41694], [105.59999, 15.43305], [105.60033, 15.43668], [105.60637, 15.47111], [105.63124, 15.58569], [105.63929, 15.63944], [105.63513, 15.66916], [105.60386, 15.72006], [105.55748, 15.74888], [105.50775, 15.76653], [105.4845, 15.76187], [105.44234, 15.76132], [105.40109, 15.80722], [105.38943, 15.82805], [105.34595, 15.92604], [105.37137, 15.97333], [105.38555, 15.98993], [105.42975, 16.00046], [105.42272, 16.00937], [105.30859, 16.03861], [105.27638, 16.04389], [105.24525, 16.04639], [105.22026, 16.05027], [105.18887, 16.05638], [105.08067, 16.095], [105.05748, 16.115], [105.04485, 16.13291], [105.02867, 16.17555], [105.02429, 16.22666], [105.0125, 16.25166], [104.99248, 16.27695], [104.97885, 16.28759], [104.96193, 16.29972], [104.90998, 16.34625], [104.74957, 16.52445], [104.74262, 16.56625], [104.75305, 16.63638], [104.76013, 16.65777], [104.76797, 16.69138], [104.76874, 16.72472], [104.76082, 16.75333], [104.74553, 16.91027], [104.74242, 16.94672], [104.73996, 16.97319], [104.74108, 17.01069], [104.74637, 17.03764], [104.77443, 17.09111], [104.79749, 17.13333], [104.80246, 17.15277], [104.80915, 17.19027], [104.81442, 17.24249], [104.8136, 17.28611], [104.80942, 17.36138], [104.80555, 17.38194], [104.79304, 17.40819], [104.71832, 17.50333], [104.69205, 17.52854], [104.64103, 17.55771], [104.46137, 17.6493], [104.41748, 17.70388], [104.40165, 17.72812], [104.33554, 17.82638], [104.28582, 17.84555], [104.26638, 17.865], [104.257, 17.88764]]]]}}, {"type": "Feature", "properties": {"country": "Philippines", "objectid": 5, "flag_url": "https://moe-edugis.maps.arcgis.com/sharing/rest/content/items/43e52d2c748540338f7accdd5e18dc5d/data"}, "geometry": {"type": "MultiPolygon", "coordinates": [[[[119.89258, 15.80113], [119.91304, 15.84069], [119.90915, 15.85611], [119.85747, 15.96292], [119.814, 15.95], [119.80775, 15.92576], [119.7729, 15.91889], [119.75277, 15.96042], [119.75776, 16.17416], [119.78566, 16.31846], [119.79136, 16.3325], [119.80136, 16.34694], [119.82415, 16.365], [119.88611, 16.39666], [119.92928, 16.38361], [119.93359, 16.36222], [119.93137, 16.33083], [119.91915, 16.29027], [119.93525, 16.24277], [120.01361, 16.18388], [120.09444, 16.11361], [120.09584, 16.10139], [120.1022, 16.07347], [120.12692, 16.05445], [120.15665, 16.03611], [120.17859, 16.03305], [120.19832, 16.03055], [120.20276, 16.03055], [120.23499, 16.03388], [120.25861, 16.03861], [120.2811, 16.04611], [120.33805, 16.07555], [120.36859, 16.09361], [120.39583, 16.12055], [120.40359, 16.12972], [120.42192, 16.15583], [120.42609, 16.16912], [120.41887, 16.2075], [120.40637, 16.24277], [120.39111, 16.26403], [120.3672, 16.28472], [120.33971, 16.43], [120.31888, 16.57666], [120.31721, 16.63111], [120.37109, 16.85139], [120.3904, 16.86194], [120.39972, 16.87388], [120.44915, 16.96861], [120.45387, 16.98166], [120.45555, 16.995], [120.45665, 17.01139], [120.45526, 17.03638], [120.45247, 17.05472], [120.43137, 17.17777], [120.42694, 17.18804], [120.45624, 17.36055], [120.46054, 17.38972], [120.45999, 17.41166], [120.42694, 17.50972], [120.39221, 17.54097], [120.38011, 17.53323], [120.36762, 17.53097], [120.34665, 17.55583], [120.33859, 17.57166], [120.35748, 17.63944], [120.37248, 17.68027], [120.39499, 17.69222], [120.42221, 17.70805], [120.43997, 17.73249], [120.45833, 17.82347], [120.45027, 17.92916], [120.47998, 18.07861], [120.52138, 18.18888], [120.52638, 18.20194], [120.53442, 18.21333], [120.5611, 18.25361], [120.59526, 18.315], [120.60081, 18.33083], [120.60443, 18.37027], [120.60165, 18.39305], [120.59387, 18.42444], [120.58194, 18.45499], [120.57277, 18.46805], [120.5693, 18.48111], [120.57165, 18.49319], [120.58527, 18.51139], [120.63241, 18.5475], [120.66443, 18.53889], [120.67943, 18.53305], [120.70305, 18.52861], [120.71832, 18.52666], [120.73674, 18.52701], [120.75194, 18.53222], [120.76805, 18.54027], [120.78776, 18.55833], [120.87497, 18.61083], [120.9011, 18.57597], [120.91693, 18.56527], [120.93455, 18.55945], [120.95637, 18.56291], [120.97276, 18.57694], [120.98349, 18.58994], [120.99136, 18.59527], [121.02916, 18.60861], [121.10332, 18.62444], [121.12497, 18.62764], [121.15359, 18.62527], [121.17526, 18.61722], [121.20416, 18.60139], [121.23137, 18.58445], [121.25665, 18.56611], [121.37665, 18.49222], [121.58638, 18.38305], [121.63721, 18.36166], [121.80246, 18.30333], [121.84584, 18.28833], [121.8961, 18.27777], [121.93665, 18.26944], [121.94971, 18.26889], [121.96609, 18.27277], [122.00776, 18.28611], [122.02499, 18.29639], [122.11998, 18.37695], [122.13319, 18.43027], [122.13582, 18.44388], [122.15665, 18.50889], [122.16707, 18.51875], [122.22554, 18.52055], [122.23887, 18.515], [122.32472, 18.38041], [122.33055, 18.36111], [122.34248, 18.31055], [122.33693, 18.27611], [122.32165, 18.24847], [122.29498, 18.21166], [122.26389, 18.17444], [122.25499, 18.16861], [122.22776, 18.15666], [122.21944, 18.15083], [122.18915, 18.12027], [122.17318, 18.07514], [122.18221, 18.03944], [122.1933, 18.02555], [122.19609, 18.00389], [122.18442, 17.93416], [122.17249, 17.88638], [122.15498, 17.83166], [122.14652, 17.80166], [122.14583, 17.78305], [122.17025, 17.60722], [122.17331, 17.59389], [122.215, 17.46916], [122.24095, 17.39596], [122.25721, 17.36347], [122.29776, 17.34083], [122.31874, 17.33375], [122.34555, 17.34166], [122.42746, 17.26861], [122.41956, 17.15596], [122.43012, 17.13472], [122.45388, 17.12153], [122.48568, 17.11777], [122.49595, 17.12319], [122.50304, 17.13096], [122.52116, 17.13451], [122.53305, 17.10138], [122.51834, 17.04389], [122.46832, 16.88055], [122.42526, 16.78527], [122.30971, 16.56361], [122.29485, 16.54027], [122.27944, 16.5275], [122.25291, 16.51081], [122.20721, 16.43277], [122.20833, 16.42055], [122.21165, 16.41083], [122.22012, 16.39764], [122.23054, 16.39708], [122.22886, 16.3575], [122.21249, 16.26666], [122.20638, 16.23416], [122.19886, 16.22638], [122.15365, 16.179], [122.14115, 16.17166], [122.12497, 16.15683], [122.10481, 16.13766], [122.09165, 16.124], [122.09532, 16.11116], [122.05194, 16.06277], [122.04136, 16.0525], [122.00215, 16.02889], [121.9986, 16.04666], [122.00305, 16.05583], [122.01915, 16.08583], [122.02609, 16.09527], [122.03526, 16.10611], [122.06498, 16.14244], [122.08116, 16.15461], [122.09248, 16.16961], [122.11382, 16.20544], [122.13985, 16.25229], [122.09929, 16.26006], [122.07555, 16.23444], [122.07166, 16.22388], [122.06999, 16.20972], [122.02083, 16.17444], [121.97693, 16.14527], [121.95845, 16.13416], [121.78334, 16.065], [121.76194, 16.07569], [121.74332, 16.06805], [121.66956, 16.00639], [121.57805, 15.91805], [121.56331, 15.90305], [121.55609, 15.89166], [121.55275, 15.88083], [121.54999, 15.86222], [121.54832, 15.83777], [121.55137, 15.81361], [121.56137, 15.78084], [121.56833, 15.7675], [121.57582, 15.75555], [121.5868, 15.75111], [121.60679, 15.75778], [121.63742, 15.74847], [121.6436, 15.73166], [121.64305, 15.71305], [121.59972, 15.63555], [121.49525, 15.51833], [121.40596, 15.37985], [121.39541, 15.37472], [121.38443, 15.34888], [121.37886, 15.33222], [121.37637, 15.315], [121.38025, 15.3025], [121.40027, 15.25777], [121.41776, 15.22805], [121.43109, 15.20764], [121.45554, 15.19792], [121.48609, 15.17625], [121.54248, 15.02166], [121.57555, 14.91945], [121.58499, 14.88334], [121.58888, 14.87055], [121.60526, 14.81916], [121.62692, 14.79084], [121.63972, 14.77666], [121.69526, 14.69666], [121.61554, 14.66833], [121.60832, 14.65847], [121.60999, 14.62027], [121.61165, 14.6025], [121.64221, 14.4825], [121.67694, 14.38222], [121.71805, 14.34111], [121.72748, 14.32764], [121.76138, 14.23916], [121.76165, 14.22695], [121.75277, 14.20195], [121.74331, 14.19153], [121.73485, 14.18069], [121.73554, 14.16847], [121.7625, 14.13222], [121.76999, 14.12361], [121.91054, 14.00916], [121.9472, 13.98777], [121.95804, 13.98222], [122.00943, 13.95889], [122.0336, 13.94861], [122.10526, 13.92277], [122.14179, 13.915], [122.15971, 13.9175], [122.18997, 13.91361], [122.23332, 13.89722], [122.24694, 13.92305], [122.30316, 13.95985], [122.30832, 14.00083], [122.30942, 14.01527], [122.2661, 14.04834], [122.22665, 14.07583], [122.20603, 14.08285], [122.18221, 14.11195], [122.16805, 14.13583], [122.16512, 14.15132], [122.25679, 14.24], [122.27345, 14.24354], [122.27748, 14.22861], [122.27277, 14.21055], [122.26776, 14.20083], [122.26456, 14.18375], [122.26769, 14.12903], [122.30359, 14.10111], [122.31028, 14.1034], [122.3286, 14.10722], [122.3479, 14.11653], [122.35415, 14.135], [122.34152, 14.15333], [122.33665, 14.16597], [122.33499, 14.185], [122.33554, 14.19972], [122.36387, 14.24222], [122.38025, 14.25834], [122.45, 14.32111], [122.47331, 14.34055], [122.51583, 14.34472], [122.54165, 14.33583], [122.60555, 14.31333], [122.67804, 14.33777], [122.69386, 14.34], [122.71332, 14.33833], [122.7736, 14.31875], [122.84707, 14.27805], [122.86512, 14.26527], [122.92915, 14.19889], [123.03888, 14.06945], [123.09498, 13.96889], [123.09693, 13.88778], [123.08706, 13.87416], [123.07194, 13.86527], [123.06526, 13.84945], [123.05621, 13.81636], [123.05165, 13.7975], [123.04943, 13.77944], [123.05387, 13.77042], [123.09749, 13.74361], [123.11762, 13.7343], [123.12734, 13.71264], [123.1215, 13.69569], [123.09999, 13.6675], [123.13275, 13.70722], [123.2679, 13.74041], [123.31845, 13.7893], [123.3268, 13.80944], [123.32166, 13.83611], [123.29554, 13.92666], [123.26888, 13.94333], [123.2422, 13.96389], [123.23665, 13.97445], [123.22971, 14.00222], [123.28055, 14.0475], [123.34305, 14.08694], [123.3611, 14.08111], [123.39249, 14.02944], [123.41776, 13.98222], [123.4561, 13.96194], [123.57444, 13.91166], [123.68055, 13.8775], [123.92499, 13.78916], [123.97013, 13.75181], [123.97527, 13.73777], [123.97845, 13.71694], [123.97165, 13.70722], [123.80971, 13.68722], [123.78749, 13.69], [123.77443, 13.69277], [123.71775, 13.70639], [123.61775, 13.72277], [123.59679, 13.72333], [123.57999, 13.71833], [123.56985, 13.70653], [123.5522, 13.67389], [123.53513, 13.62416], [123.53317, 13.57125], [123.54195, 13.55815], [123.63485, 13.48805], [123.66805, 13.48055], [123.67762, 13.47527], [123.7043, 13.43819], [123.73415, 13.37], [123.75186, 13.32891], [123.78693, 13.30195], [123.81144, 13.2909], [123.8214, 13.27636], [123.81851, 13.25496], [123.83333, 13.24083], [123.82981, 13.25826], [123.84818, 13.2625], [123.86974, 13.23212], [123.85637, 13.22527], [123.83971, 13.22666], [123.82415, 13.23027], [123.81025, 13.23472], [123.79721, 13.23472], [123.78401, 13.23069], [123.77555, 13.22055], [123.76054, 13.18889], [123.75776, 13.17833], [123.75665, 13.16139], [123.75833, 13.08889], [123.76179, 13.06347], [123.77638, 13.05389], [123.78831, 13.04945], [123.80414, 13.04945], [123.83859, 13.08305], [123.86456, 13.11854], [123.86845, 13.135], [123.8797, 13.14042], [123.90055, 13.14069], [123.97805, 13.10639], [123.99582, 13.09527], [124.01361, 13.07305], [124.02332, 13.0575], [124.0336, 13.04555], [124.08179, 13.0091], [124.0929, 13.01403], [124.10081, 13.03166], [124.10471, 13.04861], [124.11109, 13.06153], [124.12706, 13.07145], [124.17735, 13.07292], [124.19095, 13.065], [124.19637, 13.05333], [124.19583, 13.03666], [124.19345, 13.01861], [124.15359, 12.96222], [124.12608, 12.90722], [124.15526, 12.855], [124.1586, 12.81], [124.14388, 12.70416], [124.13694, 12.66666], [124.09637, 12.55361], [124.08312, 12.54166], [124.03777, 12.53166], [124.01305, 12.5375], [123.99442, 12.54319], [123.97262, 12.55583], [123.87886, 12.65139], [123.86053, 12.69277], [123.85013, 12.72735], [123.84067, 12.82805], [123.86394, 12.8693], [123.88499, 12.86139], [123.90359, 12.85027], [123.93415, 12.84548], [124.01639, 12.87166], [124.02415, 12.87805], [124.0318, 12.88805], [124.04665, 12.92139], [124.04665, 12.93277], [124.03943, 12.94916], [124.02636, 12.96374], [123.89665, 12.97277], [123.88665, 12.96583], [123.8843, 12.93805], [123.85832, 12.89695], [123.82555, 12.87416], [123.8065, 12.86222], [123.72915, 12.85361], [123.63694, 12.88555], [123.58832, 12.90639], [123.50665, 12.96833], [123.49109, 12.98166], [123.45402, 13.02445], [123.42137, 13.04222], [123.40901, 13.04416], [123.37387, 13.0275], [123.35999, 13.01889], [123.34166, 13.01222], [123.32388, 13.00861], [123.30803, 13.03166], [123.29803, 13.05333], [123.29109, 13.11514], [123.2947, 13.14416], [123.31081, 13.17861], [123.24665, 13.29139], [123.20943, 13.37888], [123.20749, 13.4], [123.20151, 13.41798], [123.18471, 13.43805], [123.16748, 13.45111], [123.13652, 13.46819], [123.06694, 13.49888], [123.05304, 13.50472], [123.01471, 13.51527], [122.99971, 13.51861], [122.98499, 13.5175], [122.89263, 13.57458], [122.8404, 13.6225], [122.83276, 13.63834], [122.82999, 13.65055], [122.86345, 13.68347], [122.85555, 13.70722], [122.84027, 13.73305], [122.77582, 13.78694], [122.61415, 13.89166], [122.561, 13.93656], [122.52527, 13.92111], [122.50277, 13.84055], [122.48332, 13.70639], [122.48539, 13.69333], [122.50277, 13.64611], [122.57721, 13.53611], [122.60832, 13.49944], [122.62886, 13.47639], [122.65027, 13.44639], [122.66276, 13.42458], [122.66915, 13.40722], [122.68055, 13.37361], [122.7, 13.25166], [122.70247, 13.23195], [122.70179, 13.22153], [122.61998, 13.17], [122.60748, 13.16389], [122.59637, 13.16361], [122.58222, 13.16916], [122.56276, 13.18555], [122.52415, 13.23222], [122.5247, 13.28139], [122.52499, 13.30834], [122.52332, 13.3225], [122.51874, 13.34597], [122.49123, 13.40555], [122.40359, 13.51916], [122.33054, 13.58347], [122.31192, 13.59361], [122.26485, 13.60333], [122.24471, 13.59708], [122.20833, 13.60195], [122.17609, 13.67222], [122.1086, 13.76389], [122.06185, 13.77507], [121.90886, 13.85195], [121.83027, 13.89722], [121.82055, 13.905], [121.81638, 13.91445], [121.81755, 13.93777], [121.74992, 13.96479], [121.71846, 13.96569], [121.70193, 13.95916], [121.47415, 13.83472], [121.46485, 13.82486], [121.44359, 13.79], [121.43858, 13.77305], [121.43665, 13.7575], [121.38777, 13.66361], [121.36276, 13.65416], [121.33472, 13.63722], [121.27943, 13.59389], [121.23027, 13.62722], [121.18178, 13.64319], [121.16582, 13.64166], [121.13165, 13.63334], [121.05555, 13.66222], [121.06247, 13.71374], [121.04695, 13.755], [121.04055, 13.76305], [121.01999, 13.77374], [120.99485, 13.7818], [120.9747, 13.77389], [120.92886, 13.775], [120.91915, 13.85777], [120.91387, 13.875], [120.89833, 13.89277], [120.88889, 13.89916], [120.87944, 13.9025], [120.76389, 13.92945], [120.75026, 13.93222], [120.73943, 13.93236], [120.71666, 13.92527], [120.7061, 13.91555], [120.65915, 13.86111], [120.65805, 13.82945], [120.66721, 13.81139], [120.67692, 13.79042], [120.67484, 13.77847], [120.66242, 13.76889], [120.6254, 13.80916], [120.61947, 13.87677], [120.6172, 13.94555], [120.61943, 13.965], [120.60999, 14.11833], [120.57887, 14.1375], [120.58888, 14.21583], [120.59221, 14.23111], [120.62692, 14.26722], [120.64083, 14.27611], [120.65665, 14.28277], [120.66665, 14.2825], [120.67665, 14.28194], [120.7086, 14.28972], [120.75277, 14.31805], [120.76805, 14.32945], [120.83832, 14.39416], [120.90248, 14.45139], [120.9731, 14.4771], [120.98555, 14.49055], [120.99359, 14.51486], [120.99387, 14.53139], [120.99109, 14.54916], [120.96165, 14.62583], [120.95665, 14.63695], [120.94693, 14.65166], [120.93221, 14.67305], [120.9241, 14.68143], [120.90416, 14.70195], [120.88805, 14.7175], [120.83728, 14.76035], [120.7897, 14.75805], [120.77083, 14.75555], [120.75471, 14.75361], [120.68109, 14.76972], [120.61554, 14.80639], [120.56276, 14.82611], [120.54866, 14.82326], [120.5486, 14.72166], [120.55081, 14.71055], [120.55776, 14.69653], [120.57999, 14.65403], [120.61081, 14.51889], [120.6122, 14.50195], [120.61041, 14.48805], [120.60305, 14.46222], [120.5811, 14.43708], [120.55832, 14.42527], [120.54207, 14.42195], [120.49332, 14.42972], [120.45416, 14.44055], [120.3936, 14.45861], [120.38916, 14.47166], [120.38025, 14.50527], [120.37747, 14.52805], [120.31775, 14.62445], [120.30275, 14.63583], [120.25207, 14.68875], [120.24971, 14.69985], [120.25388, 14.73166], [120.25972, 14.76611], [120.27748, 14.77916], [120.29547, 14.80395], [120.24525, 14.84777], [120.21415, 14.8275], [120.21193, 14.81361], [120.20082, 14.77194], [120.19151, 14.75139], [120.18304, 14.74458], [120.15735, 14.74014], [120.13275, 14.75083], [120.12303, 14.7575], [120.08735, 14.78347], [120.05568, 14.88944], [120.05582, 14.93166], [120.05775, 14.95139], [120.06443, 14.98527], [120.06499, 15.02083], [120.06471, 15.04764], [120.05498, 15.09666], [120.03804, 15.16445], [120.0125, 15.26389], [120.00525, 15.27889], [119.965, 15.34583], [119.93915, 15.37972], [119.90929, 15.40284], [119.89943, 15.42555], [119.89777, 15.43638], [119.90151, 15.48042], [119.90596, 15.49111], [119.95555, 15.5225], [119.90834, 15.62277], [119.91998, 15.70527], [119.89258, 15.80113]]], [[[122.32916, 7.30834], [122.31999, 7.34], [122.30498, 7.33403], [122.29512, 7.325], [122.29026, 7.30805], [122.27277, 7.23027], [122.25749, 7.15722], [122.25166, 7.10722], [122.18665, 6.95014], [122.14999, 6.90528], [122.13136, 6.89111], [122.11998, 6.88861], [122.10471, 6.89027], [122.04359, 6.91222], [121.95749, 6.95111], [121.9472, 6.96], [121.94054, 6.96805], [121.9211, 6.99416], [121.89695, 7.07722], [121.90137, 7.14542], [121.91859, 7.17889], [121.92554, 7.19194], [121.93415, 7.2025], [122.03471, 7.32666], [122.02887, 7.3525], [122.05386, 7.43722], [122.07693, 7.50472], [122.09887, 7.53916], [122.12581, 7.56334], [122.13137, 7.64264], [122.12886, 7.67222], [122.12637, 7.68666], [122.11331, 7.7225], [122.10332, 7.72777], [122.1111, 7.77584], [122.14722, 7.84166], [122.2254, 7.96416], [122.26583, 7.99722], [122.29999, 8.01472], [122.33276, 8.03028], [122.35109, 8.03861], [122.44165, 8.06555], [122.46609, 8.07139], [122.47886, 8.07055], [122.48859, 8.06639], [122.50318, 8.0625], [122.77859, 8.11166], [122.79193, 8.11416], [122.81999, 8.11972], [122.90582, 8.14347], [122.92303, 8.15083], [122.99095, 8.20166], [122.99694, 8.22277], [122.98442, 8.33083], [122.98305, 8.41945], [123.02569, 8.48874], [123.06387, 8.5168], [123.17943, 8.53389], [123.19246, 8.53416], [123.21693, 8.525], [123.25916, 8.51278], [123.27443, 8.51166], [123.29082, 8.51445], [123.3047, 8.52305], [123.32222, 8.54583], [123.36943, 8.64222], [123.37929, 8.70597], [123.37859, 8.72527], [123.39444, 8.73111], [123.43414, 8.71735], [123.53082, 8.63111], [123.54889, 8.62038], [123.62165, 8.65834], [123.69304, 8.63305], [123.73055, 8.60222], [123.77721, 8.54708], [123.81805, 8.47695], [123.83582, 8.42861], [123.86638, 8.22722], [123.86805, 8.20333], [123.86887, 8.18083], [123.86637, 8.16042], [123.85027, 8.14], [123.77193, 8.06625], [123.75888, 8.05861], [123.73165, 8.04861], [123.71748, 8.04834], [123.70123, 8.0493], [123.68719, 8.04333], [123.67025, 8.03305], [123.65214, 8.01389], [123.65882, 8.00794], [123.6529, 7.97014], [123.6672, 7.95445], [123.68055, 7.95834], [123.68892, 7.96815], [123.7511, 8.00584], [123.77443, 8.02833], [123.78665, 8.04972], [123.84818, 8.10777], [123.96193, 8.17111], [124.01332, 8.19111], [124.02721, 8.195], [124.07471, 8.19333], [124.09984, 8.18916], [124.11832, 8.18527], [124.14583, 8.1825], [124.1711, 8.18694], [124.22401, 8.2125], [124.26082, 8.27361], [124.25665, 8.28805], [124.24541, 8.32307], [124.25499, 8.3375], [124.28082, 8.39389], [124.28442, 8.4075], [124.2861, 8.4175], [124.28526, 8.44055], [124.28054, 8.45944], [124.3261, 8.54722], [124.43221, 8.61527], [124.47832, 8.60833], [124.48996, 8.585], [124.54749, 8.53889], [124.57471, 8.52139], [124.67609, 8.47735], [124.70082, 8.47333], [124.70888, 8.47416], [124.71944, 8.47972], [124.72748, 8.48638], [124.7493, 8.51153], [124.76971, 8.5943], [124.76179, 8.63819], [124.74603, 8.64632], [124.73901, 8.66139], [124.73776, 8.67639], [124.73804, 8.69527], [124.76999, 8.7875], [124.78221, 8.90083], [124.77332, 8.95111], [124.77332, 8.97014], [124.78471, 8.98472], [124.80081, 8.99958], [124.81582, 9.00666], [124.88012, 9.01653], [124.96943, 8.95681], [125.02332, 8.90695], [125.03221, 8.88416], [125.07386, 8.82889], [125.09055, 8.82527], [125.11539, 8.82944], [125.14305, 8.84114], [125.15832, 8.84889], [125.27998, 8.99027], [125.42886, 8.97722], [125.44081, 8.97833], [125.45915, 8.98416], [125.47748, 8.99055], [125.51471, 9.00666], [125.51999, 9.01666], [125.5336, 9.05333], [125.53777, 9.06472], [125.53749, 9.08805], [125.53235, 9.19124], [125.5125, 9.27861], [125.5036, 9.30805], [125.4511, 9.46945], [125.40999, 9.59083], [125.3911, 9.64972], [125.39695, 9.71527], [125.40138, 9.74333], [125.40706, 9.7675], [125.44026, 9.80916], [125.45972, 9.80834], [125.5, 9.7925], [125.55498, 9.7625], [125.58305, 9.72416], [125.60817, 9.63416], [125.63638, 9.61194], [125.64665, 9.60555], [125.75, 9.56333], [125.76165, 9.55889], [125.78055, 9.55277], [125.83749, 9.54166], [125.92215, 9.48726], [125.93858, 9.44639], [125.90124, 9.4243], [125.90193, 9.4075], [126.01749, 9.26584], [126.05047, 9.23194], [126.11221, 9.25124], [126.12831, 9.26083], [126.1861, 9.24277], [126.1797, 9.20444], [126.16665, 9.10111], [126.18477, 9.07847], [126.23339, 9.03144], [126.23716, 9.01943], [126.22207, 9.0136], [126.22585, 8.99627], [126.23768, 8.99559], [126.25826, 8.99027], [126.27438, 8.98273], [126.29109, 8.97416], [126.30165, 8.96333], [126.30693, 8.95472], [126.32485, 8.91861], [126.33499, 8.8418], [126.32693, 8.82361], [126.30415, 8.78527], [126.29247, 8.77458], [126.19275, 8.69611], [126.14888, 8.66972], [126.10748, 8.64778], [126.09387, 8.63222], [126.08444, 8.60972], [126.12248, 8.5425], [126.12944, 8.535], [126.14415, 8.5275], [126.19886, 8.52083], [126.22055, 8.52], [126.23054, 8.52694], [126.21192, 8.53666], [126.22693, 8.55139], [126.36226, 8.54174], [126.39221, 8.5075], [126.3961, 8.46555], [126.37399, 8.39208], [126.35775, 8.36916], [126.34776, 8.36027], [126.3261, 8.23638], [126.39471, 8.20305], [126.41638, 8.22195], [126.44553, 8.24139], [126.46346, 8.23569], [126.46582, 8.22527], [126.44583, 8.11944], [126.4397, 8.11], [126.43525, 8.09861], [126.36255, 7.90385], [126.36581, 7.8825], [126.3797, 7.84527], [126.38874, 7.82861], [126.40471, 7.82584], [126.4222, 7.82458], [126.45471, 7.80777], [126.52304, 7.72861], [126.55194, 7.69222], [126.59275, 7.51611], [126.59636, 7.5], [126.59804, 7.48055], [126.59527, 7.44986], [126.58263, 7.44097], [126.55582, 7.39639], [126.55386, 7.35611], [126.5547, 7.30153], [126.56185, 7.29007], [126.58186, 7.28431], [126.55887, 7.19944], [126.45526, 7.05166], [126.34895, 7.00285], [126.32861, 6.99889], [126.31775, 6.98639], [126.28068, 6.92125], [126.28874, 6.89861], [126.29915, 6.88944], [126.3111, 6.88139], [126.32833, 6.86861], [126.34444, 6.85472], [126.34831, 6.80048], [126.32361, 6.79444], [126.31247, 6.79805], [126.30026, 6.80334], [126.28804, 6.8175], [126.28401, 6.83931], [126.27805, 6.87834], [126.2711, 6.90139], [126.26145, 6.92431], [126.2129, 6.9475], [126.20012, 6.94597], [126.1872, 6.93292], [126.16526, 6.88166], [126.17276, 6.86639], [126.19026, 6.83555], [126.20721, 6.81416], [126.21582, 6.80666], [126.22943, 6.79416], [126.24694, 6.77264], [126.25861, 6.75084], [126.24748, 6.70139], [126.23887, 6.68555], [126.22971, 6.67166], [126.22084, 6.63472], [126.21277, 6.42277], [126.20694, 6.32028], [126.19165, 6.27222], [126.18859, 6.3225], [126.18637, 6.33334], [126.17998, 6.34584], [126.14444, 6.39166], [126.10193, 6.47972], [126.08832, 6.51639], [126.08472, 6.52889], [126.06694, 6.64334], [126.07152, 6.66354], [126.08472, 6.69916], [126.09555, 6.73444], [126.07666, 6.84361], [126.06415, 6.85792], [126.0454, 6.86458], [126.02526, 6.86777], [126.00555, 6.885], [125.98831, 6.90584], [125.97762, 6.92153], [125.96999, 6.94847], [125.9736, 6.96639], [125.98082, 6.98527], [125.98706, 7.00264], [125.98221, 7.02055], [125.95972, 7.06111], [125.94331, 7.07444], [125.91388, 7.08695], [125.90498, 7.09527], [125.88735, 7.11736], [125.84109, 7.25139], [125.84137, 7.27222], [125.84833, 7.315], [125.85332, 7.33097], [125.85609, 7.34527], [125.85012, 7.35486], [125.83095, 7.36111], [125.80985, 7.36166], [125.75026, 7.32334], [125.72443, 7.30334], [125.6897, 7.27639], [125.65151, 7.23458], [125.64735, 7.20903], [125.65387, 7.18695], [125.66193, 7.15889], [125.65999, 7.12861], [125.65818, 7.11514], [125.65277, 7.10611], [125.64221, 7.09027], [125.60304, 7.04292], [125.57215, 7.03958], [125.54568, 7.04527], [125.52582, 7.03084], [125.48845, 6.97736], [125.49081, 6.94333], [125.49359, 6.92805], [125.47554, 6.89472], [125.43665, 6.84834], [125.39861, 6.80305], [125.39471, 6.79222], [125.37762, 6.72361], [125.38638, 6.61472], [125.39138, 6.59764], [125.44574, 6.58125], [125.45027, 6.59055], [125.49305, 6.56445], [125.59332, 6.47666], [125.68915, 6.255], [125.71193, 6.16944], [125.71138, 6.10361], [125.70276, 6.025], [125.68887, 5.97416], [125.68442, 5.95944], [125.66275, 5.91819], [125.62859, 5.86916], [125.60248, 5.85527], [125.5397, 5.7825], [125.51666, 5.74666], [125.50833, 5.73195], [125.48915, 5.69666], [125.4622, 5.64834], [125.42526, 5.58778], [125.40915, 5.56584], [125.40555, 5.56334], [125.39276, 5.55889], [125.37637, 5.55431], [125.31915, 5.56555], [125.28971, 5.57959], [125.29317, 5.60931], [125.30289, 5.62514], [125.30485, 5.63708], [125.28554, 5.68833], [125.27887, 5.69805], [125.27026, 5.70555], [125.22387, 5.74277], [125.19165, 5.76722], [125.17694, 5.83584], [125.21582, 5.87195], [125.25638, 5.91777], [125.28554, 5.97555], [125.28943, 6.00389], [125.27721, 6.06083], [125.26943, 6.08611], [125.25943, 6.09334], [125.17943, 6.10722], [125.15471, 6.10139], [125.15277, 6.09027], [125.0872, 5.87277], [125.07944, 5.86389], [125.06499, 5.85361], [125.03777, 5.85055], [124.95694, 5.85139], [124.84972, 5.88083], [124.83138, 5.88639], [124.71915, 5.93305], [124.52638, 6.01916], [124.39499, 6.09389], [124.37637, 6.10555], [124.36798, 6.11861], [124.32415, 6.11458], [124.26834, 6.15166], [124.18345, 6.21389], [124.06749, 6.37916], [124.04221, 6.43166], [124.03221, 6.495], [124.0361, 6.53139], [124.05971, 6.54416], [124.05109, 6.63361], [124.03554, 6.74084], [123.99165, 6.77361], [123.9804, 6.76542], [123.97055, 6.76889], [123.96054, 6.785], [123.94859, 6.82334], [123.96832, 6.92666], [123.97943, 6.97194], [123.99305, 7.02389], [124.00026, 7.03805], [124.0397, 7.10861], [124.05386, 7.13027], [124.07109, 7.14555], [124.08221, 7.14555], [124.10276, 7.14805], [124.11624, 7.15166], [124.15498, 7.17195], [124.16026, 7.18055], [124.2661, 7.36305], [124.2686, 7.37444], [124.24971, 7.40944], [124.23561, 7.41819], [124.20526, 7.40889], [124.17386, 7.40305], [124.16443, 7.40805], [124.13832, 7.43611], [124.13165, 7.45334], [124.12469, 7.48472], [124.11193, 7.52555], [124.02555, 7.635], [124.01194, 7.64861], [123.91944, 7.6875], [123.8836, 7.69569], [123.82304, 7.69833], [123.77443, 7.69916], [123.73873, 7.725], [123.7336, 7.73986], [123.73582, 7.76458], [123.71582, 7.78555], [123.69304, 7.80305], [123.67665, 7.8125], [123.61111, 7.82949], [123.60081, 7.835], [123.56789, 7.84903], [123.5397, 7.84805], [123.45888, 7.81055], [123.44942, 7.75528], [123.47775, 7.73597], [123.48442, 7.72416], [123.48276, 7.68277], [123.47387, 7.65361], [123.46887, 7.64166], [123.46082, 7.62819], [123.44775, 7.61833], [123.42533, 7.61076], [123.4086, 7.60972], [123.38889, 7.60583], [123.34248, 7.56861], [123.33472, 7.55777], [123.33859, 7.54722], [123.41068, 7.46778], [123.43775, 7.45027], [123.44846, 7.43792], [123.45568, 7.37236], [123.41304, 7.35611], [123.40305, 7.35639], [123.38443, 7.37111], [123.33249, 7.41403], [123.28929, 7.46084], [123.28526, 7.47334], [123.29636, 7.49124], [123.30637, 7.51764], [123.29914, 7.52569], [123.22887, 7.53431], [123.21638, 7.52722], [123.1879, 7.50472], [123.18525, 7.49445], [123.1931, 7.48063], [123.17318, 7.46361], [123.12497, 7.50389], [123.1111, 7.52], [123.10305, 7.54958], [123.1322, 7.57305], [123.16428, 7.5784], [123.18026, 7.57584], [123.19483, 7.58569], [123.19081, 7.60805], [123.13499, 7.70889], [123.11721, 7.72889], [123.0636, 7.67861], [123.04262, 7.65139], [123.03055, 7.62277], [123.03221, 7.59555], [123.03748, 7.58124], [123.02916, 7.5525], [123.00305, 7.47666], [122.99276, 7.45548], [122.95276, 7.47583], [122.87859, 7.46611], [122.84464, 7.43527], [122.81276, 7.43694], [122.78027, 7.47139], [122.78277, 7.68083], [122.79221, 7.6975], [122.79971, 7.70972], [122.81985, 7.71264], [122.81694, 7.73222], [122.80998, 7.74653], [122.78832, 7.76472], [122.71944, 7.78028], [122.65886, 7.78111], [122.62387, 7.77305], [122.54776, 7.73027], [122.51194, 7.68916], [122.50221, 7.67777], [122.44414, 7.59584], [122.43359, 7.58084], [122.35915, 7.47055], [122.35081, 7.45361], [122.34401, 7.4375], [122.34595, 7.40084], [122.36554, 7.39778], [122.39297, 7.38924], [122.36124, 7.33389], [122.33194, 7.30889], [122.32916, 7.30834]]], [[[123.34685, 10.3944], [123.33388, 10.27666], [123.3261, 10.24235], [123.2836, 10.12777], [123.26721, 10.08708], [123.23789, 10.02334], [123.22165, 10.00083], [123.20638, 9.98389], [123.18553, 9.95445], [123.15915, 9.91194], [123.15305, 9.89889], [123.13867, 9.82965], [123.14471, 9.81722], [123.15694, 9.75666], [123.1622, 9.71277], [123.1629, 9.69527], [123.15498, 9.66055], [123.14305, 9.65111], [123.12944, 9.65333], [123.11734, 9.65236], [123.10706, 9.62764], [123.14888, 9.545], [123.19054, 9.47514], [123.23831, 9.42194], [123.3022, 9.34861], [123.31276, 9.33305], [123.31554, 9.31916], [123.31276, 9.29639], [123.29637, 9.22972], [123.29248, 9.21972], [123.27805, 9.19277], [123.24498, 9.14666], [123.1897, 9.09527], [123.16165, 9.07], [123.12928, 9.045], [123.01471, 9.03389], [122.9861, 9.04698], [122.93901, 9.07416], [122.90915, 9.13778], [122.88997, 9.19445], [122.87859, 9.2325], [122.87387, 9.2625], [122.87526, 9.28389], [122.87289, 9.30972], [122.86637, 9.32403], [122.80637, 9.355], [122.78693, 9.35972], [122.7272, 9.37222], [122.70561, 9.37284], [122.69054, 9.37445], [122.67581, 9.37903], [122.64249, 9.39861], [122.60386, 9.42334], [122.59494, 9.43503], [122.57721, 9.44583], [122.54165, 9.48375], [122.48248, 9.55916], [122.41388, 9.65834], [122.39638, 9.72861], [122.40665, 9.79861], [122.45387, 9.97486], [122.50054, 9.98194], [122.53082, 9.98139], [122.57222, 9.97805], [122.60637, 9.97194], [122.61805, 9.97055], [122.66305, 9.97305], [122.68665, 9.98166], [122.79415, 10.03611], [122.81387, 10.05111], [122.82166, 10.05305], [122.85694, 10.09514], [122.86165, 10.12], [122.86165, 10.1525], [122.85498, 10.31889], [122.82944, 10.42722], [122.83596, 10.54403], [122.84665, 10.54555], [122.85942, 10.55083], [122.88025, 10.56722], [122.91805, 10.61111], [122.95221, 10.68722], [122.96319, 10.73777], [122.9661, 10.80445], [122.95972, 10.81333], [122.94859, 10.83333], [122.94637, 10.84444], [122.94609, 10.85833], [122.95247, 10.89445], [123.00026, 10.91916], [123.18525, 10.99944], [123.19929, 11.00042], [123.22443, 10.99666], [123.50472, 10.93736], [123.56276, 10.84472], [123.56387, 10.83222], [123.56387, 10.79416], [123.46555, 10.51805], [123.45139, 10.50277], [123.42082, 10.47722], [123.40749, 10.4725], [123.39513, 10.46861], [123.37303, 10.45222], [123.36193, 10.43527], [123.35748, 10.42611], [123.35054, 10.41027], [123.34685, 10.3944]]], [[[124.46999, 12.10416], [124.47373, 12.10722], [124.46527, 12.12777], [124.44484, 12.15333], [124.3936, 12.18833], [124.34341, 12.28935], [124.28276, 12.46277], [124.25776, 12.55111], [124.28672, 12.57378], [124.35138, 12.53666], [124.46388, 12.52083], [124.65277, 12.50416], [124.72915, 12.51222], [124.75221, 12.515], [124.87053, 12.53333], [124.88874, 12.55486], [125.04165, 12.53445], [125.07895, 12.54444], [125.10138, 12.57194], [125.14832, 12.57653], [125.17832, 12.56111], [125.22915, 12.525], [125.29695, 12.4575], [125.31915, 12.415], [125.30748, 12.39472], [125.29296, 12.34305], [125.29655, 12.2935], [125.33686, 12.26819], [125.36444, 12.28541], [125.38997, 12.29027], [125.45247, 12.26063], [125.50471, 12.205], [125.51583, 12.17111], [125.47998, 12.16222], [125.44621, 12.1151], [125.44913, 12.10222], [125.52138, 12.05562], [125.49137, 12.02542], [125.47331, 12.01], [125.45276, 11.99111], [125.4361, 11.95361], [125.42901, 11.90319], [125.44304, 11.82666], [125.45333, 11.65555], [125.44568, 11.61291], [125.45027, 11.59027], [125.52832, 11.45], [125.56985, 11.4009], [125.59144, 11.3959], [125.64061, 11.35145], [125.63611, 11.32333], [125.61095, 11.29506], [125.57638, 11.28084], [125.54665, 11.25104], [125.53554, 11.22666], [125.54207, 11.18951], [125.60373, 11.19063], [125.59685, 11.22389], [125.66456, 11.19445], [125.68471, 11.1675], [125.74694, 11.06639], [125.76117, 11.02104], [125.7511, 11.00889], [125.73678, 11.01403], [125.71582, 11.03084], [125.69414, 11.06166], [125.6797, 11.08638], [125.68915, 11.10777], [125.66443, 11.1343], [125.56999, 11.14611], [125.52221, 11.13594], [125.46249, 11.09861], [125.26944, 11.12805], [125.19525, 11.18027], [125.16818, 11.25389], [125.15582, 11.27236], [125.13262, 11.27834], [125.07388, 11.28139], [124.99971, 11.35277], [124.99095, 11.41708], [124.97124, 11.44624], [124.89596, 11.46805], [124.84908, 11.46479], [124.82902, 11.49659], [124.8368, 11.51792], [124.89783, 11.57235], [124.93421, 11.56618], [124.95833, 11.57695], [124.99081, 11.6125], [125.04207, 11.72791], [125.03707, 11.75292], [125.00283, 11.77458], [124.86249, 11.8075], [124.77249, 11.89805], [124.69386, 12.01055], [124.66388, 12.0325], [124.64499, 12.04277], [124.59665, 12.06083], [124.49915, 12.0875], [124.46999, 12.10416]]], [[[123.09526, 11.23666], [123.12053, 11.20361], [123.12359, 11.16569], [122.94583, 11.04277], [122.87637, 11.02472], [122.78832, 10.98597], [122.73109, 10.94465], [122.77641, 10.91101], [122.77277, 10.86277], [122.75249, 10.82277], [122.72915, 10.80083], [122.62171, 10.80374], [122.58915, 10.72472], [122.4861, 10.67805], [122.38694, 10.66861], [122.26389, 10.65166], [122.20804, 10.63472], [122.1029, 10.575], [122.08527, 10.54778], [122.07361, 10.51805], [122.05637, 10.48916], [122.02887, 10.45777], [122.01332, 10.44305], [121.96998, 10.41319], [121.94331, 10.41639], [121.92443, 10.4268], [121.90984, 10.44458], [121.92025, 10.50271], [121.94664, 10.52611], [121.95971, 10.55347], [121.9711, 10.61222], [121.97527, 10.64639], [121.97492, 10.67965], [121.95116, 10.73243], [121.93332, 10.78166], [121.95526, 10.85361], [121.98206, 10.92874], [122.00082, 10.9475], [122.03415, 10.99222], [122.05068, 11.02944], [122.04387, 11.08555], [122.03943, 11.11972], [122.0361, 11.17139], [122.04943, 11.23361], [122.03888, 11.32666], [122.04803, 11.40111], [122.06833, 11.475], [122.09305, 11.59695], [122.10138, 11.64834], [122.09679, 11.705], [122.07513, 11.73069], [121.98776, 11.75055], [121.94359, 11.75695], [121.91066, 11.75643], [121.8754, 11.7525], [121.84942, 11.75847], [121.88817, 11.89958], [121.95444, 11.9275], [121.97443, 11.92334], [122.00277, 11.91083], [122.03096, 11.87764], [122.06151, 11.84889], [122.10928, 11.82916], [122.14206, 11.82403], [122.20694, 11.80972], [122.22943, 11.79778], [122.40525, 11.69527], [122.52054, 11.58777], [122.58665, 11.52111], [122.70247, 11.57222], [122.74748, 11.60166], [122.83084, 11.60861], [122.89221, 11.53805], [122.89638, 11.48777], [122.8661, 11.45305], [122.88025, 11.43027], [122.90692, 11.4318], [123.00139, 11.48694], [123.07166, 11.52916], [123.10637, 11.55208], [123.1297, 11.58], [123.14695, 11.59861], [123.16665, 11.56445], [123.14943, 11.395], [123.14471, 11.365], [123.09526, 11.23666]]], [[[119.67943, 10.48611], [119.57999, 10.40639], [119.48763, 10.37208], [119.45567, 10.37235], [119.38997, 10.34361], [119.3286, 10.30945], [119.30082, 10.27666], [119.26138, 10.22694], [119.25, 10.20639], [119.23221, 10.15819], [119.23705, 10.13], [119.21694, 10.07542], [119.20194, 10.04847], [119.15706, 10.02611], [118.96915, 9.97861], [118.9422, 9.97222], [118.91089, 9.97458], [118.87331, 9.97944], [118.75333, 9.925], [118.69303, 9.76403], [118.69359, 9.71416], [118.71582, 9.68055], [118.75336, 9.65451], [118.73226, 9.65389], [118.63136, 9.51305], [118.45888, 9.3025], [118.34859, 9.18861], [118.33165, 9.17792], [118.18498, 9.15305], [118.14249, 9.14611], [118.09584, 9.04778], [118.04637, 8.94472], [117.99891, 8.87746], [117.96527, 8.86972], [117.90915, 8.83944], [117.88916, 8.82611], [117.80428, 8.75632], [117.78388, 8.72027], [117.75165, 8.69118], [117.63388, 8.6575], [117.53831, 8.57722], [117.45166, 8.5025], [117.37512, 8.48979], [117.32332, 8.4525], [117.24525, 8.37695], [117.20158, 8.32736], [117.17859, 8.33298], [117.22055, 8.515], [117.23608, 8.56403], [117.24498, 8.565], [117.25916, 8.60945], [117.34444, 8.72611], [117.36921, 8.74819], [117.44414, 8.80889], [117.47331, 8.85555], [117.51694, 8.91722], [117.6622, 9.07694], [117.78554, 9.17611], [117.90624, 9.26416], [117.95416, 9.26889], [117.97859, 9.26], [118.02721, 9.25916], [118.12553, 9.35444], [118.33167, 9.58416], [118.34055, 9.61569], [118.42443, 9.70695], [118.45207, 9.72694], [118.4761, 9.73444], [118.5161, 9.76666], [118.60665, 9.87445], [118.64055, 9.93111], [118.65859, 9.97485], [118.66443, 10.00584], [118.75552, 10.12385], [118.76194, 10.06916], [118.74061, 10.07035], [118.7661, 10.02222], [118.77693, 10.01416], [118.78096, 10.01583], [118.80109, 10.03472], [118.82471, 10.10416], [118.80512, 10.11139], [118.79776, 10.16944], [118.80054, 10.19021], [118.85915, 10.20833], [118.87874, 10.2016], [118.92477, 10.20403], [118.99525, 10.31], [119.00599, 10.3642], [118.97193, 10.34444], [118.96068, 10.36722], [119.00652, 10.4393], [119.08971, 10.42111], [119.13158, 10.38368], [119.1647, 10.41166], [119.31345, 10.58416], [119.32222, 10.60611], [119.34119, 10.7201], [119.30692, 10.77153], [119.2761, 10.77153], [119.22886, 10.86611], [119.21665, 10.95548], [119.26318, 10.95042], [119.41721, 10.76027], [119.4272, 10.735], [119.43109, 10.72083], [119.45555, 10.72395], [119.43415, 10.82639], [119.41575, 10.86937], [119.38638, 10.87083], [119.3611, 10.87333], [119.34137, 10.895], [119.30887, 10.94375], [119.30246, 10.975], [119.30275, 11.00611], [119.32853, 11.09958], [119.35136, 11.07618], [119.37246, 11.04382], [119.39902, 11.02792], [119.4204, 11.03084], [119.42943, 11.14055], [119.4272, 11.22805], [119.42499, 11.265], [119.42082, 11.30444], [119.43137, 11.34125], [119.47193, 11.42424], [119.5011, 11.41361], [119.50554, 11.39382], [119.50775, 11.37285], [119.50857, 11.33561], [119.52845, 11.31905], [119.54438, 11.33318], [119.56136, 11.31903], [119.56581, 11.28833], [119.56386, 11.26181], [119.55359, 11.22195], [119.49401, 10.99166], [119.48887, 10.96333], [119.48402, 10.8793], [119.51264, 10.82819], [119.53832, 10.81888], [119.56784, 10.83576], [119.59685, 10.82375], [119.60694, 10.72583], [119.62804, 10.67305], [119.69331, 10.54153], [119.71585, 10.51094], [119.67943, 10.48611]]], [[[121.07887, 12.33222], [120.98332, 12.4225], [120.93304, 12.50111], [120.92192, 12.52819], [120.93734, 12.56], [120.93221, 12.60735], [120.90834, 12.65055], [120.85485, 12.71701], [120.82923, 12.72201], [120.80172, 12.72493], [120.78679, 12.77861], [120.78334, 12.82555], [120.78499, 12.91472], [120.75819, 13.01736], [120.74609, 13.04055], [120.73499, 13.05889], [120.68803, 13.13583], [120.64832, 13.18986], [120.59068, 13.22292], [120.5636, 13.22472], [120.54109, 13.23055], [120.38595, 13.37361], [120.3511, 13.37903], [120.33457, 13.39361], [120.31192, 13.41945], [120.30379, 13.44416], [120.32109, 13.47583], [120.34039, 13.49347], [120.36845, 13.51208], [120.39748, 13.52222], [120.42124, 13.52445], [120.66388, 13.49139], [120.70193, 13.48333], [120.72165, 13.47777], [120.74332, 13.46694], [120.91693, 13.51083], [120.96748, 13.52305], [120.99033, 13.5184], [120.99136, 13.46916], [121.03443, 13.42222], [121.05123, 13.41111], [121.07013, 13.40431], [121.15027, 13.40889], [121.18359, 13.42], [121.21832, 13.4075], [121.30207, 13.34735], [121.50221, 13.14889], [121.5086, 13.04985], [121.4968, 13.03361], [121.48956, 13.01], [121.48234, 12.76132], [121.49248, 12.74333], [121.51666, 12.72444], [121.53346, 12.70555], [121.55246, 12.66139], [121.5579, 12.60145], [121.51305, 12.55361], [121.49165, 12.53319], [121.46652, 12.51625], [121.44554, 12.5025], [121.41206, 12.43986], [121.41526, 12.39111], [121.4397, 12.35166], [121.38443, 12.35416], [121.34305, 12.32139], [121.22055, 12.23055], [121.12317, 12.245], [121.09887, 12.27945], [121.10907, 12.31083], [121.11831, 12.32895], [121.08812, 12.3441], [121.07887, 12.33222]]], [[[124.76666, 10.57472], [124.80485, 10.66125], [124.79845, 10.72653], [124.78943, 10.75666], [124.77936, 10.785], [124.76194, 10.81805], [124.68915, 10.93027], [124.67457, 10.94819], [124.62221, 10.9925], [124.59679, 11.01042], [124.57444, 11.01416], [124.5522, 10.98777], [124.5497, 10.96292], [124.55415, 10.92805], [124.54471, 10.90694], [124.53443, 10.88695], [124.52152, 10.87125], [124.48859, 10.86235], [124.42137, 10.91333], [124.40138, 10.97416], [124.40443, 11.11139], [124.40303, 11.2393], [124.37025, 11.29195], [124.34894, 11.31395], [124.30054, 11.47222], [124.28832, 11.5316], [124.31638, 11.56695], [124.53554, 11.40139], [124.55246, 11.34], [124.58173, 11.30958], [124.64111, 11.29305], [124.70741, 11.3059], [124.74165, 11.32416], [124.76305, 11.33666], [124.8088, 11.38083], [124.85637, 11.4225], [124.95025, 11.42174], [124.97276, 11.38722], [124.97776, 11.36722], [124.97805, 11.25361], [125.02998, 11.19583], [125.04055, 11.01055], [125.04082, 10.97916], [125.03749, 10.94555], [125.03046, 10.92006], [125.00805, 10.86916], [125.00749, 10.81139], [125.01506, 10.7434], [125.05692, 10.71124], [125.08422, 10.7084], [125.14417, 10.61079], [125.18026, 10.54333], [125.16957, 10.52986], [125.18747, 10.44111], [125.23721, 10.39708], [125.2568, 10.37777], [125.27054, 10.33222], [125.27165, 10.2975], [125.25909, 10.26305], [125.12053, 10.17695], [125.0854, 10.21458], [125.07166, 10.24638], [125.04248, 10.31584], [125.03581, 10.33777], [125.0236, 10.36555], [125.00457, 10.37993], [124.97832, 10.37458], [124.98831, 10.2425], [125.00833, 10.15805], [125.02859, 10.08195], [125.03166, 10.04361], [125.01137, 10.02945], [124.97776, 10.04027], [124.84555, 10.13361], [124.76471, 10.19639], [124.78874, 10.30083], [124.7879, 10.32916], [124.76721, 10.35472], [124.73915, 10.37805], [124.72443, 10.40722], [124.73275, 10.46861], [124.75638, 10.51195], [124.76652, 10.535], [124.76666, 10.57472]]], [[[123.41026, 10.05], [123.42775, 10.06389], [123.46013, 10.09292], [123.50665, 10.14277], [123.54943, 10.22861], [123.60332, 10.35361], [123.62553, 10.37083], [123.66415, 10.41277], [123.70929, 10.50194], [123.70637, 10.53542], [123.71429, 10.56097], [123.75888, 10.64389], [123.79221, 10.68916], [123.83276, 10.75194], [123.86387, 10.81277], [123.87387, 10.84], [123.90332, 10.92195], [123.96138, 11.09], [123.96002, 11.12237], [123.94636, 11.14931], [123.94672, 11.1775], [124.00915, 11.27118], [124.05026, 11.2775], [124.0684, 11.24621], [124.0461, 11.21235], [124.01987, 11.11895], [124.02847, 11.05378], [124.04582, 11.00972], [124.0547, 10.87805], [124.03499, 10.79555], [124.03166, 10.61777], [124.01834, 10.45195], [124.00512, 10.40777], [124.01999, 10.38701], [124.00165, 10.35542], [123.9636, 10.32445], [123.79582, 10.23083], [123.77067, 10.22416], [123.71748, 10.16861], [123.63651, 10.06986], [123.62317, 10.02624], [123.62567, 9.97514], [123.6272, 9.94222], [123.60304, 9.87291], [123.57429, 9.84847], [123.53915, 9.8025], [123.51408, 9.71909], [123.51165, 9.67889], [123.47276, 9.57194], [123.43942, 9.51972], [123.37165, 9.43416], [123.35206, 9.41674], [123.3336, 9.41027], [123.3047, 9.41674], [123.29707, 9.4875], [123.30748, 9.55695], [123.34804, 9.77583], [123.37163, 9.87125], [123.39705, 9.87423], [123.40109, 9.92326], [123.37853, 9.94274], [123.374, 9.99069], [123.41026, 10.05]]], [[[124.52859, 10.05555], [124.54971, 10.03666], [124.56442, 10.02222], [124.57388, 9.9925], [124.57887, 9.91274], [124.57358, 9.88628], [124.55341, 9.86942], [124.52886, 9.84843], [124.55705, 9.82478], [124.58838, 9.81024], [124.59922, 9.76174], [124.57847, 9.73403], [124.53082, 9.72666], [124.5011, 9.75027], [124.40763, 9.65882], [124.35721, 9.62361], [124.31805, 9.60889], [124.2897, 9.60027], [124.26791, 9.59653], [124.09721, 9.58472], [124.05928, 9.58445], [123.95694, 9.59861], [123.86124, 9.63527], [123.79179, 9.73333], [123.78165, 9.76972], [123.78693, 9.84389], [123.88554, 9.91527], [123.95721, 9.95027], [123.97971, 9.96042], [124.04525, 9.99833], [124.1329, 10.11139], [124.13887, 10.13153], [124.15249, 10.14805], [124.21111, 10.15666], [124.24165, 10.15805], [124.31526, 10.15708], [124.37635, 10.1468], [124.41971, 10.095], [124.46721, 10.05833], [124.48734, 10.05], [124.52859, 10.05555]]], [[[123.1647, 11.90416], [123.15971, 11.90653], [123.14415, 11.93486], [123.2097, 12.06695], [123.24582, 12.13583], [123.30165, 12.24472], [123.26915, 12.33889], [123.23442, 12.58472], [123.24575, 12.60576], [123.32582, 12.57611], [123.46568, 12.51472], [123.54276, 12.45083], [123.66944, 12.34695], [123.80525, 12.24277], [123.87831, 12.21695], [123.91081, 12.18916], [124.04471, 11.97888], [124.07387, 11.85042], [124.07909, 11.72791], [124.06526, 11.71611], [124.00665, 11.79333], [123.97609, 11.82361], [123.91971, 11.86361], [123.86249, 11.89694], [123.83777, 11.90889], [123.80095, 11.9193], [123.61469, 12.09222], [123.6033, 12.11583], [123.58415, 12.14666], [123.53693, 12.20542], [123.47582, 12.2093], [123.44075, 12.19937], [123.35164, 12.08833], [123.25152, 11.97042], [123.23305, 11.95388], [123.17331, 11.90584], [123.1647, 11.90416]]], [[[124.20804, 13.51527], [124.20276, 13.51777], [124.17804, 13.5325], [124.0547, 13.61083], [124.03386, 13.64889], [124.03055, 13.66389], [124.05997, 13.68764], [124.07415, 13.69416], [124.09304, 13.70166], [124.12415, 13.75805], [124.13388, 13.79222], [124.14804, 13.92083], [124.14499, 13.93139], [124.13471, 13.94916], [124.12776, 13.98055], [124.1272, 13.99777], [124.12776, 14.04611], [124.12997, 14.06042], [124.20832, 14.09875], [124.25515, 14.0455], [124.28199, 13.99778], [124.28736, 13.94617], [124.31271, 13.93036], [124.34943, 13.93334], [124.39388, 13.89639], [124.40694, 13.87777], [124.41665, 13.85445], [124.41805, 13.79319], [124.33055, 13.54861], [124.31665, 13.55569], [124.31025, 13.58826], [124.29359, 13.59389], [124.28027, 13.59444], [124.25972, 13.59389], [124.24498, 13.58805], [124.21124, 13.56006], [124.20776, 13.54277], [124.20804, 13.51527]]], [[[121.99054, 6.40834], [121.97249, 6.41166], [121.95387, 6.42444], [121.91998, 6.44972], [121.91081, 6.45722], [121.79415, 6.59777], [121.79276, 6.63055], [121.80304, 6.65486], [121.82333, 6.675], [121.83333, 6.67889], [121.84943, 6.67945], [121.86178, 6.67347], [121.8679, 6.66264], [121.88428, 6.655], [121.93206, 6.66861], [121.97415, 6.70416], [121.98693, 6.72292], [121.99944, 6.73861], [122.02125, 6.75055], [122.07568, 6.7525], [122.10694, 6.71472], [122.14415, 6.68111], [122.19414, 6.66777], [122.23027, 6.66084], [122.23831, 6.59222], [122.19664, 6.50722], [122.16331, 6.45805], [122.06999, 6.42139], [122.05081, 6.41527], [122.03567, 6.41153], [121.99054, 6.40834]]], [[[125.64665, 9.82166], [125.58221, 9.82361], [125.59636, 9.85916], [125.62137, 9.89611], [125.61249, 9.94694], [125.50207, 10.06722], [125.48082, 10.10388], [125.47693, 10.12111], [125.47527, 10.13111], [125.51458, 10.31833], [125.62359, 10.45792], [125.63665, 10.46666], [125.64832, 10.46666], [125.67386, 10.41916], [125.68263, 10.39125], [125.65525, 10.2525], [125.65525, 10.16444], [125.6647, 10.11666], [125.67395, 10.1068], [125.69915, 10.06972], [125.71165, 9.89236], [125.70665, 9.86445], [125.69026, 9.84583], [125.67637, 9.83361], [125.66261, 9.82583], [125.64665, 9.82166]]], [[[120.20061, 12.0], [120.16901, 12.02847], [120.12865, 12.02166], [120.13622, 12.00695], [120.11805, 11.97722], [120.09944, 11.96319], [120.08469, 11.97986], [120.08334, 11.99014], [120.07752, 12.00526], [120.06191, 12.01107], [120.04979, 12.00003], [120.04204, 11.99363], [120.01776, 11.98527], [119.97302, 12.02416], [119.94012, 12.06777], [119.86165, 12.2443], [119.87262, 12.31222], [119.88805, 12.33361], [119.90055, 12.33277], [119.92165, 12.32527], [119.93137, 12.32139], [120.09387, 12.20111], [120.12776, 12.15666], [120.16705, 12.1193], [120.1908, 12.11527], [120.22163, 12.13722], [120.24471, 12.17972], [120.33275, 12.08361], [120.34385, 12.05861], [120.34164, 12.01555], [120.33998, 11.99277], [120.30415, 11.98222], [120.22444, 11.98485], [120.20061, 12.0]]], [[[122.0309, 13.20082], [122.02748, 13.19916], [121.99957, 13.20333], [121.9836, 13.21], [121.86804, 13.28403], [121.8372, 13.33472], [121.82666, 13.37388], [121.81581, 13.43389], [121.81485, 13.45284], [121.87442, 13.54139], [122.01083, 13.54472], [122.03581, 13.53084], [122.10942, 13.47666], [122.12664, 13.45639], [122.1294, 13.44014], [122.12056, 13.42486], [122.12344, 13.4041], [122.12796, 13.3905], [122.14395, 13.3905], [122.15109, 13.37195], [122.05582, 13.23861], [122.0309, 13.20082]]], [[[121.28804, 5.85416], [121.28194, 5.87264], [121.24025, 5.93111], [121.23194, 5.94195], [121.19803, 5.94916], [121.18387, 5.94111], [121.0836, 5.88805], [120.93221, 5.88778], [120.92025, 5.89084], [120.87678, 5.91931], [120.86887, 5.94361], [120.86943, 5.95389], [120.89082, 5.99834], [120.91998, 6.02166], [121.01555, 6.07805], [121.11748, 6.08834], [121.12831, 6.08666], [121.15609, 6.07361], [121.18525, 6.04], [121.25444, 6.01611], [121.39055, 6.00931], [121.40834, 5.99972], [121.42713, 5.97764], [121.42637, 5.95431], [121.38943, 5.91666], [121.36831, 5.91389], [121.35262, 5.91389], [121.31499, 5.88695], [121.3022, 5.87333], [121.28804, 5.85416]]], [[[122.01805, 12.09416], [121.96721, 12.14833], [121.95749, 12.17], [121.92165, 12.28945], [121.91776, 12.30292], [121.91998, 12.31361], [121.94026, 12.36388], [121.97901, 12.40374], [121.98915, 12.40916], [122.00305, 12.44514], [122.00916, 12.47972], [122.00943, 12.4925], [122.00277, 12.5675], [121.9929, 12.57625], [121.99971, 12.60235], [122.03804, 12.6325], [122.12275, 12.67695], [122.14444, 12.63611], [122.13832, 12.57083], [122.11136, 12.41527], [122.0486, 12.17666], [122.01805, 12.09416]]], [[[121.9397, 14.62695], [121.93082, 14.62916], [121.91804, 14.63569], [121.91249, 14.645], [121.90805, 14.665], [121.9054, 14.68222], [121.90936, 14.71868], [121.91623, 14.70965], [121.9315, 14.70347], [121.93845, 14.71375], [121.93553, 14.73055], [121.9297, 14.75055], [121.91374, 14.79083], [121.86859, 14.87777], [121.83027, 14.92792], [121.80768, 14.92347], [121.80803, 14.94889], [121.81609, 14.98139], [121.81915, 14.99166], [121.83749, 15.02722], [121.84832, 15.03597], [121.93581, 15.05695], [121.96555, 15.05389], [121.99525, 15.045], [122.01444, 15.03736], [122.04749, 15.00722], [122.05081, 14.99666], [122.05832, 14.96222], [122.05421, 14.95305], [122.04429, 14.97195], [122.02818, 14.98819], [122.01124, 14.98541], [121.99443, 14.95444], [121.96832, 14.90111], [121.96805, 14.88583], [121.96944, 14.8675], [121.97581, 14.85695], [121.99334, 14.83521], [122.02248, 14.80722], [122.03158, 14.71208], [122.01834, 14.68722], [122.00305, 14.66666], [121.97943, 14.64319], [121.94997, 14.62833], [121.9397, 14.62695]]], [[[119.85832, 5.04916], [119.84152, 5.05236], [119.83235, 5.05694], [119.81638, 5.13166], [119.82498, 5.14722], [119.84193, 5.15569], [119.86068, 5.155], [119.87678, 5.15264], [120.02929, 5.23611], [120.05359, 5.25555], [120.07833, 5.27666], [120.12831, 5.31139], [120.17567, 5.3425], [120.21145, 5.3466], [120.21984, 5.32534], [120.2178, 5.30516], [120.23171, 5.29304], [120.25388, 5.28222], [120.25665, 5.26084], [120.2536, 5.23334], [120.2256, 5.12674], [120.1972, 5.13055], [120.1797, 5.13445], [120.16971, 5.14416], [120.11276, 5.17277], [120.05095, 5.18347], [120.0372, 5.17944], [120.00763, 5.15972], [119.99971, 5.14527], [119.99498, 5.12472], [119.99305, 5.11361], [119.98887, 5.10305], [119.98082, 5.08944], [119.96512, 5.07972], [119.95451, 5.09114], [119.94215, 5.09197], [119.9147, 5.07166], [119.85832, 5.04916]]], [[[122.54387, 10.40305], [122.52228, 10.40729], [122.48055, 10.47583], [122.47971, 10.48777], [122.51888, 10.585], [122.52443, 10.59333], [122.54359, 10.61972], [122.6172, 10.70722], [122.65664, 10.7468], [122.6722, 10.74485], [122.71311, 10.71666], [122.72276, 10.69111], [122.72943, 10.63861], [122.73109, 10.61777], [122.68525, 10.50416], [122.66845, 10.47333], [122.63527, 10.44361], [122.61081, 10.43222], [122.59415, 10.43334], [122.56581, 10.42916], [122.54387, 10.40305]]], [[[124.48804, 11.46166], [124.45721, 11.47445], [124.4447, 11.48583], [124.40582, 11.54236], [124.33776, 11.67756], [124.42359, 11.70916], [124.46527, 11.70555], [124.47818, 11.70195], [124.53137, 11.67972], [124.60942, 11.55055], [124.61665, 11.53472], [124.61914, 11.52208], [124.61609, 11.5075], [124.61081, 11.49888], [124.60193, 11.48611], [124.58472, 11.4725], [124.48804, 11.46166]]], [[[123.36914, 12.69139], [123.31721, 12.74277], [123.21999, 12.8325], [123.03138, 12.99569], [122.98775, 13.00569], [122.95026, 13.03111], [122.93124, 13.10916], [122.99332, 13.14916], [123.00471, 13.14778], [123.04526, 13.13666], [123.05942, 13.11555], [123.14749, 12.985], [123.22415, 12.90834], [123.28166, 12.83805], [123.37608, 12.71695], [123.38353, 12.69562], [123.36914, 12.69139]]], [[[122.64026, 12.26444], [122.54999, 12.35666], [122.53777, 12.36416], [122.50012, 12.37945], [122.47846, 12.38625], [122.46305, 12.39], [122.45247, 12.395], [122.44386, 12.4025], [122.43359, 12.41333], [122.42429, 12.43569], [122.43054, 12.45694], [122.45902, 12.48479], [122.48456, 12.49485], [122.53334, 12.5025], [122.56081, 12.5025], [122.61665, 12.49695], [122.65138, 12.49111], [122.66944, 12.48361], [122.69583, 12.43416], [122.70444, 12.41666], [122.70902, 12.40319], [122.7036, 12.36388], [122.69748, 12.33445], [122.69304, 12.3225], [122.68109, 12.30805], [122.64026, 12.26444]]], [[[119.95276, 11.65666], [119.94401, 11.67764], [119.93193, 11.76139], [119.87248, 11.89277], [119.86415, 11.93416], [119.87469, 11.96527], [119.88373, 11.97514], [119.90734, 11.9793], [120.01416, 11.93014], [120.02527, 11.91916], [120.07055, 11.865], [120.05061, 11.84923], [120.04437, 11.83459], [120.0409, 11.81235], [120.0577, 11.80224], [120.06833, 11.78861], [120.0522, 11.74083], [120.04332, 11.72083], [120.00221, 11.67777], [119.99165, 11.66722], [119.96527, 11.65695], [119.95276, 11.65666]]], [[[126.03194, 9.7425], [125.94554, 9.83083], [125.96805, 9.88778], [126.03693, 10.02583], [126.04943, 10.04625], [126.05817, 10.05333], [126.07305, 10.05201], [126.09082, 10.00195], [126.11914, 9.90333], [126.12303, 9.87138], [126.14583, 9.83833], [126.17471, 9.80514], [126.16859, 9.78305], [126.15665, 9.77445], [126.11415, 9.745], [126.03194, 9.7425]]], [[[119.81694, 10.43916], [119.78334, 10.44945], [119.75055, 10.51833], [119.74971, 10.53194], [119.75305, 10.55083], [119.76083, 10.55874], [119.83638, 10.60666], [119.89861, 10.61111], [119.99706, 10.59535], [120.01055, 10.55624], [119.99332, 10.5275], [119.92748, 10.47347], [119.87944, 10.45527], [119.82721, 10.43972], [119.81694, 10.43916]]], [[[123.58638, 9.08889], [123.56833, 9.09055], [123.55693, 9.09666], [123.47943, 9.16195], [123.46111, 9.17861], [123.45721, 9.19055], [123.46193, 9.21111], [123.4754, 9.22006], [123.50402, 9.21027], [123.54915, 9.22416], [123.55942, 9.22944], [123.58276, 9.24916], [123.58902, 9.26097], [123.59193, 9.27597], [123.59887, 9.29653], [123.62858, 9.29681], [123.64874, 9.275], [123.67499, 9.22639], [123.70694, 9.14972], [123.70764, 9.13805], [123.70027, 9.12611], [123.67762, 9.11153], [123.60942, 9.09222], [123.58638, 9.08889]]], [[[117.01526, 7.80527], [116.9979, 7.81535], [116.97415, 7.87166], [116.96082, 7.91028], [116.95444, 7.94361], [116.95, 8.03222], [116.95444, 8.04416], [116.96152, 8.05535], [117.06679, 8.07792], [117.07639, 8.06055], [117.09332, 7.90708], [117.07639, 7.86777], [117.06525, 7.84639], [117.05915, 7.8375], [117.02222, 7.80889], [117.01526, 7.80527]]], [[[123.7872, 12.34222], [123.73804, 12.39472], [123.72581, 12.40916], [123.69026, 12.455], [123.62886, 12.55111], [123.5811, 12.62777], [123.58221, 12.64778], [123.5843, 12.65861], [123.63416, 12.67389], [123.70416, 12.62445], [123.72221, 12.61], [123.72776, 12.60166], [123.73387, 12.585], [123.76054, 12.50916], [123.7986, 12.36805], [123.79359, 12.34653], [123.7872, 12.34222]]], [[[125.76749, 6.8875], [125.76555, 6.88889], [125.75749, 6.89861], [125.66998, 7.075], [125.66345, 7.09861], [125.69845, 7.19027], [125.71471, 7.19139], [125.77527, 7.14889], [125.78888, 7.13444], [125.79679, 7.11945], [125.79498, 6.93277], [125.76749, 6.8875]]], [[[124.77165, 9.07472], [124.70721, 9.105], [124.68055, 9.11945], [124.6622, 9.13083], [124.65248, 9.14166], [124.6436, 9.15528], [124.63527, 9.17], [124.63275, 9.20722], [124.63638, 9.2175], [124.64972, 9.23638], [124.67276, 9.25305], [124.71263, 9.2575], [124.7372, 9.24695], [124.77693, 9.20944], [124.78581, 9.19222], [124.80525, 9.14416], [124.80998, 9.1175], [124.8097, 9.10541], [124.78012, 9.07611], [124.77165, 9.07472]]], [[[125.27971, 9.90777], [125.25525, 9.91944], [125.13832, 10.06042], [125.12442, 10.08277], [125.12082, 10.10305], [125.11971, 10.14361], [125.12852, 10.15555], [125.21595, 10.12403], [125.28305, 9.99555], [125.29971, 9.93166], [125.29637, 9.91764], [125.28693, 9.90916], [125.27971, 9.90777]]], [[[122.83276, 7.27528], [122.81651, 7.28139], [122.80915, 7.28944], [122.78637, 7.33945], [122.78568, 7.35236], [122.79444, 7.39055], [122.80054, 7.40889], [122.80615, 7.42236], [122.82944, 7.43305], [122.90041, 7.43597], [122.92998, 7.42277], [122.93831, 7.415], [122.97561, 7.36514], [122.90055, 7.31722], [122.84999, 7.30555], [122.83276, 7.27528]]], [[[120.2747, 13.66833], [120.25319, 13.70264], [120.19414, 13.73701], [120.18109, 13.73666], [120.12944, 13.76055], [120.10887, 13.77916], [120.10276, 13.78722], [120.09471, 13.80055], [120.08193, 13.85235], [120.09555, 13.86333], [120.11026, 13.86403], [120.14943, 13.85333], [120.22331, 13.81805], [120.23887, 13.80805], [120.25916, 13.78861], [120.28194, 13.75416], [120.28137, 13.685], [120.2747, 13.66833]]], [[[121.51332, 19.24916], [121.42137, 19.28694], [121.39388, 19.31555], [121.36887, 19.3525], [121.37275, 19.36444], [121.39569, 19.39111], [121.52888, 19.39027], [121.53665, 19.35944], [121.54332, 19.29027], [121.54359, 19.27777], [121.5397, 19.26666], [121.51332, 19.24916]]], [[[122.1711, 13.99861], [122.16277, 13.99861], [122.12469, 14.02111], [121.99553, 14.10472], [121.98415, 14.11416], [121.91748, 14.18527], [121.9472, 14.2175], [122.12581, 14.08764], [122.1647, 14.05166], [122.17581, 14.03695], [122.18886, 14.01695], [122.18831, 14.00653], [122.17804, 14.0], [122.1711, 13.99861]]], [[[121.85443, 18.81888], [121.84541, 18.82256], [121.83221, 18.86694], [121.83305, 18.88055], [121.87275, 18.97888], [121.88611, 18.99055], [121.91261, 19.00805], [121.93525, 19.00611], [121.9488, 19.00305], [121.99505, 18.96409], [121.98804, 18.94472], [121.88275, 18.83333], [121.85443, 18.81888]]], [[[119.82916, 11.37666], [119.81415, 11.38055], [119.76526, 11.40111], [119.74942, 11.41527], [119.7286, 11.435], [119.71443, 11.47215], [119.81449, 11.52139], [119.85033, 11.51563], [119.87317, 11.50486], [119.87747, 11.49305], [119.87303, 11.45083], [119.86832, 11.43777], [119.85721, 11.41139], [119.83513, 11.37833], [119.82916, 11.37666]]], [[[125.94386, 9.55583], [125.92637, 9.57222], [125.90179, 9.61235], [125.90776, 9.70666], [125.91443, 9.75153], [125.94081, 9.75569], [125.95888, 9.73916], [125.98636, 9.67416], [125.99109, 9.66195], [125.99067, 9.64292], [125.97192, 9.57472], [125.96457, 9.56374], [125.95247, 9.5575], [125.94386, 9.55583]]], [[[125.76639, 10.68555], [125.75, 10.68972], [125.67137, 10.74277], [125.66124, 10.7541], [125.66144, 10.78277], [125.68109, 10.81277], [125.69532, 10.82319], [125.71305, 10.81639], [125.8147, 10.73027], [125.82229, 10.71798], [125.81415, 10.69333], [125.80246, 10.68889], [125.76639, 10.68555]]], [[[117.29498, 8.18166], [117.2897, 8.1825], [117.26999, 8.20236], [117.26541, 8.21527], [117.26666, 8.29084], [117.26805, 8.30611], [117.2763, 8.32139], [117.31854, 8.33063], [117.34735, 8.30472], [117.35471, 8.28611], [117.34415, 8.20674], [117.33041, 8.19291], [117.29886, 8.18222], [117.29498, 8.18166]]], [[[122.24803, 14.71805], [122.20694, 14.75528], [122.17443, 14.76889], [122.1172, 14.79666], [122.11193, 14.80583], [122.09818, 14.83666], [122.18803, 14.84083], [122.21152, 14.83972], [122.25985, 14.78375], [122.25569, 14.72445], [122.24803, 14.71805]]], [[[124.82721, 11.52805], [124.82138, 11.52861], [124.80194, 11.53666], [124.76999, 11.56555], [124.72041, 11.69958], [124.72554, 11.72798], [124.84275, 11.59166], [124.8429, 11.54305], [124.8325, 11.52972], [124.82721, 11.52805]]], [[[120.54721, 6.24027], [120.53637, 6.24055], [120.47992, 6.25729], [120.55373, 6.37], [120.56845, 6.38334], [120.6004, 6.39465], [120.60305, 6.38], [120.5786, 6.25222], [120.56985, 6.24527], [120.54721, 6.24027]]]]}}, {"type": "Feature", "properties": {"country": "Malaysia", "objectid": 6, "flag_url": "https://moe-edugis.maps.arcgis.com/sharing/rest/content/items/648a0c0af17743609565c8a95f25f79d/data"}, "geometry": {"type": "MultiPolygon", "coordinates": [[[[114.09508, 4.59054], [114.15332, 4.58], [114.16499, 4.57777], [114.17998, 4.5725], [114.18831, 4.56694], [114.23581, 4.53194], [114.24609, 4.52166], [114.26389, 4.4975], [114.30901, 4.43319], [114.32916, 4.34], [114.32999, 4.32695], [114.39999, 4.25639], [114.47554, 4.2], [114.60845, 4.05569], [114.60943, 4.03084], [114.61949, 4.02166], [114.63804, 4.01819], [114.64999, 4.02222], [114.66998, 4.02972], [114.70541, 4.05], [114.79305, 4.12694], [114.80636, 4.14458], [114.86693, 4.35527], [114.85901, 4.43264], [114.84366, 4.43563], [114.83472, 4.44639], [114.82916, 4.47389], [114.82582, 4.49584], [114.81554, 4.58084], [114.78846, 4.69736], [114.77998, 4.70916], [114.77777, 4.72084], [114.77985, 4.73584], [114.78707, 4.74958], [114.85262, 4.80361], [114.86665, 4.80972], [114.87915, 4.81027], [114.90443, 4.81111], [114.91748, 4.81166], [114.94583, 4.81722], [114.9622, 4.82195], [114.97943, 4.83166], [114.98915, 4.84292], [115.01844, 4.89579], [115.0229, 4.87639], [115.02913, 4.82021], [115.02083, 4.75334], [115.02054, 4.72444], [115.02665, 4.65666], [115.02943, 4.64584], [115.09027, 4.41334], [115.09636, 4.39139], [115.10235, 4.38055], [115.1136, 4.37416], [115.32055, 4.31555], [115.33985, 4.31166], [115.35207, 4.3175], [115.36026, 4.33264], [115.35665, 4.34931], [115.35081, 4.36], [115.34471, 4.36833], [115.3179, 4.39639], [115.30275, 4.41028], [115.28637, 4.42695], [115.27805, 4.43889], [115.27318, 4.45139], [115.26443, 4.54111], [115.2686, 4.56444], [115.27277, 4.57389], [115.27832, 4.58277], [115.28249, 4.59861], [115.28249, 4.61166], [115.26138, 4.68305], [115.22304, 4.805], [115.1922, 4.84916], [115.14578, 4.90324], [115.2079, 4.955], [115.22054, 4.95805], [115.28637, 4.92583], [115.31067, 4.9025], [115.32783, 4.89374], [115.35694, 4.89945], [115.36665, 4.90334], [115.37886, 4.91166], [115.39249, 4.92527], [115.45221, 4.98889], [115.46193, 4.99972], [115.47971, 5.02277], [115.52887, 5.04195], [115.5461, 5.05305], [115.55775, 5.06861], [115.56192, 5.07834], [115.5647, 5.08916], [115.5686, 5.12611], [115.57415, 5.17916], [115.55915, 5.2025], [115.54193, 5.19889], [115.52971, 5.20028], [115.51054, 5.20861], [115.48512, 5.22084], [115.35971, 5.30958], [115.35971, 5.32389], [115.37123, 5.3825], [115.38025, 5.40097], [115.52832, 5.5175], [115.60582, 5.52027], [115.74971, 5.51972], [115.7625, 5.52027], [115.79221, 5.525], [115.80304, 5.52777], [115.81749, 5.53389], [115.82971, 5.54222], [115.84887, 5.56389], [115.85721, 5.57639], [115.88665, 5.62889], [115.89526, 5.64486], [115.90443, 5.68], [115.90915, 5.71611], [115.91505, 5.73801], [115.91887, 5.7475], [115.92846, 5.75834], [115.94414, 5.77], [115.99136, 5.79778], [116.01416, 5.80944], [116.03846, 5.82611], [116.05109, 5.84084], [116.05595, 5.85472], [116.05331, 5.90028], [116.09027, 5.97777], [116.10999, 6.12777], [116.3286, 6.36334], [116.35804, 6.38861], [116.41443, 6.42889], [116.49109, 6.48277], [116.50068, 6.49347], [116.50749, 6.51055], [116.50277, 6.53236], [116.50722, 6.54431], [116.5611, 6.60639], [116.62678, 6.67736], [116.63916, 6.69222], [116.64388, 6.70111], [116.64763, 6.71445], [116.64804, 6.73111], [116.64665, 6.74333], [116.64249, 6.76028], [116.64334, 6.77334], [116.65694, 6.84666], [116.6611, 6.85639], [116.71582, 6.96778], [116.74525, 7.00666], [116.75417, 7.01805], [116.76638, 7.02313], [116.83235, 6.96514], [116.83985, 6.94875], [116.85109, 6.89805], [116.85971, 6.80334], [116.85874, 6.78055], [116.85555, 6.76639], [116.85138, 6.75694], [116.84665, 6.74805], [116.8354, 6.73208], [116.82055, 6.71945], [116.80971, 6.70305], [116.78915, 6.66222], [116.78082, 6.64334], [116.77609, 6.62084], [116.77693, 6.60111], [116.7838, 6.58424], [116.79999, 6.57666], [116.82415, 6.58], [116.84526, 6.58611], [116.85415, 6.59084], [116.86249, 6.59639], [116.98165, 6.74195], [117.04803, 6.82555], [117.05443, 6.84334], [117.04791, 6.87097], [117.03859, 6.88555], [117.03442, 6.895], [117.02971, 6.91084], [117.03109, 6.93486], [117.0686, 6.97944], [117.07763, 6.9875], [117.08943, 6.99305], [117.14514, 7.00153], [117.16887, 6.99445], [117.17831, 6.99027], [117.24929, 6.94514], [117.25305, 6.92834], [117.25249, 6.88834], [117.25166, 6.87527], [117.24498, 6.86166], [117.25305, 6.76778], [117.27707, 6.66639], [117.28804, 6.63986], [117.30165, 6.62624], [117.45387, 6.54389], [117.46652, 6.53944], [117.4761, 6.54277], [117.55859, 6.53777], [117.64846, 6.51472], [117.67665, 6.49139], [117.72443, 6.42334], [117.73929, 6.38694], [117.73415, 6.31722], [117.72805, 6.26889], [117.72262, 6.25701], [117.70971, 6.24931], [117.68887, 6.25166], [117.67165, 6.25528], [117.64221, 6.24361], [117.61248, 6.22021], [117.6004, 6.1925], [117.60193, 6.17805], [117.63472, 6.12916], [117.65395, 6.10736], [117.66277, 6.08889], [117.67526, 5.9975], [117.67484, 5.98236], [117.66776, 5.97166], [117.64305, 5.94861], [117.62996, 5.94027], [117.59027, 5.92527], [117.56499, 5.91639], [117.50305, 5.89611], [117.55054, 5.8975], [117.78221, 5.915], [117.87804, 5.94777], [117.88693, 5.95264], [117.94594, 6.00986], [117.97609, 6.04111], [117.98665, 6.05618], [118.00686, 6.06125], [118.03693, 6.035], [118.0486, 6.01944], [118.07332, 5.975], [118.12469, 5.86403], [118.11914, 5.85305], [118.09138, 5.81597], [118.08027, 5.81027], [118.04055, 5.80334], [117.98221, 5.80944], [117.93137, 5.81361], [117.9211, 5.81027], [117.90817, 5.79757], [117.91776, 5.755], [117.95547, 5.68507], [118.12553, 5.68945], [118.15637, 5.78695], [118.16165, 5.79792], [118.17665, 5.80389], [118.25874, 5.8275], [118.36249, 5.81027], [118.3736, 5.8075], [118.4297, 5.78166], [118.44331, 5.77472], [118.46609, 5.76305], [118.47499, 5.75834], [118.49553, 5.74472], [118.57903, 5.68889], [118.64888, 5.63778], [118.663, 5.625], [118.6922, 5.59139], [118.78526, 5.52722], [118.93471, 5.42972], [119.05664, 5.40444], [119.07026, 5.40444], [119.08276, 5.40584], [119.10262, 5.41334], [119.11693, 5.42611], [119.13138, 5.43569], [119.17804, 5.44527], [119.1897, 5.44333], [119.19859, 5.43861], [119.21027, 5.42972], [119.22151, 5.42042], [119.23887, 5.40361], [119.26165, 5.37514], [119.26776, 5.36416], [119.27582, 5.345], [119.27249, 5.22361], [119.26361, 5.205], [119.25555, 5.19277], [119.24443, 5.17639], [119.22387, 5.14861], [119.21443, 5.1375], [119.19359, 5.12389], [119.1711, 5.11222], [119.12804, 5.09389], [119.06972, 5.07], [119.03415, 5.05777], [118.99498, 5.04889], [118.9772, 5.04611], [118.93942, 5.03584], [118.91331, 5.02777], [118.81833, 4.99277], [118.77916, 4.97722], [118.74887, 4.965], [118.71054, 4.94777], [118.70166, 4.94305], [118.54971, 4.95861], [118.44678, 4.99903], [118.42499, 5.02166], [118.41331, 5.03055], [118.39471, 5.03584], [118.35428, 5.03584], [118.34137, 5.03166], [118.20735, 4.96181], [118.14055, 4.88834], [118.13582, 4.87944], [118.13305, 4.86861], [118.13235, 4.85361], [118.23082, 4.73555], [118.28234, 4.68084], [118.41721, 4.59334], [118.42998, 4.61139], [118.44054, 4.61319], [118.48526, 4.59278], [118.48697, 4.5649], [118.46726, 4.53844], [118.50928, 4.50057], [118.54403, 4.52547], [118.59485, 4.52124], [118.64345, 4.44861], [118.64485, 4.43764], [118.64082, 4.42819], [118.62985, 4.41514], [118.54957, 4.35097], [118.53804, 4.35153], [118.52776, 4.355], [118.49748, 4.35555], [118.40443, 4.34889], [118.18359, 4.30777], [118.125, 4.29048], [118.07388, 4.26695], [118.01305, 4.23194], [117.99589, 4.22416], [117.90568, 4.24597], [117.8886, 4.25625], [117.87331, 4.27722], [117.86304, 4.28722], [117.77527, 4.33527], [117.69304, 4.37472], [117.62915, 4.35361], [117.65263, 4.28181], [117.65193, 4.26695], [117.64708, 4.25792], [117.60109, 4.19972], [117.59205, 4.16982], [117.52887, 4.17527], [117.49775, 4.17889], [117.47554, 4.18361], [117.45276, 4.18861], [117.43942, 4.19584], [117.42443, 4.21472], [117.42025, 4.22472], [117.41081, 4.2425], [117.40179, 4.25458], [117.25179, 4.35389], [117.23944, 4.35834], [117.2236, 4.35875], [117.21111, 4.35444], [117.20277, 4.34597], [117.19179, 4.33624], [117.17665, 4.33555], [117.04387, 4.33695], [116.93692, 4.35083], [116.92443, 4.35222], [116.91054, 4.35222], [116.88916, 4.34931], [116.87692, 4.34527], [116.83985, 4.33042], [116.68876, 4.33075], [116.64194, 4.33472], [116.5336, 4.33084], [116.52762, 4.31931], [116.46582, 4.29403], [116.45416, 4.29458], [116.44165, 4.29945], [116.42581, 4.31], [116.3147, 4.35777], [116.15332, 4.355], [116.14026, 4.33722], [116.07415, 4.28361], [116.0611, 4.27792], [116.04762, 4.28111], [116.03088, 4.30076], [116.00415, 4.33], [115.98665, 4.33972], [115.97609, 4.34305], [115.88804, 4.36813], [115.87248, 4.36111], [115.85755, 4.3441], [115.85054, 4.32166], [115.77026, 4.24472], [115.76138, 4.23972], [115.69081, 4.18027], [115.68331, 4.16736], [115.65971, 4.1086], [115.6611, 4.09778], [115.66249, 4.07834], [115.61638, 3.85416], [115.58527, 3.74166], [115.57693, 3.70861], [115.57138, 3.66611], [115.57138, 3.61278], [115.57415, 3.59472], [115.57887, 3.58555], [115.60193, 3.53916], [115.62608, 3.45778], [115.62768, 3.43431], [115.61387, 3.42042], [115.59694, 3.42472], [115.58297, 3.42798], [115.57083, 3.41778], [115.55887, 3.38916], [115.55331, 3.37389], [115.53888, 3.33361], [115.53415, 3.31834], [115.52998, 3.30166], [115.51194, 3.21], [115.50999, 3.19834], [115.51305, 3.18403], [115.52859, 3.17611], [115.49887, 3.05028], [115.49553, 3.04], [115.4872, 3.0275], [115.37804, 2.99181], [115.31832, 2.98778], [115.31025, 2.99778], [115.30555, 3.00666], [115.30137, 3.01639], [115.24971, 3.01084], [115.15207, 2.92208], [115.13971, 2.90611], [115.11832, 2.85111], [115.08236, 2.61361], [115.09206, 2.60055], [115.10762, 2.59722], [115.12317, 2.60555], [115.1336, 2.61153], [115.16944, 2.60514], [115.18525, 2.59695], [115.19915, 2.58305], [115.23609, 2.52965], [115.23082, 2.50805], [115.21568, 2.49278], [115.20387, 2.48722], [115.18748, 2.48305], [115.09082, 2.4225], [115.00166, 2.36055], [114.94915, 2.29319], [114.93942, 2.28555], [114.9297, 2.28222], [114.90429, 2.27666], [114.87303, 2.27944], [114.81373, 2.26069], [114.8047, 2.24889], [114.79151, 2.21681], [114.77859, 2.16555], [114.77638, 2.15014], [114.80054, 2.06472], [114.83915, 2.04389], [114.84887, 2.04722], [114.86262, 2.04645], [114.87248, 2.02028], [114.87248, 2.00778], [114.86193, 1.91528], [114.85651, 1.90069], [114.84471, 1.89166], [114.78334, 1.86389], [114.71082, 1.77055], [114.67443, 1.6425], [114.58887, 1.45208], [114.57652, 1.44055], [114.55998, 1.43292], [114.54359, 1.43222], [114.53334, 1.43555], [114.51138, 1.44805], [114.49234, 1.46334], [114.47568, 1.4775], [114.45247, 1.49195], [114.44359, 1.49666], [114.42443, 1.50472], [114.41331, 1.50778], [114.40165, 1.50972], [114.38943, 1.50834], [114.29082, 1.47], [114.23137, 1.44361], [114.0844, 1.46999], [114.0336, 1.45889], [114.00499, 1.45361], [113.9872, 1.45084], [113.9686, 1.44861], [113.93082, 1.44528], [113.92179, 1.44084], [113.88804, 1.40597], [113.87608, 1.39055], [113.86525, 1.37416], [113.84248, 1.34861], [113.79041, 1.30472], [113.65908, 1.22584], [113.64249, 1.22944], [113.62996, 1.23778], [113.61638, 1.25139], [113.58693, 1.28361], [113.4561, 1.28834], [113.37442, 1.34389], [113.35943, 1.35625], [113.34082, 1.36528], [113.12637, 1.43166], [113.05748, 1.53979], [113.03859, 1.55695], [112.99971, 1.57278], [112.97693, 1.5775], [112.88415, 1.58805], [112.68026, 1.56305], [112.49972, 1.57055], [112.47276, 1.56805], [112.30971, 1.49944], [112.20137, 1.45014], [112.18471, 1.42528], [112.18151, 1.41139], [112.19178, 1.40278], [112.20984, 1.40319], [112.21471, 1.39416], [112.2129, 1.37611], [112.1322, 1.14979], [112.11081, 1.14055], [112.07444, 1.13555], [112.05525, 1.13416], [112.04165, 1.13416], [111.98332, 1.13778], [111.96555, 1.135], [111.95471, 1.13222], [111.94568, 1.12736], [111.89124, 1.07569], [111.87996, 1.05555], [111.87387, 1.04111], [111.86012, 1.02042], [111.84584, 1.0075], [111.82721, 0.99861], [111.80998, 0.99528], [111.79776, 0.99389], [111.73275, 1.00611], [111.72443, 1.01166], [111.70027, 1.02472], [111.68193, 1.03361], [111.66957, 1.03847], [111.65525, 1.03694], [111.63527, 1.02945], [111.56513, 1.00028], [111.41944, 1.00805], [111.40637, 1.00889], [111.39471, 1.01166], [111.3111, 1.04444], [111.25833, 1.06722], [111.21193, 1.06972], [111.19525, 1.06236], [111.02415, 1.02472], [111.00695, 1.02111], [110.99471, 1.02], [110.94109, 1.01861], [110.90694, 1.01514], [110.88554, 1.00555], [110.81956, 0.95], [110.81303, 0.93416], [110.81261, 0.9175], [110.8079, 0.90847], [110.70193, 0.87805], [110.5986, 0.85611], [110.57444, 0.85278], [110.55525, 0.85389], [110.54444, 0.85666], [110.52206, 0.86528], [110.45999, 0.90278], [110.33249, 1.00195], [110.19886, 1.17611], [110.18455, 1.18569], [110.16944, 1.18778], [110.15582, 1.18778], [110.13721, 1.18972], [110.11554, 1.19528], [110.10109, 1.20139], [110.08388, 1.21166], [110.07166, 1.22], [109.99605, 1.28864], [109.98541, 1.30188], [109.97971, 1.31722], [109.93166, 1.40694], [109.82471, 1.46861], [109.73996, 1.53916], [109.72192, 1.55555], [109.71165, 1.56584], [109.69886, 1.58028], [109.66873, 1.61701], [109.66721, 1.70639], [109.61581, 1.78916], [109.60359, 1.79111], [109.59387, 1.79528], [109.58387, 1.8025], [109.56387, 1.83361], [109.54734, 1.90694], [109.63081, 2.03166], [109.64856, 2.07341], [109.65138, 2.0575], [109.65555, 2.00278], [109.64999, 1.95222], [109.65151, 1.93639], [109.66026, 1.91445], [109.67137, 1.89805], [109.69915, 1.86069], [109.7104, 1.85139], [109.7336, 1.83695], [109.76054, 1.82278], [109.89943, 1.72194], [109.92803, 1.69048], [109.98183, 1.6823], [110.25305, 1.70555], [110.29832, 1.76166], [110.30304, 1.77055], [110.31748, 1.79403], [110.33055, 1.80153], [110.34221, 1.79736], [110.4772, 1.64334], [110.47998, 1.62416], [110.52721, 1.60834], [110.56499, 1.59805], [110.63554, 1.57889], [110.70276, 1.55695], [110.72249, 1.54945], [110.73368, 1.54014], [110.74046, 1.52153], [110.73498, 1.50208], [110.7247, 1.48834], [110.715, 1.4775], [110.69609, 1.46542], [110.67581, 1.45048], [110.68748, 1.44472], [110.70055, 1.44528], [110.7247, 1.44861], [110.73415, 1.45278], [110.74665, 1.46111], [110.76221, 1.47944], [110.76915, 1.49334], [110.77054, 1.50555], [110.77054, 1.51916], [110.76834, 1.53778], [110.76902, 1.55416], [110.77429, 1.56278], [110.78984, 1.56944], [110.82193, 1.56805], [110.83693, 1.5625], [110.94246, 1.51722], [110.97652, 1.49639], [110.99054, 1.48305], [111.01721, 1.455], [111.03637, 1.43305], [111.05275, 1.415], [111.06303, 1.405], [111.15555, 1.36389], [111.31945, 1.33305], [111.33305, 1.33305], [111.35081, 1.33555], [111.36665, 1.34055], [111.37831, 1.34597], [111.30165, 1.40694], [111.2872, 1.41305], [111.2625, 1.41584], [111.24193, 1.41584], [111.2247, 1.4125], [111.20972, 1.40694], [111.20027, 1.40278], [111.18818, 1.3959], [111.17206, 1.39458], [111.15971, 1.39945], [111.0579, 1.46195], [111.02415, 1.52416], [111.01277, 1.53334], [111.0036, 1.55139], [111.0, 1.57208], [111.00139, 1.58778], [111.02193, 1.64945], [111.02915, 1.66611], [111.0415, 1.67445], [111.06442, 1.68222], [111.16944, 1.93834], [111.17331, 1.94805], [111.19609, 2.02139], [111.20555, 2.06639], [111.23956, 2.11479], [111.25499, 2.12347], [111.2747, 2.12055], [111.29415, 2.1125], [111.32485, 2.10555], [111.33624, 2.10792], [111.34887, 2.11916], [111.36998, 2.14666], [111.37193, 2.15813], [111.35498, 2.16305], [111.27083, 2.15139], [111.19194, 2.14111], [111.17275, 2.14597], [111.18304, 2.26222], [111.20276, 2.36584], [111.21111, 2.39861], [111.21666, 2.41361], [111.2254, 2.4225], [111.24471, 2.42931], [111.31567, 2.38743], [111.36811, 2.33909], [111.39415, 2.35611], [111.45027, 2.36861], [111.44247, 2.39278], [111.42685, 2.41368], [111.40305, 2.48084], [111.41805, 2.57805], [111.43665, 2.6725], [111.43942, 2.68334], [111.44845, 2.69472], [111.52026, 2.74639], [111.64415, 2.83472], [111.65637, 2.84278], [111.66887, 2.84764], [111.74081, 2.86], [111.79359, 2.86889], [111.82361, 2.87305], [111.84221, 2.875], [111.89221, 2.87972], [111.95025, 2.88014], [111.965, 2.8825], [112.09305, 2.90528], [112.10942, 2.90916], [112.21775, 2.93805], [112.26443, 2.95305], [112.51721, 3.01472], [112.64749, 3.04416], [112.67637, 3.04944], [112.68719, 3.05222], [112.8647, 3.10084], [112.93248, 3.12222], [112.95305, 3.12889], [112.96748, 3.135], [112.98109, 3.14194], [112.99832, 3.15222], [113.01054, 3.16055], [113.02916, 3.17611], [113.04221, 3.19055], [113.05386, 3.20611], [113.06554, 3.22195], [113.07639, 3.23834], [113.08249, 3.25278], [113.27499, 3.48611], [113.29832, 3.5175], [113.38832, 3.64334], [113.39638, 3.65555], [113.41499, 3.69195], [113.51776, 3.80805], [113.55012, 3.83305], [113.66971, 3.9325], [113.73553, 3.99695], [113.77665, 4.04472], [113.92609, 4.24416], [113.93442, 4.25666], [113.94386, 4.27445], [113.96443, 4.32139], [113.99054, 4.42334], [113.99471, 4.43972], [113.99471, 4.45334], [113.99332, 4.4725], [113.99193, 4.48472], [113.98915, 4.49584], [113.98442, 4.51139], [113.97415, 4.53611], [113.96582, 4.55527], [113.96305, 4.56958], [113.96721, 4.5825], [113.97485, 4.59194], [113.98636, 4.5975], [113.99803, 4.59944], [114.01111, 4.59889], [114.06667, 4.59555], [114.09508, 4.59054]]], [[[100.34914, 5.56916], [100.35025, 5.60916], [100.36858, 5.66195], [100.37413, 5.68334], [100.37579, 5.82111], [100.36942, 5.87583], [100.36359, 5.9175], [100.35553, 5.96389], [100.34802, 5.99722], [100.33748, 6.02777], [100.28664, 6.13445], [100.25081, 6.20834], [100.2383, 6.22597], [100.21275, 6.24445], [100.19441, 6.256], [100.18802, 6.26153], [100.17191, 6.28666], [100.1608, 6.31666], [100.12785, 6.4137], [100.12711, 6.42495], [100.14192, 6.43666], [100.16845, 6.47084], [100.19275, 6.57528], [100.18413, 6.5975], [100.17455, 6.62236], [100.19406, 6.69743], [100.20385, 6.70936], [100.21498, 6.71111], [100.26414, 6.70666], [100.30025, 6.69979], [100.33066, 6.62042], [100.33517, 6.58611], [100.3744, 6.54389], [100.37905, 6.54076], [100.38748, 6.53611], [100.4369, 6.51555], [100.65664, 6.44868], [100.68135, 6.45334], [100.71692, 6.48], [100.75136, 6.50277], [100.82816, 6.42777], [100.85442, 6.3225], [100.84787, 6.29696], [100.84692, 6.285], [100.85324, 6.24389], [100.95206, 6.24083], [101.0097, 6.26944], [101.11205, 6.25069], [101.11426, 6.18246], [101.09914, 6.11889], [101.10635, 6.05027], [101.1192, 5.99027], [101.09566, 5.92395], [101.069, 5.91458], [101.04225, 5.90181], [100.99115, 5.79431], [100.99466, 5.77962], [101.05745, 5.72916], [101.14233, 5.63347], [101.16498, 5.63834], [101.18969, 5.65111], [101.22323, 5.67097], [101.25942, 5.71458], [101.3119, 5.80722], [101.45219, 5.86305], [101.50605, 5.88057], [101.57102, 5.91521], [101.60649, 5.90527], [101.65941, 5.85063], [101.65857, 5.82174], [101.69232, 5.76431], [101.69955, 5.76097], [101.74635, 5.78916], [101.77185, 5.7775], [101.80072, 5.74597], [101.82609, 5.74097], [101.94405, 5.86708], [101.94371, 5.90334], [101.9408, 5.9275], [101.94373, 5.95653], [101.95261, 5.97555], [101.98393, 6.01368], [102.01109, 6.03833], [102.09053, 6.15416], [102.09523, 6.23614], [102.12302, 6.21805], [102.16665, 6.19361], [102.18587, 6.20573], [102.22165, 6.2175], [102.31303, 6.18945], [102.33388, 6.17555], [102.3586, 6.15166], [102.3854, 6.11653], [102.41194, 6.07084], [102.43275, 6.02], [102.48803, 5.90264], [102.50165, 5.88208], [102.53973, 5.85316], [102.58136, 5.82861], [102.60524, 5.81222], [102.62345, 5.79569], [102.64609, 5.76347], [102.66573, 5.72986], [102.84219, 5.58931], [102.87691, 5.56834], [102.92135, 5.54743], [102.96087, 5.53701], [103.03775, 5.47695], [103.06442, 5.44805], [103.09607, 5.41028], [103.12191, 5.37736], [103.18192, 5.28277], [103.20831, 5.24055], [103.22803, 5.20555], [103.24025, 5.17695], [103.24802, 5.1575], [103.26554, 5.11334], [103.27914, 5.08611], [103.35608, 4.94916], [103.40997, 4.85805], [103.44107, 4.76527], [103.45497, 4.62694], [103.4538, 4.48479], [103.46498, 4.41166], [103.47635, 4.37472], [103.48553, 4.34986], [103.49371, 4.30874], [103.4865, 4.28055], [103.46637, 4.23445], [103.44656, 4.16644], [103.41414, 4.15076], [103.39595, 4.11139], [103.39413, 4.085], [103.40108, 4.05777], [103.40913, 4.03222], [103.41385, 3.95889], [103.37635, 3.86305], [103.33636, 3.7441], [103.37108, 3.64278], [103.38498, 3.62222], [103.42497, 3.57278], [103.4483, 3.54805], [103.46303, 3.53181], [103.47643, 3.49868], [103.45775, 3.47277], [103.44163, 3.44014], [103.42636, 3.3925], [103.4258, 3.37166], [103.42719, 3.32972], [103.43065, 3.30972], [103.43941, 3.28055], [103.44441, 3.25834], [103.45137, 3.21834], [103.45442, 3.18097], [103.45137, 3.14861], [103.44551, 3.12653], [103.43469, 3.05278], [103.43246, 2.96222], [103.43802, 2.92584], [103.45135, 2.88819], [103.46942, 2.85778], [103.48246, 2.83666], [103.50165, 2.80805], [103.52246, 2.78084], [103.55469, 2.74431], [103.59219, 2.70611], [103.61885, 2.68055], [103.63702, 2.66409], [103.65331, 2.66084], [103.72775, 2.64], [103.76525, 2.62584], [103.82025, 2.5759], [103.83386, 2.51736], [103.82706, 2.47639], [103.83636, 2.45514], [103.89832, 2.38584], [103.97746, 2.24305], [104.0197, 2.13666], [104.0583, 2.05916], [104.1158, 1.96611], [104.18829, 1.805], [104.22331, 1.71792], [104.25359, 1.63334], [104.2933, 1.43778], [104.27755, 1.3691], [104.21164, 1.34063], [104.18093, 1.33916], [104.15247, 1.34555], [104.10491, 1.36916], [104.04774, 1.46889], [104.07759, 1.50336], [103.98025, 1.63305], [103.95851, 1.64431], [103.97101, 1.59048], [103.99371, 1.56521], [104.01108, 1.535], [104.01053, 1.46195], [103.99851, 1.43569], [103.97108, 1.41889], [103.90476, 1.43215], [103.87246, 1.45666], [103.84607, 1.47194], [103.8249, 1.47597], [103.68349, 1.44555], [103.57997, 1.34555], [103.51214, 1.26953], [103.46442, 1.31], [103.45456, 1.3275], [103.44025, 1.37389], [103.41955, 1.44528], [103.4058, 1.48958], [103.39262, 1.51375], [103.37455, 1.53347], [103.34859, 1.54889], [103.31694, 1.56555], [103.28775, 1.57889], [103.25344, 1.58986], [103.21581, 1.60444], [103.19135, 1.61472], [103.01192, 1.72778], [102.85219, 1.83139], [102.83164, 1.84528], [102.81123, 1.85278], [102.77997, 1.8525], [102.72037, 1.84708], [102.69927, 1.85736], [102.68177, 1.87736], [102.5533, 2.04805], [102.51219, 2.07584], [102.49524, 2.08666], [102.48752, 2.09089], [102.46747, 2.10055], [102.43358, 2.11527], [102.29274, 2.16916], [102.18954, 2.20874], [102.16885, 2.22], [102.10415, 2.26861], [102.01303, 2.35611], [101.98616, 2.39004], [101.93135, 2.41527], [101.8497, 2.4725], [101.78552, 2.57334], [101.76761, 2.58639], [101.74191, 2.59222], [101.72052, 2.59147], [101.69801, 2.59472], [101.54941, 2.655], [101.51115, 2.67629], [101.48164, 2.7025], [101.45761, 2.73674], [101.4383, 2.77194], [101.41359, 2.80222], [101.39692, 2.81334], [101.36885, 2.82361], [101.31329, 2.82778], [101.28574, 2.84355], [101.28135, 2.89416], [101.29469, 2.92], [101.31607, 2.95389], [101.33538, 2.97236], [101.36615, 2.99132], [101.37108, 3.03305], [101.36629, 3.06361], [101.3508, 3.09097], [101.31942, 3.12653], [101.3058, 3.20611], [101.30524, 3.23222], [101.30025, 3.25445], [101.29011, 3.27486], [101.23525, 3.33875], [101.19345, 3.36105], [101.10899, 3.46903], [101.09108, 3.49916], [101.07191, 3.53472], [101.06497, 3.55472], [101.05996, 3.57694], [101.0472, 3.60514], [101.02803, 3.62805], [100.88498, 3.75389], [100.86858, 3.76555], [100.849, 3.77042], [100.81427, 3.77604], [100.80836, 3.79666], [100.82538, 3.82458], [100.84413, 3.84434], [100.78205, 3.83916], [100.7572, 3.8425], [100.7394, 3.8525], [100.7208, 3.86847], [100.70372, 3.89], [100.69705, 3.91042], [100.70483, 3.98271], [100.7244, 3.995], [100.75095, 3.98375], [100.77858, 3.98375], [100.86851, 4.02236], [100.6908, 4.15542], [100.65358, 4.16285], [100.62399, 4.16264], [100.60191, 4.22166], [100.58081, 4.30277], [100.5722, 4.34], [100.58304, 4.39916], [100.58886, 4.58639], [100.59365, 4.75097], [100.60553, 4.79834], [100.5108, 4.88611], [100.44621, 4.91368], [100.40219, 4.98389], [100.37996, 5.03666], [100.36232, 5.08437], [100.40466, 5.12], [100.41275, 5.13805], [100.42468, 5.16805], [100.43358, 5.19416], [100.4308, 5.2825], [100.38149, 5.51889], [100.37288, 5.54124], [100.34914, 5.56916]]], [[[117.09326, 7.29345], [117.14513, 7.33403], [117.22221, 7.35277], [117.26818, 7.34389], [117.27832, 7.33374], [117.28298, 7.31944], [117.27832, 7.25], [117.27638, 7.23861], [117.27304, 7.22834], [117.25054, 7.17916], [117.19275, 7.17334], [117.17221, 7.17334], [117.15999, 7.17195], [117.14943, 7.16861], [117.12082, 7.15555], [117.09817, 7.13722], [117.08943, 7.11889], [117.07928, 7.105], [117.06645, 7.10507], [117.05193, 7.17084], [117.06248, 7.27166], [117.07068, 7.28403], [117.08805, 7.29416], [117.09326, 7.29345]]], [[[99.85295, 6.46415], [99.85913, 6.43639], [99.86955, 6.41931], [99.89386, 6.40195], [99.91545, 6.38708], [99.92302, 6.33361], [99.87163, 6.28819], [99.73956, 6.24889], [99.65694, 6.36084], [99.65221, 6.36972], [99.64695, 6.385], [99.64194, 6.40722], [99.64221, 6.42208], [99.70333, 6.42611], [99.71666, 6.425], [99.72748, 6.42222], [99.73221, 6.41305], [99.74942, 6.40777], [99.79414, 6.41166], [99.85295, 6.46415]]], [[[111.31184, 2.49722], [111.30498, 2.59445], [111.29525, 2.68084], [111.29332, 2.73334], [111.2954, 2.74847], [111.30359, 2.76764], [111.31248, 2.77584], [111.32895, 2.78034], [111.3454, 2.77181], [111.35443, 2.76], [111.37776, 2.70805], [111.38165, 2.69834], [111.38388, 2.68], [111.38388, 2.6525], [111.38025, 2.615], [111.37692, 2.53611], [111.37692, 2.49528], [111.37831, 2.48278], [111.38109, 2.47195], [111.39943, 2.40805], [111.40582, 2.39389], [111.41152, 2.37639], [111.36804, 2.35958], [111.35081, 2.37194], [111.30394, 2.45], [111.30555, 2.46639], [111.31184, 2.49722]]], [[[100.30827, 5.44612], [100.32025, 5.42777], [100.32469, 5.38083], [100.31762, 5.33542], [100.28705, 5.25445], [100.20385, 5.27111], [100.19608, 5.29333], [100.17969, 5.4275], [100.1858, 5.46229], [100.24775, 5.46666], [100.26109, 5.46694], [100.27275, 5.46472], [100.29413, 5.45805], [100.30525, 5.45195], [100.30827, 5.44612]]], [[[117.68692, 4.16834], [117.64374, 4.21298], [117.63889, 4.22861], [117.64972, 4.23805], [117.68581, 4.25988], [117.72387, 4.26], [117.74609, 4.25834], [117.76027, 4.25528], [117.76971, 4.25111], [117.78554, 4.23945], [117.90355, 4.17405], [117.87944, 4.17305], [117.83971, 4.17195], [117.72665, 4.16972], [117.68692, 4.16834]]], [[[117.34275, 6.67253], [117.3986, 6.67695], [117.41277, 6.68], [117.4272, 6.68611], [117.43776, 6.69264], [117.44455, 6.70611], [117.43859, 6.71834], [117.42303, 6.72166], [117.40332, 6.72313], [117.40012, 6.73681], [117.41041, 6.74708], [117.4679, 6.76139], [117.49192, 6.74431], [117.51485, 6.70584], [117.51555, 6.68945], [117.51277, 6.67861], [117.50075, 6.66334], [117.46693, 6.6425], [117.45387, 6.635], [117.44414, 6.63111], [117.43332, 6.62834], [117.41235, 6.62583], [117.35068, 6.64097], [117.33859, 6.64945], [117.33527, 6.65889], [117.34275, 6.67253]]], [[[104.18795, 2.86778], [104.18941, 2.86639], [104.19913, 2.84195], [104.20415, 2.82666], [104.21719, 2.78555], [104.2197, 2.77444], [104.22073, 2.72187], [104.21191, 2.71139], [104.16775, 2.70528], [104.15554, 2.71055], [104.14165, 2.73084], [104.12941, 2.75389], [104.12497, 2.77], [104.12329, 2.78166], [104.16948, 2.8925], [104.18385, 2.87945], [104.18795, 2.86778]]], [[[116.85694, 7.18389], [116.85234, 7.18833], [116.87873, 7.27416], [116.88665, 7.28028], [117.00088, 7.35292], [117.00943, 7.34222], [117.01749, 7.30834], [117.01805, 7.26674], [116.95804, 7.24166], [116.90818, 7.23347], [116.8747, 7.22181], [116.85694, 7.18389]]], [[[118.39462, 4.67604], [118.47886, 4.68916], [118.57639, 4.65084], [118.59603, 4.63834], [118.56817, 4.59944], [118.52971, 4.60027], [118.34987, 4.67204], [118.39462, 4.67604]]]]}}, {"type": "Feature", "properties": {"country": "Vietnam", "objectid": 7, "flag_url": "https://moe-edugis.maps.arcgis.com/sharing/rest/content/items/076922a49b8848019378d48e2f3099ad/data"}, "geometry": {"type": "MultiPolygon", "coordinates": [[[[107.07896, 17.10804], [107.08333, 17.10638], [107.11636, 17.08184], [107.12996, 17.01195], [107.17915, 16.89666], [107.19165, 16.87472], [107.34275, 16.78916], [107.46971, 16.68916], [107.54012, 16.62902], [107.51639, 16.63166], [107.46825, 16.65291], [107.44911, 16.65529], [107.44444, 16.64448], [107.44845, 16.63833], [107.50513, 16.60409], [107.5486, 16.595], [107.59415, 16.58055], [107.69957, 16.51416], [107.81749, 16.38208], [107.79067, 16.37472], [107.81151, 16.31201], [107.83693, 16.29389], [107.88275, 16.27805], [107.90658, 16.2816], [107.93254, 16.30888], [107.96971, 16.33388], [108.02665, 16.32416], [108.04803, 16.31166], [108.0872, 16.24888], [108.18858, 16.19916], [108.16487, 16.1843], [108.14311, 16.15555], [108.13791, 16.12777], [108.22145, 16.05521], [108.20116, 15.99945], [108.23675, 16.03211], [108.23365, 16.07433], [108.23221, 16.13388], [108.24657, 16.15437], [108.33083, 16.15041], [108.34103, 16.13208], [108.30602, 16.1075], [108.26345, 16.09764], [108.26393, 16.06122], [108.26802, 16.03472], [108.2879, 15.97514], [108.30582, 15.94833], [108.42276, 15.80611], [108.52582, 15.63778], [108.62498, 15.48222], [108.73275, 15.41111], [108.7589, 15.39595], [108.80026, 15.42722], [108.82916, 15.42194], [108.88275, 15.28139], [108.89415, 15.13277], [108.92859, 15.00083], [108.94832, 14.95222], [108.97055, 14.89805], [108.9861, 14.86527], [109.00166, 14.83638], [109.01208, 14.8193], [109.07874, 14.72319], [109.09179, 14.6725], [109.08027, 14.64139], [109.0786, 14.54834], [109.12387, 14.40584], [109.15721, 14.33027], [109.1872, 14.29083], [109.20444, 14.23777], [109.21415, 14.12027], [109.25748, 14.02292], [109.30443, 13.86445], [109.30637, 13.82555], [109.30262, 13.75159], [109.26818, 13.75347], [109.26569, 13.81729], [109.25019, 13.885], [109.21805, 13.81611], [109.24295, 13.76692], [109.22415, 13.73722], [109.22762, 13.71653], [109.23451, 13.69705], [109.23665, 13.63834], [109.25665, 13.55527], [109.24324, 13.48624], [109.22998, 13.44194], [109.22886, 13.40861], [109.30109, 13.13805], [109.31359, 13.10847], [109.3736, 13.02027], [109.39901, 12.985], [109.41332, 12.97083], [109.43206, 12.955], [109.46485, 12.90055], [109.46186, 12.86097], [109.43234, 12.84319], [109.41555, 12.86222], [109.37053, 12.82139], [109.22858, 12.68166], [109.19734, 12.63153], [109.19609, 12.5775], [109.20638, 12.54527], [109.25277, 12.50222], [109.29915, 12.46055], [109.34693, 12.39493], [109.33638, 12.37264], [109.30172, 12.34569], [109.27262, 12.36201], [109.24942, 12.39861], [109.22082, 12.43083], [109.17657, 12.45691], [109.147, 12.43208], [109.17137, 12.40083], [109.21609, 12.32361], [109.21165, 12.27861], [109.20526, 12.0993], [109.26999, 11.8925], [109.22581, 11.935], [109.22546, 11.98222], [109.18311, 12.11694], [109.17997, 12.045], [109.20325, 12.01653], [109.20915, 11.97861], [109.19956, 11.94555], [109.1879, 11.92458], [109.16137, 11.90042], [109.13956, 11.8941], [109.12386, 11.86083], [109.12336, 11.84823], [109.19331, 11.79277], [109.2211, 11.75611], [109.20915, 11.70195], [109.18067, 11.62972], [109.13428, 11.56735], [109.07269, 11.58006], [109.05255, 11.59354], [109.03749, 11.57805], [109.02193, 11.51472], [109.01776, 11.445], [109.01652, 11.39334], [109.02168, 11.36225], [108.96215, 11.31145], [108.93401, 11.30833], [108.90525, 11.31861], [108.868, 11.33471], [108.85415, 11.3325], [108.80984, 11.31722], [108.76469, 11.2825], [108.66455, 11.18861], [108.58359, 11.18166], [108.53247, 11.14944], [108.50886, 11.12638], [108.49032, 11.09569], [108.24497, 10.94903], [108.22039, 10.94722], [108.13553, 10.92583], [108.11316, 10.91597], [108.09192, 10.90083], [108.07664, 10.88389], [108.05496, 10.84472], [108.0433, 10.8075], [108.03275, 10.76972], [108.0172, 10.73638], [107.99969, 10.70424], [107.95595, 10.70569], [107.93775, 10.71403], [107.90997, 10.71847], [107.88385, 10.71653], [107.82538, 10.69479], [107.79885, 10.66972], [107.78345, 10.6568], [107.75609, 10.63916], [107.58664, 10.57239], [107.53885, 10.52], [107.51748, 10.50305], [107.4597, 10.47416], [107.44094, 10.4668], [107.32885, 10.44583], [107.28775, 10.40549], [107.26619, 10.37613], [107.22904, 10.39731], [107.21219, 10.4375], [107.17217, 10.47572], [107.13278, 10.46754], [107.05357, 10.49527], [107.03497, 10.53111], [107.02802, 10.60667], [107.02328, 10.63034], [106.99858, 10.65506], [107.01008, 10.62134], [107.02123, 10.59], [107.01539, 10.53792], [106.99433, 10.57645], [106.99361, 10.61483], [106.98164, 10.56542], [106.98193, 10.55804], [106.99398, 10.52055], [106.97969, 10.49805], [106.96715, 10.47462], [106.96046, 10.50753], [106.94025, 10.53], [106.93392, 10.57416], [106.94153, 10.58555], [106.94274, 10.59243], [106.90414, 10.63138], [106.87898, 10.64597], [106.79274, 10.66972], [106.76303, 10.68055], [106.74166, 10.6609], [106.75401, 10.63985], [106.75747, 10.63583], [106.77053, 10.5893], [106.74957, 10.57734], [106.73648, 10.55097], [106.73525, 10.51208], [106.68267, 10.49771], [106.66231, 10.4908], [106.63135, 10.46], [106.59155, 10.42969], [106.61691, 10.43722], [106.73246, 10.47048], [106.79142, 10.38958], [106.79469, 10.31027], [106.78424, 10.27979], [106.68762, 10.29087], [106.65122, 10.28014], [106.57386, 10.28889], [106.53593, 10.30528], [106.49543, 10.30116], [106.45775, 10.30805], [106.42432, 10.31138], [106.43192, 10.30445], [106.46637, 10.2825], [106.48635, 10.27389], [106.57885, 10.24361], [106.60357, 10.23555], [106.65358, 10.22027], [106.69608, 10.20874], [106.79316, 10.15701], [106.80246, 10.12424], [106.77803, 10.08236], [106.65046, 9.96979], [106.60385, 9.97409], [106.48455, 10.03708], [106.46637, 10.05555], [106.39664, 10.14972], [106.38164, 10.17666], [106.36462, 10.20868], [106.33192, 10.2425], [106.29663, 10.255], [106.38665, 10.12194], [106.44691, 10.0525], [106.49656, 10.00347], [106.52165, 9.99208], [106.56694, 9.97472], [106.67275, 9.91027], [106.68844, 9.89389], [106.69343, 9.87222], [106.67441, 9.84222], [106.60712, 9.81086], [106.48685, 9.91765], [106.43949, 9.93926], [106.38525, 9.97555], [106.29358, 10.065], [106.25496, 10.11166], [106.2308, 10.14389], [106.21275, 10.16194], [106.16553, 10.20722], [106.14775, 10.22166], [106.12086, 10.23798], [106.11481, 10.23406], [106.16441, 10.16416], [106.27304, 10.05805], [106.2908, 10.03958], [106.30441, 10.02111], [106.30863, 10.01049], [106.32442, 9.99777], [106.45304, 9.87639], [106.50415, 9.81944], [106.57067, 9.74139], [106.57761, 9.72222], [106.57985, 9.66347], [106.57261, 9.63653], [106.54303, 9.58361], [106.52553, 9.56666], [106.50414, 9.55069], [106.41845, 9.53139], [106.39845, 9.53236], [106.25636, 9.62305], [106.23497, 9.63916], [106.07164, 9.78708], [106.03552, 9.82861], [106.02385, 9.84555], [106.00833, 9.87], [105.9772, 9.91111], [105.95511, 9.92949], [105.91081, 9.96639], [105.82996, 10.00486], [105.82372, 10.00423], [105.82054, 10.00063], [105.84275, 9.97472], [105.88441, 9.93583], [105.89892, 9.92405], [105.91761, 9.90861], [105.96553, 9.86], [106.01497, 9.80805], [106.05725, 9.75965], [106.07885, 9.72805], [106.18579, 9.55834], [106.20609, 9.52277], [106.21066, 9.50153], [106.19455, 9.36847], [106.17288, 9.3559], [106.13607, 9.35055], [105.99553, 9.30416], [105.86444, 9.25139], [105.84337, 9.24096], [105.825, 9.23416], [105.61914, 9.15889], [105.56137, 9.14027], [105.53387, 9.12945], [105.5168, 9.11639], [105.44971, 9.04903], [105.40735, 8.99777], [105.39083, 8.94222], [105.35442, 8.84666], [105.33568, 8.81111], [105.3054, 8.77542], [105.1213, 8.62506], [105.0211, 8.59277], [104.86464, 8.55924], [104.76694, 8.58555], [104.74275, 8.605], [104.83888, 8.66195], [104.89083, 8.69389], [104.92255, 8.74521], [104.91638, 8.80222], [104.89249, 8.79431], [104.84263, 8.7718], [104.82034, 8.76903], [104.79894, 8.79222], [104.80859, 9.01334], [104.82415, 9.26027], [104.8286, 9.31972], [104.83499, 9.445], [104.83472, 9.53374], [104.83721, 9.5618], [104.86053, 9.6925], [104.88053, 9.76444], [104.89922, 9.81069], [105.03885, 9.92722], [105.07272, 9.9375], [105.09761, 9.89695], [105.10275, 9.87416], [105.11275, 9.85479], [105.10746, 9.94527], [105.08748, 9.98972], [105.0733, 10.01166], [105.05553, 10.03389], [104.98177, 10.10444], [104.92858, 10.09792], [104.89739, 10.09465], [104.8533, 10.135], [104.82511, 10.17042], [104.80149, 10.20743], [104.7458, 10.23], [104.72351, 10.23235], [104.68718, 10.20388], [104.61024, 10.16889], [104.59469, 10.23125], [104.58193, 10.27069], [104.49802, 10.38861], [104.44533, 10.42274], [104.48775, 10.42277], [104.54857, 10.46521], [104.56623, 10.50181], [104.59483, 10.53271], [104.66983, 10.53694], [104.70168, 10.53118], [104.71547, 10.52848], [104.73304, 10.525], [104.77052, 10.52195], [104.80107, 10.52], [104.85053, 10.52139], [104.87788, 10.53042], [104.89443, 10.54416], [104.9183, 10.57695], [104.92969, 10.59361], [104.93914, 10.61195], [104.95441, 10.63125], [104.98261, 10.65347], [105.05997, 10.69347], [105.09415, 10.71319], [105.09372, 10.74653], [105.06108, 10.82361], [105.04914, 10.84389], [105.03892, 10.8817], [105.04995, 10.90694], [105.06108, 10.92027], [105.1008, 10.9543], [105.19175, 10.90612], [105.20609, 10.89944], [105.23385, 10.88972], [105.30025, 10.87555], [105.36191, 10.88069], [105.37219, 10.90055], [105.43094, 10.96576], [105.52429, 10.94576], [105.52776, 10.94722], [105.55469, 10.95305], [105.58853, 10.95971], [105.63553, 10.97], [105.69441, 10.99611], [105.72205, 11.01305], [105.74609, 11.0193], [105.78135, 11.02097], [105.85831, 10.91666], [105.95997, 10.8825], [106.0822, 10.80277], [106.20331, 10.77055], [106.17665, 10.87055], [106.14566, 10.91945], [106.15226, 10.96871], [106.18663, 10.975], [106.20903, 10.97009], [106.2124, 10.9725], [106.1894, 11.05368], [106.15552, 11.09389], [106.12645, 11.08677], [105.94858, 11.2025], [105.92996, 11.22027], [105.87114, 11.29674], [105.88304, 11.36416], [105.90012, 11.43534], [105.87865, 11.54895], [105.81907, 11.59401], [105.81644, 11.61745], [105.85315, 11.66195], [105.8751, 11.67042], [105.89817, 11.66736], [105.92636, 11.65194], [105.96128, 11.64479], [106.01428, 11.72055], [106.02226, 11.75985], [106.04337, 11.77625], [106.08316, 11.77305], [106.26865, 11.71777], [106.30305, 11.68174], [106.41719, 11.67611], [106.45821, 11.66586], [106.4483, 11.70972], [106.43774, 11.79361], [106.44858, 11.81722], [106.46135, 11.885], [106.42117, 11.96535], [106.41955, 11.97264], [106.44538, 11.98208], [106.62868, 11.97153], [106.69858, 11.96277], [106.72608, 11.97382], [106.7471, 12.0], [106.7892, 12.07346], [106.85694, 12.06722], [106.90735, 12.06465], [106.95584, 12.07472], [106.97471, 12.0825], [107.05275, 12.13944], [107.08194, 12.17777], [107.11081, 12.21583], [107.16276, 12.27375], [107.18997, 12.28722], [107.23859, 12.30361], [107.29637, 12.32277], [107.35373, 12.3318], [107.37831, 12.31277], [107.39777, 12.28777], [107.42339, 12.25349], [107.43894, 12.25454], [107.53415, 12.33861], [107.54991, 12.3593], [107.59526, 12.55445], [107.59305, 12.60388], [107.56318, 12.81083], [107.51971, 12.86416], [107.50943, 12.88416], [107.49248, 12.9525], [107.48332, 13.02055], [107.60646, 13.31134], [107.63638, 13.38166], [107.62925, 13.53804], [107.58859, 13.59527], [107.46419, 13.79436], [107.47026, 13.84139], [107.4735, 13.93171], [107.38305, 14.00458], [107.37053, 14.02042], [107.34408, 14.1284], [107.36068, 14.16472], [107.38471, 14.24055], [107.38915, 14.29243], [107.37545, 14.33735], [107.40915, 14.42027], [107.43226, 14.43504], [107.45672, 14.42222], [107.48082, 14.43555], [107.50444, 14.48222], [107.53325, 14.55014], [107.55845, 14.65708], [107.55331, 14.7018], [107.5466, 14.70862], [107.54943, 14.72445], [107.55165, 14.8475], [107.54012, 14.91889], [107.47998, 14.97145], [107.46804, 15.02319], [107.47331, 15.03583], [107.58679, 15.04555], [107.61582, 15.06361], [107.64055, 15.12805], [107.67025, 15.20527], [107.68158, 15.22648], [107.68471, 15.23472], [107.69525, 15.27083], [107.68471, 15.28861], [107.59636, 15.38389], [107.51749, 15.46833], [107.42025, 15.50334], [107.3611, 15.55639], [107.26305, 15.64778], [107.18304, 15.76542], [107.1763, 15.79035], [107.20395, 15.85895], [107.22929, 15.86639], [107.25555, 15.85847], [107.40194, 15.91847], [107.46361, 16.00389], [107.47582, 16.0225], [107.4753, 16.02734], [107.46082, 16.08048], [107.38247, 16.0675], [107.36249, 16.06277], [107.33762, 16.05611], [107.19165, 16.16083], [107.16512, 16.18374], [107.15207, 16.20583], [107.14861, 16.23308], [107.14722, 16.26334], [107.09389, 16.30082], [107.03055, 16.30638], [107.01055, 16.30736], [106.9872, 16.29972], [106.98387, 16.33722], [106.89526, 16.51777], [106.87512, 16.53687], [106.84338, 16.53235], [106.82916, 16.50666], [106.81387, 16.47305], [106.78249, 16.4325], [106.75665, 16.42034], [106.70221, 16.43972], [106.6847, 16.4593], [106.57527, 16.64222], [106.56067, 16.67743], [106.55525, 16.88874], [106.55525, 16.93805], [106.5611, 16.99694], [106.5202, 16.96735], [106.44123, 16.99249], [106.4342, 17.01136], [106.42054, 17.06472], [106.34082, 17.16916], [106.24866, 17.24645], [106.21165, 17.26166], [106.15138, 17.30472], [106.09013, 17.3568], [106.03915, 17.40666], [106.02138, 17.42611], [105.93193, 17.52916], [105.89221, 17.58444], [105.86081, 17.61861], [105.83284, 17.6402], [105.79554, 17.65333], [105.7543, 17.67041], [105.68193, 17.81445], [105.62725, 17.9875], [105.58221, 18.04861], [105.50444, 18.16833], [105.39998, 18.15756], [105.35734, 18.16819], [105.33221, 18.18611], [105.32193, 18.19668], [105.32583, 18.24277], [105.30852, 18.25615], [105.26707, 18.2525], [105.18332, 18.33445], [105.10873, 18.43798], [105.10387, 18.47027], [105.11525, 18.51764], [105.15027, 18.59874], [105.19414, 18.61], [105.19317, 18.63673], [105.1461, 18.67333], [105.10555, 18.69666], [105.02998, 18.72083], [104.93525, 18.74416], [104.74456, 18.79625], [104.67221, 18.83694], [104.57304, 18.90298], [104.54915, 18.94166], [104.53026, 18.97222], [104.27881, 19.1109], [104.22075, 19.11133], [104.22602, 19.14506], [104.17457, 19.19055], [104.06109, 19.23861], [104.00693, 19.2334], [103.87768, 19.30951], [103.97165, 19.39208], [104.04136, 19.41846], [104.10386, 19.47861], [104.10595, 19.52264], [104.10165, 19.55861], [104.07895, 19.56916], [104.05054, 19.59944], [104.03888, 19.62027], [104.02142, 19.66912], [104.03883, 19.69374], [104.05832, 19.68277], [104.08742, 19.6643], [104.14159, 19.66264], [104.14999, 19.68167], [104.15874, 19.68749], [104.22054, 19.70319], [104.24609, 19.70444], [104.42276, 19.66985], [104.44985, 19.64527], [104.51957, 19.60541], [104.56888, 19.60555], [104.64423, 19.61666], [104.65497, 19.64791], [104.66721, 19.68722], [104.67928, 19.70791], [104.717, 19.74798], [104.77026, 19.75695], [104.832, 19.78743], [104.84907, 19.84416], [104.82652, 19.86388], [104.79015, 19.86399], [104.7897, 19.89194], [104.84221, 19.93888], [104.89943, 19.97333], [104.96272, 19.98841], [104.97783, 20.00395], [104.98471, 20.09833], [104.93928, 20.18346], [104.84492, 20.22506], [104.715, 20.31305], [104.70902, 20.34153], [104.61546, 20.41604], [104.55275, 20.41423], [104.5204, 20.40708], [104.42054, 20.42416], [104.39374, 20.43527], [104.38151, 20.45458], [104.45444, 20.50445], [104.5161, 20.51722], [104.60054, 20.59027], [104.62997, 20.61861], [104.64189, 20.65235], [104.61442, 20.66514], [104.58817, 20.67264], [104.50193, 20.71222], [104.40942, 20.77833], [104.34422, 20.84315], [104.33069, 20.87708], [104.30623, 20.8943], [104.23027, 20.92888], [104.19443, 20.94333], [104.10395, 20.9759], [103.85665, 20.8525], [103.77887, 20.78445], [103.77138, 20.73722], [103.73838, 20.67096], [103.68705, 20.65958], [103.67332, 20.68152], [103.63735, 20.71791], [103.6054, 20.74027], [103.42499, 20.79389], [103.36021, 20.80214], [103.33527, 20.80555], [103.2186, 20.83027], [103.18909, 20.8442], [103.17713, 20.84388], [103.11782, 20.89361], [103.08805, 20.95555], [103.04207, 21.04597], [102.93727, 21.16333], [102.91444, 21.16805], [102.91907, 21.22888], [102.8886, 21.25222], [102.90471, 21.38194], [102.90498, 21.44027], [102.87692, 21.43014], [102.89068, 21.46611], [102.94443, 21.52861], [102.96902, 21.55555], [102.98747, 21.5743], [102.99081, 21.60694], [102.98741, 21.7127], [102.97055, 21.74514], [102.86136, 21.71833], [102.75401, 21.67069], [102.67519, 21.65854], [102.65415, 21.73485], [102.66054, 21.76055], [102.66165, 21.78681], [102.64722, 21.85305], [102.60443, 21.92847], [102.58554, 21.9368], [102.55525, 21.94055], [102.52665, 21.94777], [102.50178, 21.9668], [102.44803, 22.06694], [102.42276, 22.11569], [102.30484, 22.21014], [102.27742, 22.2159], [102.23831, 22.24249], [102.18491, 22.30041], [102.18012, 22.32611], [102.15374, 22.38472], [102.14075, 22.39628], [102.16748, 22.42333], [102.26971, 22.49166], [102.38889, 22.60916], [102.42609, 22.68833], [102.45408, 22.75375], [102.47444, 22.77187], [102.50096, 22.7718], [102.52138, 22.765], [102.70247, 22.68416], [102.87001, 22.59288], [102.8806, 22.55444], [102.92894, 22.48229], [103.0304, 22.43652], [103.06471, 22.44083], [103.16693, 22.5425], [103.33367, 22.79451], [103.3597, 22.79208], [103.39499, 22.77187], [103.42661, 22.70474], [103.45985, 22.63916], [103.48693, 22.61027], [103.50763, 22.59153], [103.52242, 22.58436], [103.53728, 22.58743], [103.58374, 22.64861], [103.56638, 22.69819], [103.6181, 22.77944], [103.65381, 22.78287], [103.79415, 22.65139], [103.82695, 22.60777], [103.8611, 22.57722], [103.90942, 22.53777], [103.96866, 22.50387], [104.00858, 22.52325], [104.01652, 22.55264], [104.01137, 22.57319], [104.03387, 22.68638], [104.06151, 22.74055], [104.1113, 22.79812], [104.25915, 22.82788], [104.25458, 22.77374], [104.26518, 22.73493], [104.35899, 22.68726], [104.3747, 22.6875], [104.46111, 22.74194], [104.49429, 22.77097], [104.53943, 22.80916], [104.57361, 22.83], [104.6513, 22.82617], [104.67345, 22.81305], [104.73193, 22.81805], [104.85221, 22.9625], [104.82454, 23.09926], [104.90749, 23.18027], [105.25805, 23.30444], [105.35873, 23.32416], [105.39915, 23.28069], [105.5274, 23.18307], [105.5513, 23.16243], [105.56137, 23.13472], [105.56526, 23.11055], [105.56569, 23.09678], [105.57391, 23.06333], [105.63926, 23.06291], [105.7686, 23.02014], [105.78888, 23.00472], [105.83582, 22.95638], [105.87706, 22.91253], [105.99136, 22.93819], [106.00569, 22.95281], [106.01485, 22.98249], [106.07749, 22.99083], [106.13472, 22.98861], [106.19561, 22.97388], [106.22359, 22.95555], [106.23749, 22.93861], [106.25206, 22.90416], [106.25614, 22.87214], [106.29429, 22.85708], [106.34124, 22.85333], [106.4736, 22.89055], [106.50026, 22.90569], [106.52196, 22.93267], [106.59248, 22.91361], [106.7029, 22.86695], [106.75749, 22.82195], [106.77832, 22.80305], [106.78749, 22.76388], [106.71748, 22.63055], [106.63144, 22.61506], [106.60713, 22.60493], [106.55171, 22.45682], [106.55331, 22.43138], [106.55713, 22.41495], [106.56498, 22.3493], [106.58665, 22.33542], [106.6186, 22.32875], [106.64874, 22.32882], [106.6922, 22.21632], [106.67005, 22.20416], [106.66859, 22.17472], [106.69331, 22.03083], [106.73749, 21.99972], [106.86331, 21.97916], [106.90165, 21.97055], [107.0211, 21.93916], [107.04401, 21.92138], [107.04249, 21.88951], [107.01583, 21.84985], [107.02402, 21.82062], [107.21361, 21.71152], [107.25339, 21.7102], [107.2686, 21.72416], [107.29859, 21.72937], [107.3404, 21.68138], [107.34833, 21.66222], [107.36273, 21.60526], [107.38472, 21.59833], [107.53179, 21.58638], [107.66026, 21.61], [107.71012, 21.62722], [107.73831, 21.64472], [107.7561, 21.65624], [107.78305, 21.66694], [107.86082, 21.64777], [107.91665, 21.58889], [107.94748, 21.54444], [107.96888, 21.53569], [107.99002, 21.54241], [107.99785, 21.53935], [108.0336, 21.52138], [108.06429, 21.48666], [107.93144, 21.43903], [107.91546, 21.45825], [107.92678, 21.48423], [107.9154, 21.52014], [107.89194, 21.53215], [107.85485, 21.52555], [107.79444, 21.47722], [107.70444, 21.39194], [107.59478, 21.29277], [107.48082, 21.29], [107.46631, 21.30562], [107.41651, 21.32596], [107.36693, 21.26527], [107.36283, 21.18235], [107.38247, 21.135], [107.37023, 21.09502], [107.36266, 21.0577], [107.37067, 21.02569], [107.34998, 21.00882], [107.3111, 21.00416], [107.25875, 21.00153], [107.23221, 20.99388], [107.15443, 20.925], [107.0789, 20.94526], [107.07422, 20.95041], [107.0843, 20.98625], [107.1172, 21.0143], [107.14651, 21.03615], [107.0372, 20.99666], [107.01465, 20.95056], [106.97776, 20.94555], [106.94146, 20.95337], [106.90839, 20.96675], [106.87673, 20.98821], [106.87039, 20.96041], [106.8908, 20.94985], [106.92105, 20.93438], [106.94287, 20.90482], [106.88235, 20.90271], [106.86263, 20.87118], [106.83592, 20.91678], [106.77539, 20.93578], [106.80061, 20.96062], [106.82304, 20.96993], [106.80971, 21.01166], [106.79137, 21.02611], [106.64665, 21.02166], [106.64357, 21.01748], [106.67096, 21.00756], [106.66702, 20.98223], [106.6797, 20.95408], [106.70784, 20.94423], [106.75888, 20.93388], [106.74162, 20.88653], [106.69587, 20.87667], [106.74305, 20.84027], [106.72527, 20.79972], [106.77998, 20.74055], [106.77693, 20.69916], [106.68082, 20.63846], [106.6479, 20.62604], [106.59721, 20.63259], [106.62303, 20.59083], [106.58402, 20.3425], [106.56708, 20.28701], [106.5232, 20.31195], [106.49551, 20.29966], [106.53526, 20.29722], [106.55735, 20.27125], [106.52763, 20.24014], [106.50471, 20.22555], [106.48137, 20.21527], [106.46109, 20.20861], [106.34194, 20.15694], [106.325, 20.12833], [106.20749, 20.00945], [106.17457, 19.98638], [106.15652, 19.97722], [106.10581, 19.97075], [106.1119, 20.02888], [106.07714, 19.96173], [106.03915, 19.98555], [106.034, 19.99089], [106.02527, 19.99083], [105.95679, 19.92305], [105.91277, 19.79305], [105.80859, 19.60111], [105.81797, 19.5659], [105.80415, 19.45583], [105.78485, 19.39819], [105.78915, 19.35638], [105.80643, 19.27423], [105.74275, 19.22638], [105.64374, 19.06472], [105.61053, 19.00389], [105.61387, 18.97722], [105.63856, 18.89065], [105.69595, 18.85666], [105.74637, 18.78583], [105.75651, 18.76527], [105.75749, 18.68325], [105.74971, 18.66249], [105.77138, 18.6725], [105.79415, 18.67111], [105.81331, 18.62138], [105.8261, 18.59277], [105.84109, 18.56305], [105.87025, 18.51861], [105.88361, 18.49916], [105.90886, 18.47222], [106.05609, 18.31611], [106.08305, 18.29416], [106.11304, 18.27027], [106.14221, 18.265], [106.16207, 18.26166], [106.25249, 18.21472], [106.27026, 18.19944], [106.44386, 18.03805], [106.46235, 18.00958], [106.49137, 17.97416], [106.50992, 17.95611], [106.45374, 17.87291], [106.4447, 17.845], [106.42499, 17.74166], [106.49498, 17.69111], [106.58665, 17.55277], [106.64276, 17.46694], [106.69886, 17.39972], [106.75387, 17.34333], [106.82166, 17.28889], [106.93997, 17.20027], [107.01805, 17.145], [107.05998, 17.11653], [107.07896, 17.10804]]], [[[104.01239, 10.43944], [104.05524, 10.40166], [104.06468, 10.39111], [104.07525, 10.3775], [104.08288, 10.36485], [104.08663, 10.24735], [104.07833, 10.22166], [104.02638, 10.08027], [103.96305, 10.21305], [103.94942, 10.24389], [103.9286, 10.27569], [103.9179, 10.285], [103.8765, 10.30055], [103.86595, 10.29958], [103.85887, 10.31083], [103.83838, 10.36771], [103.85346, 10.37361], [103.97691, 10.43361], [104.01239, 10.43944]]], [[[107.47195, 21.27142], [107.52361, 21.22444], [107.60408, 21.21694], [107.60027, 21.20527], [107.58499, 21.19111], [107.54041, 21.1557], [107.51144, 21.1497], [107.50178, 21.12934], [107.46305, 21.08944], [107.40387, 21.05222], [107.37922, 21.04819], [107.37554, 21.08125], [107.4447, 21.23527], [107.47195, 21.27142]]], [[[106.78172, 10.66317], [106.82719, 10.62055], [106.8452, 10.61261], [106.85647, 10.60388], [106.85829, 10.58388], [106.83756, 10.57315], [106.85247, 10.53407], [106.87235, 10.50293], [106.8652, 10.47044], [106.86993, 10.45607], [106.85938, 10.44025], [106.85733, 10.40674], [106.84192, 10.40222], [106.82595, 10.40472], [106.78719, 10.44055], [106.77553, 10.45305], [106.76136, 10.47111], [106.75554, 10.48139], [106.75262, 10.49445], [106.74984, 10.55861], [106.75663, 10.56792], [106.78466, 10.57461], [106.78375, 10.59261], [106.77866, 10.61043], [106.77803, 10.62416], [106.76485, 10.64497], [106.7523, 10.65896], [106.78172, 10.66317]]], [[[106.9106, 20.8344], [106.91735, 20.83819], [106.96361, 20.85111], [107.01443, 20.8575], [107.03339, 20.85569], [107.08777, 20.81445], [107.10152, 20.79944], [107.06888, 20.72861], [107.04776, 20.70388], [106.99179, 20.73375], [106.97221, 20.74749], [106.92054, 20.79445], [106.90796, 20.82652], [106.9106, 20.8344]]]]}}, {"type": "Feature", "properties": {"country": "Thailand", "objectid": 8, "flag_url": "https://moe-edugis.maps.arcgis.com/sharing/rest/content/items/d34f600b9bbd49bbad1d7b25df7a976e/data"}, "geometry": {"type": "MultiPolygon", "coordinates": [[[[101.69955, 5.76097], [101.69232, 5.76431], [101.65857, 5.82174], [101.65941, 5.85063], [101.60649, 5.90527], [101.57102, 5.91521], [101.50605, 5.88057], [101.45219, 5.86305], [101.3119, 5.80722], [101.25942, 5.71458], [101.22323, 5.67097], [101.18969, 5.65111], [101.16498, 5.63834], [101.14233, 5.63347], [101.05745, 5.72916], [100.99466, 5.77962], [100.99115, 5.79431], [101.04225, 5.90181], [101.069, 5.91458], [101.09566, 5.92395], [101.1192, 5.99027], [101.10635, 6.05027], [101.09914, 6.11889], [101.11426, 6.18246], [101.11205, 6.25069], [101.0097, 6.26944], [100.95206, 6.24083], [100.85324, 6.24389], [100.84692, 6.285], [100.84787, 6.29696], [100.85442, 6.3225], [100.82816, 6.42777], [100.75136, 6.50277], [100.71692, 6.48], [100.68135, 6.45334], [100.65664, 6.44868], [100.4369, 6.51555], [100.38748, 6.53611], [100.37905, 6.54076], [100.3744, 6.54389], [100.33517, 6.58611], [100.33066, 6.62042], [100.30025, 6.69979], [100.26414, 6.70666], [100.21498, 6.71111], [100.20385, 6.70936], [100.19406, 6.69743], [100.17455, 6.62236], [100.18413, 6.5975], [100.19275, 6.57528], [100.16845, 6.47084], [100.14192, 6.43666], [100.12711, 6.42495], [100.12219, 6.44889], [100.09018, 6.53344], [100.05844, 6.51163], [100.01469, 6.55194], [99.99107, 6.58361], [99.97441, 6.62055], [99.92941, 6.68639], [99.8472, 6.77722], [99.78984, 6.82389], [99.76972, 6.82847], [99.70846, 6.84861], [99.68387, 6.88278], [99.67915, 6.98584], [99.68268, 7.03145], [99.70172, 7.06305], [99.74568, 7.11792], [99.73442, 7.13028], [99.68776, 7.11153], [99.58457, 7.14257], [99.53554, 7.23527], [99.39083, 7.30166], [99.34025, 7.37681], [99.34742, 7.43813], [99.27665, 7.6175], [99.25981, 7.6558], [99.24305, 7.66805], [99.13054, 7.73374], [99.10706, 7.69493], [99.03707, 7.70722], [99.02512, 7.75151], [99.01735, 7.81666], [99.03637, 7.895], [98.95694, 7.97583], [98.88318, 8.01472], [98.84026, 7.99611], [98.77194, 8.01847], [98.74721, 8.05944], [98.74359, 8.07945], [98.74694, 8.10777], [98.74637, 8.18708], [98.73998, 8.2218], [98.69762, 8.30403], [98.67269, 8.30006], [98.65137, 8.27972], [98.62123, 8.2841], [98.62442, 8.32916], [98.63429, 8.35951], [98.65521, 8.36903], [98.65588, 8.37993], [98.61805, 8.38222], [98.54637, 8.35708], [98.47387, 8.32472], [98.44373, 8.29805], [98.4561, 8.27903], [98.46811, 8.22555], [98.43629, 8.14798], [98.38555, 8.13722], [98.31694, 8.20805], [98.27415, 8.27444], [98.22943, 8.42166], [98.19832, 8.52777], [98.19387, 8.55403], [98.20429, 8.585], [98.22443, 8.61139], [98.23498, 8.69611], [98.26082, 8.85388], [98.29026, 8.91805], [98.32721, 8.97361], [98.33915, 9.01055], [98.34694, 9.06027], [98.35138, 9.11472], [98.32805, 9.2075], [98.34749, 9.23916], [98.38611, 9.32389], [98.38879, 9.34482], [98.38998, 9.355], [98.39846, 9.38861], [98.45255, 9.54868], [98.56262, 9.73416], [98.54248, 9.80639], [98.54665, 9.87805], [98.57471, 9.90861], [98.68915, 10.15166], [98.69803, 10.17055], [98.72331, 10.24333], [98.7454, 10.32764], [98.74275, 10.34861], [98.74887, 10.37805], [98.75943, 10.40972], [98.77152, 10.43264], [98.79609, 10.4566], [98.82429, 10.51986], [98.79706, 10.595], [98.77527, 10.62174], [98.78498, 10.6775], [98.82457, 10.73195], [98.86848, 10.77336], [98.89792, 10.77653], [98.93525, 10.82222], [99.04887, 10.95805], [99.11067, 11.01334], [99.12804, 11.02416], [99.14414, 11.03027], [99.16707, 11.04243], [99.21332, 11.09916], [99.25444, 11.15945], [99.26555, 11.17666], [99.32444, 11.27889], [99.35832, 11.35], [99.46555, 11.56833], [99.56012, 11.63048], [99.63818, 11.74181], [99.65735, 11.82645], [99.62873, 11.83305], [99.58422, 11.88445], [99.55664, 12.01584], [99.56331, 12.10166], [99.57026, 12.13875], [99.49971, 12.18833], [99.45555, 12.29861], [99.44706, 12.33139], [99.42886, 12.49888], [99.43624, 12.57444], [99.30525, 12.66527], [99.23901, 12.73472], [99.11241, 13.06111], [99.12492, 13.17924], [99.15457, 13.19792], [99.20338, 13.20358], [99.21068, 13.21139], [99.21388, 13.23472], [99.21665, 13.41208], [99.21026, 13.46833], [99.18831, 13.54166], [99.17693, 13.57805], [99.16915, 13.63472], [99.17025, 13.66527], [99.17396, 13.72778], [99.12929, 13.77166], [99.03637, 13.93472], [99.00333, 14.01083], [98.97387, 14.07916], [98.93928, 14.10111], [98.88665, 14.13138], [98.80721, 14.185], [98.75972, 14.2175], [98.6147, 14.32215], [98.57026, 14.38416], [98.54082, 14.44695], [98.51944, 14.48666], [98.46805, 14.57833], [98.44331, 14.61153], [98.41791, 14.63639], [98.39249, 14.65129], [98.32541, 14.715], [98.26208, 14.8118], [98.24748, 14.87403], [98.25527, 14.89875], [98.25206, 14.92833], [98.23456, 14.96583], [98.21615, 14.99384], [98.2011, 15.075], [98.20305, 15.20444], [98.20547, 15.22678], [98.23429, 15.22118], [98.39776, 15.27111], [98.42025, 15.28416], [98.42394, 15.36048], [98.50055, 15.3875], [98.55213, 15.35708], [98.56296, 15.33458], [98.58179, 15.35791], [98.58943, 15.38277], [98.5936, 15.41694], [98.5961, 15.45236], [98.59248, 15.4775], [98.57694, 15.53305], [98.57138, 15.55527], [98.5654, 15.60764], [98.57083, 15.64389], [98.57557, 15.66188], [98.56888, 15.69833], [98.56526, 15.72277], [98.61499, 15.96583], [98.63165, 16.04611], [98.67928, 16.12083], [98.69886, 16.1293], [98.78928, 16.1184], [98.81234, 16.10485], [98.85776, 16.14104], [98.91595, 16.26139], [98.9212, 16.39535], [98.86499, 16.43861], [98.82748, 16.4025], [98.78859, 16.35305], [98.71457, 16.27555], [98.69123, 16.28305], [98.66805, 16.38194], [98.66207, 16.45985], [98.5636, 16.63083], [98.52249, 16.68527], [98.48002, 16.73895], [98.50669, 16.78211], [98.54999, 16.85472], [98.54387, 16.88388], [98.51111, 16.94111], [98.46165, 17.01583], [98.4236, 17.05333], [98.40055, 17.05277], [98.37469, 17.05055], [98.30443, 17.14083], [98.27276, 17.17388], [98.20555, 17.23583], [98.17943, 17.25777], [98.11886, 17.31388], [98.05304, 17.41583], [97.96887, 17.52833], [97.92387, 17.56896], [97.85096, 17.62347], [97.79387, 17.68416], [97.77832, 17.70333], [97.68727, 17.86771], [97.70699, 17.92819], [97.74395, 17.95485], [97.75111, 17.97485], [97.68719, 18.12861], [97.65248, 18.175], [97.62095, 18.22548], [97.62345, 18.25277], [97.64335, 18.28048], [97.61845, 18.315], [97.5861, 18.32666], [97.55436, 18.31958], [97.53894, 18.27548], [97.51929, 18.26639], [97.49791, 18.27916], [97.45095, 18.33687], [97.45027, 18.37027], [97.44595, 18.39083], [97.43748, 18.41055], [97.3936, 18.49346], [97.36755, 18.5218], [97.34727, 18.54222], [97.35408, 18.57521], [97.36229, 18.57965], [97.36845, 18.55819], [97.44665, 18.49631], [97.50665, 18.49611], [97.55137, 18.50708], [97.62692, 18.55527], [97.65277, 18.56222], [97.75185, 18.5725], [97.77568, 18.57235], [97.77887, 18.60472], [97.78027, 18.63499], [97.78152, 18.67846], [97.74623, 18.8675], [97.7197, 18.88944], [97.67984, 18.93215], [97.7472, 19.03153], [97.78429, 19.06819], [97.83179, 19.09867], [97.84055, 19.16777], [97.84181, 19.2071], [97.83415, 19.29], [97.80275, 19.35985], [97.79235, 19.39888], [97.86638, 19.52166], [97.86908, 19.57017], [97.90748, 19.57472], [97.96429, 19.60153], [98.03595, 19.64777], [98.0397, 19.67194], [98.02874, 19.71395], [98.04935, 19.80479], [98.07472, 19.8093], [98.13944, 19.78305], [98.1772, 19.75805], [98.21527, 19.72638], [98.2422, 19.68999], [98.33755, 19.69367], [98.3911, 19.69583], [98.47603, 19.69367], [98.52054, 19.70972], [98.64915, 19.74194], [98.83818, 19.815], [98.89111, 19.77611], [98.94582, 19.77111], [99.00047, 19.78444], [99.03291, 19.83583], [99.03818, 19.85722], [99.03012, 19.89083], [99.02276, 19.9243], [99.04193, 20.04277], [99.07909, 20.09847], [99.16415, 20.12666], [99.19304, 20.1268], [99.24386, 20.11722], [99.27013, 20.10153], [99.29957, 20.0768], [99.33193, 20.06708], [99.45207, 20.09694], [99.48762, 20.11861], [99.51573, 20.14562], [99.53956, 20.15375], [99.55484, 20.20285], [99.50221, 20.30889], [99.52845, 20.35014], [99.6111, 20.32333], [99.66999, 20.31138], [99.78832, 20.32972], [99.81568, 20.34041], [99.83444, 20.36416], [99.85138, 20.40472], [99.87366, 20.42888], [99.96263, 20.45458], [99.98082, 20.43555], [99.98609, 20.41596], [100.01999, 20.38333], [100.0844, 20.34864], [100.09137, 20.34861], [100.10526, 20.30944], [100.16555, 20.29194], [100.2272, 20.35666], [100.26089, 20.38611], [100.28749, 20.39277], [100.3211, 20.39153], [100.34332, 20.38222], [100.35991, 20.36555], [100.37928, 20.33708], [100.38762, 20.30847], [100.41873, 20.23819], [100.45786, 20.18808], [100.52103, 20.14583], [100.57483, 20.16246], [100.58046, 20.15777], [100.57097, 20.09166], [100.55095, 20.01764], [100.50624, 19.87854], [100.4861, 19.85944], [100.44609, 19.815], [100.41124, 19.7718], [100.40499, 19.74903], [100.40756, 19.73855], [100.44554, 19.62777], [100.49088, 19.53777], [100.51639, 19.51889], [100.57895, 19.49346], [100.58495, 19.49397], [100.61303, 19.53819], [100.64088, 19.55062], [100.7, 19.53361], [100.75534, 19.50791], [100.77388, 19.48575], [100.8136, 19.52055], [100.8522, 19.56], [100.86748, 19.5775], [100.88388, 19.59833], [100.9122, 19.61972], [100.9586, 19.62138], [101.0322, 19.61916], [101.0636, 19.60527], [101.08611, 19.59027], [101.22511, 19.59438], [101.25929, 19.58569], [101.27908, 19.56625], [101.28513, 19.52055], [101.26436, 19.47437], [101.21585, 19.46149], [101.2011, 19.37458], [101.20247, 19.35388], [101.28998, 19.10611], [101.30582, 19.09277], [101.35346, 19.04437], [101.33956, 19.01069], [101.3186, 18.99638], [101.29998, 18.97583], [101.25395, 18.89479], [101.24971, 18.86888], [101.23693, 18.74138], [101.26797, 18.68458], [101.24109, 18.63764], [101.18012, 18.56014], [101.14722, 18.54055], [101.10699, 18.51875], [101.05783, 18.44159], [101.059, 18.41861], [101.08669, 18.38765], [101.09582, 18.37395], [101.15457, 18.345], [101.17665, 18.17527], [101.17082, 18.08722], [101.14334, 18.0225], [101.11374, 17.95708], [101.08721, 17.93014], [101.06318, 17.91458], [101.02881, 17.89798], [100.9897, 17.80611], [100.98055, 17.76305], [100.98439, 17.75014], [100.98845, 17.73207], [100.95345, 17.64972], [100.92415, 17.61916], [100.91123, 17.59945], [100.92216, 17.56895], [100.94131, 17.56434], [100.96305, 17.56555], [100.9879, 17.56153], [101.03345, 17.54124], [101.07575, 17.49985], [101.15971, 17.46075], [101.22717, 17.53135], [101.30971, 17.62472], [101.35582, 17.65722], [101.49722, 17.74346], [101.58106, 17.79735], [101.55971, 17.81384], [101.57721, 17.86006], [101.63609, 17.88958], [101.68915, 17.90583], [101.74165, 17.97277], [101.76194, 18.03833], [101.78415, 18.06354], [101.85081, 18.04416], [101.88505, 18.03139], [101.91067, 18.0368], [101.99942, 18.12749], [102.04776, 18.19166], [102.07083, 18.20833], [102.08939, 18.21498], [102.10822, 18.20945], [102.15706, 18.20423], [102.17998, 18.19096], [102.21332, 18.13833], [102.25776, 18.08777], [102.29915, 18.04764], [102.42374, 17.98194], [102.47249, 17.97055], [102.52333, 17.97333], [102.54415, 17.97166], [102.60422, 17.9468], [102.61276, 17.91861], [102.61068, 17.88673], [102.68359, 17.82], [102.73055, 17.88305], [102.84137, 17.96249], [102.8586, 17.97472], [102.94651, 18.00597], [102.97838, 17.99881], [103.01589, 17.97999], [103.04713, 17.99701], [103.06841, 18.02883], [103.06942, 18.12303], [103.12026, 18.14875], [103.14083, 18.16527], [103.25665, 18.275], [103.24109, 18.33903], [103.2422, 18.36541], [103.27638, 18.40222], [103.30109, 18.41903], [103.37137, 18.43111], [103.39722, 18.43499], [103.41748, 18.43444], [103.50776, 18.42166], [103.61922, 18.3884], [103.75943, 18.33777], [103.84248, 18.31111], [103.94067, 18.32666], [103.97615, 18.32687], [104.04693, 18.23833], [104.07193, 18.19972], [104.09194, 18.14638], [104.10179, 18.10944], [104.19554, 18.015], [104.21575, 17.98902], [104.23944, 17.93722], [104.257, 17.88764], [104.26638, 17.865], [104.28582, 17.84555], [104.33554, 17.82638], [104.40165, 17.72812], [104.41748, 17.70388], [104.46137, 17.6493], [104.64103, 17.55771], [104.69205, 17.52854], [104.71832, 17.50333], [104.79304, 17.40819], [104.80555, 17.38194], [104.80942, 17.36138], [104.8136, 17.28611], [104.81442, 17.24249], [104.80915, 17.19027], [104.80246, 17.15277], [104.79749, 17.13333], [104.77443, 17.09111], [104.74637, 17.03764], [104.74108, 17.01069], [104.73996, 16.97319], [104.74242, 16.94672], [104.74553, 16.91027], [104.76082, 16.75333], [104.76874, 16.72472], [104.76797, 16.69138], [104.76013, 16.65777], [104.75305, 16.63638], [104.74262, 16.56625], [104.74957, 16.52445], [104.90998, 16.34625], [104.96193, 16.29972], [104.97885, 16.28759], [104.99248, 16.27695], [105.0125, 16.25166], [105.02429, 16.22666], [105.02867, 16.17555], [105.04485, 16.13291], [105.05748, 16.115], [105.08067, 16.095], [105.18887, 16.05638], [105.22026, 16.05027], [105.24525, 16.04639], [105.27638, 16.04389], [105.30859, 16.03861], [105.42272, 16.00937], [105.42975, 16.00046], [105.38555, 15.98993], [105.37137, 15.97333], [105.34595, 15.92604], [105.38943, 15.82805], [105.40109, 15.80722], [105.44234, 15.76132], [105.4845, 15.76187], [105.50775, 15.76653], [105.55748, 15.74888], [105.60386, 15.72006], [105.63513, 15.66916], [105.63929, 15.63944], [105.63124, 15.58569], [105.60637, 15.47111], [105.60033, 15.43668], [105.59999, 15.43305], [105.58332, 15.41694], [105.56581, 15.40584], [105.53707, 15.39527], [105.4747, 15.17472], [105.47116, 15.11021], [105.52443, 15.07027], [105.59055, 15.00055], [105.57721, 14.91166], [105.56638, 14.88305], [105.54525, 14.85861], [105.51596, 14.81555], [105.52832, 14.64805], [105.53637, 14.60764], [105.5354, 14.56389], [105.51526, 14.53111], [105.49332, 14.50389], [105.44443, 14.45055], [105.37053, 14.40472], [105.29749, 14.36944], [105.22561, 14.34235], [105.2106, 14.34965], [105.19315, 14.34965], [105.1647, 14.3025], [105.14825, 14.24993], [105.12137, 14.23083], [105.08214, 14.21895], [105.04117, 14.23847], [105.00943, 14.28889], [104.99845, 14.31735], [105.00139, 14.34638], [105.00335, 14.37733], [104.97084, 14.39333], [104.91829, 14.40125], [104.88971, 14.41945], [104.80901, 14.44764], [104.64415, 14.42958], [104.6054, 14.39889], [104.58374, 14.36937], [104.55304, 14.36277], [104.47534, 14.35715], [104.45855, 14.36616], [104.42303, 14.37666], [104.28358, 14.40777], [104.12373, 14.38458], [104.05609, 14.35945], [104.045, 14.35447], [104.03603, 14.34784], [103.92221, 14.33916], [103.72276, 14.39027], [103.69373, 14.43854], [103.65915, 14.44777], [103.56456, 14.42305], [103.51318, 14.39944], [103.47123, 14.37361], [103.37901, 14.35743], [103.32833, 14.3584], [103.27388, 14.35347], [103.24426, 14.33529], [103.18386, 14.33055], [103.14388, 14.31722], [103.09465, 14.29113], [103.06374, 14.27243], [103.03633, 14.23815], [103.0238, 14.22798], [102.98484, 14.21125], [102.96277, 14.20639], [102.94087, 14.18354], [102.93539, 14.16861], [102.9397, 14.14569], [102.90248, 14.03666], [102.85804, 13.99305], [102.80942, 13.95555], [102.79525, 13.94139], [102.78471, 13.92347], [102.77555, 13.88861], [102.76276, 13.85083], [102.72207, 13.765], [102.62944, 13.71694], [102.56554, 13.68118], [102.56693, 13.64666], [102.59902, 13.61514], [102.56387, 13.58055], [102.54102, 13.57055], [102.46582, 13.56194], [102.43942, 13.56222], [102.39665, 13.56861], [102.3772, 13.57389], [102.35985, 13.49694], [102.35609, 13.37916], [102.35305, 13.31027], [102.3501, 13.29897], [102.34651, 13.28174], [102.39514, 13.16166], [102.41721, 13.11695], [102.49248, 12.97666], [102.53381, 12.7984], [102.52361, 12.75666], [102.52165, 12.7508], [102.5068, 12.73695], [102.5036, 12.68548], [102.5229, 12.65777], [102.57012, 12.64479], [102.63374, 12.60291], [102.77943, 12.45194], [102.78778, 12.41585], [102.74775, 12.37368], [102.71721, 12.19555], [102.71727, 12.16632], [102.84643, 11.83979], [102.88692, 11.78695], [102.89842, 11.77888], [102.90691, 11.76778], [102.91539, 11.74569], [102.92405, 11.65215], [102.91609, 11.63585], [102.90886, 11.72055], [102.90414, 11.74027], [102.80363, 11.87498], [102.77776, 11.95611], [102.76263, 12.02792], [102.64152, 12.175], [102.59555, 12.20388], [102.55713, 12.20243], [102.52193, 12.11666], [102.33777, 12.19527], [102.31915, 12.29222], [102.33943, 12.31069], [102.36408, 12.34458], [102.35575, 12.35867], [102.33777, 12.36069], [102.34206, 12.33527], [102.31178, 12.31069], [102.26526, 12.29805], [102.24346, 12.30653], [102.21609, 12.32583], [102.1972, 12.34361], [102.12082, 12.42111], [102.06812, 12.48562], [102.06775, 12.53277], [102.06067, 12.56624], [102.01943, 12.56361], [101.94664, 12.525], [101.89235, 12.57208], [101.86943, 12.61083], [101.85977, 12.64177], [101.80998, 12.68139], [101.7868, 12.69435], [101.75658, 12.705], [101.71555, 12.705], [101.68692, 12.69639], [101.66776, 12.68292], [101.65165, 12.65083], [101.56775, 12.6325], [101.38194, 12.60916], [101.33527, 12.62916], [101.31499, 12.63722], [101.29387, 12.64445], [101.2625, 12.65361], [101.2365, 12.65847], [101.10915, 12.67527], [101.07874, 12.67458], [100.99414, 12.64778], [100.97522, 12.64093], [100.97067, 12.6043], [100.93221, 12.61139], [100.85386, 12.68277], [100.83915, 12.70139], [100.84325, 12.7368], [100.86885, 12.76777], [100.91998, 12.98445], [100.90165, 13.07222], [100.94262, 13.19784], [100.93692, 13.23403], [100.91436, 13.2916], [100.93081, 13.33472], [100.96193, 13.34347], [100.98019, 13.35791], [100.98817, 13.38389], [100.97635, 13.46281], [100.91526, 13.46277], [100.84873, 13.47125], [100.83899, 13.47435], [100.82194, 13.48305], [100.75888, 13.49305], [100.57916, 13.51916], [100.55747, 13.50986], [100.46782, 13.49162], [100.42943, 13.48777], [100.40123, 13.48775], [100.33305, 13.4825], [100.22221, 13.46833], [100.08919, 13.42503], [100.05936, 13.41597], [99.97387, 13.31555], [99.95679, 13.29107], [99.9611, 13.26715], [100.00178, 13.21097], [100.02124, 13.19166], [100.05623, 13.16694], [100.07319, 13.14861], [100.10401, 13.04472], [100.09221, 13.02403], [100.07485, 13.00653], [100.05443, 12.97472], [100.04554, 12.95555], [99.97013, 12.74319], [99.96165, 12.67445], [99.95999, 12.64084], [99.96078, 12.63602], [99.96026, 12.62083], [99.97435, 12.46111], [100.00695, 12.34389], [100.02082, 12.19465], [99.97165, 12.08972], [99.95526, 12.07139], [99.92637, 12.04389], [99.90416, 12.02444], [99.8797, 12.0], [99.86512, 11.98305], [99.84665, 11.94916], [99.83582, 11.92527], [99.82666, 11.90195], [99.8233, 11.78471], [99.7786, 11.73277], [99.73735, 11.69055], [99.64026, 11.51445], [99.63555, 11.49111], [99.63054, 11.45527], [99.60942, 11.39222], [99.5829, 11.34903], [99.50416, 11.15945], [99.49193, 11.11555], [99.49082, 11.09555], [99.4986, 11.06569], [99.51298, 11.04048], [99.51069, 11.00972], [99.5056, 10.99734], [99.49505, 10.9693], [99.50055, 10.92653], [99.48275, 10.88527], [99.4161, 10.765], [99.34567, 10.67153], [99.32179, 10.65375], [99.24109, 10.52292], [99.23887, 10.46319], [99.19497, 10.37222], [99.15082, 10.36472], [99.15422, 10.30882], [99.19304, 10.20055], [99.15602, 10.12743], [99.15055, 10.08333], [99.15804, 9.99916], [99.16748, 9.90916], [99.16901, 9.84916], [99.14438, 9.79097], [99.14749, 9.76334], [99.15525, 9.73], [99.17637, 9.64153], [99.26332, 9.46], [99.29262, 9.42014], [99.30304, 9.38527], [99.28027, 9.37277], [99.23015, 9.33722], [99.22748, 9.30222], [99.23721, 9.25729], [99.25235, 9.23069], [99.26846, 9.21861], [99.36914, 9.2025], [99.44505, 9.1925], [99.47624, 9.20027], [99.49706, 9.21264], [99.57971, 9.26916], [99.70749, 9.31833], [99.74665, 9.31833], [99.76972, 9.31361], [99.77238, 9.31294], [99.7979, 9.31611], [99.8454, 9.30041], [99.86914, 9.22805], [99.88998, 9.12888], [99.91887, 8.97222], [99.92609, 8.89111], [99.92886, 8.86139], [99.9536, 8.6475], [99.9586, 8.62527], [99.96582, 8.60527], [99.98727, 8.57472], [100.03318, 8.54382], [100.05095, 8.52014], [100.07944, 8.4625], [100.10441, 8.41472], [100.16038, 8.38125], [100.18608, 8.39861], [100.17941, 8.46805], [100.15587, 8.49979], [100.13849, 8.51854], [100.17246, 8.50681], [100.21566, 8.45305], [100.23802, 8.40666], [100.25636, 8.35583], [100.26997, 8.31125], [100.27552, 8.27597], [100.28165, 8.21083], [100.29121, 8.14222], [100.29608, 8.10972], [100.32664, 7.98334], [100.33777, 7.93766], [100.35858, 7.8575], [100.37275, 7.80055], [100.37775, 7.77834], [100.38333, 7.74305], [100.38748, 7.71334], [100.41109, 7.60061], [100.42375, 7.53528], [100.43366, 7.50007], [100.4597, 7.40972], [100.4783, 7.36666], [100.50359, 7.31639], [100.51554, 7.29389], [100.53955, 7.26611], [100.56456, 7.2425], [100.57809, 7.22014], [100.56989, 7.19257], [100.54192, 7.19875], [100.43885, 7.28611], [100.39818, 7.46178], [100.39436, 7.49461], [100.37969, 7.54561], [100.29239, 7.78], [100.26762, 7.79305], [100.20762, 7.77736], [100.20427, 7.77114], [100.15039, 7.72722], [100.14636, 7.70389], [100.15164, 7.62597], [100.17302, 7.54695], [100.18288, 7.51555], [100.26608, 7.37834], [100.28719, 7.35777], [100.31514, 7.34], [100.36607, 7.32764], [100.37666, 7.30842], [100.39206, 7.20805], [100.42483, 7.15777], [100.49998, 7.13416], [100.53837, 7.13076], [100.58483, 7.17063], [100.59055, 7.20912], [100.61441, 7.17777], [100.64525, 7.14945], [100.68885, 7.08555], [100.73219, 7.02125], [100.7608, 6.98444], [100.77719, 6.96945], [100.80358, 6.95611], [100.91636, 6.91584], [100.95886, 6.88861], [100.99303, 6.86695], [101.02553, 6.84722], [101.04781, 6.84639], [101.06805, 6.85799], [101.13887, 6.85861], [101.18496, 6.86028], [101.35818, 6.87594], [101.33375, 6.91527], [101.29455, 6.93555], [101.33638, 6.93389], [101.47748, 6.87861], [101.52693, 6.85805], [101.54554, 6.84847], [101.56998, 6.82639], [101.59332, 6.78111], [101.67665, 6.64416], [101.72057, 6.57328], [101.74512, 6.53264], [101.76194, 6.50722], [101.78678, 6.47708], [101.81248, 6.45416], [102.01845, 6.28514], [102.04774, 6.26584], [102.09523, 6.23614], [102.09053, 6.15416], [102.01109, 6.03833], [101.98393, 6.01368], [101.95261, 5.97555], [101.94373, 5.95653], [101.9408, 5.9275], [101.94371, 5.90334], [101.94405, 5.86708], [101.82609, 5.74097], [101.80072, 5.74597], [101.77185, 5.7775], [101.74635, 5.78916], [101.69955, 5.76097]]], [[[98.33276, 8.16219], [98.33638, 8.1325], [98.34305, 8.10889], [98.38998, 8.08389], [98.40193, 8.08139], [98.41864, 8.01513], [98.41864, 7.99745], [98.40006, 7.97911], [98.39985, 7.94175], [98.41394, 7.90462], [98.43295, 7.912], [98.44108, 7.90611], [98.43637, 7.87166], [98.30907, 7.75722], [98.28749, 7.77764], [98.28387, 7.78777], [98.27193, 7.92222], [98.28207, 8.18333], [98.30345, 8.18521], [98.31956, 8.17514], [98.33276, 8.16219]]], [[[102.42645, 12.0], [102.43413, 11.99222], [102.4469, 11.97326], [102.43454, 11.95333], [102.31441, 11.95694], [102.29135, 11.97445], [102.25194, 12.13055], [102.25194, 12.15069], [102.27388, 12.14834], [102.30168, 12.14217], [102.31623, 12.13792], [102.32833, 12.13138], [102.354, 12.11264], [102.36353, 12.09993], [102.36943, 12.08305], [102.37469, 12.07222], [102.4111, 12.01777], [102.41776, 12.00834], [102.42645, 12.0]]], [[[100.07732, 9.54521], [100.06903, 9.47083], [100.01999, 9.42264], [99.97331, 9.41361], [99.94102, 9.42256], [99.93221, 9.54694], [99.9861, 9.57611], [100.07763, 9.58833], [100.09194, 9.56597], [100.08638, 9.55472], [100.07732, 9.54521]]], [[[99.66281, 6.703], [99.68137, 6.6791], [99.69775, 6.58834], [99.70228, 6.5425], [99.69304, 6.52555], [99.66805, 6.49639], [99.65263, 6.49479], [99.59665, 6.58527], [99.59762, 6.60014], [99.6086, 6.60834], [99.66281, 6.703]]], [[[102.56023, 11.7544], [102.60469, 11.69695], [102.61052, 11.66027], [102.61024, 11.64527], [102.59345, 11.56424], [102.58331, 11.56666], [102.53177, 11.60271], [102.529, 11.6925], [102.54914, 11.75195], [102.56023, 11.7544]]], [[[98.53695, 8.10735], [98.5936, 8.07888], [98.61082, 8.05111], [98.61165, 7.96861], [98.61137, 7.95472], [98.60706, 7.90805], [98.59839, 7.89903], [98.57492, 7.91354], [98.53221, 8.08], [98.52971, 8.09083], [98.52818, 8.12], [98.53695, 8.10735]]]]}}, {"type": "Feature", "properties": {"country": "Myanmar", "objectid": 9, "flag_url": "https://moe-edugis.maps.arcgis.com/sharing/rest/content/items/d12d1524f8c246acadff543aa68217fb/data"}, "geometry": {"type": "MultiPolygon", "coordinates": [[[[98.89896, 10.78578], [98.86952, 10.78262], [98.82561, 10.7412], [98.78602, 10.68676], [98.77631, 10.631], [98.7981, 10.60426], [98.82533, 10.52913], [98.79713, 10.46587], [98.77256, 10.4419], [98.76047, 10.41899], [98.74991, 10.38732], [98.74379, 10.35788], [98.70937, 10.27427], [98.68074, 10.2051], [98.60103, 10.06872], [98.55244, 9.99619], [98.52714, 10.02233], [98.50826, 10.16622], [98.51173, 10.24607], [98.53422, 10.35816], [98.51242, 10.42899], [98.49831, 10.44788], [98.45769, 10.68412], [98.46178, 10.738], [98.50138, 10.73571], [98.52755, 10.70592], [98.56518, 10.73648], [98.62851, 10.85536], [98.71047, 10.9255], [98.71964, 10.96522], [98.71658, 10.9862], [98.71186, 11.00202], [98.69796, 11.14633], [98.72519, 11.17146], [98.73838, 11.18938], [98.75908, 11.2773], [98.73186, 11.3359], [98.71742, 11.36174], [98.70298, 11.38424], [98.72311, 11.56812], [98.74824, 11.68408], [98.83089, 11.7177], [98.88477, 11.70645], [98.85061, 11.74173], [98.78603, 11.77617], [98.70853, 11.70645], [98.69102, 11.68575], [98.65991, 11.69839], [98.61046, 11.73311], [98.59949, 11.75853], [98.60686, 11.81353], [98.66408, 11.92561], [98.72082, 11.97345], [98.72187, 12.02311], [98.70131, 12.05393], [98.65567, 12.17788], [98.71147, 12.20862], [98.70691, 12.23367], [98.68756, 12.25114], [98.63821, 12.23367], [98.59825, 12.2031], [98.55052, 12.21811], [98.53477, 12.26384], [98.56909, 12.30421], [98.64011, 12.31395], [98.68489, 12.32534], [98.70463, 12.34925], [98.68034, 12.37924], [98.64576, 12.39503], [98.62962, 12.40726], [98.60588, 12.43038], [98.60575, 12.47781], [98.62255, 12.56739], [98.64992, 12.61725], [98.68186, 12.70003], [98.6363, 12.8812], [98.62268, 12.89724], [98.59478, 12.92488], [98.58576, 13.09945], [98.58492, 13.16334], [98.58138, 13.1875], [98.52561, 13.24556], [98.49408, 13.26556], [98.47574, 13.29389], [98.4595, 13.36736], [98.45018, 13.41694], [98.43102, 13.48569], [98.40487, 13.53031], [98.32465, 13.64305], [98.28769, 13.69332], [98.2527, 13.78748], [98.25018, 13.86831], [98.23518, 13.96206], [98.2139, 14.03511], [98.18728, 14.06414], [98.18067, 14.03479], [98.1888, 13.94692], [98.19713, 13.90415], [98.19907, 13.6711], [98.17817, 13.5443], [98.14172, 13.54735], [98.08353, 13.77054], [98.07937, 13.79846], [98.09741, 13.80742], [98.10463, 13.91498], [98.08464, 14.05748], [98.08825, 14.189], [98.06866, 14.21316], [98.03658, 14.25969], [98.01256, 14.30024], [97.98325, 14.36746], [97.87824, 14.68245], [97.85519, 14.72661], [97.82908, 14.79772], [97.79829, 14.89107], [97.79964, 14.93105], [97.81241, 15.11382], [97.81227, 15.16173], [97.79937, 15.19465], [97.77658, 15.21562], [97.74379, 15.26131], [97.7363, 15.33991], [97.73714, 15.36798], [97.78075, 15.43575], [97.76548, 15.51991], [97.72623, 15.78031], [97.72561, 15.85573], [97.71047, 15.89406], [97.69408, 15.91962], [97.64241, 15.95572], [97.59548, 16.01128], [97.57519, 16.05461], [97.57075, 16.07426], [97.59408, 16.09646], [97.61602, 16.12343], [97.64992, 16.26571], [97.65158, 16.28626], [97.63908, 16.31848], [97.62602, 16.3471], [97.62171, 16.37029], [97.62352, 16.4332], [97.63617, 16.49944], [97.68241, 16.55167], [97.73833, 16.5698], [97.73189, 16.57642], [97.70505, 16.58124], [97.66686, 16.55903], [97.57699, 16.54243], [97.50937, 16.54542], [97.40797, 16.5316], [97.37908, 16.50404], [97.35879, 16.53459], [97.20575, 16.85374], [97.21535, 16.90941], [97.18714, 16.90873], [97.16603, 17.06484], [97.15131, 17.13289], [97.06268, 17.26094], [97.01186, 17.30177], [96.97018, 17.329], [96.91255, 17.37385], [96.89576, 17.39149], [96.87908, 17.45899], [96.84325, 17.41398], [96.88047, 17.35343], [96.86518, 17.25024], [96.84533, 17.20017], [96.86214, 17.15539], [96.87186, 17.13733], [96.88324, 17.12067], [96.90117, 17.09275], [96.91352, 17.04567], [96.87248, 16.93144], [96.83881, 16.92818], [96.80893, 16.91345], [96.81368, 16.90435], [96.81826, 16.90207], [96.84422, 16.88013], [96.84768, 16.852], [96.79617, 16.73596], [96.77881, 16.71291], [96.76423, 16.69666], [96.68352, 16.6168], [96.62046, 16.56306], [96.59728, 16.54778], [96.50243, 16.51709], [96.46671, 16.51014], [96.41047, 16.50736], [96.37852, 16.51153], [96.2988, 16.56001], [96.26575, 16.60653], [96.2299, 16.71041], [96.22281, 16.75499], [96.23745, 16.78326], [96.25797, 16.79471], [96.27766, 16.81263], [96.24297, 16.81276], [96.19686, 16.77541], [96.20046, 16.73346], [96.20826, 16.69124], [96.22921, 16.5975], [96.25238, 16.5496], [96.27193, 16.51513], [96.30474, 16.47147], [96.26937, 16.39876], [96.18379, 16.35654], [96.08576, 16.36098], [96.00785, 16.3921], [96.07088, 16.3471], [96.0738, 16.32397], [96.02297, 16.26488], [95.96978, 16.22488], [95.94036, 16.2255], [95.88839, 16.2464], [95.75437, 16.15349], [95.73323, 16.12421], [95.69116, 16.04975], [95.68935, 16.01406], [95.68575, 15.98947], [95.67464, 15.97072], [95.63798, 15.92683], [95.62129, 15.90934], [95.52006, 15.80684], [95.49408, 15.7849], [95.45046, 15.75268], [95.42963, 15.73879], [95.39443, 15.72157], [95.29311, 15.73532], [95.27908, 15.79907], [95.2804, 15.84247], [95.30255, 15.86296], [95.31978, 15.88281], [95.36102, 15.97795], [95.36644, 16.001], [95.36797, 16.05211], [95.36164, 16.15051], [95.33603, 16.13155], [95.32756, 16.1128], [95.34645, 16.08016], [95.35076, 16.05572], [95.35033, 16.03169], [95.34588, 16.00461], [95.33075, 15.97378], [95.28653, 15.89985], [95.25888, 15.87197], [95.2397, 15.88489], [95.26663, 15.95946], [95.27491, 16.00892], [95.23658, 15.94982], [95.2213, 15.89628], [95.21811, 15.87128], [95.22692, 15.83323], [95.2186, 15.79539], [95.17456, 15.78594], [95.14165, 15.80129], [95.12213, 15.83378], [95.10186, 15.99669], [95.1031, 16.0378], [95.109, 16.07141], [95.12991, 16.09599], [95.16603, 16.11777], [95.19456, 16.12127], [95.22533, 16.12814], [95.1813, 16.14557], [95.13825, 16.14627], [95.09123, 16.1069], [95.06839, 16.06238], [95.07076, 16.00988], [95.07575, 15.98628], [95.07443, 15.94954], [95.05322, 15.84737], [95.04165, 15.81739], [94.96117, 15.7622], [94.84922, 15.79122], [94.85596, 15.89742], [94.83686, 15.9567], [94.88832, 16.02688], [94.88272, 16.05736], [94.87214, 16.10343], [94.86241, 16.13961], [94.87393, 16.16085], [94.90228, 16.19335], [94.94248, 16.2046], [94.96713, 16.21724], [94.98956, 16.24522], [94.89672, 16.21446], [94.88033, 16.19988], [94.86214, 16.17154], [94.84707, 16.1378], [94.85188, 16.0698], [94.85669, 16.04193], [94.84131, 16.00239], [94.72838, 15.87017], [94.71158, 15.85656], [94.69852, 15.85157], [94.6799, 15.85184], [94.65811, 15.85989], [94.61339, 15.89489], [94.60699, 15.92635], [94.63908, 15.95239], [94.66686, 15.96391], [94.69297, 15.98267], [94.72033, 16.01003], [94.77547, 16.11266], [94.79269, 16.15772], [94.76172, 16.14919], [94.72936, 16.09238], [94.71901, 16.06114], [94.71207, 16.02677], [94.62352, 15.95683], [94.59248, 15.94198], [94.56478, 15.94767], [94.56269, 15.96822], [94.5802, 15.991], [94.60519, 16.01406], [94.62213, 16.031], [94.63769, 16.04906], [94.65103, 16.06906], [94.66991, 16.10294], [94.68199, 16.13293], [94.68768, 16.19863], [94.64381, 16.34695], [94.61727, 16.34668], [94.55768, 16.27987], [94.53805, 16.30305], [94.51339, 16.29226], [94.51899, 16.26266], [94.51548, 16.21029], [94.50853, 16.1889], [94.43325, 16.07461], [94.32825, 15.99433], [94.252, 15.96795], [94.20298, 16.03669], [94.2338, 16.35987], [94.31258, 16.53142], [94.34665, 16.56153], [94.40728, 16.80777], [94.39533, 16.85263], [94.41103, 16.90373], [94.45575, 16.97456], [94.52631, 17.18233], [94.51269, 17.22483], [94.55158, 17.32593], [94.56408, 17.42399], [94.56928, 17.47185], [94.57076, 17.51093], [94.61338, 17.55641], [94.59325, 17.62425], [94.58353, 17.64286], [94.54463, 17.7173], [94.4949, 17.8423], [94.46798, 18.01202], [94.48858, 18.03444], [94.49047, 18.07382], [94.38437, 18.37172], [94.34352, 18.40561], [94.25488, 18.54355], [94.23963, 18.7467], [94.14131, 18.86961], [94.12129, 18.82003], [94.03943, 18.856], [94.02978, 18.90766], [94.04186, 18.97279], [94.05879, 19.06084], [94.03928, 19.08675], [94.02797, 19.15223], [94.04286, 19.19114], [94.04899, 19.21066], [94.05233, 19.23046], [94.04174, 19.25021], [94.0345, 19.22223], [94.02686, 19.20348], [93.99714, 19.15862], [93.97088, 19.15237], [93.94908, 19.16098], [93.89656, 19.22063], [93.87535, 19.26487], [93.89714, 19.28195], [93.91879, 19.3025], [93.9499, 19.33389], [93.97928, 19.37153], [93.98675, 19.46603], [93.91075, 19.48582], [93.82187, 19.55749], [93.73401, 19.63199], [93.68546, 19.72831], [93.60144, 19.72636], [93.6006, 19.79469], [93.66297, 19.8858], [93.69373, 19.89635], [93.7247, 19.88997], [93.74297, 19.92552], [93.72539, 19.94129], [93.6115, 19.91156], [93.58748, 19.88816], [93.55648, 19.90236], [93.53594, 19.93256], [93.51287, 19.95645], [93.49076, 19.97307], [93.45347, 19.96134], [93.41422, 19.98274], [93.40117, 20.02094], [93.37213, 20.0508], [93.28409, 20.0533], [93.26395, 20.05107], [93.16519, 20.0633], [93.13891, 20.07458], [93.16898, 19.98824], [93.17647, 19.96941], [93.21575, 19.88177], [93.244, 19.84066], [93.2238, 19.8365], [93.17214, 19.93108], [93.15202, 19.95797], [93.13922, 19.98521], [93.10158, 19.98468], [93.10165, 19.96018], [93.13464, 19.85927], [93.16825, 19.81137], [93.12768, 19.84816], [92.98297, 20.0833], [92.98324, 20.13269], [93.05963, 20.13885], [93.11019, 20.18009], [93.11538, 20.22502], [93.08013, 20.20593], [93.04297, 20.17385], [93.01561, 20.15301], [92.99518, 20.15815], [92.99047, 20.21495], [93.0338, 20.39355], [93.08103, 20.51827], [93.08311, 20.54802], [93.03241, 20.47826], [93.02228, 20.44105], [93.01964, 20.41244], [93.02214, 20.38911], [93.02214, 20.36439], [93.00784, 20.30453], [92.89201, 20.12787], [92.86872, 20.12836], [92.77081, 20.21207], [92.79164, 20.26426], [92.86769, 20.31036], [92.89298, 20.33161], [92.84741, 20.41133], [92.79714, 20.49882], [92.71465, 20.60965], [92.64537, 20.69464], [92.68783, 20.61909], [92.70674, 20.6008], [92.73699, 20.44494], [92.73824, 20.27203], [92.71283, 20.28481], [92.69378, 20.31273], [92.68254, 20.34174], [92.62075, 20.46605], [92.50145, 20.62465], [92.4613, 20.65854], [92.43186, 20.6802], [92.40991, 20.68909], [92.38165, 20.70401], [92.36324, 20.76742], [92.31185, 20.89936], [92.2863, 20.94699], [92.27465, 20.99518], [92.26298, 21.0631], [92.23394, 21.12406], [92.21589, 21.14552], [92.20687, 21.22767], [92.20603, 21.30933], [92.22325, 21.36683], [92.26186, 21.42321], [92.36116, 21.48112], [92.38269, 21.48085], [92.53853, 21.38683], [92.58742, 21.27135], [92.60776, 21.26107], [92.66713, 21.30211], [92.67038, 21.30576], [92.65977, 21.3285], [92.64908, 21.35849], [92.64241, 21.38155], [92.63185, 21.42377], [92.61908, 21.47876], [92.6013, 21.64292], [92.60006, 21.66556], [92.60019, 21.80375], [92.61185, 21.86173], [92.6215, 21.88853], [92.6163, 21.92985], [92.60713, 21.97374], [92.60186, 21.99096], [92.60686, 21.99206], [92.67693, 22.03387], [92.69686, 22.1029], [92.70737, 22.16324], [92.79977, 22.11782], [92.86311, 22.06137], [92.87685, 22.04276], [92.88617, 22.02234], [92.92547, 22.01374], [92.96076, 22.03345], [92.99186, 22.05734], [93.01714, 22.12373], [93.04803, 22.21323], [93.07241, 22.22039], [93.10685, 22.214], [93.13033, 22.19476], [93.15662, 22.19657], [93.19893, 22.27344], [93.19797, 22.32565], [93.19378, 22.36593], [93.19046, 22.39316], [93.17727, 22.45016], [93.14283, 22.47433], [93.12032, 22.53899], [93.09825, 22.67397], [93.09379, 22.72313], [93.10324, 22.81035], [93.1188, 22.87951], [93.14103, 22.96187], [93.12713, 23.02284], [93.14061, 23.05575], [93.18574, 23.06783], [93.21096, 23.05992], [93.22742, 23.02659], [93.24839, 23.01562], [93.27575, 23.01297], [93.3065, 23.02631], [93.35006, 23.07978], [93.38888, 23.24011], [93.37296, 23.36642], [93.40047, 23.43197], [93.42616, 23.61099], [93.4238, 23.67112], [93.41574, 23.71335], [93.38519, 23.85667], [93.35213, 23.96194], [93.33027, 23.98923], [93.32894, 24.04457], [93.33856, 24.08044], [93.36841, 24.0996], [93.38886, 24.0956], [93.40861, 24.08314], [93.42251, 24.05232], [93.47463, 23.97958], [93.50116, 23.97096], [93.5302, 23.97277], [93.5945, 23.97986], [93.61131, 24.00243], [93.62962, 24.02513], [93.69072, 24.02388], [93.76718, 24.00888], [93.78533, 23.98527], [93.80158, 23.95749], [93.82367, 23.94375], [93.85964, 23.95083], [93.91123, 23.96437], [94.03256, 23.92833], [94.09533, 23.89486], [94.1358, 23.85235], [94.1488, 23.86015], [94.22102, 24.01943], [94.24352, 24.08943], [94.2713, 24.18803], [94.31491, 24.29442], [94.36018, 24.38025], [94.47325, 24.59023], [94.50158, 24.61176], [94.5988, 24.73383], [94.61936, 24.76883], [94.66963, 24.87632], [94.73622, 25.04055], [94.73505, 25.13159], [94.72241, 25.14853], [94.68754, 25.1638], [94.66408, 25.17241], [94.61769, 25.17907], [94.59519, 25.19269], [94.57951, 25.21769], [94.57728, 25.24213], [94.58354, 25.2974], [94.62963, 25.41038], [94.66269, 25.43656], [94.67048, 25.456], [94.68804, 25.47441], [94.74109, 25.50329], [94.7695, 25.50002], [94.79477, 25.50836], [94.88631, 25.58711], [94.99741, 25.74071], [95.02935, 25.83367], [95.06831, 25.95465], [95.09367, 25.96903], [95.11879, 25.9918], [95.13603, 26.01041], [95.16602, 26.04528], [95.17612, 26.07457], [95.11435, 26.14679], [95.08131, 26.24275], [95.06777, 26.32011], [95.06693, 26.48392], [95.14602, 26.6246], [95.23921, 26.68466], [95.25464, 26.68786], [95.26263, 26.65828], [95.38936, 26.69314], [95.42214, 26.70703], [95.44644, 26.72077], [95.47838, 26.76077], [95.49463, 26.79979], [95.50853, 26.82132], [95.52687, 26.83313], [95.54768, 26.83479], [95.60717, 26.83149], [95.67214, 26.90673], [95.80713, 27.01103], [95.8295, 27.01659], [95.87477, 27.02131], [95.91324, 27.03922], [95.93713, 27.06006], [95.96297, 27.08866], [95.98269, 27.11866], [95.99463, 27.14505], [96.01242, 27.17741], [96.0306, 27.19587], [96.09921, 27.24046], [96.1552, 27.26449], [96.19227, 27.27824], [96.22936, 27.28448], [96.42727, 27.31302], [96.49768, 27.31059], [96.62296, 27.3742], [96.72693, 27.37406], [96.76465, 27.3642], [96.78518, 27.35531], [96.82256, 27.3299], [96.85629, 27.27115], [96.86495, 27.22081], [96.8831, 27.19116], [96.90617, 27.17727], [96.96158, 27.1556], [96.99936, 27.14227], [97.06076, 27.10139], [97.13645, 27.09561], [97.16005, 27.13644], [97.04602, 27.29532], [97.03214, 27.31115], [97.00269, 27.33698], [96.96991, 27.37448], [96.90463, 27.46579], [96.88742, 27.6082], [96.89131, 27.62807], [96.93325, 27.67056], [97.00491, 27.72611], [97.04768, 27.75806], [97.12129, 27.80028], [97.36214, 27.94915], [97.38158, 27.9997], [97.36102, 28.05193], [97.31789, 28.09581], [97.33547, 28.17442], [97.34991, 28.23108], [97.36116, 28.25323], [97.41686, 28.3033], [97.44658, 28.30045], [97.46992, 28.30601], [97.48379, 28.34579], [97.49741, 28.42522], [97.55991, 28.5548], [97.70714, 28.52731], [97.72311, 28.50981], [97.73768, 28.46467], [97.74442, 28.42863], [97.80568, 28.35406], [97.83804, 28.3637], [97.85436, 28.38064], [97.90311, 28.38724], [98.02138, 28.2776], [98.01738, 28.22396], [98.13726, 28.16463], [98.14603, 28.15719], [98.15728, 28.12942], [98.14728, 28.01665], [98.19686, 27.84833], [98.23131, 27.75973], [98.26436, 27.70529], [98.29311, 27.64085], [98.30421, 27.58168], [98.32096, 27.54849], [98.34839, 27.5371], [98.37783, 27.54141], [98.40804, 27.5653], [98.42532, 27.59918], [98.42713, 27.64112], [98.45992, 27.68085], [98.53437, 27.65917], [98.64714, 27.61362], [98.69803, 27.53807], [98.68685, 27.47766], [98.70352, 27.38822], [98.73314, 27.37146], [98.73678, 27.32996], [98.71325, 27.26157], [98.69449, 27.23699], [98.69227, 27.21643], [98.71186, 27.14116], [98.73963, 27.01395], [98.76158, 26.90257], [98.77881, 26.80008], [98.77949, 26.648], [98.77658, 26.61425], [98.74686, 26.43455], [98.72769, 26.37122], [98.70519, 26.25609], [98.73213, 26.19317], [98.70964, 26.14096], [98.68006, 26.11484], [98.65638, 26.1086], [98.64839, 26.12915], [98.6497, 26.1563], [98.59213, 26.14596], [98.57048, 26.13373], [98.57631, 26.09179], [98.60685, 25.9977], [98.65629, 25.96235], [98.71533, 25.90098], [98.71144, 25.86445], [98.62963, 25.81181], [98.58436, 25.83223], [98.54182, 25.85337], [98.4836, 25.80522], [98.47895, 25.77265], [98.43962, 25.6996], [98.38408, 25.60044], [98.36241, 25.57795], [98.30863, 25.56086], [98.22824, 25.60155], [98.19212, 25.62377], [98.16839, 25.57961], [98.16908, 25.55877], [98.13658, 25.41878], [98.12573, 25.39851], [98.06686, 25.31921], [97.94601, 25.2247], [97.90998, 25.22025], [97.88665, 25.25574], [97.85324, 25.27546], [97.82839, 25.25942], [97.81574, 25.21741], [97.80713, 25.1788], [97.79047, 25.14603], [97.75868, 25.09992], [97.72686, 25.07325], [97.7238, 24.98992], [97.73768, 24.92743], [97.69046, 24.843], [97.67241, 24.83133], [97.57964, 24.7705], [97.55359, 24.74848], [97.56137, 24.72469], [97.56923, 24.67523], [97.56283, 24.57371], [97.55768, 24.54552], [97.54408, 24.48524], [97.66616, 24.4508], [97.71381, 24.38386], [97.76034, 24.26914], [97.74949, 24.16984], [97.73741, 24.14387], [97.72227, 24.12304], [97.69574, 24.10207], [97.64518, 24.06166], [97.53825, 23.95722], [97.54866, 23.9386], [97.58241, 23.92972], [97.63491, 23.89702], [97.64658, 23.87778], [97.65102, 23.86032], [97.69297, 23.8925], [97.76575, 23.93139], [97.8663, 23.98915], [97.89783, 24.02193], [97.91353, 24.03527], [98.04468, 24.09147], [98.06552, 24.0977], [98.18877, 24.12805], [98.22182, 24.13391], [98.44763, 24.14355], [98.51512, 24.13963], [98.54803, 24.13304], [98.58758, 24.10394], [98.85307, 24.13904], [98.87601, 24.15466], [98.89177, 24.16867], [98.90616, 24.13376], [98.89851, 24.11022], [98.87073, 24.087], [98.84979, 24.07119], [98.75589, 24.00662], [98.72852, 23.99444], [98.68095, 23.97936], [98.68852, 23.82501], [98.81821, 23.76935], [98.8538, 23.64641], [98.80768, 23.55037], [98.82894, 23.48912], [98.86366, 23.49447], [98.88846, 23.48169], [98.9052, 23.4517], [98.91637, 23.42114], [98.92574, 23.33587], [98.92214, 23.29282], [98.92851, 23.19783], [99.10518, 23.11255], [99.2027, 23.10894], [99.23481, 23.11529], [99.25895, 23.1263], [99.3588, 23.14289], [99.51234, 23.09071], [99.56588, 22.94527], [99.55241, 22.92645], [99.51547, 22.92132], [99.44351, 22.87867], [99.34561, 22.71868], [99.38721, 22.59891], [99.38561, 22.51565], [99.37741, 22.49579], [99.36353, 22.47787], [99.34941, 22.46317], [99.33187, 22.44565], [99.29428, 22.41357], [99.16888, 22.16465], [99.24214, 22.12123], [99.36782, 22.1022], [99.41061, 22.11511], [99.43575, 22.13011], [99.46658, 22.14456], [99.58908, 22.11762], [99.66088, 22.09609], [99.68657, 22.08414], [99.71019, 22.04845], [99.74498, 22.08248], [99.89325, 22.06929], [99.95845, 22.05892], [99.99143, 21.97311], [99.97574, 21.92596], [99.96019, 21.90068], [99.94699, 21.86541], [99.94324, 21.82999], [99.97867, 21.7343], [99.99949, 21.70861], [100.08519, 21.69486], [100.14241, 21.64292], [100.10865, 21.5939], [100.1213, 21.52328], [100.16852, 21.46988], [100.20672, 21.44424], [100.2838, 21.4857], [100.34651, 21.53356], [100.37421, 21.54696], [100.42754, 21.53821], [100.45741, 21.50349], [100.47831, 21.47091], [100.57325, 21.46112], [100.64075, 21.4857], [100.72228, 21.51988], [100.80123, 21.59682], [100.80936, 21.61681], [100.83686, 21.65542], [101.10005, 21.77778], [101.1216, 21.77927], [101.1681, 21.64361], [101.17047, 21.61243], [101.14928, 21.5814], [101.16318, 21.54516], [101.12824, 21.49959], [101.10186, 21.47418], [101.0024, 21.4071], [100.86352, 21.32544], [100.84019, 21.31308], [100.81921, 21.30836], [100.77541, 21.30975], [100.72825, 21.31659], [100.70421, 21.23628], [100.70068, 21.19142], [100.67296, 21.13684], [100.6256, 21.06351], [100.60395, 21.0474], [100.57172, 21.04088], [100.54781, 21.0349], [100.52172, 20.96074], [100.52276, 20.88547], [100.54491, 20.87658], [100.57658, 20.88547], [100.61158, 20.89741], [100.64357, 20.89369], [100.64158, 20.87054], [100.6189, 20.84926], [100.60575, 20.84269], [100.56158, 20.8227], [100.52714, 20.81339], [100.49798, 20.81464], [100.46324, 20.82186], [100.44269, 20.82713], [100.37276, 20.83499], [100.29158, 20.78047], [100.25978, 20.75784], [100.21048, 20.70187], [100.1738, 20.63673], [100.15047, 20.55354], [100.14241, 20.49826], [100.12671, 20.41008], [100.11366, 20.38452], [100.09241, 20.35744], [100.08544, 20.35747], [100.02103, 20.39216], [99.98713, 20.4248], [99.98186, 20.44438], [99.96367, 20.46341], [99.8747, 20.43771], [99.85242, 20.41355], [99.83548, 20.373], [99.81672, 20.34924], [99.78936, 20.33855], [99.67103, 20.32022], [99.61214, 20.33216], [99.52949, 20.35897], [99.50325, 20.31773], [99.55588, 20.21169], [99.5406, 20.16259], [99.51677, 20.15446], [99.48866, 20.12746], [99.45311, 20.10579], [99.33297, 20.07593], [99.30061, 20.08565], [99.27117, 20.11038], [99.2449, 20.12607], [99.19408, 20.13565], [99.16518, 20.13551], [99.08013, 20.10732], [99.04297, 20.05163], [99.0238, 19.93316], [99.03116, 19.89969], [99.03922, 19.86608], [99.03395, 19.84469], [99.00151, 19.7933], [98.94686, 19.77998], [98.89215, 19.78498], [98.83922, 19.82387], [98.65019, 19.7508], [98.52158, 19.71859], [98.47707, 19.70254], [98.39214, 19.7047], [98.33859, 19.70254], [98.24324, 19.69886], [98.21631, 19.73525], [98.17824, 19.76692], [98.14048, 19.79192], [98.07576, 19.81817], [98.05039, 19.81366], [98.02978, 19.72282], [98.04074, 19.68081], [98.03699, 19.65665], [97.96533, 19.6104], [97.90852, 19.5836], [97.87012, 19.57905], [97.86742, 19.53055], [97.79338, 19.40777], [97.80379, 19.36874], [97.83519, 19.29889], [97.84285, 19.216], [97.84158, 19.17667], [97.83283, 19.10758], [97.78533, 19.0771], [97.74824, 19.04043], [97.68088, 18.94106], [97.72074, 18.89835], [97.74727, 18.87642], [97.78256, 18.68739], [97.78131, 18.64392], [97.77991, 18.61365], [97.77672, 18.58129], [97.75289, 18.58143], [97.65381, 18.57115], [97.62796, 18.56421], [97.55241, 18.51602], [97.50769, 18.50505], [97.44768, 18.50525], [97.36949, 18.56712], [97.36333, 18.58859], [97.35512, 18.58414], [97.34831, 18.55115], [97.36858, 18.53073], [97.39464, 18.5024], [97.43852, 18.41949], [97.44698, 18.39977], [97.45131, 18.37922], [97.45199, 18.34582], [97.49895, 18.28811], [97.52033, 18.27534], [97.53998, 18.28443], [97.5554, 18.32853], [97.58714, 18.33561], [97.61949, 18.32395], [97.64439, 18.28943], [97.62449, 18.26172], [97.62199, 18.23443], [97.65352, 18.18395], [97.68823, 18.13756], [97.75215, 17.98382], [97.74498, 17.96382], [97.70803, 17.93716], [97.68831, 17.87668], [97.77936, 17.7123], [97.79491, 17.69314], [97.852, 17.63245], [97.92491, 17.57795], [97.96991, 17.53731], [98.05408, 17.42482], [98.1199, 17.32288], [98.18047, 17.26677], [98.20659, 17.24483], [98.2738, 17.18288], [98.30547, 17.14983], [98.37573, 17.05956], [98.40158, 17.06178], [98.42464, 17.06234], [98.46269, 17.02484], [98.51215, 16.95012], [98.54491, 16.8929], [98.55103, 16.86374], [98.50773, 16.79113], [98.48106, 16.74798], [98.52353, 16.6943], [98.56464, 16.63986], [98.66311, 16.46889], [98.66908, 16.39098], [98.69227, 16.2921], [98.71561, 16.2846], [98.78963, 16.3621], [98.82852, 16.41154], [98.86603, 16.44765], [98.92224, 16.40438], [98.91699, 16.27044], [98.8588, 16.15009], [98.81338, 16.11391], [98.79032, 16.12745], [98.6999, 16.13835], [98.68032, 16.12988], [98.63269, 16.05516], [98.61603, 15.97489], [98.5663, 15.73184], [98.56992, 15.7074], [98.57661, 15.67096], [98.57187, 15.65296], [98.56644, 15.61671], [98.57242, 15.56435], [98.57798, 15.54213], [98.59352, 15.48658], [98.59714, 15.46145], [98.59464, 15.42603], [98.59047, 15.39186], [98.58283, 15.367], [98.564, 15.34367], [98.55317, 15.36617], [98.50158, 15.39659], [98.42498, 15.36957], [98.42129, 15.29325], [98.3988, 15.2802], [98.23533, 15.23027], [98.20651, 15.23587], [98.20408, 15.21354], [98.20214, 15.0841], [98.21719, 15.00295], [98.2356, 14.97493], [98.2531, 14.93743], [98.25631, 14.90785], [98.24852, 14.88313], [98.26312, 14.82091], [98.32645, 14.72411], [98.39353, 14.66041], [98.41895, 14.64551], [98.44435, 14.62065], [98.46908, 14.58745], [98.52048, 14.49579], [98.54186, 14.45607], [98.5713, 14.39329], [98.61574, 14.33128], [98.76076, 14.22663], [98.80825, 14.19414], [98.88769, 14.14052], [98.94032, 14.11025], [98.97491, 14.0883], [99.00437, 14.01997], [99.03741, 13.94386], [99.13033, 13.78082], [99.175, 13.73694], [99.17129, 13.67443], [99.17018, 13.64388], [99.17797, 13.58721], [99.18935, 13.55083], [99.2113, 13.47749], [99.21769, 13.42125], [99.21492, 13.24389], [99.21172, 13.22056], [99.20442, 13.21276], [99.15561, 13.20709], [99.12596, 13.18841], [99.11345, 13.07029], [99.24005, 12.74391], [99.30629, 12.67447], [99.43728, 12.58363], [99.4299, 12.50808], [99.4481, 12.3406], [99.45659, 12.30782], [99.50075, 12.19754], [99.5713, 12.14796], [99.56435, 12.11088], [99.55768, 12.02505], [99.58526, 11.89367], [99.62977, 11.84228], [99.65838, 11.83568], [99.63922, 11.75103], [99.56116, 11.63971], [99.46658, 11.57756], [99.35936, 11.35924], [99.32548, 11.28813], [99.26658, 11.18591], [99.25548, 11.16869], [99.21436, 11.10841], [99.16811, 11.05168], [99.14518, 11.03952], [99.12908, 11.03341], [99.11171, 11.02259], [99.04991, 10.96731], [98.93629, 10.83147], [98.89896, 10.78578]]], [[[93.87143, 19.26355], [93.89769, 19.21389], [93.94852, 19.08446], [93.9863, 18.96821], [93.97214, 18.93002], [93.94324, 18.87142], [93.92018, 18.87335], [93.85505, 18.911], [93.70381, 19.02363], [93.66894, 19.07599], [93.64298, 19.13639], [93.57158, 19.22751], [93.50033, 19.31569], [93.48436, 19.34277], [93.4788, 19.36889], [93.48436, 19.39527], [93.49991, 19.42027], [93.52519, 19.4368], [93.54824, 19.43736], [93.61199, 19.40971], [93.63874, 19.36298], [93.63922, 19.34285], [93.66936, 19.30472], [93.74297, 19.25833], [93.78622, 19.24165], [93.81949, 19.23987], [93.84325, 19.24945], [93.87143, 19.26355]]], [[[93.96832, 19.37824], [93.96381, 19.36944], [93.91742, 19.31861], [93.90548, 19.30945], [93.86268, 19.28667], [93.85242, 19.28222], [93.79838, 19.27827], [93.78547, 19.28806], [93.66742, 19.44805], [93.6613, 19.45638], [93.64449, 19.49318], [93.65268, 19.52249], [93.68227, 19.56762], [93.69198, 19.57068], [93.73853, 19.55804], [93.89853, 19.47666], [93.96269, 19.4375], [93.96936, 19.42971], [93.97714, 19.40542], [93.96832, 19.37824]]], [[[98.31336, 12.37769], [98.32436, 12.40087], [98.33187, 12.42142], [98.33492, 12.4392], [98.33464, 12.46253], [98.31937, 12.50836], [98.30519, 12.59114], [98.30324, 12.60281], [98.30158, 12.6419], [98.32297, 12.6803], [98.3681, 12.67336], [98.39603, 12.65559], [98.44991, 12.61378], [98.46269, 12.59531], [98.46728, 12.58281], [98.46879, 12.5092], [98.46756, 12.48573], [98.4588, 12.46656], [98.39784, 12.37684], [98.36088, 12.3331], [98.34797, 12.32518], [98.32103, 12.33337], [98.30602, 12.34295], [98.30963, 12.36726], [98.31336, 12.37769]]], [[[94.64907, 16.25407], [94.65199, 16.25251], [94.65852, 16.24182], [94.66908, 16.21543], [94.67186, 16.19349], [94.66116, 16.14391], [94.65242, 16.12349], [94.58589, 16.02058], [94.41686, 15.87712], [94.38408, 15.97822], [94.38255, 15.9935], [94.39422, 16.01183], [94.41214, 16.02183], [94.4238, 16.02488], [94.45228, 16.036], [94.46604, 16.04627], [94.48547, 16.06766], [94.50353, 16.09599], [94.53158, 16.13488], [94.57215, 16.18821], [94.602, 16.22543], [94.63351, 16.2496], [94.64409, 16.25321], [94.64907, 16.25407]]], [[[93.63911, 18.8961], [93.65963, 18.88085], [93.67214, 18.87642], [93.70908, 18.87419], [93.73117, 18.87877], [93.74894, 18.87961], [93.75853, 18.7517], [93.75687, 18.74059], [93.75131, 18.72642], [93.73908, 18.70517], [93.72297, 18.68698], [93.70687, 18.67795], [93.68116, 18.67684], [93.66797, 18.68004], [93.64769, 18.68754], [93.63659, 18.69351], [93.54491, 18.78003], [93.53437, 18.79142], [93.49575, 18.84864], [93.49047, 18.86142], [93.49039, 18.88245], [93.50714, 18.88419], [93.51991, 18.88419], [93.55004, 18.88516], [93.63911, 18.8961]]], [[[98.41436, 11.6201], [98.38019, 11.67673], [98.37602, 11.68645], [98.37407, 11.69812], [98.37129, 11.79297], [98.3824, 11.79922], [98.44657, 11.81117], [98.52908, 11.81172], [98.54268, 11.8077], [98.54991, 11.79755], [98.5538, 11.78436], [98.55185, 11.71423], [98.54707, 11.61902], [98.52769, 11.59118], [98.49936, 11.57534], [98.42838, 11.56992], [98.41297, 11.61089], [98.41436, 11.6201]]], [[[97.51967, 16.51437], [97.60436, 16.49181], [97.61491, 16.48542], [97.61769, 16.47431], [97.61824, 16.45626], [97.57658, 16.25266], [97.57019, 16.24266], [97.55852, 16.23987], [97.54658, 16.24098], [97.52158, 16.24932], [97.50325, 16.26488], [97.49379, 16.27626], [97.46686, 16.3271], [97.44949, 16.45404], [97.46824, 16.49591], [97.50491, 16.51236], [97.51658, 16.51514], [97.51967, 16.51437]]], [[[98.16658, 11.46256], [98.19297, 11.52562], [98.24101, 11.69478], [98.27118, 11.80394], [98.28117, 11.80797], [98.29228, 11.80631], [98.30269, 11.79228], [98.31546, 11.76394], [98.31964, 11.75423], [98.32131, 11.73513], [98.29658, 11.65534], [98.28853, 11.63562], [98.28685, 11.62311], [98.28241, 11.52097], [98.28186, 11.4909], [98.21103, 11.45382], [98.19518, 11.45229], [98.17769, 11.45618], [98.16797, 11.46034], [98.16658, 11.46256]]], [[[98.52004, 12.00922], [98.56157, 12.00477], [98.57408, 11.99977], [98.66506, 11.95366], [98.66103, 11.94227], [98.49784, 11.89339], [98.48019, 11.89644], [98.46852, 11.90825], [98.4399, 12.01588], [98.42811, 12.10782], [98.43962, 12.1206], [98.46699, 12.09574], [98.52004, 12.00922]]], [[[98.28488, 10.73453], [98.28325, 10.71592], [98.26783, 10.69995], [98.23269, 10.69912], [98.23436, 10.74279], [98.24019, 10.77676], [98.24143, 10.83426], [98.21519, 10.8737], [98.15575, 10.93189], [98.14422, 10.92773], [98.12296, 10.90704], [98.10589, 10.89273], [98.08783, 10.8837], [98.07804, 10.89647], [98.14089, 10.9848], [98.17435, 10.98813], [98.20687, 10.96481], [98.21324, 10.95702], [98.26436, 10.84592], [98.26853, 10.8362], [98.27103, 10.82509], [98.28488, 10.73453]]], [[[98.28466, 10.01625], [98.17699, 9.93373], [98.15686, 9.88595], [98.13707, 9.84887], [98.11567, 9.86887], [98.11686, 9.92539], [98.12768, 9.94789], [98.16686, 10.01205], [98.17616, 10.02372], [98.24241, 10.06497], [98.25826, 10.0665], [98.29047, 10.06296], [98.28936, 10.01678], [98.28466, 10.01625]]], [[[93.42095, 19.95943], [93.43575, 19.95247], [93.48768, 19.90581], [93.49436, 19.8983], [93.49964, 19.88942], [93.50382, 19.87886], [93.50742, 19.86025], [93.5213, 19.76609], [93.51255, 19.75338], [93.45937, 19.78637], [93.44768, 19.79553], [93.4388, 19.80831], [93.43463, 19.81858], [93.39714, 19.93552], [93.39658, 19.96079], [93.42095, 19.95943]]], [[[97.98868, 12.30059], [97.93824, 12.3499], [97.9406, 12.36768], [97.95046, 12.3892], [97.95964, 12.39392], [98.01158, 12.41448], [98.07798, 12.42559], [98.1063, 12.40768], [98.10186, 12.38115], [98.0927, 12.36976], [98.00659, 12.29115], [97.98868, 12.30059]]], [[[92.79157, 20.44698], [92.80213, 20.44605], [92.81463, 20.44174], [92.8613, 20.33466], [92.8581, 20.32231], [92.84379, 20.30856], [92.82631, 20.30328], [92.81268, 20.30106], [92.78518, 20.29939], [92.76957, 20.30613], [92.76215, 20.32634], [92.7588, 20.35327], [92.76464, 20.44126], [92.79157, 20.44698]]], [[[98.06707, 12.18066], [98.03838, 12.21435], [98.03547, 12.22504], [98.04047, 12.25087], [98.05852, 12.29025], [98.08131, 12.29337], [98.12206, 12.28942], [98.14012, 12.15129], [98.07367, 12.17171], [98.06707, 12.18066]]]]}}, {"type": "Feature", "properties": {"country": "Indonesia", "objectid": 10, "flag_url": "https://moe-edugis.maps.arcgis.com/sharing/rest/content/items/9af730d5a30146048a610fe288698e4f/data"}, "geometry": {"type": "MultiPolygon", "coordinates": [[[[109.64856, 2.07341], [109.63081, 2.03166], [109.54734, 1.90694], [109.56387, 1.83361], [109.58387, 1.8025], [109.59387, 1.79528], [109.60359, 1.79111], [109.61581, 1.78916], [109.66721, 1.70639], [109.66873, 1.61701], [109.69886, 1.58028], [109.71165, 1.56584], [109.72192, 1.55555], [109.73996, 1.53916], [109.82471, 1.46861], [109.93166, 1.40694], [109.97971, 1.31722], [109.98541, 1.30188], [109.99605, 1.28864], [110.07166, 1.22], [110.08388, 1.21166], [110.10109, 1.20139], [110.11554, 1.19528], [110.13721, 1.18972], [110.15582, 1.18778], [110.16944, 1.18778], [110.18455, 1.18569], [110.19886, 1.17611], [110.33249, 1.00195], [110.45999, 0.90278], [110.52206, 0.86528], [110.54444, 0.85666], [110.55525, 0.85389], [110.57444, 0.85278], [110.5986, 0.85611], [110.70193, 0.87805], [110.8079, 0.90847], [110.81261, 0.9175], [110.81303, 0.93416], [110.81956, 0.95], [110.88554, 1.00555], [110.90694, 1.01514], [110.94109, 1.01861], [110.99471, 1.02], [111.00695, 1.02111], [111.02415, 1.02472], [111.19525, 1.06236], [111.21193, 1.06972], [111.25833, 1.06722], [111.3111, 1.04444], [111.39471, 1.01166], [111.40637, 1.00889], [111.41944, 1.00805], [111.56513, 1.00028], [111.63527, 1.02945], [111.65525, 1.03694], [111.66957, 1.03847], [111.68193, 1.03361], [111.70027, 1.02472], [111.72443, 1.01166], [111.73275, 1.00611], [111.79776, 0.99389], [111.80998, 0.99528], [111.82721, 0.99861], [111.84584, 1.0075], [111.86012, 1.02042], [111.87387, 1.04111], [111.87996, 1.05555], [111.89124, 1.07569], [111.94568, 1.12736], [111.95471, 1.13222], [111.96555, 1.135], [111.98332, 1.13778], [112.04165, 1.13416], [112.05525, 1.13416], [112.07444, 1.13555], [112.11081, 1.14055], [112.1322, 1.14979], [112.2129, 1.37611], [112.21471, 1.39416], [112.20984, 1.40319], [112.19178, 1.40278], [112.18151, 1.41139], [112.18471, 1.42528], [112.20137, 1.45014], [112.30971, 1.49944], [112.47276, 1.56805], [112.49972, 1.57055], [112.68026, 1.56305], [112.88415, 1.58805], [112.97693, 1.5775], [112.99971, 1.57278], [113.03859, 1.55695], [113.05748, 1.53979], [113.12637, 1.43166], [113.34082, 1.36528], [113.35943, 1.35625], [113.37442, 1.34389], [113.4561, 1.28834], [113.58693, 1.28361], [113.61638, 1.25139], [113.62996, 1.23778], [113.64249, 1.22944], [113.65908, 1.22584], [113.79041, 1.30472], [113.84248, 1.34861], [113.86525, 1.37416], [113.87608, 1.39055], [113.88804, 1.40597], [113.92179, 1.44084], [113.93082, 1.44528], [113.9686, 1.44861], [113.9872, 1.45084], [114.00499, 1.45361], [114.0336, 1.45889], [114.0844, 1.46999], [114.23137, 1.44361], [114.29082, 1.47], [114.38943, 1.50834], [114.40165, 1.50972], [114.41331, 1.50778], [114.42443, 1.50472], [114.44359, 1.49666], [114.45247, 1.49195], [114.47568, 1.4775], [114.49234, 1.46334], [114.51138, 1.44805], [114.53334, 1.43555], [114.54359, 1.43222], [114.55998, 1.43292], [114.57652, 1.44055], [114.58887, 1.45208], [114.67443, 1.6425], [114.71082, 1.77055], [114.78334, 1.86389], [114.84471, 1.89166], [114.85651, 1.90069], [114.86193, 1.91528], [114.87248, 2.00778], [114.87248, 2.02028], [114.86262, 2.04645], [114.84887, 2.04722], [114.83915, 2.04389], [114.80054, 2.06472], [114.77638, 2.15014], [114.77859, 2.16555], [114.79151, 2.21681], [114.8047, 2.24889], [114.81373, 2.26069], [114.87303, 2.27944], [114.90429, 2.27666], [114.9297, 2.28222], [114.93942, 2.28555], [114.94915, 2.29319], [115.00166, 2.36055], [115.09082, 2.4225], [115.18748, 2.48305], [115.20387, 2.48722], [115.21568, 2.49278], [115.23082, 2.50805], [115.23609, 2.52965], [115.19915, 2.58305], [115.18525, 2.59695], [115.16944, 2.60514], [115.1336, 2.61153], [115.12317, 2.60555], [115.10762, 2.59722], [115.09206, 2.60055], [115.08236, 2.61361], [115.11832, 2.85111], [115.13971, 2.90611], [115.15207, 2.92208], [115.24971, 3.01084], [115.30137, 3.01639], [115.30555, 3.00666], [115.31025, 2.99778], [115.31832, 2.98778], [115.37804, 2.99181], [115.4872, 3.0275], [115.49553, 3.04], [115.49887, 3.05028], [115.52859, 3.17611], [115.51305, 3.18403], [115.50999, 3.19834], [115.51194, 3.21], [115.52998, 3.30166], [115.53415, 3.31834], [115.53888, 3.33361], [115.55331, 3.37389], [115.55887, 3.38916], [115.57083, 3.41778], [115.58297, 3.42798], [115.59694, 3.42472], [115.61387, 3.42042], [115.62768, 3.43431], [115.62608, 3.45778], [115.60193, 3.53916], [115.57887, 3.58555], [115.57415, 3.59472], [115.57138, 3.61278], [115.57138, 3.66611], [115.57693, 3.70861], [115.58527, 3.74166], [115.61638, 3.85416], [115.66249, 4.07834], [115.6611, 4.09778], [115.65971, 4.1086], [115.68331, 4.16736], [115.69081, 4.18027], [115.76138, 4.23972], [115.77026, 4.24472], [115.85054, 4.32166], [115.85755, 4.3441], [115.87248, 4.36111], [115.88804, 4.36813], [115.97609, 4.34305], [115.98665, 4.33972], [116.00415, 4.33], [116.03088, 4.30076], [116.04762, 4.28111], [116.0611, 4.27792], [116.07415, 4.28361], [116.14026, 4.33722], [116.15332, 4.355], [116.3147, 4.35777], [116.42581, 4.31], [116.44165, 4.29945], [116.45416, 4.29458], [116.46582, 4.29403], [116.52762, 4.31931], [116.5336, 4.33084], [116.64194, 4.33472], [116.68876, 4.33075], [116.83985, 4.33042], [116.87692, 4.34527], [116.88916, 4.34931], [116.91054, 4.35222], [116.92443, 4.35222], [116.93692, 4.35083], [117.04387, 4.33695], [117.17665, 4.33555], [117.19179, 4.33624], [117.20277, 4.34597], [117.21111, 4.35444], [117.2236, 4.35875], [117.23944, 4.35834], [117.25179, 4.35389], [117.40179, 4.25458], [117.41081, 4.2425], [117.42025, 4.22472], [117.42443, 4.21472], [117.43942, 4.19584], [117.45276, 4.18861], [117.47554, 4.18361], [117.49775, 4.17889], [117.52887, 4.17527], [117.59205, 4.16982], [117.54554, 4.14111], [117.49275, 4.12472], [117.40248, 4.15055], [117.39276, 4.13972], [117.39276, 4.1075], [117.40151, 4.09555], [117.41555, 4.08916], [117.4711, 4.07611], [117.54554, 4.02], [117.62387, 3.94694], [117.56415, 3.93458], [117.54915, 3.93666], [117.53526, 3.93666], [117.52255, 3.93166], [117.61874, 3.87645], [117.64097, 3.87305], [117.66277, 3.87527], [117.67665, 3.87527], [117.69497, 3.87305], [117.70902, 3.86666], [117.78221, 3.78889], [117.78438, 3.77403], [117.77007, 3.73672], [117.7909, 3.73283], [117.83137, 3.71819], [117.82944, 3.70431], [117.76027, 3.63916], [117.75055, 3.63528], [117.69859, 3.62695], [117.51555, 3.61389], [117.35582, 3.63666], [117.17694, 3.64805], [117.16388, 3.6475], [117.07187, 3.64271], [117.05157, 3.63382], [117.03138, 3.60069], [117.05443, 3.60444], [117.0811, 3.61194], [117.09749, 3.61611], [117.1086, 3.61861], [117.12415, 3.62084], [117.20526, 3.61347], [117.2086, 3.59416], [117.20333, 3.56847], [117.20305, 3.55166], [117.20499, 3.54], [117.21277, 3.52028], [117.22276, 3.50305], [117.23762, 3.48972], [117.32333, 3.43584], [117.35165, 3.44222], [117.39595, 3.44458], [117.44247, 3.43236], [117.44775, 3.41694], [117.44359, 3.38334], [117.43887, 3.36778], [117.43332, 3.35944], [117.35582, 3.27666], [117.31192, 3.24528], [117.2795, 3.26264], [117.26284, 3.25736], [117.2754, 3.22], [117.34555, 3.17805], [117.46193, 3.15778], [117.61832, 3.08895], [117.68873, 2.96798], [117.67249, 2.87445], [117.67165, 2.80111], [117.71832, 2.79305], [117.73082, 2.79084], [117.76291, 2.77514], [117.77721, 2.76222], [117.78928, 2.74334], [117.79387, 2.72389], [117.79498, 2.68416], [117.79721, 2.66555], [117.80054, 2.64778], [117.80609, 2.63278], [117.81081, 2.62389], [117.81638, 2.61555], [117.83888, 2.59028], [117.87747, 2.55278], [117.94443, 2.48889], [117.95555, 2.47945], [117.99803, 2.43972], [118.0547, 2.37334], [118.09193, 2.31444], [118.09763, 2.30181], [118.09665, 2.27666], [118.09193, 2.26778], [118.07332, 2.23847], [118.0611, 2.22334], [117.93915, 2.11639], [117.90471, 2.08084], [117.84665, 2.105], [117.82929, 2.10416], [117.84248, 2.08555], [117.85617, 2.07906], [117.86832, 2.03778], [117.8636, 1.91111], [117.87192, 1.87666], [117.91845, 1.82347], [118.05137, 1.73084], [118.12137, 1.65972], [118.13499, 1.64611], [118.2747, 1.55972], [118.28777, 1.55222], [118.41998, 1.4775], [118.45054, 1.39874], [118.52693, 1.36319], [118.54193, 1.36389], [118.56122, 1.36861], [118.57639, 1.36639], [118.59555, 1.35834], [118.71693, 1.255], [118.77499, 1.20347], [118.7836, 1.18805], [118.78055, 1.17819], [118.79554, 1.15], [118.83943, 1.09805], [118.90692, 1.07084], [118.92249, 1.0725], [118.95387, 1.06305], [118.99443, 1.04861], [119.00525, 1.03916], [119.00482, 0.99498], [119.00902, 0.98389], [119.00193, 0.96708], [118.97665, 0.9375], [118.94554, 0.90666], [118.93471, 0.89722], [118.81694, 0.80945], [118.80803, 0.80416], [118.79456, 0.80028], [118.77721, 0.80125], [118.76068, 0.80889], [118.74359, 0.81916], [118.69317, 0.84069], [118.67665, 0.84472], [118.66054, 0.84445], [118.64555, 0.84236], [118.50499, 0.82861], [118.34387, 0.84305], [118.18776, 0.87195], [118.16582, 0.87722], [118.12944, 0.88889], [118.11026, 0.89722], [118.09721, 0.90472], [118.07138, 0.91972], [118.06303, 0.92528], [118.03082, 0.96166], [118.02527, 0.97666], [118.015, 1.0075], [117.99942, 1.05334], [117.9922, 1.06681], [117.95347, 1.1], [117.90678, 1.12298], [117.89305, 1.11778], [117.88832, 1.10472], [117.89137, 1.09208], [117.90055, 1.0775], [117.93137, 1.03278], [117.98553, 0.93639], [118.02985, 0.85375], [118.0336, 0.84028], [118.03637, 0.8225], [118.03499, 0.81028], [118.03082, 0.80055], [118.02193, 0.78889], [118.01305, 0.78416], [118.0, 0.78472], [117.98019, 0.79055], [117.95957, 0.80958], [117.94858, 0.8225], [117.93692, 0.83139], [117.9272, 0.83555], [117.91638, 0.83834], [117.90332, 0.8375], [117.83472, 0.81834], [117.81151, 0.8075], [117.79637, 0.795], [117.7422, 0.73972], [117.73415, 0.72722], [117.72109, 0.695], [117.72109, 0.67028], [117.72165, 0.65389], [117.72055, 0.64166], [117.62165, 0.43666], [117.5693, 0.39805], [117.55859, 0.37778], [117.52249, 0.2975], [117.48137, 0.175], [117.46748, 0.10361], [117.4736, 0.07555], [117.49275, 0.03166], [117.50583, 0.02416], [117.51999, 0.00736], [117.52881, -0.03278], [117.51749, -0.0575], [117.50525, -0.0725], [117.49414, -0.08195], [117.48151, -0.09681], [117.46068, -0.14778], [117.45999, -0.16416], [117.46138, -0.17666], [117.44359, -0.21778], [117.4354, -0.24028], [117.43387, -0.25611], [117.4361, -0.26778], [117.46555, -0.33416], [117.4711, -0.3425], [117.45584, -0.43416], [117.44478, -0.52397], [117.51138, -0.48166], [117.52638, -0.46916], [117.5936, -0.42666], [117.60804, -0.42055], [117.61971, -0.41861], [117.63135, -0.42403], [117.63582, -0.43945], [117.57721, -0.63778], [117.57444, -0.64861], [117.6136, -0.73916], [117.62165, -0.75139], [117.62526, -0.76195], [117.62345, -0.77722], [117.61526, -0.78958], [117.45387, -0.86195], [117.33055, -0.855], [117.29001, -0.80639], [117.26585, -0.82165], [117.25776, -0.86805], [117.17775, -0.9625], [117.14471, -1.005], [117.12831, -1.02972], [117.07361, -1.11278], [117.03027, -1.19], [117.02638, -1.19945], [117.01999, -1.20722], [117.00444, -1.21889], [116.99553, -1.22361], [116.9236, -1.25445], [116.88582, -1.26472], [116.82694, -1.27695], [116.81694, -1.27389], [116.74095, -1.10118], [116.74317, -1.07834], [116.7518, -1.05097], [116.75888, -1.03584], [116.75415, -1.02424], [116.74025, -1.02792], [116.73221, -1.04055], [116.72832, -1.05028], [116.7186, -1.08195], [116.71249, -1.10305], [116.71027, -1.11806], [116.71276, -1.13416], [116.7261, -1.15097], [116.74525, -1.16611], [116.7536, -1.17486], [116.78748, -1.25139], [116.76526, -1.34889], [116.76111, -1.35916], [116.75555, -1.3675], [116.74248, -1.375], [116.68498, -1.39361], [116.64249, -1.40584], [116.62567, -1.41305], [116.61444, -1.41889], [116.59387, -1.4325], [116.55832, -1.45861], [116.53901, -1.47376], [116.53179, -1.48361], [116.5311, -1.50278], [116.53693, -1.52778], [116.54248, -1.54278], [116.54803, -1.55111], [116.5611, -1.56416], [116.56499, -1.57361], [116.56372, -1.58945], [116.55887, -1.60166], [116.55054, -1.61472], [116.5397, -1.62445], [116.52249, -1.63472], [116.40277, -1.67916], [116.30664, -1.72639], [116.22394, -1.77903], [116.23067, -1.79695], [116.24637, -1.80861], [116.26145, -1.81236], [116.28471, -1.81069], [116.30194, -1.80389], [116.31025, -1.79834], [116.32388, -1.78472], [116.33611, -1.77639], [116.38333, -1.76611], [116.39957, -1.76584], [116.42526, -1.77084], [116.44545, -1.78319], [116.46027, -1.91347], [116.45804, -2.045], [116.45402, -2.05445], [116.43553, -2.07361], [116.41915, -2.08111], [116.37248, -2.09611], [116.32721, -2.1475], [116.40651, -2.21166], [116.41748, -2.21376], [116.43498, -2.20722], [116.46361, -2.18805], [116.48693, -2.17695], [116.50186, -2.17159], [116.5186, -2.1675], [116.52998, -2.16945], [116.60395, -2.18986], [116.60555, -2.21056], [116.60415, -2.22972], [116.59721, -2.27084], [116.59526, -2.27555], [116.5686, -2.35916], [116.56581, -2.37028], [116.55194, -2.43861], [116.54721, -2.48166], [116.54109, -2.50305], [116.53415, -2.52361], [116.52805, -2.53778], [116.51472, -2.55528], [116.50417, -2.56195], [116.48129, -2.56305], [116.47179, -2.55361], [116.46971, -2.53514], [116.46491, -2.51792], [116.44443, -2.50222], [116.43498, -2.49805], [116.42123, -2.49472], [116.30658, -2.51799], [116.30379, -2.61236], [116.3622, -2.66528], [116.37442, -2.82611], [116.37387, -2.84584], [116.37109, -2.85695], [116.35471, -2.89528], [116.34444, -2.91236], [116.29136, -2.98236], [116.27443, -3.0], [116.26221, -3.00806], [116.24498, -3.01486], [116.23194, -3.01222], [116.22249, -3.00458], [116.21832, -2.99166], [116.21555, -2.96695], [116.215, -2.95389], [116.2122, -2.93611], [116.2061, -2.92195], [116.15109, -2.82611], [116.13958, -2.815], [116.13193, -2.82334], [116.10999, -2.92334], [116.11081, -2.93611], [116.12109, -2.97528], [116.17775, -3.05666], [116.21082, -3.08555], [116.21638, -3.14278], [116.20665, -3.14695], [116.17165, -3.16556], [116.09927, -3.26516], [116.09415, -3.27416], [116.08943, -3.28306], [116.01138, -3.43166], [116.00722, -3.44111], [116.00583, -3.45361], [116.00444, -3.48639], [116.00249, -3.50472], [115.99775, -3.53416], [115.98944, -3.57389], [115.98387, -3.58889], [115.97581, -3.60111], [115.96624, -3.60876], [115.95387, -3.61361], [115.9422, -3.61555], [115.90305, -3.6175], [115.88388, -3.61972], [115.85443, -3.62528], [115.83943, -3.63056], [115.83067, -3.63584], [115.81331, -3.6525], [115.80443, -3.66416], [115.78386, -3.68472], [115.77277, -3.69416], [115.76138, -3.70305], [115.74887, -3.71139], [115.73526, -3.71834], [115.54803, -3.79834], [115.37831, -3.86111], [115.31721, -3.88306], [115.28637, -3.89305], [115.1747, -3.93889], [115.02388, -4.0025], [114.98553, -4.01889], [114.93748, -4.03945], [114.92804, -4.04361], [114.90942, -4.0525], [114.89166, -4.06195], [114.79971, -4.11945], [114.75874, -4.14681], [114.70902, -4.17584], [114.68471, -4.1825], [114.63707, -4.18507], [114.62442, -4.17472], [114.61609, -4.1625], [114.61136, -4.14695], [114.6086, -4.12916], [114.60804, -4.08195], [114.60721, -3.90222], [114.60721, -3.7175], [114.60804, -3.70445], [114.60762, -3.68084], [114.60193, -3.65584], [114.5936, -3.63666], [114.58138, -3.615], [114.52222, -3.53695], [114.48109, -3.49861], [114.47165, -3.50278], [114.45999, -3.50472], [114.43873, -3.50347], [114.42694, -3.49806], [114.37499, -3.46112], [114.31888, -3.44195], [114.30359, -3.43639], [114.29471, -3.43166], [114.27026, -3.41528], [114.20972, -3.38584], [114.1022, -3.35639], [114.03221, -3.36195], [113.87331, -3.4425], [113.85498, -3.45139], [113.82415, -3.46166], [113.77748, -3.47], [113.74803, -3.47472], [113.71721, -3.47806], [113.68275, -3.47806], [113.6711, -3.47611], [113.65694, -3.47], [113.63832, -3.46111], [113.61678, -3.44834], [113.60956, -3.43847], [113.60956, -3.42611], [113.62469, -3.39], [113.63499, -3.35916], [113.63777, -3.34806], [113.64166, -3.31806], [113.64166, -3.25639], [113.63916, -3.23861], [113.63275, -3.2175], [113.62665, -3.20305], [113.61499, -3.18055], [113.60582, -3.17264], [113.50943, -3.175], [113.47527, -3.18055], [113.46179, -3.18778], [113.44915, -3.20916], [113.4472, -3.22084], [113.44637, -3.23389], [113.43928, -3.24376], [113.36582, -3.26084], [113.30803, -3.22972], [113.24498, -3.18334], [113.22858, -3.16542], [113.13527, -3.06695], [113.0647, -2.99389], [113.03471, -2.98972], [112.97554, -3.05389], [112.94971, -3.08278], [112.94317, -3.10014], [112.94359, -3.11611], [112.94693, -3.12722], [112.95693, -3.14111], [112.96915, -3.14945], [112.95166, -3.20722], [112.92554, -3.22166], [112.83388, -3.27555], [112.80915, -3.29195], [112.76012, -3.32525], [112.69205, -3.37347], [112.67886, -3.38778], [112.67331, -3.39611], [112.66304, -3.40639], [112.65165, -3.41528], [112.64194, -3.41916], [112.55046, -3.44653], [112.53166, -3.44472], [112.50695, -3.42834], [112.47136, -3.40222], [112.46027, -3.39278], [112.43359, -3.36445], [112.41721, -3.35361], [112.36775, -3.33445], [112.33276, -3.32139], [112.30555, -3.31472], [112.29305, -3.31334], [112.24582, -3.31389], [112.22943, -3.31806], [112.19304, -3.32972], [112.18275, -3.33305], [112.17386, -3.33778], [112.16165, -3.34611], [112.15138, -3.35639], [112.07805, -3.42695], [111.96971, -3.53084], [111.94859, -3.55055], [111.9136, -3.57056], [111.90248, -3.57334], [111.89638, -3.57389], [111.88943, -3.57389], [111.86748, -3.56834], [111.80595, -3.53889], [111.80443, -3.52472], [111.81276, -3.50556], [111.82026, -3.4925], [111.83276, -3.45695], [111.84096, -3.4275], [111.8436, -3.40639], [111.84305, -3.37972], [111.84166, -3.36722], [111.83888, -3.34945], [111.83194, -3.30834], [111.8286, -3.29139], [111.825, -3.27416], [111.81609, -3.19416], [111.81609, -3.14639], [111.81972, -3.12916], [111.825, -3.11416], [111.83235, -3.08376], [111.83276, -3.06695], [111.83055, -3.04166], [111.82582, -3.02584], [111.81081, -2.99916], [111.80246, -2.98695], [111.79415, -2.97445], [111.76416, -2.9225], [111.75665, -2.90945], [111.75194, -2.90055], [111.72915, -2.80722], [111.73109, -2.78834], [111.73804, -2.77472], [111.75168, -2.74983], [111.72859, -2.75472], [111.71138, -2.77195], [111.70665, -2.78084], [111.70247, -2.79056], [111.68248, -2.88416], [111.70332, -2.93299], [111.69692, -2.94653], [111.58805, -3.00889], [111.57916, -3.01361], [111.55998, -3.02166], [111.5472, -3.02416], [111.53762, -3.02], [111.52693, -3.00666], [111.51888, -2.9875], [111.50916, -2.96972], [111.50026, -2.95805], [111.48581, -2.94528], [111.46748, -2.93611], [111.4511, -2.93222], [111.42694, -2.92861], [111.33582, -2.92111], [111.32415, -2.92334], [111.30498, -2.93139], [111.23027, -2.96639], [111.16429, -3.00306], [111.14888, -3.01556], [111.14055, -3.02111], [111.07193, -3.06222], [111.06303, -3.06695], [111.03915, -3.07722], [110.96249, -3.09639], [110.95082, -3.09834], [110.92386, -3.09778], [110.90694, -3.09445], [110.75679, -3.03416], [110.75194, -3.02514], [110.7561, -3.01222], [110.76694, -2.99584], [110.77609, -2.98416], [110.79373, -2.96778], [110.82111, -2.95389], [110.83138, -2.95056], [110.86971, -2.94111], [110.87996, -2.93778], [110.96471, -2.90236], [110.9672, -2.89444], [110.96111, -2.88855], [110.93359, -2.88695], [110.91207, -2.88931], [110.80275, -2.94111], [110.7897, -2.94861], [110.77943, -2.95889], [110.75139, -2.99222], [110.73499, -3.01778], [110.72151, -3.04542], [110.70402, -3.06222], [110.67943, -3.07861], [110.66609, -3.08166], [110.65332, -3.07722], [110.6411, -3.06889], [110.62165, -3.05389], [110.62353, -3.04361], [110.64145, -3.03271], [110.64346, -3.01666], [110.61693, -2.91972], [110.6136, -2.90945], [110.60665, -2.89584], [110.59679, -2.88181], [110.58611, -2.87528], [110.56972, -2.87111], [110.55109, -2.86916], [110.53749, -2.86916], [110.50805, -2.87389], [110.48749, -2.88084], [110.36081, -2.94916], [110.35248, -2.95472], [110.32999, -2.97306], [110.32222, -2.97945], [110.30525, -2.99639], [110.28325, -3.01361], [110.26194, -3.0025], [110.24082, -2.98278], [110.23194, -2.97111], [110.20584, -2.90139], [110.21193, -2.88702], [110.22776, -2.86166], [110.24637, -2.81861], [110.24832, -2.80695], [110.24763, -2.79042], [110.24136, -2.77945], [110.22783, -2.7645], [110.22499, -2.70972], [110.19693, -2.50778], [110.13997, -2.29695], [110.13665, -2.28666], [110.13247, -2.27695], [110.12442, -2.26472], [110.09791, -2.24653], [110.09471, -2.23597], [110.09555, -2.18389], [110.09694, -2.17166], [110.10165, -2.15584], [110.11193, -2.13195], [110.12512, -2.08666], [110.12776, -2.06195], [110.12581, -2.04695], [110.1147, -2.01611], [110.09137, -1.95639], [110.08527, -1.94222], [110.06776, -1.92528], [110.04554, -1.91334], [110.0, -1.89458], [109.96666, -1.88195], [109.94886, -1.87222], [109.93637, -1.86416], [109.91249, -1.84], [109.90359, -1.82834], [109.90644, -1.78916], [109.91455, -1.775], [109.93108, -1.7675], [109.94832, -1.76055], [109.95721, -1.75584], [109.97971, -1.74084], [109.99193, -1.72916], [110.0, -1.71733], [110.01332, -1.69555], [110.03194, -1.65945], [110.03665, -1.64361], [110.06945, -1.46556], [110.07083, -1.39347], [110.07026, -1.37695], [110.06805, -1.36528], [110.05775, -1.33389], [110.05109, -1.32028], [110.04554, -1.31195], [110.0311, -1.29889], [110.00722, -1.28166], [109.91805, -1.1825], [109.87221, -1.09139], [109.72971, -0.95361], [109.67693, -0.98376], [109.65082, -0.97361], [109.61444, -0.95639], [109.59081, -0.91222], [109.5754, -0.88986], [109.55971, -0.87834], [109.54999, -0.87416], [109.46999, -0.85166], [109.44178, -0.84889], [109.42331, -0.85097], [109.41401, -0.85597], [109.41151, -0.86584], [109.41582, -0.87556], [109.42054, -0.89126], [109.41582, -0.90708], [109.40791, -0.91361], [109.39179, -0.91805], [109.37665, -0.91611], [109.29026, -0.87834], [109.27998, -0.86805], [109.27152, -0.85264], [109.26776, -0.83916], [109.24721, -0.70916], [109.24775, -0.68916], [109.25055, -0.67834], [109.25819, -0.66931], [109.47192, -0.74472], [109.47748, -0.74334], [109.48693, -0.73916], [109.51443, -0.72695], [109.41679, -0.61278], [109.4061, -0.60555], [109.36874, -0.58472], [109.35748, -0.58222], [109.28693, -0.58639], [109.27582, -0.58916], [109.2636, -0.59403], [109.16623, -0.55889], [109.15109, -0.54666], [109.14138, -0.53597], [109.12442, -0.51166], [109.12025, -0.50222], [109.09972, -0.39916], [109.04695, -0.26166], [109.04264, -0.24889], [109.04401, -0.23736], [109.05331, -0.2225], [109.06206, -0.21431], [109.07165, -0.21014], [109.11193, -0.205], [109.17581, -0.21222], [109.19443, -0.19916], [109.19104, -0.13277], [109.17804, 0.03111], [109.16555, 0.10639], [109.12165, 0.20722], [109.11693, 0.21611], [109.09915, 0.23944], [109.0786, 0.26], [109.06415, 0.27361], [109.05331, 0.28334], [109.03707, 0.29285], [109.0061, 0.2975], [108.9861, 0.29834], [108.97304, 0.2975], [108.95247, 0.2975], [108.93471, 0.30028], [108.92581, 0.30528], [108.91859, 0.31514], [108.91582, 0.33222], [108.92025, 0.35166], [108.93664, 0.38666], [108.94615, 0.40639], [108.94693, 0.42639], [108.93193, 0.60861], [108.92165, 0.64639], [108.88889, 0.75805], [108.88472, 0.76778], [108.87581, 0.77945], [108.8586, 0.79639], [108.84549, 0.81056], [108.84735, 0.82486], [108.85386, 0.83555], [108.89387, 0.86736], [108.90942, 0.86778], [108.92373, 0.87055], [108.94304, 0.88889], [108.9622, 0.91084], [108.97026, 0.92334], [108.97859, 0.9425], [108.98471, 0.96361], [108.98471, 0.97722], [108.98275, 0.99584], [108.97998, 1.00666], [108.97443, 1.02195], [108.95999, 1.05555], [108.9586, 1.17666], [109.06499, 1.20139], [109.08138, 1.20555], [109.09584, 1.21166], [109.15873, 1.25889], [109.17443, 1.2775], [109.2636, 1.39458], [109.24359, 1.405], [109.23205, 1.39597], [109.17386, 1.32416], [109.16555, 1.31166], [109.14972, 1.27945], [109.13985, 1.26194], [109.05545, 1.21798], [108.98124, 1.21445], [108.98206, 1.22611], [108.98665, 1.23834], [108.99827, 1.25834], [109.00902, 1.27431], [109.02527, 1.29584], [109.04026, 1.32194], [109.05609, 1.35416], [109.06067, 1.36653], [109.06276, 1.38166], [109.06276, 1.42278], [109.06081, 1.44111], [109.05859, 1.45972], [109.05803, 1.49334], [109.05942, 1.5125], [109.06219, 1.52334], [109.06694, 1.53222], [109.07694, 1.54639], [109.0936, 1.56028], [109.10526, 1.56916], [109.14638, 1.59666], [109.15886, 1.605], [109.17192, 1.6125], [109.20055, 1.62472], [109.20943, 1.63028], [109.23345, 1.64736], [109.26305, 1.67945], [109.2747, 1.69528], [109.28276, 1.70834], [109.33138, 1.79111], [109.33499, 1.81528], [109.3372, 1.88805], [109.4397, 1.95416], [109.57589, 1.98868], [109.64856, 2.07341]]], [[[103.46638, -0.76445], [103.46971, -0.78028], [103.54887, -0.86903], [103.65138, -0.94805], [103.66026, -0.95305], [103.73137, -0.99139], [103.74109, -0.99556], [103.84595, -1.02486], [103.8611, -1.0125], [103.88165, -0.99889], [103.9247, -0.98722], [103.93581, -0.98445], [103.95499, -0.98305], [103.96666, -0.98528], [104.10832, -1.02695], [104.11805, -1.03111], [104.2186, -1.07], [104.23165, -1.0625], [104.3461, -1.02611], [104.35915, -1.02695], [104.36943, -1.03028], [104.37776, -1.03931], [104.38305, -1.05084], [104.41277, -1.13166], [104.41331, -1.14472], [104.40721, -1.15916], [104.40165, -1.1675], [104.39512, -1.19166], [104.39471, -1.21528], [104.40027, -1.23722], [104.40498, -1.25306], [104.40915, -1.26278], [104.41665, -1.27569], [104.43193, -1.29472], [104.43997, -1.30722], [104.44693, -1.32084], [104.45027, -1.33111], [104.45526, -1.35389], [104.45721, -1.37222], [104.45721, -1.39278], [104.45584, -1.405], [104.45027, -1.42695], [104.44693, -1.44416], [104.44554, -1.45986], [104.45027, -1.50666], [104.45166, -1.51889], [104.46054, -1.57166], [104.46332, -1.5825], [104.48859, -1.63945], [104.5011, -1.66139], [104.51749, -1.69278], [104.52998, -1.72166], [104.5361, -1.74278], [104.53888, -1.76055], [104.53943, -1.77361], [104.53735, -1.78876], [104.5302, -1.80389], [104.5161, -1.81195], [104.50249, -1.82584], [104.49359, -1.84416], [104.48332, -1.86834], [104.48082, -1.89597], [104.48332, -1.91055], [104.48944, -1.925], [104.49693, -1.93472], [104.50978, -1.92965], [104.52402, -1.89597], [104.52998, -1.87084], [104.53811, -1.86028], [104.56178, -1.86445], [104.58055, -1.87639], [104.62568, -1.91347], [104.63569, -1.92736], [104.75525, -2.00111], [104.77388, -1.99889], [104.78749, -1.99889], [104.79915, -2.00111], [104.82178, -2.01278], [104.84636, -2.03584], [104.86276, -2.06055], [104.87109, -2.07972], [104.87665, -2.11556], [104.87944, -2.14695], [104.87859, -2.16], [104.87581, -2.17084], [104.86971, -2.18528], [104.85999, -2.20306], [104.72443, -2.38445], [104.72748, -2.39861], [104.72527, -2.46611], [104.71748, -2.56528], [104.71005, -2.57653], [104.6711, -2.59389], [104.65109, -2.60139], [104.64166, -2.60556], [104.62442, -2.61584], [104.59915, -2.63181], [104.58055, -2.6475], [104.57361, -2.655], [104.56192, -2.67056], [104.54276, -2.69945], [104.53804, -2.71528], [104.53179, -2.77139], [104.54554, -2.76528], [104.55385, -2.75625], [104.55942, -2.74472], [104.5647, -2.72278], [104.57721, -2.69389], [104.59318, -2.67236], [104.61136, -2.65972], [104.65305, -2.63306], [104.68665, -2.61861], [104.70804, -2.6125], [104.72444, -2.605], [104.73665, -2.59334], [104.74165, -2.58445], [104.74582, -2.57472], [104.76361, -2.49695], [104.76694, -2.47972], [104.76834, -2.4675], [104.78276, -2.39556], [104.8522, -2.29653], [104.86497, -2.28875], [104.88505, -2.28813], [104.99109, -2.33306], [105.01152, -2.34334], [105.02388, -2.355], [105.02943, -2.36334], [105.03874, -2.37126], [105.10276, -2.37084], [105.16776, -2.3625], [105.18275, -2.35722], [105.2036, -2.35028], [105.22527, -2.34472], [105.23831, -2.34416], [105.24942, -2.34695], [105.27943, -2.35861], [105.31442, -2.37139], [105.32555, -2.375], [105.34555, -2.37875], [105.52222, -2.39834], [105.60637, -2.39334], [105.61624, -2.39722], [105.62553, -2.40861], [105.6297, -2.41806], [105.63247, -2.43236], [105.63109, -2.44806], [105.62831, -2.45916], [105.6236, -2.475], [105.61805, -2.49], [105.60971, -2.50916], [105.60694, -2.52], [105.60582, -2.5325], [105.60582, -2.55306], [105.60694, -2.56528], [105.61053, -2.58222], [105.61859, -2.60139], [105.62608, -2.61445], [105.63693, -2.63125], [105.66095, -2.65528], [105.68109, -2.66945], [105.70027, -2.6775], [105.71609, -2.68222], [105.73442, -2.68445], [105.75951, -2.68507], [105.7793, -2.69416], [105.78908, -2.71042], [105.79136, -2.73028], [105.78998, -2.77666], [105.7872, -2.815], [105.7872, -2.82889], [105.78859, -2.84806], [105.79136, -2.85889], [105.80165, -2.88278], [105.80859, -2.89666], [105.82026, -2.91222], [105.8372, -2.92945], [105.85248, -2.94166], [105.8647, -2.95], [105.88388, -2.95805], [105.89471, -2.96084], [105.91678, -2.96305], [105.93997, -2.95528], [105.95998, -2.95139], [105.97706, -2.95458], [105.98887, -2.96028], [106.0011, -2.96834], [106.02124, -2.98306], [106.03415, -2.99528], [106.04151, -3.00403], [106.04915, -3.01695], [106.05525, -3.03139], [106.07721, -3.21889], [106.07708, -3.24139], [106.07026, -3.25861], [106.05998, -3.26889], [106.04686, -3.27611], [106.02443, -3.28722], [106.00665, -3.29695], [105.99414, -3.305], [105.97874, -3.31695], [105.95444, -3.34055], [105.93109, -3.36584], [105.91498, -3.38403], [105.89888, -3.40889], [105.88997, -3.4275], [105.88247, -3.44722], [105.87692, -3.4625], [105.82304, -3.64778], [105.81609, -3.675], [105.81415, -3.69361], [105.81526, -3.71278], [105.81945, -3.72222], [105.825, -3.73055], [105.84235, -3.74722], [105.87498, -3.76945], [105.92303, -3.79], [105.94205, -3.805], [105.95207, -3.81903], [105.95665, -3.83861], [105.95624, -3.85528], [105.95305, -3.86916], [105.94497, -3.88834], [105.93525, -3.90611], [105.89276, -3.96972], [105.88333, -3.9875], [105.86331, -4.02916], [105.85721, -4.04361], [105.85248, -4.05945], [105.84749, -4.08195], [105.83582, -4.13861], [105.82833, -4.15834], [105.81609, -4.20084], [105.81276, -4.21778], [105.80998, -4.2425], [105.80998, -4.28361], [105.8111, -4.29584], [105.81749, -4.31695], [105.82361, -4.33139], [105.82833, -4.34028], [105.85999, -4.38945], [105.90172, -4.45681], [105.90443, -4.47611], [105.90443, -4.54861], [105.89777, -4.67834], [105.8797, -4.71666], [105.86665, -4.77195], [105.8647, -4.78361], [105.86415, -4.79639], [105.86805, -4.82528], [105.87553, -4.85861], [105.88721, -4.88805], [105.8797, -4.99666], [105.8586, -5.14611], [105.81749, -5.54111], [105.82361, -5.55889], [105.8311, -5.57195], [105.83472, -5.58195], [105.83665, -5.59708], [105.83472, -5.61889], [105.8311, -5.63584], [105.80026, -5.77445], [105.79471, -5.79611], [105.78804, -5.81666], [105.77916, -5.835], [105.72887, -5.89826], [105.6236, -5.81916], [105.34109, -5.51389], [105.2904, -5.44972], [105.27194, -5.44416], [105.25957, -5.44903], [105.17151, -5.58792], [105.19304, -5.68166], [105.21408, -5.75861], [105.21415, -5.77126], [105.19803, -5.77916], [105.14159, -5.79535], [105.05942, -5.75055], [104.97665, -5.70334], [104.8936, -5.67], [104.78334, -5.60389], [104.75861, -5.5875], [104.74081, -5.57056], [104.72527, -5.54528], [104.71721, -5.53597], [104.69497, -5.51514], [104.68137, -5.50834], [104.6711, -5.505], [104.65999, -5.50223], [104.62165, -5.49278], [104.60999, -5.49334], [104.56554, -5.49945], [104.55443, -5.50223], [104.54317, -5.50806], [104.53221, -5.52431], [104.5261, -5.54472], [104.54082, -5.58139], [104.54915, -5.60056], [104.55721, -5.61278], [104.57916, -5.63861], [104.59694, -5.66195], [104.61415, -5.68555], [104.62776, -5.70611], [104.63275, -5.715], [104.67915, -5.79834], [104.68887, -5.81584], [104.69275, -5.82556], [104.7143, -5.91806], [104.70735, -5.92834], [104.6922, -5.93389], [104.6861, -5.93445], [104.63193, -5.93389], [104.57916, -5.93166], [104.56077, -5.92975], [104.55595, -5.8725], [104.54637, -5.85139], [104.53749, -5.83972], [104.52721, -5.82945], [104.44136, -5.75305], [104.34275, -5.66584], [104.30775, -5.62084], [104.3111, -5.61069], [104.30886, -5.59931], [104.29971, -5.58472], [104.2661, -5.55], [104.23387, -5.5275], [104.1736, -5.48639], [104.09526, -5.42916], [104.00972, -5.33028], [104.00269, -5.27076], [103.90498, -5.125], [103.8911, -5.11139], [103.71984, -4.96028], [103.70833, -4.955], [103.69664, -4.95278], [103.62665, -4.93166], [103.61161, -4.91944], [103.56972, -4.91334], [103.55275, -4.91], [103.44304, -4.86084], [103.40471, -4.83334], [103.35471, -4.79305], [103.30721, -4.74722], [103.29415, -4.73222], [103.28386, -4.72222], [103.26277, -4.70222], [103.22956, -4.67389], [103.12915, -4.59584], [103.10109, -4.57584], [103.05165, -4.54305], [103.02304, -4.53084], [102.8736, -4.42], [102.85305, -4.39972], [102.82361, -4.37361], [102.72179, -4.29], [102.67137, -4.25084], [102.64334, -4.23028], [102.59943, -4.19861], [102.55137, -4.16445], [102.53915, -4.15584], [102.49387, -4.12556], [102.44942, -4.095], [102.33777, -4.015], [102.3261, -4.00611], [102.30512, -3.98597], [102.28998, -3.96319], [102.27943, -3.93556], [102.27748, -3.92389], [102.28137, -3.91445], [102.26915, -3.81056], [102.25595, -3.77727], [102.24109, -3.68389], [102.23664, -3.67126], [102.22123, -3.64903], [102.20818, -3.63805], [102.11276, -3.57945], [101.99582, -3.50834], [101.86971, -3.42139], [101.65443, -3.26666], [101.63472, -3.2525], [101.62692, -3.24611], [101.60915, -3.22306], [101.49136, -3.05945], [101.48581, -3.05111], [101.47026, -3.02584], [101.46111, -3.00389], [101.40443, -2.88972], [101.32222, -2.73222], [101.31387, -2.72], [101.29985, -2.70666], [101.27971, -2.6925], [101.25944, -2.68195], [101.24748, -2.67695], [101.19942, -2.65639], [101.18109, -2.6475], [101.14055, -2.61945], [101.12469, -2.60778], [101.10971, -2.59528], [101.09526, -2.58166], [101.08554, -2.57084], [101.02887, -2.4975], [101.02054, -2.48528], [101.00646, -2.45712], [100.91638, -2.33584], [100.90555, -2.31945], [100.83832, -2.18722], [100.83318, -2.16847], [100.8329, -2.14278], [100.84166, -2.12778], [100.86443, -2.10236], [100.87469, -2.08528], [100.88151, -2.06805], [100.88275, -2.04556], [100.8822, -1.99972], [100.87608, -1.96472], [100.86971, -1.93666], [100.86638, -1.92639], [100.85609, -1.9025], [100.84584, -1.88528], [100.74109, -1.73611], [100.7, -1.68111], [100.68831, -1.66555], [100.67581, -1.65028], [100.65805, -1.63389], [100.64888, -1.61931], [100.60609, -1.49556], [100.58276, -1.4175], [100.58541, -1.3825], [100.56694, -1.33584], [100.56045, -1.32535], [100.43748, -1.24139], [100.3822, -1.11166], [100.38193, -1.04555], [100.3504, -0.95521], [100.33527, -0.87416], [100.33138, -0.86472], [100.31888, -0.84264], [100.29359, -0.80639], [100.21193, -0.72334], [100.17694, -0.69666], [100.16331, -0.68305], [100.12998, -0.64292], [100.11609, -0.62278], [100.10929, -0.60555], [100.09833, -0.57889], [100.08859, -0.56111], [100.05026, -0.51028], [100.01332, -0.47139], [100.00305, -0.46111], [99.99275, -0.45084], [99.9147, -0.39861], [99.81694, -0.31069], [99.80832, -0.29861], [99.7522, -0.16556], [99.74885, -0.15195], [99.75276, -0.13222], [99.76525, -0.10334], [99.76815, -0.08909], [99.76525, -0.07445], [99.75971, -0.05945], [99.75497, -0.05055], [99.74357, -0.03445], [99.65971, 0.05305], [99.63582, 0.07694], [99.60832, 0.0975], [99.59055, 0.10722], [99.35054, 0.23055], [99.34109, 0.23472], [99.31637, 0.23722], [99.30415, 0.23611], [99.29305, 0.23334], [99.27859, 0.22695], [99.26318, 0.21847], [99.25, 0.21472], [99.23693, 0.21389], [99.21971, 0.2175], [99.16834, 0.23861], [99.15473, 0.24555], [99.13959, 0.25792], [99.13515, 0.26847], [99.15805, 0.3175], [99.1125, 0.34528], [99.12277, 0.37326], [99.13486, 0.39222], [99.13695, 0.41278], [99.1225, 0.50805], [99.10334, 0.58472], [99.03555, 0.77584], [99.02417, 0.79208], [98.96417, 0.9375], [98.88057, 1.18278], [98.83862, 1.31111], [98.78862, 1.41444], [98.72557, 1.51584], [98.72085, 1.52472], [98.70384, 1.55979], [98.71419, 1.56861], [98.72501, 1.56792], [98.73945, 1.55903], [98.74474, 1.5475], [98.75113, 1.53972], [98.76196, 1.53514], [98.77307, 1.54458], [98.82225, 1.62194], [98.82446, 1.64611], [98.82405, 1.66972], [98.77071, 1.74861], [98.74655, 1.7725], [98.72655, 1.78451], [98.71168, 1.78194], [98.55498, 1.905], [98.53804, 1.92195], [98.52275, 1.93444], [98.50636, 1.94528], [98.45636, 1.9775], [98.43914, 1.98778], [98.24107, 2.08694], [98.14436, 2.15703], [98.13831, 2.1625], [98.1097, 2.18166], [98.08775, 2.19389], [98.0472, 2.21528], [97.94858, 2.26722], [97.93691, 2.26916], [97.92525, 2.26722], [97.9158, 2.26305], [97.89914, 2.25194], [97.89025, 2.24722], [97.87156, 2.24028], [97.76219, 2.26584], [97.75025, 2.27084], [97.65941, 2.39584], [97.65469, 2.40472], [97.65192, 2.41584], [97.65053, 2.42805], [97.64832, 2.48084], [97.64901, 2.49722], [97.65053, 2.51305], [97.65053, 2.59778], [97.65053, 2.62527], [97.64914, 2.6375], [97.63748, 2.72166], [97.63053, 2.76361], [97.62497, 2.78528], [97.61079, 2.83278], [97.60191, 2.85805], [97.59693, 2.86694], [97.5854, 2.87916], [97.57415, 2.88084], [97.55517, 2.8775], [97.53914, 2.87958], [97.4483, 2.91555], [97.42025, 2.92847], [97.38191, 2.96528], [97.36052, 2.99222], [97.33719, 3.02416], [97.31804, 3.05305], [97.31052, 3.06611], [97.30246, 3.08527], [97.29331, 3.11722], [97.2908, 3.12834], [97.28941, 3.14055], [97.28941, 3.16111], [97.28415, 3.17986], [97.25678, 3.22431], [97.24691, 3.23153], [97.20914, 3.23972], [97.18025, 3.24528], [97.16831, 3.25451], [97.07692, 3.40111], [97.0358, 3.48389], [97.02746, 3.50305], [97.00554, 3.53611], [96.88025, 3.6775], [96.86927, 3.68722], [96.79608, 3.73694], [96.78775, 3.7425], [96.72275, 3.75139], [96.68274, 3.75139], [96.63498, 3.75139], [96.61079, 3.74805], [96.58969, 3.74195], [96.57109, 3.73916], [96.5583, 3.73834], [96.53969, 3.74055], [96.51886, 3.74624], [96.48886, 3.76361], [96.45941, 3.78972], [96.42803, 3.81972], [96.41414, 3.83334], [96.39165, 3.85889], [96.34859, 3.91944], [96.33193, 3.94416], [96.32164, 3.96195], [96.31497, 3.97555], [96.29858, 4.00028], [96.28414, 4.02], [96.26831, 4.03861], [96.19441, 4.11639], [96.18566, 4.125], [96.17497, 4.13139], [96.15802, 4.13834], [96.14165, 4.13889], [96.09497, 4.17195], [96.06607, 4.19777], [96.02081, 4.21416], [96.00914, 4.22305], [95.94176, 4.28361], [95.90385, 4.33166], [95.82831, 4.42055], [95.66386, 4.57361], [95.6447, 4.58861], [95.58858, 4.63361], [95.53108, 4.68277], [95.42275, 4.84666], [95.28358, 5.11833], [95.29858, 5.14305], [95.30345, 5.15701], [95.29997, 5.17445], [95.23219, 5.28305], [95.2547, 5.39278], [95.25554, 5.40584], [95.2522, 5.41611], [95.23968, 5.45277], [95.22386, 5.47945], [95.23358, 5.57014], [95.28324, 5.56945], [95.34053, 5.60972], [95.40886, 5.65055], [95.41942, 5.65389], [95.43219, 5.65472], [95.59802, 5.62945], [95.60913, 5.62666], [95.73857, 5.58527], [95.83304, 5.53611], [95.88817, 5.50313], [95.89497, 5.48347], [95.89289, 5.46514], [95.89692, 5.45347], [95.90914, 5.43861], [95.93246, 5.41389], [95.96747, 5.38055], [96.05858, 5.3075], [96.07082, 5.29945], [96.10442, 5.285], [96.11969, 5.27944], [96.34775, 5.22277], [96.40192, 5.21527], [96.41414, 5.21416], [96.56079, 5.20722], [96.58136, 5.20722], [96.65331, 5.21805], [96.69164, 5.22777], [96.71997, 5.24055], [96.73358, 5.2475], [96.75358, 5.25695], [96.76303, 5.26111], [96.77803, 5.26666], [96.80885, 5.27694], [96.82053, 5.27889], [96.84108, 5.27889], [96.98108, 5.27055], [97.0458, 5.26347], [97.09886, 5.24472], [97.12745, 5.2325], [97.13997, 5.22416], [97.1497, 5.21334], [97.15358, 5.20389], [97.15816, 5.18431], [97.16802, 5.16347], [97.18025, 5.15528], [97.19052, 5.15194], [97.20358, 5.15111], [97.22275, 5.1525], [97.23996, 5.15611], [97.26053, 5.16277], [97.38191, 5.20584], [97.43053, 5.22555], [97.44885, 5.23445], [97.48747, 5.25084], [97.50178, 5.25361], [97.51483, 5.24944], [97.54914, 5.21527], [97.56552, 5.19777], [97.58193, 5.17305], [97.60524, 5.14166], [97.62857, 5.11028], [97.64832, 5.08916], [97.68413, 5.055], [97.7758, 4.98889], [97.89998, 4.90084], [97.91303, 4.88639], [97.92247, 4.87194], [97.9458, 4.82695], [97.95415, 4.80777], [97.96442, 4.78389], [97.96747, 4.77], [97.96705, 4.75736], [97.96498, 4.74222], [97.9733, 4.69584], [97.97607, 4.685], [98.0172, 4.55111], [98.06469, 4.55695], [98.12051, 4.53611], [98.15761, 4.51834], [98.19663, 4.48889], [98.27678, 4.42681], [98.28165, 4.41084], [98.2851, 4.34944], [98.26442, 4.31195], [98.26525, 4.19361], [98.27052, 4.1425], [98.38359, 4.08445], [98.39803, 4.07834], [98.46997, 4.0475], [98.53441, 4.00916], [98.55164, 3.99889], [98.62914, 3.92584], [98.69692, 3.84305], [98.70385, 3.80889], [98.71025, 3.79486], [98.79082, 3.73834], [98.81145, 3.72472], [98.834, 3.71305], [98.88753, 3.69111], [98.90806, 3.68445], [98.93057, 3.67972], [98.9628, 3.67084], [99.07251, 3.62889], [99.2025, 3.55389], [99.21083, 3.54834], [99.22667, 3.53666], [99.24167, 3.52445], [99.25279, 3.51472], [99.52748, 3.26778], [99.54804, 3.24722], [99.5686, 3.23361], [99.57805, 3.22945], [99.61859, 3.215], [99.65692, 3.20555], [99.76442, 3.14472], [99.9008, 3.00778], [99.96997, 2.95389], [99.98081, 2.94374], [99.98857, 2.92444], [99.99413, 2.83], [99.99469, 2.81], [99.99413, 2.79694], [99.99094, 2.78292], [99.98282, 2.76895], [99.97497, 2.75472], [99.95636, 2.70472], [99.95512, 2.69027], [100.00519, 2.60111], [100.01997, 2.60528], [100.02315, 2.62889], [100.00942, 2.67958], [99.99984, 2.68722], [99.98005, 2.69472], [99.97664, 2.70903], [99.98802, 2.71889], [99.99746, 2.72305], [100.0222, 2.73278], [100.03386, 2.73472], [100.04975, 2.73014], [100.06746, 2.71347], [100.07498, 2.70055], [100.07692, 2.68889], [100.07637, 2.63472], [100.07775, 2.6225], [100.08192, 2.60611], [100.08858, 2.58555], [100.09692, 2.56639], [100.12108, 2.52555], [100.13295, 2.52687], [100.13387, 2.54584], [100.12967, 2.55528], [100.12635, 2.56555], [100.1133, 2.61416], [100.11275, 2.62722], [100.11386, 2.63972], [100.11803, 2.65611], [100.12358, 2.67111], [100.13525, 2.68681], [100.15025, 2.69916], [100.16942, 2.70722], [100.19149, 2.70944], [100.20511, 2.70597], [100.24684, 2.6534], [100.28455, 2.57962], [100.31551, 2.54921], [100.32359, 2.53], [100.35663, 2.43278], [100.36746, 2.38555], [100.37302, 2.37055], [100.38525, 2.34166], [100.39552, 2.31778], [100.40581, 2.30084], [100.41219, 2.29305], [100.42857, 2.27528], [100.46608, 2.23695], [100.48331, 2.22], [100.55191, 2.16527], [100.57164, 2.15084], [100.60469, 2.12889], [100.61359, 2.12416], [100.62386, 2.12055], [100.63887, 2.11986], [100.65886, 2.12736], [100.67107, 2.12819], [100.69165, 2.11722], [100.69998, 2.11166], [100.82428, 2.02722], [100.85052, 1.99528], [100.8597, 1.98361], [100.87468, 1.9575], [100.88359, 1.93916], [100.88831, 1.92334], [100.89108, 1.90555], [100.89165, 1.8925], [100.89386, 1.88084], [100.90414, 1.85695], [100.91858, 1.83695], [100.92705, 1.82861], [100.94246, 1.82055], [100.94998, 1.86792], [100.94662, 1.88166], [100.89442, 2.02139], [100.88552, 2.03986], [100.87329, 2.055], [100.86427, 2.06305], [100.82109, 2.10555], [100.81358, 2.11861], [100.80191, 2.14805], [100.79774, 2.16445], [100.79581, 2.17611], [100.79525, 2.1925], [100.7972, 2.21444], [100.79997, 2.22555], [100.80801, 2.24472], [100.82538, 2.26847], [100.84108, 2.28028], [100.86079, 2.28778], [100.88359, 2.2925], [100.93219, 2.29861], [101.05795, 2.28361], [101.0558, 2.26958], [101.0508, 2.25416], [101.05553, 2.23834], [101.06385, 2.21916], [101.07094, 2.20931], [101.19469, 2.12334], [101.25444, 2.08639], [101.27039, 2.075], [101.30165, 2.04472], [101.31329, 2.02889], [101.31804, 2.02], [101.32359, 2.005], [101.32831, 1.98166], [101.3297, 1.9625], [101.32677, 1.94111], [101.32553, 1.92], [101.3297, 1.90361], [101.33304, 1.89334], [101.36386, 1.80084], [101.37135, 1.78084], [101.38387, 1.75222], [101.40025, 1.7275], [101.41052, 1.71722], [101.42969, 1.70222], [101.44412, 1.69611], [101.5358, 1.6575], [101.54552, 1.65361], [101.57553, 1.64945], [101.58858, 1.65], [101.60524, 1.65416], [101.61552, 1.6575], [101.63107, 1.66305], [101.6633, 1.67195], [101.68802, 1.67472], [101.70802, 1.67416], [101.72441, 1.67], [101.75804, 1.65555], [101.76692, 1.65084], [101.78331, 1.63972], [101.87635, 1.555], [101.98331, 1.4625], [102.01886, 1.43555], [102.03552, 1.42472], [102.05246, 1.41444], [102.0847, 1.39861], [102.12594, 1.38166], [102.13553, 1.37334], [102.19857, 1.19528], [102.19801, 1.15972], [102.19165, 1.12472], [102.18747, 1.10834], [102.18747, 1.09445], [102.18885, 1.08222], [102.19441, 1.06028], [102.20137, 1.03972], [102.2108, 1.015], [102.22107, 0.99778], [102.23552, 0.97805], [102.42566, 0.7975], [102.46526, 0.76834], [102.49191, 0.75389], [102.51025, 0.745], [102.51997, 0.74084], [102.54525, 0.73194], [102.56247, 0.72861], [102.57553, 0.72805], [102.60553, 0.73194], [102.6219, 0.73611], [102.71442, 0.74084], [102.86525, 0.73139], [102.88191, 0.72722], [102.90497, 0.71639], [102.91747, 0.70805], [102.93245, 0.695], [102.95859, 0.66639], [102.96804, 0.65528], [102.97601, 0.64348], [103.04274, 0.56555], [103.06694, 0.53611], [103.08055, 0.51555], [103.08664, 0.50111], [103.09081, 0.48472], [103.09081, 0.47111], [103.08845, 0.45625], [103.08192, 0.44555], [103.07083, 0.43611], [103.04747, 0.425], [102.94745, 0.37445], [102.77498, 0.28666], [102.72081, 0.25861], [102.59331, 0.18666], [102.58497, 0.18111], [102.57102, 0.17625], [102.55414, 0.18055], [102.53025, 0.1975], [102.51997, 0.20778], [102.509, 0.22431], [102.499, 0.23834], [102.4883, 0.245], [102.43031, 0.24451], [102.5233, 0.17778], [102.53996, 0.16666], [102.5583, 0.15778], [102.57136, 0.15375], [102.58719, 0.1525], [102.6308, 0.1975], [102.64434, 0.20986], [102.65913, 0.2175], [102.67468, 0.22222], [102.79663, 0.24695], [102.81997, 0.25111], [102.85164, 0.25389], [102.87219, 0.25389], [102.88441, 0.25528], [102.90442, 0.26278], [103.1497, 0.40166], [103.16275, 0.40916], [103.17845, 0.42097], [103.19551, 0.445], [103.19969, 0.45444], [103.20247, 0.46555], [103.20663, 0.475], [103.22017, 0.48722], [103.34027, 0.53334], [103.35109, 0.53611], [103.3672, 0.53639], [103.38374, 0.53236], [103.40471, 0.5225], [103.45055, 0.49972], [103.47527, 0.48334], [103.72943, 0.29139], [103.73969, 0.28111], [103.74719, 0.26805], [103.75137, 0.25861], [103.7547, 0.24834], [103.75747, 0.22361], [103.7636, 0.18861], [103.77052, 0.15445], [103.79303, 0.05361], [103.80275, 0.02889], [103.81163, 0.01055], [103.81118, -0.0035], [103.79196, -0.01363], [103.77467, -0.01695], [103.76163, -0.01749], [103.66855, -0.02307], [103.60274, -0.02722], [103.58659, -0.04985], [103.58045, -0.10296], [103.43471, -0.20389], [103.42249, -0.21222], [103.3936, -0.22445], [103.3772, -0.22861], [103.33472, -0.23416], [103.31137, -0.23834], [103.30054, -0.24111], [103.2861, -0.24722], [103.27235, -0.25958], [103.31833, -0.265], [103.33194, -0.265], [103.35386, -0.26292], [103.42581, -0.23555], [103.47873, -0.21514], [103.49289, -0.21834], [103.49845, -0.22666], [103.4986, -0.24222], [103.44443, -0.32528], [103.43887, -0.33361], [103.41673, -0.35109], [103.34236, -0.3641], [103.43624, -0.37597], [103.49721, -0.37945], [103.57388, -0.41222], [103.58221, -0.41778], [103.59756, -0.435], [103.59775, -0.44931], [103.58638, -0.46166], [103.57388, -0.47], [103.52206, -0.50375], [103.41499, -0.57666], [103.36081, -0.70222], [103.4272, -0.74889], [103.46638, -0.76445]]], [[[139.05582, -7.25028], [139.0968, -7.243], [139.13564, -7.244], [139.16498, -7.24139], [139.17581, -7.23889], [139.18469, -7.22722], [139.22247, -7.1625], [139.17581, -7.18306], [139.1615, -7.20278], [139.1292, -7.21011], [139.08969, -7.21178], [139.04221, -7.21361], [138.84747, -7.15389], [138.76053, -7.11778], [138.74884, -7.10889], [138.58164, -6.96139], [138.56871, -6.94708], [138.56387, -6.93806], [138.56081, -6.92416], [138.5629, -6.90653], [138.56997, -6.89666], [138.58856, -6.8825], [138.59802, -6.87834], [138.64403, -6.87719], [138.659, -6.8819], [138.6992, -6.89632], [138.7186, -6.89937], [138.72886, -6.89965], [138.74134, -6.89743], [138.75796, -6.88717], [138.77904, -6.86805], [138.8051, -6.8564], [138.88748, -6.84556], [138.90929, -6.84361], [138.92969, -6.84695], [138.96552, -6.85916], [138.98329, -6.86875], [138.99775, -6.88166], [139.0072, -6.8925], [139.02366, -6.91092], [139.04831, -6.93334], [139.07248, -6.95055], [139.09356, -6.96334], [139.10718, -6.97028], [139.12161, -6.97639], [139.13679, -6.97834], [139.18665, -6.96757], [139.17248, -6.95916], [139.14636, -6.95805], [139.12912, -6.95445], [139.11969, -6.95055], [139.08886, -6.93334], [139.07442, -6.92361], [139.04776, -6.89889], [139.03528, -6.88481], [139.01749, -6.86889], [138.98664, -6.85166], [138.97247, -6.84556], [138.95801, -6.83945], [138.93747, -6.83278], [138.90109, -6.82805], [138.88245, -6.82584], [138.78803, -6.77834], [138.69065, -6.72861], [138.68192, -6.72056], [138.67832, -6.71028], [138.67276, -6.68861], [138.66665, -6.65778], [138.67554, -6.65028], [138.689, -6.64666], [138.70495, -6.64695], [138.67691, -6.60889], [138.5611, -6.4925], [138.49524, -6.43528], [138.48163, -6.42166], [138.46329, -6.39916], [138.43775, -6.36305], [138.40833, -6.29695], [138.39804, -6.27305], [138.39526, -6.26222], [138.38998, -6.23361], [138.38858, -6.22139], [138.38858, -6.20778], [138.39317, -6.19556], [138.39317, -6.18458], [138.36524, -6.10139], [138.36108, -6.09195], [138.32553, -6.025], [138.29605, -5.97278], [138.29745, -5.85556], [138.28025, -5.85195], [138.21161, -5.83166], [138.19855, -5.82416], [138.18634, -5.81584], [138.17605, -5.80555], [138.16773, -5.79334], [138.18012, -5.76806], [138.19128, -5.75864], [138.25635, -5.72195], [138.35163, -5.68028], [138.34131, -5.67139], [138.31439, -5.67056], [138.22131, -5.68486], [138.20883, -5.68972], [138.17697, -5.706], [138.16422, -5.71792], [138.08591, -5.73986], [138.07125, -5.73132], [138.05688, -5.67056], [138.05411, -5.65278], [138.05274, -5.62695], [138.05276, -5.59972], [138.05469, -5.58139], [138.0658, -5.51639], [138.0733, -5.43805], [138.0733, -5.42445], [138.06525, -5.40895], [138.04385, -5.44028], [138.03637, -5.46], [137.94858, -5.42722], [137.77805, -5.31472], [137.75, -5.28055], [137.66275, -5.22389], [137.60858, -5.20945], [137.59497, -5.20278], [137.57498, -5.18834], [137.57025, -5.17666], [137.57775, -5.16778], [137.59356, -5.15555], [137.51831, -5.15486], [137.40915, -5.10584], [137.36414, -5.07584], [137.30441, -5.03], [137.26886, -4.98695], [137.22371, -5.00555], [137.2108, -5.01264], [137.0036, -4.95416], [136.82275, -4.93042], [136.80816, -4.92084], [136.79928, -4.90584], [136.63162, -4.82806], [136.52527, -4.77056], [136.50207, -4.75626], [136.35995, -4.68306], [136.31637, -4.68306], [136.25832, -4.68416], [136.16831, -4.65028], [136.0354, -4.59361], [136.00824, -4.56951], [135.99219, -4.54445], [135.9722, -4.51639], [135.96329, -4.51166], [135.92832, -4.49861], [135.89749, -4.49528], [135.80109, -4.49195], [135.76525, -4.49611], [135.73718, -4.50084], [135.72412, -4.50139], [135.65027, -4.48916], [135.63998, -4.48584], [135.61554, -4.47569], [135.52191, -4.45639], [135.42554, -4.43666], [135.37606, -4.44055], [135.34192, -4.44334], [135.32941, -4.44472], [135.28637, -4.45153], [135.26512, -4.46111], [135.2561, -4.46584], [135.24442, -4.46806], [135.23218, -4.46666], [135.20468, -4.45972], [135.17664, -4.44695], [135.08551, -4.40028], [135.07248, -4.39278], [134.96274, -4.32445], [134.80123, -4.25611], [134.74078, -4.21028], [134.64623, -4.12556], [134.64178, -4.11305], [134.67636, -3.97584], [134.68387, -3.94916], [134.69497, -3.93972], [134.70857, -3.93639], [134.8533, -3.95416], [134.88333, -3.965], [134.90109, -3.97528], [134.91359, -3.98014], [134.93206, -3.97861], [134.96941, -3.95097], [134.96761, -3.94111], [134.90055, -3.92945], [134.76498, -3.91861], [134.70718, -3.91584], [134.67304, -3.91514], [134.62775, -3.94722], [134.61746, -3.95819], [134.60913, -3.98416], [134.6062, -3.99819], [134.59761, -4.01014], [134.5744, -4.01778], [134.52164, -4.02639], [134.46747, -3.94778], [134.43305, -3.91361], [134.41665, -3.90764], [134.36605, -3.89722], [134.35858, -3.9075], [134.34885, -3.94861], [134.33996, -3.99166], [134.30304, -4.01084], [134.21205, -3.96], [134.18274, -3.93458], [134.16247, -3.89305], [134.1658, -3.8625], [134.18956, -3.84514], [134.19245, -3.82875], [134.17554, -3.79278], [134.16386, -3.77695], [134.14135, -3.75861], [134.12669, -3.75229], [134.03443, -3.79945], [134.02609, -3.805], [133.92468, -3.75028], [133.8324, -3.58903], [133.80025, -3.605], [133.79622, -3.61445], [133.79581, -3.62445], [133.79999, -3.65472], [133.80414, -3.67111], [133.77859, -3.67722], [133.74301, -3.66084], [133.70745, -3.63195], [133.64386, -3.50611], [133.63679, -3.48903], [133.63553, -3.47334], [133.63998, -3.46069], [133.65802, -3.44806], [133.66913, -3.44528], [133.69267, -3.42716], [133.69913, -3.41306], [133.69998, -3.40028], [133.70175, -3.35128], [133.69426, -3.29878], [133.6875, -3.27678], [133.68892, -3.25769], [133.71301, -3.19278], [133.78275, -3.13278], [133.84857, -3.08805], [133.86023, -3.08264], [133.86441, -3.05611], [133.86218, -3.0075], [133.82885, -2.96166], [133.73135, -3.05055], [133.71219, -3.0725], [133.66693, -3.12445], [133.65887, -3.13666], [133.65401, -3.14903], [133.65192, -3.16069], [133.64031, -3.29016], [133.64481, -3.3225], [133.64464, -3.3655], [133.64291, -3.41113], [133.6051, -3.41879], [133.57001, -3.43831], [133.54383, -3.46055], [133.5663, -3.48181], [133.58978, -3.53445], [133.58551, -3.56834], [133.57385, -3.58403], [133.5361, -3.60945], [133.48828, -3.64361], [133.40997, -3.71611], [133.39914, -3.7325], [133.39485, -3.74986], [133.40622, -3.80195], [133.41247, -3.81292], [133.44116, -3.83222], [133.44913, -3.84472], [133.45288, -3.85805], [133.45108, -3.86931], [133.31275, -4.01486], [133.24901, -4.07097], [133.23745, -4.07639], [133.22635, -4.07916], [133.19971, -4.07972], [133.09693, -4.06889], [133.0672, -4.06111], [133.04831, -4.06208], [133.02852, -4.07319], [132.99078, -4.1175], [132.98385, -4.1175], [132.9122, -4.09792], [132.90025, -4.08945], [132.84747, -4.01], [132.81574, -3.93645], [132.8271, -3.92736], [132.81803, -3.89195], [132.8147, -3.88166], [132.7811, -3.79055], [132.75083, -3.71834], [132.78305, -3.63278], [132.88916, -3.59445], [132.91998, -3.57056], [132.92497, -3.565], [132.92706, -3.55472], [132.88246, -3.47097], [132.86705, -3.46611], [132.85004, -3.47458], [132.82275, -3.45278], [132.80142, -3.3716], [132.80774, -3.35306], [132.81525, -3.33986], [132.82178, -3.3225], [132.819, -3.30542], [132.79651, -3.27666], [132.78775, -3.27139], [132.76651, -3.26889], [132.73192, -3.28278], [132.72787, -3.2925], [132.73108, -3.3125], [132.73065, -3.33486], [132.7222, -3.34334], [132.70914, -3.34695], [132.69663, -3.34278], [132.66373, -3.32556], [132.65497, -3.3175], [132.59684, -3.23479], [132.59247, -3.18528], [132.55692, -3.11695], [132.54663, -3.10666], [132.46579, -3.045], [132.44998, -3.03334], [132.3158, -2.95139], [132.27332, -2.93889], [132.26165, -2.93695], [132.24105, -2.93695], [132.19025, -2.93889], [132.18136, -2.94389], [132.09233, -2.96764], [132.08038, -2.96736], [131.95691, -2.78702], [131.96747, -2.77472], [132.12857, -2.69722], [132.13831, -2.69334], [132.14914, -2.69055], [132.19497, -2.68028], [132.20745, -2.67889], [132.22107, -2.67889], [132.31775, -2.68222], [132.51111, -2.70014], [132.57233, -2.71695], [132.58774, -2.72556], [132.61801, -2.74334], [132.64192, -2.76028], [132.64749, -2.76861], [132.65555, -2.78084], [132.6658, -2.79111], [132.70025, -2.8125], [132.71051, -2.81584], [132.72275, -2.81722], [132.73607, -2.81236], [132.78998, -2.77334], [132.83245, -2.74055], [132.84253, -2.73047], [132.89331, -2.66306], [132.9447, -2.59472], [132.96885, -2.55695], [132.97996, -2.54097], [133.01874, -2.49681], [133.0347, -2.48528], [133.07913, -2.46055], [133.10581, -2.44611], [133.15775, -2.42972], [133.2458, -2.4175], [133.30054, -2.44334], [133.30942, -2.44806], [133.38582, -2.52181], [133.5061, -2.56584], [133.54721, -2.56334], [133.60467, -2.53861], [133.64859, -2.54389], [133.67525, -2.57542], [133.67804, -2.58653], [133.67248, -2.63916], [133.67859, -2.71805], [133.68824, -2.71215], [133.69303, -2.69806], [133.71164, -2.55166], [133.70941, -2.54], [133.70468, -2.52764], [133.70565, -2.51625], [133.7197, -2.51334], [133.73081, -2.51584], [133.7408, -2.52319], [133.74802, -2.53305], [133.7836, -2.60028], [133.80345, -2.65153], [133.81637, -2.65916], [133.82248, -2.58445], [133.82248, -2.55695], [133.82066, -2.54195], [133.80414, -2.49528], [133.78165, -2.48111], [133.84052, -2.425], [133.86023, -2.4175], [133.91443, -2.38945], [133.95554, -2.32916], [133.95831, -2.23472], [133.95608, -2.22305], [133.94697, -2.21056], [133.92414, -2.27166], [133.83915, -2.30028], [133.821, -2.2984], [133.79804, -2.275], [133.78845, -2.25674], [133.79525, -2.24472], [133.80969, -2.23861], [133.83496, -2.22972], [133.91234, -2.19889], [133.94582, -2.17097], [133.93428, -2.1041], [133.87606, -2.11416], [133.76498, -2.17166], [133.64581, -2.23722], [133.54289, -2.24611], [133.43845, -2.23903], [133.41971, -2.22695], [133.40055, -2.21889], [133.29776, -2.20111], [133.20135, -2.21376], [133.08856, -2.24834], [132.97412, -2.28472], [132.96386, -2.28805], [132.91498, -2.28695], [132.90082, -2.28389], [132.88721, -2.27695], [132.87497, -2.26889], [132.85718, -2.25916], [132.83304, -2.24889], [132.81775, -2.24792], [132.79275, -2.25389], [132.78305, -2.25778], [132.76944, -2.26472], [132.68997, -2.30861], [132.67969, -2.305], [132.63916, -2.28389], [132.62815, -2.27084], [132.62606, -2.25584], [132.62189, -2.23945], [132.61578, -2.225], [132.6019, -2.20486], [132.59192, -2.19416], [132.57455, -2.18986], [132.54804, -2.19555], [132.53165, -2.19972], [132.51525, -2.20389], [132.46637, -2.21666], [132.45608, -2.22028], [132.44193, -2.22639], [132.42886, -2.23389], [132.40485, -2.25097], [132.39304, -2.26], [132.37662, -2.26416], [132.33746, -2.27306], [132.32149, -2.27334], [132.299, -2.26847], [132.28415, -2.25916], [132.27054, -2.24555], [132.1561, -2.15166], [132.14499, -2.14889], [132.10733, -2.13319], [132.04123, -2.08569], [131.97162, -1.9675], [131.9361, -1.88805], [131.93123, -1.87584], [131.92718, -1.81056], [131.97136, -1.76236], [131.95664, -1.70806], [131.88245, -1.64222], [131.80524, -1.60778], [131.72302, -1.58195], [131.71066, -1.57376], [131.70385, -1.56], [131.70511, -1.54416], [131.59079, -1.49084], [131.57635, -1.48472], [131.27406, -1.38424], [131.27414, -1.39639], [131.2836, -1.40722], [131.29804, -1.42028], [131.31442, -1.43111], [131.33095, -1.43861], [131.33636, -1.45028], [131.33304, -1.46056], [131.31525, -1.47778], [131.30026, -1.49], [131.28775, -1.49834], [131.20774, -1.52722], [131.18496, -1.4875], [131.17747, -1.47778], [131.14609, -1.46472], [131.11108, -1.45166], [131.09232, -1.44875], [131.04941, -1.45514], [130.96359, -1.40306], [131.01165, -1.33472], [131.0351, -1.27488], [131.05955, -1.24347], [131.07469, -1.23618], [131.09968, -1.23903], [131.15497, -1.22916], [131.1658, -1.22639], [131.17886, -1.21889], [131.18442, -1.21056], [131.24884, -1.09695], [131.25277, -1.08722], [131.28609, -0.91834], [131.28165, -0.90639], [131.25555, -0.82278], [131.41998, -0.76111], [131.43026, -0.75778], [131.51331, -0.73431], [131.53491, -0.7375], [131.53857, -0.74945], [131.57775, -0.7625], [131.77499, -0.72611], [131.80246, -0.71945], [131.83331, -0.70916], [131.86328, -0.69805], [131.87302, -0.69389], [131.88388, -0.68445], [131.89025, -0.67], [131.89581, -0.6534], [131.91831, -0.62278], [132.10634, -0.46653], [132.16025, -0.43222], [132.17718, -0.42195], [132.19165, -0.41584], [132.26972, -0.38416], [132.42276, -0.34666], [132.43415, -0.34445], [132.56247, -0.35416], [132.71315, -0.36708], [132.74384, -0.38778], [132.81943, -0.42195], [132.87356, -0.44334], [133.11468, -0.53708], [133.16052, -0.53764], [133.17304, -0.5425], [133.25305, -0.60639], [133.3147, -0.66778], [133.32718, -0.68305], [133.34912, -0.70278], [133.37439, -0.71945], [133.38944, -0.72472], [133.40246, -0.72889], [133.42996, -0.73639], [133.45385, -0.74], [133.57496, -0.75389], [133.75095, -0.75666], [133.75652, -0.74834], [133.75526, -0.72395], [133.98135, -0.73], [133.99384, -0.73445], [134.00497, -0.74389], [134.11108, -0.83528], [134.07885, -0.88847], [134.06857, -0.89528], [134.0295, -0.96695], [134.09747, -1.10305], [134.12691, -1.15236], [134.15833, -1.18584], [134.17468, -1.19695], [134.18649, -1.2025], [134.20495, -1.22166], [134.21329, -1.23389], [134.2793, -1.34931], [134.2804, -1.36055], [134.25845, -1.38319], [134.24411, -1.39639], [134.23482, -1.41097], [134.23163, -1.425], [134.22467, -1.48528], [134.22357, -1.5375], [134.22115, -1.55722], [134.16052, -1.61806], [134.09732, -1.66472], [134.08829, -1.67792], [134.12259, -1.88389], [134.14526, -1.93389], [134.13303, -2.05166], [134.1597, -2.31945], [134.19275, -2.38305], [134.20025, -2.39611], [134.22288, -2.42834], [134.24191, -2.43319], [134.2536, -2.43861], [134.31997, -2.505], [134.34552, -2.57556], [134.37635, -2.655], [134.46289, -2.8613], [134.48149, -2.86611], [134.49496, -2.8625], [134.50763, -2.85445], [134.52638, -2.83569], [134.52359, -2.80334], [134.52081, -2.7925], [134.51275, -2.77278], [134.49411, -2.71584], [134.47455, -2.62792], [134.47025, -2.57486], [134.47162, -2.55916], [134.4769, -2.54389], [134.48579, -2.52555], [134.54004, -2.46972], [134.5708, -2.47639], [134.62497, -2.50445], [134.64207, -2.5216], [134.65192, -2.53916], [134.65525, -2.55639], [134.6572, -2.57472], [134.65802, -2.67416], [134.65802, -2.73584], [134.65665, -2.75472], [134.6572, -2.78166], [134.66553, -2.84445], [134.69803, -2.97014], [134.70525, -2.98014], [134.72497, -2.99097], [134.73773, -2.99139], [134.75192, -2.98834], [134.76608, -2.98222], [134.8049, -2.95445], [134.80942, -2.94166], [134.81039, -2.92569], [134.82851, -2.90445], [134.84635, -2.90125], [134.85469, -2.90681], [134.86078, -2.93139], [134.86135, -2.94445], [134.8508, -3.01458], [134.83829, -3.0225], [134.82829, -3.02972], [134.82248, -3.04084], [134.81261, -3.12389], [134.87662, -3.24889], [134.88748, -3.25861], [134.99495, -3.33653], [135.00415, -3.34139], [135.11774, -3.36861], [135.33331, -3.39361], [135.34802, -3.39195], [135.46164, -3.36945], [135.47745, -3.36445], [135.49191, -3.35834], [135.51666, -3.34195], [135.53165, -3.32972], [135.54193, -3.31945], [135.55555, -3.305], [135.56525, -3.28722], [135.57045, -3.27014], [135.56857, -3.24695], [135.57413, -3.23861], [135.60565, -3.20181], [135.63388, -3.18195], [135.64414, -3.17861], [135.70441, -3.16334], [135.71335, -3.15868], [135.76666, -3.11626], [135.76491, -3.10111], [135.74094, -3.08236], [135.74399, -3.07042], [135.76401, -3.0525], [135.82968, -3.02305], [135.87775, -3.00889], [135.89221, -3.0025], [135.9072, -2.99042], [135.92915, -2.96097], [135.93665, -2.94445], [135.93942, -2.92666], [135.93802, -2.91445], [135.95517, -2.78597], [136.02609, -2.70111], [136.0361, -2.69722], [136.04914, -2.69806], [136.10663, -2.66861], [136.16885, -2.64195], [136.18274, -2.635], [136.22065, -2.61084], [136.23551, -2.59805], [136.24829, -2.58389], [136.2547, -2.57611], [136.26554, -2.55972], [136.27026, -2.55084], [136.27942, -2.5325], [136.34219, -2.36666], [136.34497, -2.34889], [136.34497, -2.32834], [136.33886, -2.31389], [136.33469, -2.2975], [136.334, -2.2825], [136.35663, -2.25389], [136.40943, -2.2175], [136.42054, -2.21472], [136.48273, -2.21139], [136.53275, -2.21416], [136.53624, -2.23111], [136.54649, -2.23792], [136.6019, -2.25166], [136.61441, -2.25305], [136.66775, -2.25722], [136.754, -2.24979], [136.76914, -2.23945], [136.78693, -2.22972], [136.83829, -2.20166], [136.99134, -2.13389], [137.06693, -2.11028], [137.08304, -2.11056], [137.09802, -2.11472], [137.11316, -2.11695], [137.17499, -2.10806], [137.18815, -2.10416], [137.23343, -2.07403], [137.23593, -2.05722], [137.20816, -1.96792], [137.19882, -1.95234], [137.18205, -1.94111], [137.1624, -1.93521], [137.13303, -1.90445], [137.10968, -1.87445], [137.11386, -1.81666], [137.12079, -1.80306], [137.13107, -1.79278], [137.13998, -1.78805], [137.19135, -1.76556], [137.21329, -1.76], [137.26388, -1.7475], [137.34497, -1.71195], [137.4894, -1.63493], [137.50218, -1.61514], [137.51485, -1.60389], [137.58524, -1.56805], [137.60467, -1.56], [137.65332, -1.54], [137.67914, -1.52972], [137.72107, -1.51416], [137.7511, -1.50305], [137.77719, -1.49472], [137.84579, -1.47445], [137.86011, -1.47166], [137.87579, -1.47305], [137.9315, -1.48945], [137.94345, -1.50486], [137.94998, -1.51555], [137.97857, -1.54278], [138.06102, -1.60695], [138.36719, -1.7175], [138.41388, -1.7325], [138.52222, -1.76139], [138.57831, -1.77222], [138.60773, -1.77722], [138.62497, -1.78055], [138.64372, -1.78569], [138.65582, -1.79084], [138.67358, -1.80028], [138.70859, -1.82028], [138.72079, -1.82834], [138.74411, -1.84695], [138.75679, -1.86514], [138.76804, -1.88472], [138.77777, -1.89639], [138.78803, -1.90639], [138.81665, -1.9325], [138.84356, -1.95389], [138.85303, -1.95778], [138.86414, -1.96056], [138.88245, -1.96278], [138.899, -1.96208], [138.91415, -1.96], [138.93332, -1.96139], [138.94412, -1.96416], [138.9758, -1.97361], [139.00803, -1.98334], [139.04635, -1.99972], [139.35135, -2.14], [139.40747, -2.16611], [139.42941, -2.17834], [139.43829, -2.18334], [139.58551, -2.26195], [139.75638, -2.35166], [139.78082, -2.36139], [139.80276, -2.36666], [139.83245, -2.37361], [139.8447, -2.375], [139.88443, -2.37639], [139.93387, -2.37084], [140.03165, -2.35861], [140.09329, -2.32834], [140.10538, -2.32334], [140.16234, -2.32666], [140.16748, -2.33528], [140.16885, -2.3475], [140.17221, -2.35778], [140.21197, -2.40716], [140.32221, -2.45834], [140.33386, -2.45916], [140.37558, -2.4484], [140.38121, -2.4325], [140.47717, -2.43445], [140.55386, -2.44278], [140.63135, -2.45722], [140.70745, -2.48389], [140.72189, -2.49], [140.73275, -2.49666], [140.74164, -2.505], [140.74856, -2.52903], [140.74356, -2.54806], [140.73413, -2.56584], [140.70684, -2.5941], [140.70045, -2.61472], [140.71164, -2.62889], [140.72717, -2.63708], [140.73691, -2.63778], [140.74164, -2.62889], [140.77582, -2.62084], [140.82385, -2.60972], [140.96705, -2.60416], [141.00247, -2.60708], [141.0061, -2.61389], [141.0061, -4.90555], [141.0061, -6.0], [141.00614, -6.33293], [140.98551, -6.33305], [140.96705, -6.33687], [140.93219, -6.43445], [140.92804, -6.45084], [140.94719, -6.47069], [140.95108, -6.48056], [140.94721, -6.5], [140.89386, -6.60097], [140.86301, -6.63139], [140.85885, -6.67834], [140.85941, -6.72861], [140.87106, -6.78639], [140.87525, -6.79611], [140.90277, -6.85584], [140.9494, -6.90361], [140.98122, -6.90653], [140.99454, -6.89666], [141.00614, -6.89328], [141.00614, -6.90478], [141.00702, -9.12846], [140.96109, -9.09916], [140.94385, -9.08916], [140.92886, -9.08305], [140.9122, -9.07889], [140.88888, -9.075], [140.87635, -9.07056], [140.85745, -9.05861], [140.84165, -9.04639], [140.82885, -9.03222], [140.79525, -8.98416], [140.75747, -8.94028], [140.74356, -8.92666], [140.6897, -8.87861], [140.64636, -8.84], [140.61829, -8.81361], [140.60885, -8.80278], [140.59775, -8.78666], [140.54444, -8.70389], [140.50386, -8.63208], [140.48801, -8.61639], [140.33664, -8.48861], [140.22913, -8.39834], [140.20996, -8.38334], [140.12275, -8.32028], [140.08664, -8.29528], [140.0708, -8.28361], [140.05164, -8.26889], [140.03165, -8.24916], [139.99411, -8.205], [139.98523, -8.19361], [139.97497, -8.17666], [139.98215, -8.13772], [140.00562, -8.11355], [140.02245, -8.10989], [140.05164, -8.0866], [140.06192, -8.07139], [140.13388, -7.93916], [140.1479, -7.88584], [140.05365, -7.92687], [140.0372, -7.99416], [140.0372, -8.01445], [140.04135, -8.03139], [140.04275, -8.04361], [140.03998, -8.05445], [140.00815, -8.07384], [139.96564, -8.09684], [139.94449, -8.10234], [139.9158, -8.11472], [139.86942, -8.11334], [139.81997, -8.11222], [139.7522, -8.11278], [139.71246, -8.11416], [139.62051, -8.125], [139.60135, -8.13305], [139.59228, -8.13799], [139.57525, -8.14806], [139.56442, -8.1575], [139.54385, -8.17111], [139.52942, -8.17723], [139.50747, -8.18334], [139.41831, -8.20361], [139.38694, -8.20639], [139.36636, -8.20639], [139.33691, -8.20445], [139.32581, -8.20166], [139.31693, -8.19695], [139.27582, -8.16972], [139.25971, -8.15181], [139.24469, -8.13208], [139.23857, -8.11445], [139.21829, -8.08916], [139.08414, -8.14], [138.97357, -8.22055], [138.9697, -8.23], [138.96329, -8.25111], [138.93905, -8.295], [138.92095, -8.30139], [138.91026, -8.29834], [138.85245, -8.18945], [138.8483, -8.18], [138.83926, -8.15819], [138.83664, -8.13], [138.85065, -8.105], [138.90415, -8.03722], [138.9072, -7.92611], [138.91095, -7.91292], [138.92234, -7.90028], [138.93997, -7.89084], [138.95191, -7.88889], [138.96219, -7.88555], [138.97635, -7.87945], [138.99191, -7.8675], [139.00305, -7.83806], [139.00583, -7.82028], [139.00583, -7.80666], [139.00443, -7.78778], [139.00247, -7.77611], [139.00374, -7.76055], [139.05109, -7.64111], [139.05524, -7.63166], [139.06761, -7.61653], [139.08274, -7.60445], [139.09331, -7.59111], [139.09635, -7.57722], [139.09455, -7.56181], [139.08801, -7.55139], [139.06885, -7.53639], [139.04025, -7.52416], [139.02026, -7.51666], [139.00624, -7.51361], [138.93387, -7.46361], [138.91275, -7.40945], [138.89775, -7.38014], [138.89081, -7.37], [138.8819, -7.35834], [138.86273, -7.33666], [138.84871, -7.32334], [138.83245, -7.31222], [138.76388, -7.27139], [138.70636, -7.24], [138.68345, -7.23236], [138.6711, -7.22416], [138.6629, -7.21181], [138.6622, -7.20097], [138.67456, -7.19292], [138.90246, -7.20055], [138.93469, -7.20278], [138.94497, -7.20611], [138.99496, -7.23889], [139.00943, -7.245], [139.02164, -7.24958], [139.03665, -7.25166], [139.05054, -7.25166], [139.05582, -7.25028]]], [[[123.39221, -0.94864], [123.38136, -1.00445], [123.3772, -1.01389], [123.36887, -1.02611], [123.35248, -1.04416], [123.33375, -1.05611], [123.31749, -1.05722], [123.27859, -1.04834], [123.26749, -1.04555], [123.24485, -1.03375], [123.17221, -0.94889], [123.15305, -0.89666], [123.06888, -0.87695], [122.84055, -0.90639], [122.82971, -0.90916], [122.81999, -0.91334], [122.80637, -0.92695], [122.79665, -0.94472], [122.79332, -0.97222], [122.79055, -0.98666], [122.76999, -1.02778], [122.76222, -1.04042], [122.68719, -1.12278], [122.62944, -1.22361], [122.5611, -1.27834], [122.44165, -1.40722], [122.3911, -1.47305], [122.37706, -1.48972], [122.34584, -1.51084], [122.24387, -1.56695], [122.1622, -1.61055], [122.10526, -1.61278], [122.01082, -1.63055], [121.95247, -1.66889], [121.93942, -1.66805], [121.90999, -1.67306], [121.83665, -1.69139], [121.79865, -1.72063], [121.78055, -1.75722], [121.77499, -1.77222], [121.76944, -1.79416], [121.76652, -1.80819], [121.74275, -1.85986], [121.73471, -1.86889], [121.69338, -1.90986], [121.66554, -1.92486], [121.64471, -1.92972], [121.61525, -1.93472], [121.60305, -1.93611], [121.53866, -1.93285], [121.53027, -1.92222], [121.51972, -1.89792], [121.50999, -1.88722], [121.44609, -1.82222], [121.33317, -1.77313], [121.31456, -1.77847], [121.30359, -1.78805], [121.29872, -1.80042], [121.29359, -1.83639], [121.29387, -1.84639], [121.34436, -1.99278], [121.36624, -1.97528], [121.42886, -1.97166], [121.48165, -2.02972], [121.55081, -2.13722], [121.55637, -2.14556], [121.56985, -2.15958], [121.58416, -2.16916], [121.61887, -2.17916], [121.63109, -2.18056], [121.64415, -2.17972], [121.66068, -2.17222], [121.67124, -2.16986], [121.70638, -2.17916], [121.71609, -2.18334], [121.83791, -2.30937], [121.96887, -2.53445], [122.01416, -2.68222], [122.13136, -2.77805], [122.14861, -2.78834], [122.30748, -2.90264], [122.31219, -2.915], [122.31219, -2.92861], [122.30845, -2.94208], [122.29387, -2.97195], [122.27971, -2.99208], [122.26706, -3.00666], [122.26194, -3.01861], [122.26582, -3.02792], [122.27443, -3.03695], [122.37608, -3.12722], [122.39083, -3.13569], [122.40332, -3.13056], [122.42241, -3.12118], [122.47623, -3.1609], [122.47276, -3.17222], [122.43553, -3.2175], [122.41304, -3.23584], [122.3561, -3.22027], [122.35193, -3.22306], [122.34166, -3.23334], [122.2979, -3.28528], [122.24817, -3.38861], [122.26665, -3.42305], [122.28484, -3.43916], [122.29235, -3.45834], [122.26818, -3.53125], [122.25943, -3.53972], [122.25, -3.54389], [122.21165, -3.55334], [122.19984, -3.55889], [122.1954, -3.56806], [122.19859, -3.58139], [122.20333, -3.59084], [122.22331, -3.62584], [122.23346, -3.64292], [122.24652, -3.65806], [122.34242, -3.72806], [122.47886, -3.80361], [122.59943, -3.88361], [122.6111, -3.95945], [122.67554, -4.12639], [122.684, -4.13903], [122.69386, -4.14625], [122.83533, -4.13569], [122.82915, -4.11145], [122.80123, -4.08972], [122.79067, -4.08666], [122.78026, -4.07639], [122.76944, -4.05181], [122.78166, -4.04555], [122.80387, -4.04472], [122.81805, -4.04778], [122.8372, -4.05584], [122.85775, -4.07639], [122.86998, -4.09834], [122.87915, -4.11666], [122.89749, -4.16722], [122.90721, -4.22958], [122.90498, -4.31028], [122.90305, -4.34222], [122.8993, -4.38972], [122.89374, -4.39806], [122.84804, -4.43528], [122.75833, -4.48639], [122.74665, -4.48861], [122.6799, -4.48236], [122.67331, -4.47], [122.67192, -4.45778], [122.67373, -4.44305], [122.66721, -4.4325], [122.63304, -4.40569], [122.59595, -4.39389], [122.57666, -4.39972], [122.54332, -4.42084], [122.53082, -4.42916], [122.47192, -4.4325], [122.36499, -4.44889], [122.29444, -4.46722], [122.20665, -4.49056], [122.10471, -4.52611], [122.09095, -4.54653], [122.08055, -4.56361], [122.07111, -4.58139], [122.06081, -4.60528], [122.0486, -4.64084], [122.04124, -4.66445], [122.04026, -4.68722], [122.04305, -4.71195], [122.04582, -4.72278], [122.04971, -4.73222], [122.05942, -4.75], [122.06499, -4.75834], [122.07444, -4.76916], [122.08888, -4.78222], [122.10942, -4.79584], [122.11026, -4.81416], [122.09055, -4.83916], [122.07805, -4.84361], [121.97776, -4.85722], [121.9711, -4.85722], [121.87996, -4.85389], [121.70129, -4.83479], [121.55241, -4.74569], [121.53305, -4.72555], [121.47997, -4.66028], [121.47638, -4.62639], [121.48305, -4.565], [121.49694, -4.49806], [121.57012, -4.25681], [121.58109, -4.24736], [121.60109, -4.21916], [121.61331, -4.18361], [121.62025, -4.15639], [121.62303, -4.12834], [121.62221, -4.105], [121.61943, -4.08055], [121.6147, -4.06472], [121.60471, -4.05084], [121.58805, -4.03945], [121.57361, -4.03334], [121.49471, -4.00945], [121.47886, -4.00472], [121.41331, -3.98834], [121.37608, -3.98416], [121.35984, -3.97666], [121.35081, -3.96834], [121.33638, -3.94861], [121.32361, -3.91361], [121.31581, -3.9], [121.25151, -3.81722], [121.23499, -3.80972], [121.21388, -3.80361], [121.12469, -3.75306], [120.94165, -3.59306], [120.92804, -3.57945], [120.90552, -3.5472], [120.8811, -3.53563], [120.86775, -3.49584], [120.86499, -3.485], [120.86581, -3.44861], [120.87053, -3.43305], [120.88275, -3.40416], [120.88694, -3.39472], [120.89526, -3.38222], [120.97985, -3.26778], [121.02054, -3.24695], [121.06957, -3.20514], [121.0836, -2.92528], [121.08305, -2.90555], [121.0761, -2.75889], [121.07193, -2.7425], [121.06721, -2.73361], [121.02456, -2.67195], [120.99109, -2.66028], [120.81165, -2.61528], [120.77193, -2.6125], [120.68692, -2.64389], [120.6772, -2.64805], [120.57111, -2.71166], [120.37303, -2.85611], [120.20194, -2.96334], [120.26805, -3.1375], [120.34499, -3.19361], [120.37831, -3.20778], [120.38874, -3.21819], [120.4086, -3.25861], [120.40109, -3.29], [120.39972, -3.30778], [120.39833, -3.36666], [120.39499, -3.51084], [120.39638, -3.52334], [120.4086, -3.55278], [120.424, -3.57486], [120.42775, -3.58834], [120.44651, -3.71764], [120.44414, -3.73389], [120.43887, -3.74889], [120.40665, -3.80222], [120.37637, -3.84806], [120.37165, -3.85695], [120.35248, -3.91361], [120.34776, -3.93639], [120.34694, -3.94916], [120.34221, -4.10792], [120.34555, -4.11819], [120.36068, -4.13722], [120.38262, -4.15986], [120.38665, -4.16945], [120.38527, -4.18861], [120.37497, -4.28472], [120.36053, -4.37306], [120.35693, -4.38639], [120.36193, -4.41139], [120.36832, -4.42556], [120.37831, -4.44278], [120.38665, -4.455], [120.39554, -4.4925], [120.41693, -4.60472], [120.42221, -4.67834], [120.39083, -4.78361], [120.33859, -4.83556], [120.31957, -4.84431], [120.30859, -4.85389], [120.30304, -4.9425], [120.30582, -4.96584], [120.30803, -4.9775], [120.30803, -4.99111], [120.29221, -5.06278], [120.27555, -5.12834], [120.2661, -5.15278], [120.26888, -5.16389], [120.32971, -5.26], [120.3843, -5.35375], [120.42998, -5.49611], [120.46346, -5.61979], [120.45584, -5.63111], [120.44554, -5.62778], [120.40805, -5.61472], [120.37567, -5.57181], [120.36887, -5.55805], [120.3647, -5.54861], [120.35804, -5.53416], [120.34972, -5.52195], [120.34137, -5.51639], [120.32888, -5.51208], [120.3147, -5.51445], [120.22084, -5.5425], [120.20957, -5.54819], [120.19081, -5.56028], [120.14415, -5.58195], [120.12415, -5.58945], [120.1086, -5.59416], [120.0961, -5.59584], [120.08388, -5.59416], [120.06805, -5.59166], [120.02499, -5.58195], [119.99275, -5.57306], [119.97693, -5.56834], [119.95499, -5.56278], [119.92782, -5.56222], [119.9111, -5.57111], [119.85248, -5.62528], [119.8461, -5.63931], [119.84402, -5.65778], [119.83775, -5.66861], [119.8261, -5.6775], [119.78442, -5.70416], [119.77165, -5.70847], [119.75555, -5.70805], [119.68776, -5.70334], [119.67262, -5.70125], [119.66374, -5.69666], [119.65471, -5.68834], [119.64096, -5.6575], [119.64388, -5.64139], [119.6247, -5.61945], [119.61249, -5.61472], [119.54525, -5.59416], [119.465, -5.56361], [119.3772, -5.44084], [119.36914, -5.42861], [119.35491, -5.40007], [119.35193, -5.35], [119.35193, -5.33639], [119.37581, -5.1925], [119.37859, -5.18139], [119.40055, -5.135], [119.41179, -5.11916], [119.46971, -5.04445], [119.52013, -4.91805], [119.5247, -4.87361], [119.51639, -4.84916], [119.51027, -4.83472], [119.50264, -4.81834], [119.5, -4.80389], [119.49248, -4.75], [119.49165, -4.73722], [119.49582, -4.7275], [119.53915, -4.66139], [119.59055, -4.57528], [119.59526, -4.56639], [119.62192, -4.34028], [119.62331, -4.32805], [119.62608, -4.19139], [119.61165, -4.045], [119.59804, -3.97528], [119.53693, -3.87611], [119.44845, -3.70236], [119.45276, -3.68111], [119.47998, -3.61972], [119.49082, -3.60292], [119.51055, -3.58181], [119.51583, -3.56986], [119.5061, -3.52722], [119.48942, -3.4891], [119.35138, -3.43584], [119.34027, -3.43305], [119.29305, -3.42764], [119.26555, -3.45834], [119.23137, -3.48555], [119.22013, -3.49153], [119.20665, -3.49528], [119.19095, -3.49666], [119.13472, -3.48778], [119.05194, -3.50472], [119.0161, -3.51695], [119.00583, -3.52055], [118.96346, -3.54445], [118.95305, -3.55805], [118.94636, -3.57181], [118.93665, -3.57861], [118.92568, -3.57319], [118.84499, -3.38722], [118.84221, -3.37611], [118.8372, -3.34278], [118.83519, -3.07556], [118.84998, -3.06111], [118.85386, -3.04778], [118.8886, -2.89319], [118.8836, -2.87097], [118.87636, -2.86097], [118.86651, -2.85375], [118.82415, -2.84445], [118.81137, -2.84389], [118.80026, -2.84666], [118.78623, -2.85653], [118.77014, -2.8634], [118.76054, -2.79306], [118.75916, -2.77416], [118.77832, -2.68916], [118.7811, -2.67834], [118.79136, -2.65416], [118.80246, -2.63778], [118.82388, -2.6241], [118.85165, -2.64889], [118.86415, -2.65695], [118.87637, -2.66181], [118.88916, -2.66208], [118.90485, -2.65666], [119.00583, -2.59], [119.14353, -2.45313], [119.14444, -2.40778], [119.1436, -2.39472], [119.14083, -2.38389], [119.12526, -2.34472], [119.12303, -2.33306], [119.12526, -2.28584], [119.13889, -2.21416], [119.20749, -2.02166], [119.21138, -2.01195], [119.22304, -1.99611], [119.23332, -1.98611], [119.24637, -1.97861], [119.25999, -1.97166], [119.30206, -1.95764], [119.32069, -1.97139], [119.33582, -1.97292], [119.34721, -1.95306], [119.35401, -1.93611], [119.36971, -1.84069], [119.36178, -1.82305], [119.34721, -1.81889], [119.33207, -1.80653], [119.32527, -1.79278], [119.29818, -1.6925], [119.29915, -1.66334], [119.30887, -1.63195], [119.31499, -1.6175], [119.32444, -1.60111], [119.30664, -1.505], [119.29776, -1.47305], [119.29165, -1.39903], [119.30887, -1.26528], [119.31694, -1.23945], [119.3436, -1.19084], [119.35193, -1.17834], [119.40069, -1.13445], [119.43241, -1.12368], [119.44525, -1.11], [119.45333, -1.09084], [119.46361, -1.05972], [119.47192, -1.02695], [119.47331, -1.01126], [119.47859, -0.975], [119.50888, -0.89528], [119.51721, -0.87639], [119.52529, -0.86386], [119.55693, -0.84056], [119.58832, -0.81722], [119.63832, -0.77834], [119.67498, -0.745], [119.67677, -0.73445], [119.68359, -0.68722], [119.7186, -0.65361], [119.73636, -0.65222], [119.78027, -0.74528], [119.78859, -0.76445], [119.79332, -0.78028], [119.79387, -0.80028], [119.79665, -0.81111], [119.80081, -0.82084], [119.80555, -0.82972], [119.82415, -0.85916], [119.83402, -0.87306], [119.84229, -0.87838], [119.8461, -0.87472], [119.85915, -0.85361], [119.86304, -0.84389], [119.86525, -0.8325], [119.8672, -0.81389], [119.86581, -0.80166], [119.84999, -0.70778], [119.8461, -0.69805], [119.83027, -0.67945], [119.81303, -0.6625], [119.80275, -0.64528], [119.79886, -0.63584], [119.76027, -0.50972], [119.75555, -0.49389], [119.75417, -0.48166], [119.7536, -0.42819], [119.7625, -0.32805], [119.77138, -0.26861], [119.77555, -0.25195], [119.78221, -0.23834], [119.78998, -0.22528], [119.80498, -0.1925], [119.80997, -0.17597], [119.79588, -0.11584], [119.76389, -0.11555], [119.73693, -0.12389], [119.72304, -0.12695], [119.70972, -0.12389], [119.69609, -0.11695], [119.68359, -0.10889], [119.66276, -0.08861], [119.64583, -0.06416], [119.63361, -0.04222], [119.62456, -0.02028], [119.62565, 0.00021], [119.66638, 0.02084], [119.67665, 0.02416], [119.68719, 0.02084], [119.69942, 0.0125], [119.71468, 0.0], [119.74776, -0.03514], [119.75833, -0.05195], [119.7625, -0.06139], [119.76999, -0.07792], [119.78013, -0.08834], [119.8179, -0.09861], [119.82999, -0.09347], [119.84193, -0.07111], [119.85498, -0.04306], [119.85915, -0.03334], [119.87886, 0.04278], [119.88247, 0.05972], [119.88305, 0.07139], [119.88025, 0.0825], [119.87692, 0.09278], [119.87221, 0.10166], [119.8611, 0.11805], [119.84749, 0.13195], [119.83638, 0.14139], [119.82471, 0.15028], [119.8111, 0.16389], [119.7836, 0.19834], [119.77887, 0.20722], [119.77609, 0.21805], [119.77805, 0.22972], [119.89471, 0.44778], [119.90915, 0.4675], [119.92345, 0.48055], [119.94664, 0.49166], [119.95915, 0.49278], [119.97971, 0.49278], [119.99136, 0.495], [120.00166, 0.49834], [120.01054, 0.50305], [120.03339, 0.52132], [120.03998, 0.53528], [120.04136, 0.54778], [120.04136, 0.56695], [120.03943, 0.57861], [120.03249, 0.59916], [120.02555, 0.61972], [120.02277, 0.6375], [120.02083, 0.66278], [120.02207, 0.69222], [120.03276, 0.71257], [120.0611, 0.73889], [120.07526, 0.74889], [120.09013, 0.74972], [120.10637, 0.74722], [120.11887, 0.74861], [120.15109, 0.76416], [120.18803, 0.78278], [120.19693, 0.7875], [120.20999, 0.795], [120.22026, 0.80528], [120.23194, 0.82194], [120.2365, 0.83416], [120.23859, 0.88222], [120.23859, 0.92194], [120.25166, 0.96361], [120.25722, 0.97195], [120.27297, 0.98528], [120.2872, 0.98972], [120.30582, 0.99166], [120.32165, 0.99042], [120.34005, 0.97798], [120.34499, 0.96222], [120.34499, 0.94861], [120.3436, 0.93639], [120.34082, 0.91834], [120.33222, 0.8825], [120.33264, 0.86972], [120.33943, 0.85944], [120.40582, 0.81222], [120.41971, 0.80528], [120.44136, 0.8], [120.56443, 0.77416], [120.57485, 0.77695], [120.60193, 0.845], [120.60665, 0.87861], [120.60942, 0.88972], [120.64583, 0.94931], [120.6863, 0.99187], [120.75123, 1.01431], [120.7986, 1.065], [120.82721, 1.19722], [120.82944, 1.21931], [120.82724, 1.23405], [120.81833, 1.26639], [120.81694, 1.27889], [120.82041, 1.31305], [120.8286, 1.32382], [120.95055, 1.3425], [120.96443, 1.3425], [121.00277, 1.33972], [121.02054, 1.33695], [121.09387, 1.32416], [121.11026, 1.32], [121.11998, 1.31584], [121.14249, 1.30416], [121.15082, 1.29861], [121.16665, 1.28694], [121.18151, 1.27472], [121.21305, 1.25139], [121.22136, 1.24584], [121.24248, 1.23278], [121.26666, 1.22944], [121.38388, 1.24722], [121.42637, 1.22389], [121.43649, 1.18292], [121.44942, 1.16111], [121.47084, 1.13416], [121.50916, 1.09042], [121.52415, 1.07805], [121.53804, 1.07111], [121.55721, 1.06305], [121.57277, 1.05834], [121.59555, 1.05334], [121.76194, 1.07611], [121.9147, 1.09722], [121.9272, 1.09861], [121.93804, 1.09236], [121.95804, 1.04722], [121.96138, 1.03694], [121.97137, 1.02292], [121.98971, 1.01563], [122.00999, 1.02055], [122.01834, 1.02611], [122.04221, 1.05], [122.06039, 1.06264], [122.0883, 1.06166], [122.10471, 1.05055], [122.11415, 1.04666], [122.22832, 1.00639], [122.29207, 1.00916], [122.36775, 1.00944], [122.41165, 1.00666], [122.46443, 0.99916], [122.66165, 0.94166], [122.6672, 0.93014], [122.67554, 0.92111], [122.7836, 0.84861], [122.82277, 0.82584], [122.83638, 0.81916], [122.84631, 0.81467], [122.85637, 0.81972], [122.89888, 0.84584], [122.91055, 0.85472], [122.95944, 0.92569], [123.03998, 0.94028], [123.20305, 0.95666], [123.2422, 0.95334], [123.37442, 0.92528], [123.48137, 0.88972], [123.54776, 0.86695], [123.56582, 0.86472], [123.58554, 0.87736], [123.59985, 0.88444], [123.71915, 0.85194], [123.82193, 0.83139], [123.83915, 0.82944], [123.91304, 0.83472], [123.98442, 0.87722], [124.16331, 0.95194], [124.29262, 1.01431], [124.30359, 1.02389], [124.31667, 1.04528], [124.32693, 1.06916], [124.34137, 1.11639], [124.35332, 1.15584], [124.36456, 1.17034], [124.40582, 1.18916], [124.42165, 1.19389], [124.43734, 1.19528], [124.49694, 1.19111], [124.57666, 1.18389], [124.58971, 1.19139], [124.61415, 1.22528], [124.6172, 1.23945], [124.61359, 1.26076], [124.58222, 1.27916], [124.57222, 1.27389], [124.55789, 1.27264], [124.54554, 1.2775], [124.53429, 1.29014], [124.53055, 1.30361], [124.52902, 1.32472], [124.53386, 1.33695], [124.55582, 1.37], [124.60999, 1.41166], [124.62095, 1.41792], [124.63805, 1.4125], [124.65165, 1.40555], [124.66693, 1.4], [124.67775, 1.39722], [124.68942, 1.39528], [124.70554, 1.39624], [124.71887, 1.4], [124.82582, 1.45889], [124.83582, 1.46611], [124.84637, 1.48305], [124.84776, 1.4975], [124.84444, 1.50778], [124.83749, 1.52139], [124.82304, 1.54111], [124.81651, 1.55861], [124.81972, 1.57542], [124.82776, 1.58445], [124.9711, 1.69472], [125.03276, 1.7], [125.13136, 1.67139], [125.17054, 1.63916], [125.1636, 1.61861], [125.16081, 1.6075], [125.16095, 1.59194], [125.16582, 1.57945], [125.17553, 1.56555], [125.18498, 1.55778], [125.21361, 1.53834], [125.24317, 1.52], [125.24901, 1.50861], [125.24665, 1.49445], [125.24054, 1.47334], [125.23054, 1.45931], [125.21721, 1.44861], [125.20833, 1.44389], [125.19582, 1.43903], [125.18082, 1.43694], [125.15845, 1.43542], [125.14166, 1.42139], [125.10386, 1.37], [125.09027, 1.34944], [125.08415, 1.335], [125.07249, 1.29861], [125.06526, 1.26819], [125.06219, 1.25416], [125.05137, 1.21722], [125.04582, 1.20222], [124.99498, 1.10889], [124.98749, 1.09584], [124.89874, 0.97222], [124.86693, 0.95611], [124.83749, 0.94444], [124.82235, 0.93903], [124.73429, 0.87278], [124.6647, 0.80472], [124.57693, 0.65611], [124.57026, 0.64222], [124.56805, 0.63055], [124.55304, 0.59084], [124.44136, 0.45528], [124.3204, 0.39319], [124.24609, 0.375], [124.2336, 0.37361], [124.21443, 0.375], [124.18776, 0.37445], [124.08027, 0.35861], [123.94583, 0.33666], [123.83693, 0.31528], [123.77527, 0.29611], [123.64583, 0.28111], [123.58693, 0.29889], [123.41971, 0.2975], [123.3875, 0.29555], [123.35386, 0.295], [123.33472, 0.29611], [123.30582, 0.30166], [123.27304, 0.31], [123.26277, 0.31334], [123.24832, 0.31945], [123.23194, 0.33055], [123.22165, 0.34084], [123.17443, 0.38805], [123.14415, 0.43334], [123.12748, 0.45764], [123.0936, 0.49222], [123.06804, 0.50958], [123.05026, 0.49555], [123.03804, 0.4875], [123.02638, 0.48528], [122.95833, 0.47916], [122.93803, 0.47916], [122.76721, 0.4825], [122.58084, 0.49222], [122.50417, 0.49639], [122.47136, 0.49778], [122.43026, 0.49778], [122.37944, 0.49778], [122.36581, 0.49778], [122.30942, 0.49222], [122.18887, 0.47916], [122.05193, 0.4825], [122.03194, 0.47916], [122.02249, 0.475], [122.01138, 0.46555], [121.99915, 0.45055], [121.98803, 0.44431], [121.8936, 0.42584], [121.8586, 0.42222], [121.79248, 0.42264], [121.77992, 0.42889], [121.74694, 0.47028], [121.73526, 0.49278], [121.72971, 0.50111], [121.71944, 0.51139], [121.70721, 0.51972], [121.69637, 0.5225], [121.53734, 0.53805], [121.52346, 0.53139], [121.51596, 0.51834], [121.51471, 0.5025], [121.51194, 0.49166], [121.50638, 0.48334], [121.49539, 0.47708], [121.44165, 0.46931], [121.3372, 0.45805], [121.32193, 0.46334], [121.31303, 0.46834], [121.30359, 0.47222], [121.27748, 0.48055], [121.25568, 0.4825], [121.24136, 0.48], [121.15555, 0.45666], [121.13665, 0.43708], [121.12411, 0.41191], [121.11998, 0.40916], [121.10485, 0.40722], [121.07666, 0.41], [120.85207, 0.45181], [120.79999, 0.48194], [120.69026, 0.52722], [120.64583, 0.53666], [120.63193, 0.53666], [120.54915, 0.53611], [120.5211, 0.53], [120.49359, 0.52305], [120.48332, 0.51972], [120.38611, 0.48], [120.37262, 0.47278], [120.31749, 0.425], [120.30317, 0.41208], [120.29415, 0.4025], [120.2422, 0.345], [120.14334, 0.20361], [120.12415, 0.175], [120.11998, 0.16528], [120.09833, 0.10584], [120.09471, 0.09555], [120.09332, 0.06945], [120.09345, 0.04694], [120.07693, -0.01556], [120.07138, -0.02736], [120.05915, -0.03889], [120.04444, -0.04819], [120.02726, -0.06181], [120.01999, -0.07528], [119.99887, -0.19916], [119.99803, -0.21222], [119.99942, -0.24528], [120.00166, -0.27055], [120.0186, -0.36305], [120.06609, -0.61305], [120.07555, -0.63778], [120.09694, -0.685], [120.10443, -0.69805], [120.15721, -0.77611], [120.1797, -0.80834], [120.25722, -0.90306], [120.27055, -0.91695], [120.29082, -0.93111], [120.30525, -0.93722], [120.31609, -0.94], [120.33152, -0.93958], [120.34636, -0.93028], [120.35721, -0.92084], [120.36554, -0.91528], [120.37915, -0.90834], [120.38943, -0.905], [120.40582, -0.90569], [120.4211, -0.91472], [120.49665, -0.97945], [120.51361, -1.00028], [120.5636, -1.08028], [120.57388, -1.0975], [120.5786, -1.10639], [120.58624, -1.12292], [120.58749, -1.13389], [120.56972, -1.18806], [120.59584, -1.25361], [120.64777, -1.36611], [120.65248, -1.375], [120.66457, -1.39389], [120.6786, -1.39764], [120.73831, -1.36666], [120.79075, -1.34368], [120.83013, -1.34416], [120.82833, -1.35903], [120.8261, -1.37361], [120.8304, -1.38626], [120.84166, -1.39222], [120.87665, -1.39834], [121.02665, -1.41945], [121.06638, -1.42778], [121.08055, -1.42458], [121.10526, -1.4075], [121.14249, -1.35916], [121.16026, -1.33528], [121.17276, -1.30584], [121.17886, -1.27778], [121.18221, -1.25361], [121.1897, -1.22695], [121.20284, -1.19889], [121.46262, -0.89069], [121.4736, -0.88111], [121.49332, -0.86666], [121.50166, -0.86111], [121.59318, -0.81347], [121.62221, -0.805], [121.64173, -0.80361], [121.65443, -0.80972], [121.66068, -0.82069], [121.66054, -0.83639], [121.65776, -0.8475], [121.6547, -0.86834], [121.6561, -0.88], [121.66331, -0.89], [121.70679, -0.93556], [121.72026, -0.94278], [121.73109, -0.94555], [121.74971, -0.9475], [121.92775, -0.96334], [122.10525, -0.93097], [122.11638, -0.925], [122.12944, -0.91056], [122.1375, -0.89805], [122.14221, -0.88916], [122.14638, -0.87278], [122.14861, -0.85416], [122.14915, -0.84139], [122.15873, -0.80222], [122.17345, -0.78611], [122.19859, -0.77], [122.21305, -0.76389], [122.22693, -0.76084], [122.45276, -0.74945], [122.58305, -0.77278], [122.66859, -0.78028], [122.76666, -0.77972], [122.91763, -0.76486], [122.95797, -0.74375], [122.95402, -0.72861], [122.87082, -0.69876], [122.84275, -0.69611], [122.82222, -0.69611], [122.78915, -0.69472], [122.75555, -0.68722], [122.72859, -0.66958], [122.73033, -0.65416], [122.81581, -0.61722], [122.90359, -0.605], [122.93304, -0.60695], [122.97693, -0.60972], [122.99081, -0.60972], [123.00861, -0.60695], [123.03727, -0.59806], [123.04695, -0.58361], [123.04997, -0.56958], [123.05775, -0.56028], [123.07083, -0.55972], [123.21277, -0.56445], [123.22443, -0.56639], [123.26194, -0.57666], [123.27165, -0.58084], [123.29971, -0.59389], [123.3136, -0.60084], [123.41137, -0.65361], [123.45499, -0.76555], [123.44678, -0.83764], [123.42915, -0.85778], [123.41832, -0.86722], [123.40596, -0.88236], [123.40109, -0.89139], [123.39054, -0.93208], [123.39221, -0.94864]]], [[[110.0564, -7.89751], [110.0372, -7.88945], [109.91944, -7.85028], [109.70276, -7.79778], [109.5836, -7.77556], [109.50972, -7.76722], [109.39775, -7.72313], [109.2897, -7.69945], [109.265, -7.69666], [109.15749, -7.69055], [109.11832, -7.6925], [109.07111, -7.7], [109.05386, -7.70361], [109.04221, -7.71222], [108.99165, -7.71722], [108.89457, -7.69264], [108.88665, -7.68166], [108.88247, -7.66555], [108.87996, -7.64111], [108.80915, -7.65666], [108.7797, -7.68166], [108.68525, -7.67972], [108.5811, -7.68639], [108.56331, -7.68916], [108.52791, -7.69847], [108.51666, -7.70416], [108.50485, -7.72132], [108.5036, -7.73889], [108.50583, -7.76055], [108.50026, -7.78569], [108.47457, -7.80431], [108.46054, -7.8075], [108.42694, -7.80666], [108.38109, -7.80472], [108.18692, -7.78639], [108.16304, -7.78305], [108.1411, -7.7775], [108.07055, -7.75916], [107.9211, -7.71834], [107.82999, -7.68916], [107.80609, -7.67222], [107.79498, -7.66945], [107.68248, -7.62548], [107.63694, -7.58861], [107.62025, -7.57778], [107.57582, -7.55416], [107.55331, -7.5425], [107.46886, -7.50458], [107.39666, -7.49334], [107.31749, -7.48834], [107.20166, -7.47528], [107.08249, -7.44805], [106.70972, -7.41945], [106.59109, -7.42028], [106.57805, -7.41945], [106.56721, -7.41695], [106.42331, -7.37139], [106.4061, -7.35028], [106.38791, -7.31042], [106.38472, -7.29666], [106.3797, -7.24306], [106.40138, -7.20666], [106.4122, -7.19056], [106.46443, -7.13472], [106.47527, -7.12528], [106.48998, -7.11597], [106.50943, -7.10416], [106.52527, -7.0925], [106.53554, -7.0825], [106.54513, -7.06806], [106.54582, -7.045], [106.5397, -7.01028], [106.53554, -6.99736], [106.52748, -6.98861], [106.5068, -6.97834], [106.44415, -6.96639], [106.42866, -6.97493], [106.41499, -6.98861], [106.38472, -6.99945], [106.36914, -7.00416], [106.35748, -7.00611], [106.32526, -7.00208], [106.2861, -6.98722], [106.17165, -6.91722], [106.14695, -6.90084], [106.1272, -6.88584], [106.10248, -6.86945], [106.07639, -6.85445], [106.03568, -6.83653], [106.01834, -6.83139], [106.00055, -6.82861], [105.93665, -6.82528], [105.92303, -6.82528], [105.68442, -6.84306], [105.60915, -6.85528], [105.59275, -6.85916], [105.56805, -6.86889], [105.54886, -6.87361], [105.48345, -6.86916], [105.47331, -6.86195], [105.44664, -6.845], [105.37053, -6.81972], [105.35887, -6.81778], [105.32055, -6.815], [105.30484, -6.81514], [105.24332, -6.81028], [105.21595, -6.77522], [105.25082, -6.77084], [105.2625, -6.76889], [105.27401, -6.76334], [105.3186, -6.7225], [105.40694, -6.74222], [105.4247, -6.77222], [105.45693, -6.815], [105.46721, -6.82181], [105.48235, -6.81778], [105.49136, -6.80889], [105.6147, -6.64555], [105.6272, -6.62764], [105.62997, -6.61736], [105.62608, -6.56195], [105.6272, -6.48861], [105.63165, -6.47611], [105.63721, -6.46778], [105.64749, -6.45778], [105.65984, -6.45278], [105.67304, -6.46355], [105.6797, -6.49111], [105.68442, -6.5], [105.69331, -6.51139], [105.71256, -6.52007], [105.76888, -6.49639], [105.78055, -6.48778], [105.80109, -6.46722], [105.80582, -6.45834], [105.81415, -6.43916], [105.82263, -6.41028], [105.83222, -6.31222], [105.83194, -6.28945], [105.82833, -6.26555], [105.82833, -6.25195], [105.83194, -6.22806], [105.8372, -6.20639], [105.87498, -6.08639], [105.8797, -6.0775], [106.00249, -5.91195], [106.01332, -5.9025], [106.03386, -5.88889], [106.04693, -5.88403], [106.07582, -5.88195], [106.09811, -5.89396], [106.10734, -5.90861], [106.10999, -5.92972], [106.10999, -5.94334], [106.10721, -5.96111], [106.10873, -5.97681], [106.11692, -5.9925], [106.12859, -6.00139], [106.14305, -6.0075], [106.16331, -6.01416], [106.18401, -6.01778], [106.20124, -6.01416], [106.20999, -6.00611], [106.21748, -5.99305], [106.23055, -5.96528], [106.23957, -5.95361], [106.2511, -5.94472], [106.26429, -5.94056], [106.27998, -5.94195], [106.29026, -5.94528], [106.33138, -5.97278], [106.46582, -6.03666], [106.47527, -6.04084], [106.49305, -6.04292], [106.51305, -6.03055], [106.52707, -6.01722], [106.54387, -6.00666], [106.7022, -6.01431], [106.71305, -6.02028], [106.71999, -6.03389], [106.72805, -6.06666], [106.73165, -6.07695], [106.74151, -6.09084], [106.7555, -6.1008], [106.80415, -6.09861], [106.90138, -6.09055], [106.92741, -6.0883], [106.95305, -6.08722], [106.9836, -6.08389], [106.99471, -6.08111], [107.00402, -6.07319], [107.01443, -6.0475], [107.01805, -6.0375], [107.01749, -5.97139], [107.0136, -5.92458], [107.02388, -5.91445], [107.03859, -5.91611], [107.10331, -5.93681], [107.11165, -5.94236], [107.11943, -5.95139], [107.12498, -5.95972], [107.14345, -5.97611], [107.15721, -5.98278], [107.16805, -5.98556], [107.18803, -5.985], [107.19886, -5.98222], [107.22276, -5.97195], [107.26666, -5.95416], [107.27916, -5.95278], [107.29276, -5.95278], [107.30582, -5.95361], [107.32025, -5.95626], [107.33194, -5.96166], [107.36053, -5.98139], [107.36832, -5.98778], [107.39083, -6.01278], [107.40805, -6.03666], [107.43665, -6.08305], [107.54971, -6.17222], [107.63832, -6.24195], [107.65055, -6.25], [107.66693, -6.25416], [107.69443, -6.25416], [107.72387, -6.24945], [107.74124, -6.24431], [107.87665, -6.22958], [108.06775, -6.33305], [108.08777, -6.34055], [108.09943, -6.34278], [108.12526, -6.34389], [108.15221, -6.34334], [108.17137, -6.34195], [108.18789, -6.33472], [108.19331, -6.32278], [108.18429, -6.30347], [108.21165, -6.26639], [108.23498, -6.25611], [108.29943, -6.25806], [108.31318, -6.26166], [108.32971, -6.27931], [108.35498, -6.31889], [108.40776, -6.38889], [108.41665, -6.40055], [108.4236, -6.40806], [108.45027, -6.43584], [108.46721, -6.45278], [108.48387, -6.46389], [108.50305, -6.47195], [108.52415, -6.48222], [108.53581, -6.49111], [108.54415, -6.50334], [108.54749, -6.51361], [108.55304, -6.5625], [108.56248, -6.64166], [108.56609, -6.65861], [108.57222, -6.68639], [108.57693, -6.70222], [108.59082, -6.73611], [108.59555, -6.745], [108.60359, -6.75723], [108.62082, -6.77416], [108.63054, -6.77834], [108.71277, -6.80972], [108.73761, -6.81542], [108.76555, -6.81834], [108.7861, -6.81834], [108.82083, -6.79861], [108.82999, -6.79389], [108.88533, -6.80625], [108.99305, -6.83945], [109.28137, -6.8825], [109.30803, -6.88305], [109.32111, -6.8825], [109.40471, -6.87028], [109.41582, -6.8675], [109.43221, -6.86334], [109.44901, -6.85764], [109.45972, -6.85111], [109.46638, -6.84361], [109.52193, -6.83139], [109.64055, -6.85666], [109.77693, -6.89055], [109.8186, -6.90416], [109.86665, -6.91778], [109.93387, -6.92584], [109.99136, -6.93], [110.00444, -6.92945], [110.09555, -6.91111], [110.11193, -6.90695], [110.12221, -6.90361], [110.13485, -6.89903], [110.14972, -6.89], [110.20247, -6.8975], [110.21138, -6.90222], [110.3354, -6.96945], [110.34972, -6.97556], [110.37512, -6.98111], [110.3936, -6.97903], [110.46638, -6.95166], [110.47581, -6.94778], [110.49081, -6.93556], [110.50749, -6.91778], [110.56054, -6.85486], [110.57944, -6.82584], [110.62165, -6.74556], [110.62804, -6.73139], [110.64583, -6.68111], [110.64985, -6.66805], [110.66026, -6.615], [110.6622, -6.58972], [110.6622, -6.5775], [110.66262, -6.56084], [110.68221, -6.52111], [110.70193, -6.49445], [110.72985, -6.45916], [110.76818, -6.44097], [110.85331, -6.41681], [110.92735, -6.41118], [111.02609, -6.44056], [111.05832, -6.46653], [111.08499, -6.54555], [111.08874, -6.55889], [111.08777, -6.58084], [111.08971, -6.5925], [111.0961, -6.60666], [111.10276, -6.62056], [111.11165, -6.63889], [111.13081, -6.67416], [111.14874, -6.69729], [111.20082, -6.70416], [111.35081, -6.71556], [111.3647, -6.71556], [111.38305, -6.71361], [111.41054, -6.70695], [111.43055, -6.69945], [111.44108, -6.69292], [111.4511, -6.67889], [111.45568, -6.66666], [111.46526, -6.64569], [111.47525, -6.635], [111.49122, -6.63007], [111.58763, -6.65542], [111.61276, -6.675], [111.62303, -6.685], [111.63971, -6.70166], [111.64888, -6.71222], [111.65999, -6.72861], [111.66971, -6.73945], [111.68803, -6.75528], [111.71693, -6.77416], [111.72162, -6.77637], [111.75388, -6.78528], [111.91609, -6.7975], [111.93553, -6.78916], [111.95387, -6.78375], [111.96971, -6.78389], [111.98817, -6.79264], [112.02527, -6.8375], [112.0397, -6.85722], [112.04444, -6.86611], [112.05246, -6.87834], [112.06415, -6.89389], [112.07992, -6.90722], [112.09444, -6.91166], [112.10665, -6.91306], [112.12665, -6.91361], [112.15886, -6.91166], [112.18275, -6.90834], [112.2122, -6.90361], [112.2747, -6.89055], [112.33276, -6.87361], [112.34526, -6.87222], [112.44359, -6.87597], [112.56025, -6.91222], [112.60832, -7.04361], [112.67694, -7.16528], [112.6804, -7.18257], [112.67415, -7.19861], [112.66554, -7.20375], [112.65165, -7.20139], [112.63109, -7.19445], [112.61596, -7.1925], [112.60477, -7.20021], [112.6172, -7.21639], [112.65637, -7.23889], [112.66526, -7.24361], [112.6797, -7.24972], [112.6947, -7.255], [112.70638, -7.25306], [112.71595, -7.24556], [112.72136, -7.23389], [112.73137, -7.21666], [112.74512, -7.20653], [112.75916, -7.20334], [112.77083, -7.20555], [112.78234, -7.21084], [112.79749, -7.22666], [112.80859, -7.24278], [112.81331, -7.25166], [112.82859, -7.2925], [112.81331, -7.4025], [112.80637, -7.41], [112.7872, -7.425], [112.76152, -7.43695], [112.757, -7.45055], [112.76332, -7.5125], [112.77832, -7.54389], [112.81805, -7.57916], [112.8372, -7.59416], [112.84791, -7.60069], [112.96666, -7.64306], [113.09318, -7.70445], [113.11136, -7.71722], [113.17221, -7.745], [113.29915, -7.79216], [113.34082, -7.78166], [113.35054, -7.7775], [113.36624, -7.76597], [113.3772, -7.75639], [113.38889, -7.74778], [113.40248, -7.74084], [113.49359, -7.70222], [113.50525, -7.7], [113.56909, -7.70723], [113.59166, -7.71111], [113.68137, -7.7225], [113.7686, -7.73139], [113.78221, -7.73139], [113.92554, -7.69], [113.93915, -7.68319], [113.96111, -7.66416], [113.98859, -7.63695], [114.02138, -7.61445], [114.03804, -7.61195], [114.05873, -7.62361], [114.07666, -7.64], [114.08513, -7.65181], [114.09776, -7.67], [114.12469, -7.69416], [114.13721, -7.70222], [114.1461, -7.70695], [114.31331, -7.75028], [114.36748, -7.75778], [114.38248, -7.75986], [114.43997, -7.79445], [114.44832, -7.80056], [114.46193, -7.82084], [114.46609, -7.83056], [114.46915, -7.87778], [114.40165, -8.20778], [114.39221, -8.25305], [114.38721, -8.27555], [114.38443, -8.28639], [114.3797, -8.30195], [114.37221, -8.32861], [114.36665, -8.35695], [114.35679, -8.43555], [114.37262, -8.52347], [114.46373, -8.62972], [114.47373, -8.62736], [114.49374, -8.62236], [114.58402, -8.66319], [114.60901, -8.68931], [114.62123, -8.70764], [114.6236, -8.72222], [114.62165, -8.74389], [114.60999, -8.76972], [114.59082, -8.77778], [114.59051, -8.77785], [114.56833, -8.7825], [114.55525, -8.78195], [114.53249, -8.77723], [114.42025, -8.74584], [114.37915, -8.71889], [114.39109, -8.70695], [114.39554, -8.6875], [114.39334, -8.67611], [114.3886, -8.66723], [114.37915, -8.65639], [114.36781, -8.6478], [114.35359, -8.64084], [114.29276, -8.61306], [114.27999, -8.60875], [114.26389, -8.60916], [114.24679, -8.61916], [114.23109, -8.6375], [114.21595, -8.64639], [114.09804, -8.64084], [114.06165, -8.63611], [113.96388, -8.60028], [113.87192, -8.56166], [113.73707, -8.5325], [113.72136, -8.53111], [113.66095, -8.4925], [113.65193, -8.48445], [113.64735, -8.47222], [113.6404, -8.46195], [113.6136, -8.44778], [113.55609, -8.43555], [113.44165, -8.37916], [113.31638, -8.3075], [113.29221, -8.29666], [113.27721, -8.29111], [113.23275, -8.28111], [113.20166, -8.2775], [113.18248, -8.2775], [113.15805, -8.28028], [113.10915, -8.28778], [113.07971, -8.2925], [113.02742, -8.3034], [112.98804, -8.32361], [112.96846, -8.33819], [112.95999, -8.35], [112.94887, -8.37319], [112.93205, -8.39056], [112.91887, -8.3975], [112.90165, -8.40111], [112.64665, -8.43416], [112.52332, -8.39611], [112.36387, -8.34278], [112.29165, -8.33111], [112.16638, -8.31695], [111.9472, -8.28361], [111.85665, -8.26806], [111.787, -8.26069], [111.7154, -8.29528], [111.69455, -8.33764], [111.70305, -8.35416], [111.65109, -8.3625], [111.44693, -8.31416], [111.38527, -8.2775], [111.11249, -8.24166], [111.07887, -8.24916], [111.0686, -8.2525], [111.04525, -8.25667], [111.01776, -8.25667], [110.91582, -8.22195], [110.8336, -8.20166], [110.78554, -8.195], [110.77249, -8.19416], [110.71805, -8.19722], [110.47026, -8.10806], [110.37996, -8.07416], [110.36817, -8.06528], [110.21415, -7.98056], [110.11805, -7.93916], [110.08443, -7.91805], [110.0564, -7.89751]]], [[[127.90138, -0.45695], [127.89388, -0.43695], [127.88611, -0.41722], [127.85901, -0.37903], [127.82555, -0.35445], [127.80595, -0.34666], [127.77665, -0.335], [127.71901, -0.3], [127.70081, -0.28042], [127.66394, -0.21514], [127.67303, -0.16222], [127.70082, 0.06569], [127.68803, 0.19611], [127.65637, 0.33903], [127.61901, 0.36], [127.57097, 0.41139], [127.52679, 0.54611], [127.52263, 0.60153], [127.54539, 0.71534], [127.56888, 0.74584], [127.58777, 0.75937], [127.61915, 0.82236], [127.61435, 0.85278], [127.57785, 0.86118], [127.50722, 0.88472], [127.49575, 0.90208], [127.51055, 0.95889], [127.48359, 1.05416], [127.44901, 1.05139], [127.42595, 1.04], [127.40276, 1.03875], [127.39499, 1.06166], [127.39888, 1.18695], [127.4011, 1.21236], [127.4129, 1.23805], [127.43192, 1.26708], [127.45305, 1.29722], [127.47221, 1.33305], [127.51749, 1.41778], [127.5261, 1.44014], [127.53096, 1.46278], [127.53334, 1.49805], [127.52485, 1.52042], [127.56818, 1.73916], [127.65318, 1.87069], [127.67499, 1.90361], [127.69165, 1.92486], [127.90942, 2.15889], [127.94735, 2.1916], [128.05406, 2.19243], [128.04858, 2.14666], [128.04025, 2.1275], [128.02942, 2.11028], [127.94721, 1.98569], [127.92296, 1.95674], [127.89582, 1.94805], [127.85567, 1.91625], [127.85033, 1.82563], [127.87082, 1.80653], [127.89818, 1.79639], [127.91755, 1.80166], [127.94165, 1.79472], [127.98082, 1.76166], [127.99722, 1.74403], [128.01262, 1.71472], [128.03734, 1.52028], [127.9897, 1.34666], [127.92443, 1.2275], [127.90805, 1.20278], [127.83472, 1.14195], [127.65221, 1.01645], [127.62985, 0.98208], [127.62637, 0.95819], [127.63263, 0.92264], [127.65693, 0.88111], [127.75388, 0.81166], [127.79359, 0.795], [127.8136, 0.79444], [127.84332, 0.80236], [127.86971, 0.81708], [127.91616, 0.85792], [127.92249, 0.93222], [127.92789, 0.99028], [127.97387, 1.06778], [128.03775, 1.11722], [128.08847, 1.12385], [128.13371, 1.11555], [128.16645, 1.13215], [128.1897, 1.17055], [128.1949, 1.19215], [128.18608, 1.21945], [128.16721, 1.23486], [128.14249, 1.23778], [128.13025, 1.28555], [128.16638, 1.34528], [128.18829, 1.37805], [128.21109, 1.39666], [128.37466, 1.50778], [128.41803, 1.52611], [128.44247, 1.53639], [128.46329, 1.54334], [128.54885, 1.56584], [128.62775, 1.5775], [128.65262, 1.57916], [128.68692, 1.57584], [128.70955, 1.57097], [128.72455, 1.55695], [128.69748, 1.10194], [128.66388, 1.06305], [128.44537, 0.93416], [128.41944, 0.9225], [128.39636, 0.91472], [128.36023, 0.90472], [128.32885, 0.90195], [128.29837, 0.89139], [128.21248, 0.80542], [128.21204, 0.77965], [128.23655, 0.73048], [128.29872, 0.67653], [128.32608, 0.65861], [128.34885, 0.64722], [128.36801, 0.63889], [128.49606, 0.58889], [128.58746, 0.56042], [128.63107, 0.56222], [128.6743, 0.55281], [128.69275, 0.40861], [128.68997, 0.38736], [128.68303, 0.35729], [128.72128, 0.32926], [128.78216, 0.31505], [128.82956, 0.3], [128.87439, 0.26278], [128.90491, 0.20326], [128.87912, 0.2175], [128.85356, 0.24153], [128.8147, 0.25584], [128.75971, 0.27128], [128.71935, 0.28236], [128.63388, 0.30389], [128.57692, 0.31021], [128.54372, 0.31986], [128.49467, 0.35653], [128.47412, 0.38403], [128.4529, 0.39694], [128.35995, 0.39736], [128.32275, 0.39014], [128.27998, 0.38584], [128.21386, 0.40305], [128.18003, 0.42261], [128.16038, 0.45097], [128.07385, 0.46611], [127.99165, 0.47361], [127.95749, 0.47639], [127.92123, 0.45444], [127.90636, 0.435], [127.87915, 0.29951], [127.90672, 0.27743], [127.92386, 0.13931], [127.91567, 0.11666], [127.89444, 0.10028], [127.88374, 0.07334], [127.88275, 0.04666], [127.88583, -0.00542], [127.89305, -0.03195], [127.9836, -0.27195], [128.03693, -0.40334], [128.04999, -0.43166], [128.07094, -0.47222], [128.09385, -0.51111], [128.13775, -0.57], [128.16775, -0.62195], [128.21329, -0.69986], [128.30276, -0.79528], [128.36302, -0.84755], [128.40179, -0.88819], [128.2822, -0.88201], [128.25277, -0.87222], [128.23065, -0.85146], [128.23815, -0.83111], [128.13831, -0.75416], [128.05218, -0.71882], [128.02109, -0.69319], [128.01025, -0.66306], [127.99178, -0.62], [127.94233, -0.51847], [127.90138, -0.45695]]], [[[130.82995, -3.87278], [130.79999, -3.86166], [130.61607, -3.7884], [130.59385, -3.76431], [130.55797, -3.72666], [130.44303, -3.65528], [130.39832, -3.63334], [130.31415, -3.60056], [130.23523, -3.57666], [130.13413, -3.54376], [130.01804, -3.485], [129.99134, -3.47056], [129.97441, -3.45319], [129.959, -3.4275], [129.95565, -3.405], [129.95754, -3.3784], [129.93164, -3.355], [129.91193, -3.34195], [129.88858, -3.33445], [129.81803, -3.32889], [129.65219, -3.31666], [129.5161, -3.2975], [129.49935, -3.31611], [129.50624, -3.34736], [129.5322, -3.37611], [129.5486, -3.39736], [129.55928, -3.42986], [129.54483, -3.46278], [129.51782, -3.46993], [129.47981, -3.46208], [129.45413, -3.45], [129.30609, -3.41722], [129.24539, -3.41278], [129.20873, -3.40153], [129.15123, -3.37695], [129.10761, -3.35021], [129.0744, -3.3475], [129.00192, -3.35028], [128.96829, -3.35361], [128.97212, -3.26896], [128.97344, -3.24514], [128.9547, -3.22597], [128.93332, -3.21681], [128.88267, -3.20937], [128.77179, -3.27945], [128.68663, -3.35924], [128.67198, -3.3866], [128.61328, -3.43639], [128.49746, -3.46166], [128.47038, -3.46069], [128.43309, -3.445], [128.40469, -3.42042], [128.36023, -3.355], [128.30276, -3.26889], [128.21775, -3.21139], [128.19782, -3.11611], [128.18187, -3.0741], [128.14214, -3.07521], [128.0972, -3.12097], [128.07995, -3.15166], [128.07024, -3.17626], [128.06165, -3.20861], [128.05555, -3.25028], [128.05191, -3.28111], [128.05095, -3.31084], [128.04226, -3.33834], [128.01581, -3.37556], [127.9911, -3.38174], [127.9372, -3.47847], [127.91832, -3.55945], [127.90915, -3.54472], [127.89777, -3.50472], [127.89499, -3.48431], [127.9122, -3.44389], [127.92533, -3.41757], [127.93332, -3.36945], [127.93241, -3.34472], [127.92192, -3.31945], [127.89638, -3.28306], [127.88235, -3.26639], [127.85609, -3.18666], [127.88889, -3.15528], [127.9836, -3.08695], [128.07385, -2.98139], [128.17192, -2.85695], [128.26388, -2.85611], [128.40165, -2.86305], [128.56525, -2.85556], [128.83942, -2.86639], [128.87218, -2.86514], [128.9133, -2.85834], [129.06415, -2.90055], [129.08414, -2.92722], [129.10121, -2.94458], [129.13303, -2.96326], [129.21274, -2.94639], [129.34648, -2.86097], [129.36537, -2.84555], [129.37558, -2.80493], [129.40332, -2.7925], [129.52665, -2.78361], [129.62939, -2.815], [129.7708, -2.87416], [129.79608, -2.90788], [129.98773, -2.98834], [130.01999, -2.99722], [130.05735, -3.00097], [130.09066, -3.00069], [130.1647, -2.99222], [130.23664, -2.98472], [130.33801, -2.97861], [130.37606, -2.98861], [130.39914, -3.00334], [130.58906, -3.14035], [130.62995, -3.24555], [130.63375, -3.26847], [130.63024, -3.28889], [130.62995, -3.32486], [130.63611, -3.35306], [130.64581, -3.3775], [130.67171, -3.40764], [130.70331, -3.40431], [130.74164, -3.40556], [130.76639, -3.40834], [130.7899, -3.41722], [130.82665, -3.45431], [130.87398, -3.59298], [130.87009, -3.62903], [130.85553, -3.65195], [130.83545, -3.67819], [130.82107, -3.82555], [130.82995, -3.87278]]], [[[119.18451, -8.70056], [119.17693, -8.72264], [119.15055, -8.75055], [119.10526, -8.75945], [118.97568, -8.75962], [118.93887, -8.72222], [118.92025, -8.69972], [118.90026, -8.69118], [118.8154, -8.71195], [118.75088, -8.71521], [118.7029, -8.74743], [118.73719, -8.76536], [118.75765, -8.77195], [118.84082, -8.77778], [118.89178, -8.78347], [118.93263, -8.8075], [118.94317, -8.84104], [118.91207, -8.85236], [118.82888, -8.85285], [118.79804, -8.82479], [118.74424, -8.80811], [118.72215, -8.80836], [118.68193, -8.81028], [118.64276, -8.81916], [118.58388, -8.83611], [118.46999, -8.8725], [118.45721, -8.87195], [118.42415, -8.86042], [118.40833, -8.84542], [118.39194, -8.81416], [118.38408, -8.78628], [118.41526, -8.74528], [118.43136, -8.72055], [118.44136, -8.66389], [118.43109, -8.63361], [118.40512, -8.58958], [118.39526, -8.63486], [118.22318, -8.82069], [118.18858, -8.85084], [118.16859, -8.86514], [118.14874, -8.87264], [118.11546, -8.86437], [118.09645, -8.84798], [118.02887, -8.85416], [118.00888, -8.86833], [117.94859, -8.90223], [117.88416, -8.93472], [117.79444, -8.93555], [117.73887, -8.91861], [117.71595, -8.91625], [117.65151, -8.94395], [117.63685, -8.96153], [117.5636, -9.0025], [117.53804, -9.01472], [117.43887, -9.04167], [117.40568, -9.04945], [117.35151, -9.04958], [117.30789, -9.04181], [117.28887, -9.02701], [117.24395, -9.01722], [117.20547, -9.03055], [117.16665, -9.0675], [117.14985, -9.09132], [117.09972, -9.10334], [117.04776, -9.11076], [116.80456, -9.04347], [116.75571, -9.01426], [116.75249, -9.01166], [116.74359, -8.9818], [116.75555, -8.87966], [116.79471, -8.82778], [116.77943, -8.67334], [116.80331, -8.59132], [116.85832, -8.53445], [116.88845, -8.52292], [116.9322, -8.51952], [117.01471, -8.48306], [117.07971, -8.43889], [117.09679, -8.42208], [117.11971, -8.38236], [117.15027, -8.36847], [117.19275, -8.36361], [117.27026, -8.3975], [117.42533, -8.46195], [117.44525, -8.40945], [117.56352, -8.41222], [117.56776, -8.43201], [117.56555, -8.46819], [117.57923, -8.50278], [117.64833, -8.56222], [117.75805, -8.64973], [117.84721, -8.71055], [117.89777, -8.70111], [117.95694, -8.73778], [117.96638, -8.74861], [117.97665, -8.74528], [118.0211, -8.70805], [118.03777, -8.69028], [118.05886, -8.66723], [118.07874, -8.65639], [118.13081, -8.64695], [118.15694, -8.64834], [118.17748, -8.65514], [118.2118, -8.66528], [118.257, -8.66084], [118.2811, -8.64223], [118.28811, -8.61958], [118.27997, -8.58834], [118.23165, -8.55139], [118.07707, -8.46222], [118.04497, -8.45903], [118.01999, -8.46805], [117.99262, -8.47576], [117.82874, -8.36986], [117.70575, -8.23722], [117.71221, -8.19695], [117.72249, -8.17306], [117.7372, -8.15215], [117.80275, -8.11945], [117.92192, -8.08556], [117.94554, -8.08264], [118.09693, -8.10868], [118.12749, -8.1243], [118.15794, -8.15094], [118.16637, -8.20826], [118.19525, -8.26611], [118.25527, -8.34584], [118.3163, -8.37466], [118.37456, -8.3366], [118.41388, -8.29528], [118.44359, -8.26639], [118.46555, -8.25069], [118.48554, -8.24666], [118.58665, -8.27], [118.65173, -8.29792], [118.68782, -8.36215], [118.68803, -8.4125], [118.68263, -8.45111], [118.66805, -8.48445], [118.66475, -8.54528], [118.70638, -8.49722], [118.72317, -8.45945], [118.71915, -8.42431], [118.71366, -8.39153], [118.73699, -8.34507], [118.77332, -8.31319], [118.7988, -8.29945], [118.87915, -8.28916], [118.89915, -8.28861], [118.92998, -8.29195], [118.95151, -8.2975], [118.99992, -8.31576], [119.05012, -8.47659], [119.04026, -8.5325], [119.0279, -8.55084], [119.0211, -8.59139], [119.03804, -8.63139], [119.05825, -8.65126], [119.13234, -8.63792], [119.17526, -8.64973], [119.18451, -8.70056]]], [[[122.83777, -8.59818], [122.82805, -8.60403], [122.79539, -8.61584], [122.73915, -8.61916], [122.68166, -8.63416], [122.55879, -8.67563], [122.53263, -8.70431], [122.51264, -8.71847], [122.46638, -8.73375], [122.38025, -8.75361], [122.25943, -8.75055], [122.22249, -8.74666], [122.17859, -8.73584], [121.90582, -8.82639], [121.79901, -8.88097], [121.76492, -8.89105], [121.62497, -8.84334], [121.56422, -8.81542], [121.38636, -8.79986], [121.36852, -8.8209], [121.37205, -8.85431], [121.37393, -8.88236], [121.35005, -8.90834], [121.31831, -8.92445], [121.29443, -8.92361], [121.25775, -8.90576], [121.2079, -8.89376], [121.17775, -8.89584], [121.13554, -8.905], [121.1172, -8.91389], [121.08638, -8.93084], [121.03263, -8.94875], [121.01639, -8.94972], [121.00417, -8.94834], [120.91845, -8.92472], [120.85886, -8.87125], [120.76005, -8.87271], [120.73373, -8.87285], [120.64846, -8.84542], [120.61804, -8.82472], [120.58818, -8.79834], [120.53804, -8.79334], [120.43525, -8.79389], [120.38193, -8.80084], [120.34791, -8.81125], [120.32332, -8.83097], [120.25277, -8.83153], [120.20165, -8.80305], [120.08915, -8.79666], [120.06888, -8.80361], [119.93915, -8.85028], [119.89388, -8.85028], [119.8336, -8.79806], [119.81136, -8.77542], [119.80137, -8.74584], [119.79624, -8.72035], [119.80477, -8.675], [119.80289, -8.63084], [119.79776, -8.5918], [119.80359, -8.56778], [119.8186, -8.54861], [119.90971, -8.46416], [120.00695, -8.41666], [120.08388, -8.39611], [120.19623, -8.30542], [120.26541, -8.27014], [120.52249, -8.25723], [120.66026, -8.28111], [120.75333, -8.33389], [120.85471, -8.34055], [120.92192, -8.34611], [121.01875, -8.39111], [121.03943, -8.40472], [121.10276, -8.42528], [121.17235, -8.44069], [121.20345, -8.44236], [121.28193, -8.47319], [121.3029, -8.49319], [121.31978, -8.52215], [121.34193, -8.54334], [121.38582, -8.57792], [121.40637, -8.58805], [121.5136, -8.60666], [121.56874, -8.56972], [121.59693, -8.53528], [121.63721, -8.475], [121.77304, -8.48861], [121.88359, -8.49416], [121.90942, -8.48972], [122.03943, -8.44361], [122.10748, -8.53305], [122.23679, -8.63222], [122.26194, -8.64126], [122.28831, -8.64445], [122.34027, -8.62111], [122.36304, -8.61639], [122.42915, -8.60403], [122.48248, -8.51326], [122.48394, -8.48945], [122.60415, -8.39292], [122.62831, -8.38611], [122.68352, -8.38528], [122.77095, -8.35597], [122.89095, -8.28479], [122.94651, -8.20535], [122.88998, -8.18437], [122.82109, -8.20806], [122.79216, -8.23111], [122.74181, -8.22584], [122.80026, -8.11084], [122.86804, -8.07201], [122.96193, -8.12778], [122.9797, -8.14736], [123.0304, -8.29722], [123.02318, -8.32472], [122.98199, -8.35437], [122.89695, -8.38556], [122.80005, -8.43945], [122.79568, -8.46708], [122.80359, -8.48639], [122.81999, -8.50472], [122.83791, -8.52764], [122.84749, -8.54528], [122.85262, -8.57], [122.84637, -8.59153], [122.83777, -8.59818]]], [[[125.12942, -9.43529], [125.12469, -9.4375], [125.10804, -9.44834], [125.03693, -9.49889], [125.00305, -9.53306], [124.9922, -9.54834], [124.98553, -9.56166], [124.98415, -9.57389], [124.98415, -9.59416], [124.98553, -9.60639], [124.98553, -9.62], [124.98332, -9.63805], [124.98082, -9.64889], [124.97415, -9.65945], [124.9561, -9.67195], [124.91887, -9.69639], [124.77388, -9.83389], [124.65387, -9.95222], [124.59555, -9.98916], [124.56749, -10.00889], [124.54749, -10.02972], [124.53998, -10.0425], [124.53526, -10.05472], [124.52916, -10.07222], [124.51888, -10.08916], [124.50916, -10.1], [124.49275, -10.1175], [124.44748, -10.15472], [124.43525, -10.16278], [124.42637, -10.1675], [124.40846, -10.17347], [124.38721, -10.17611], [124.35999, -10.17611], [124.29665, -10.17084], [124.26999, -10.17], [124.12331, -10.17945], [124.10513, -10.185], [124.09332, -10.20389], [124.08998, -10.21389], [124.0811, -10.23222], [124.02791, -10.27819], [124.00833, -10.28278], [123.97665, -10.28528], [123.95221, -10.29139], [123.93692, -10.29695], [123.90193, -10.31639], [123.88554, -10.32722], [123.86638, -10.34195], [123.85555, -10.35139], [123.83971, -10.36306], [123.83084, -10.36777], [123.81165, -10.37583], [123.61248, -10.37139], [123.52665, -10.33666], [123.48831, -10.31639], [123.49075, -10.23903], [123.53178, -10.19], [123.60526, -10.16056], [123.61554, -10.15722], [123.62665, -10.15472], [123.64332, -10.15431], [123.65749, -10.15111], [123.67192, -10.145], [123.6897, -10.13584], [123.73415, -10.11222], [123.74832, -10.10222], [123.75833, -10.08861], [123.76221, -10.07889], [123.76402, -10.06445], [123.75514, -10.05306], [123.69956, -10.02931], [123.68553, -10.02639], [123.65886, -10.02584], [123.63992, -10.02896], [123.61832, -10.04653], [123.60144, -10.05826], [123.58137, -10.04264], [123.57527, -10.02834], [123.57527, -10.015], [123.57666, -9.94889], [123.58165, -9.93347], [123.59636, -9.92111], [123.64339, -9.89979], [123.65805, -9.88056], [123.66165, -9.87056], [123.6661, -9.84986], [123.67192, -9.72945], [123.67331, -9.69695], [123.67054, -9.6725], [123.66693, -9.6625], [123.6636, -9.64555], [123.6747, -9.62945], [123.78693, -9.51723], [123.97735, -9.35695], [123.99525, -9.35084], [124.0461, -9.34], [124.0666, -9.4016], [124.1188, -9.43228], [124.1761, -9.41865], [124.2001, -9.39904], [124.2494, -9.40436], [124.2623, -9.42766], [124.2934, -9.46363], [124.3404, -9.46166], [124.3685, -9.42896], [124.4493, -9.28266], [124.46281, -9.18441], [124.5036, -9.18445], [124.52832, -9.18195], [124.55304, -9.17916], [124.60387, -9.16153], [124.65929, -9.12166], [124.67165, -9.10666], [124.7422, -9.05472], [124.79776, -9.01472], [124.81833, -9.00778], [124.83805, -9.00723], [124.85942, -9.00111], [124.93471, -8.96055], [124.9519, -8.95013], [124.9463, -9.00895], [124.9653, -9.03727], [125.0185, -9.03432], [125.0933, -9.01167], [125.1399, -9.02412], [125.1597, -9.0681], [125.1659, -9.10921], [125.14, -9.1504], [125.0691, -9.16717], [125.0197, -9.16786], [124.9868, -9.19436], [124.9663, -9.22131], [124.971, -9.27439], [125.0199, -9.33623], [125.0623, -9.36777], [125.12942, -9.43529]]], [[[138.55975, -7.37908], [138.59052, -7.37056], [138.63899, -7.36416], [138.70247, -7.36264], [138.76136, -7.37056], [138.80692, -7.38319], [138.82831, -7.4025], [138.86461, -7.45674], [138.88024, -7.48708], [138.89083, -7.50722], [138.92497, -7.54292], [138.96829, -7.55611], [139.00106, -7.5575], [139.03665, -7.61389], [138.98135, -7.76945], [138.9133, -7.87861], [138.8819, -8.03611], [138.84885, -8.07834], [138.78234, -8.13945], [138.74275, -8.15278], [138.70859, -8.15611], [138.66735, -8.16458], [138.64749, -8.1975], [138.62356, -8.235], [138.60303, -8.25528], [138.4529, -8.37792], [138.40775, -8.40111], [138.37955, -8.41055], [138.2997, -8.42639], [138.27275, -8.42334], [138.25038, -8.40472], [138.21301, -8.39431], [138.18219, -8.39084], [137.86829, -8.37111], [137.804, -8.38195], [137.70335, -8.41097], [137.67385, -8.43139], [137.64491, -8.43514], [137.63094, -8.41084], [137.63428, -8.38111], [137.70801, -8.18611], [137.72775, -8.13778], [137.86218, -7.87528], [137.90525, -7.79584], [138.01825, -7.62521], [138.04885, -7.59208], [138.07053, -7.57389], [138.10553, -7.54722], [138.16303, -7.50847], [138.22135, -7.47111], [138.23968, -7.46166], [138.36245, -7.41542], [138.40692, -7.40861], [138.45495, -7.40195], [138.4783, -7.39778], [138.51248, -7.39111], [138.54554, -7.38278], [138.55975, -7.37908]]], [[[106.44443, -2.98139], [106.4061, -2.96972], [106.31081, -2.9225], [106.28116, -2.90764], [106.21138, -2.885], [106.14575, -2.86847], [106.11609, -2.85], [106.0929, -2.84236], [106.02096, -2.835], [105.99623, -2.83222], [105.97262, -2.81486], [105.92915, -2.74861], [105.91887, -2.72472], [105.90096, -2.64666], [105.90103, -2.61208], [105.92519, -2.55243], [105.93873, -2.52486], [105.94108, -2.50055], [105.93429, -2.47319], [105.91818, -2.45445], [105.89874, -2.44305], [105.85582, -2.43111], [105.82187, -2.38799], [105.80775, -2.27222], [105.80109, -2.18334], [105.79249, -2.16445], [105.74735, -2.1316], [105.48027, -2.10111], [105.41582, -2.12028], [105.34248, -2.12695], [105.13755, -2.07584], [105.12275, -2.02653], [105.14305, -1.95028], [105.17831, -1.92403], [105.20888, -1.91334], [105.26165, -1.89778], [105.2868, -1.88458], [105.3854, -1.81569], [105.39875, -1.795], [105.40151, -1.76819], [105.38776, -1.74076], [105.36262, -1.72472], [105.33589, -1.70882], [105.34513, -1.65611], [105.39334, -1.60666], [105.45527, -1.56708], [105.57666, -1.52875], [105.60498, -1.53597], [105.64749, -1.63805], [105.65013, -1.71299], [105.65637, -1.73528], [105.68512, -1.76472], [105.70956, -1.77819], [105.7811, -1.795], [105.8097, -1.79236], [105.75026, -1.64222], [105.70915, -1.5475], [105.74414, -1.52916], [105.88693, -1.49042], [105.91068, -1.49556], [106.02679, -1.57472], [106.04338, -1.5991], [106.03263, -1.61653], [106.02777, -1.6475], [106.03595, -1.68056], [106.09082, -1.77166], [106.13805, -1.84916], [106.16638, -1.93056], [106.16331, -1.96195], [106.1622, -1.995], [106.16596, -2.03555], [106.18748, -2.14764], [106.24082, -2.31126], [106.25388, -2.34278], [106.27041, -2.37431], [106.31525, -2.43208], [106.35741, -2.47216], [106.38624, -2.48445], [106.61638, -2.52695], [106.78166, -2.59195], [106.74248, -2.61445], [106.71817, -2.63889], [106.6815, -2.68431], [106.66776, -2.71166], [106.65694, -2.74195], [106.64847, -2.76601], [106.64388, -2.77666], [106.60817, -2.87458], [106.60136, -2.92264], [106.60886, -2.94792], [106.65416, -2.97445], [106.65971, -2.97445], [106.6722, -2.97014], [106.74123, -3.00216], [106.74151, -3.07334], [106.71775, -3.09834], [106.5194, -3.10249], [106.45749, -3.00945], [106.44443, -2.98139]]], [[[119.20055, -9.7475], [119.18816, -9.74625], [119.12025, -9.72666], [119.08388, -9.715], [119.06554, -9.70639], [119.04805, -9.69319], [118.93325, -9.55945], [118.98568, -9.47153], [119.00525, -9.45028], [119.03353, -9.43125], [119.14554, -9.395], [119.28215, -9.36028], [119.32249, -9.37334], [119.37996, -9.38], [119.59388, -9.34486], [119.64422, -9.34517], [119.67513, -9.36889], [119.72469, -9.38403], [119.80595, -9.38778], [119.82749, -9.37861], [119.90637, -9.32111], [119.93984, -9.28965], [120.00748, -9.35666], [120.02916, -9.38334], [120.05582, -9.42472], [120.08089, -9.45382], [120.1222, -9.47736], [120.15165, -9.48069], [120.18657, -9.4675], [120.23672, -9.50535], [120.24902, -9.58], [120.25026, -9.61916], [120.26159, -9.64687], [120.33416, -9.67618], [120.35443, -9.66097], [120.37359, -9.64347], [120.45533, -9.63069], [120.59332, -9.74493], [120.61971, -9.79555], [120.62442, -9.81945], [120.6688, -9.89222], [120.71929, -9.92], [120.74124, -9.92555], [120.76498, -9.93597], [120.78595, -9.9525], [120.81429, -9.98528], [120.82666, -10.01028], [120.83652, -10.05445], [120.83318, -10.07736], [120.82221, -10.09695], [120.72435, -10.19958], [120.69985, -10.21597], [120.6272, -10.23889], [120.49443, -10.26445], [120.39137, -10.26584], [120.22026, -10.24834], [120.16235, -10.23042], [120.08998, -10.17278], [120.04276, -10.11806], [120.02916, -10.08445], [120.01756, -10.05195], [119.98248, -10.00139], [119.95561, -9.97542], [119.92859, -9.97653], [119.78442, -9.90556], [119.73221, -9.87583], [119.70082, -9.85632], [119.68706, -9.83055], [119.68275, -9.80716], [119.62984, -9.77223], [119.48012, -9.75028], [119.22317, -9.74277], [119.20055, -9.7475]]], [[[126.1279, -3.11968], [126.14415, -3.14361], [126.17685, -3.17097], [126.2124, -3.17271], [126.23055, -3.14639], [126.24428, -3.12916], [126.28374, -3.10695], [126.41637, -3.07181], [126.61026, -3.06278], [126.64166, -3.06139], [126.73735, -3.05931], [126.8268, -3.07445], [126.99387, -3.145], [127.08443, -3.19834], [127.10172, -3.21361], [127.11396, -3.27], [127.08443, -3.27076], [127.05456, -3.26708], [127.04185, -3.28778], [127.05317, -3.33069], [127.09623, -3.37021], [127.12692, -3.3584], [127.14477, -3.33924], [127.26055, -3.3775], [127.24136, -3.595], [127.23665, -3.6175], [127.21672, -3.65416], [127.18533, -3.66361], [127.147, -3.65313], [127.1054, -3.66375], [127.01583, -3.70111], [126.9872, -3.72222], [126.86665, -3.78111], [126.72805, -3.8275], [126.69304, -3.83493], [126.50805, -3.76889], [126.38193, -3.71], [126.2422, -3.61555], [126.06192, -3.44666], [126.04415, -3.42681], [126.01721, -3.35125], [126.00889, -3.18431], [126.02457, -3.15202], [126.07083, -3.11611], [126.09555, -3.10319], [126.11914, -3.10847], [126.1279, -3.11968]]], [[[114.47859, -8.09004], [114.50164, -8.09305], [114.71734, -8.14306], [114.74526, -8.16], [114.76763, -8.17181], [114.83693, -8.18805], [114.87804, -8.19084], [114.99402, -8.18639], [115.0161, -8.18097], [115.03971, -8.16708], [115.09943, -8.11222], [115.12331, -8.08778], [115.14526, -8.06861], [115.16644, -8.05916], [115.19568, -8.05806], [115.3611, -8.11416], [115.39471, -8.12834], [115.46111, -8.1575], [115.50221, -8.17861], [115.52887, -8.19278], [115.56122, -8.21528], [115.70888, -8.36056], [115.71401, -8.38472], [115.70985, -8.40445], [115.69261, -8.42819], [115.61525, -8.49389], [115.50277, -8.55084], [115.44664, -8.56972], [115.39526, -8.5875], [115.37608, -8.59555], [115.33818, -8.61542], [115.29804, -8.64708], [115.26768, -8.70405], [115.22268, -8.72518], [115.20588, -8.74092], [115.20376, -8.77377], [115.22098, -8.78804], [115.22793, -8.76646], [115.24082, -8.80722], [115.22013, -8.83653], [115.15834, -8.85361], [115.13595, -8.85458], [115.10262, -8.8468], [115.09144, -8.82722], [115.13782, -8.79032], [115.17314, -8.77515], [115.17905, -8.75391], [115.17562, -8.7128], [115.16195, -8.67824], [115.14526, -8.66055], [115.0761, -8.59222], [114.96638, -8.49666], [114.92581, -8.47], [114.88443, -8.44666], [114.79221, -8.41111], [114.75333, -8.40223], [114.7104, -8.39556], [114.65387, -8.3975], [114.62887, -8.4], [114.60928, -8.39569], [114.57166, -8.35972], [114.52874, -8.30819], [114.49762, -8.26208], [114.48471, -8.24084], [114.46499, -8.20264], [114.45582, -8.17792], [114.44984, -8.10229], [114.47859, -8.09004]]], [[[116.33981, -8.21855], [116.37665, -8.20597], [116.46443, -8.22389], [116.65853, -8.28674], [116.71581, -8.33528], [116.73491, -8.36548], [116.73706, -8.39626], [116.67746, -8.54861], [116.59387, -8.70334], [116.54915, -8.775], [116.55942, -8.85639], [116.60186, -8.87201], [116.58284, -8.89618], [116.54525, -8.90973], [116.46852, -8.91136], [116.47706, -8.87819], [116.48557, -8.84107], [116.44345, -8.83695], [116.41915, -8.86042], [116.38275, -8.91666], [116.25943, -8.92334], [116.19706, -8.91687], [116.16499, -8.88139], [116.08138, -8.85972], [116.05721, -8.86305], [116.03547, -8.87639], [116.0011, -8.89695], [115.85775, -8.82257], [115.84415, -8.76347], [115.87286, -8.73292], [115.88776, -8.75166], [115.9438, -8.77778], [115.97095, -8.77514], [116.07304, -8.73111], [116.09027, -8.62334], [116.08985, -8.6], [116.08138, -8.56445], [116.06888, -8.52222], [116.10248, -8.40639], [116.27589, -8.24326], [116.30944, -8.22736], [116.33981, -8.21855]]], [[[123.07555, -4.40351], [123.06282, -4.41855], [123.07694, -4.4625], [123.10386, -4.48028], [123.13508, -4.49521], [123.19275, -4.57666], [123.20067, -4.59945], [123.21277, -4.6975], [123.21693, -4.755], [123.21693, -4.78916], [123.21539, -4.82181], [123.20412, -4.84122], [123.1861, -4.79916], [123.17775, -4.77334], [123.1354, -4.70958], [123.04554, -4.7575], [123.01458, -4.83542], [122.98996, -4.94666], [122.98305, -5.03416], [122.97971, -5.10722], [123.02194, -5.14306], [123.04331, -5.13834], [123.21277, -5.27236], [123.21464, -5.29368], [123.16555, -5.36361], [123.14318, -5.3859], [123.05026, -5.42639], [123.0306, -5.42118], [122.9979, -5.39496], [122.90124, -5.43916], [122.87525, -5.46431], [122.86206, -5.50452], [122.90116, -5.5075], [122.91464, -5.52681], [122.90235, -5.56014], [122.82909, -5.6766], [122.80345, -5.69195], [122.65545, -5.68504], [122.60359, -5.59778], [122.57666, -5.53555], [122.5686, -5.50695], [122.66026, -5.36166], [122.73477, -5.25451], [122.7811, -5.12972], [122.81805, -4.97139], [122.85318, -4.81063], [122.84943, -4.76361], [122.84526, -4.72695], [122.84332, -4.68528], [122.84402, -4.64834], [122.85443, -4.60055], [122.86415, -4.57292], [122.90026, -4.49222], [122.91429, -4.47166], [122.93915, -4.45222], [122.98996, -4.41389], [123.00985, -4.39972], [123.03248, -4.38805], [123.05915, -4.38055], [123.08005, -4.38826], [123.07555, -4.40351]]], [[[108.29332, -2.85379], [108.26027, -2.9075], [108.21638, -2.98], [108.20568, -3.00666], [108.19803, -3.11889], [108.10415, -3.16195], [108.07738, -3.22736], [107.98498, -3.24903], [107.97449, -3.23195], [107.97179, -3.19153], [107.96886, -3.16514], [107.89555, -3.07416], [107.86971, -3.05181], [107.8486, -3.06], [107.8218, -3.08716], [107.84137, -3.11181], [107.83748, -3.15576], [107.81498, -3.17097], [107.64449, -3.22625], [107.61213, -3.21208], [107.57916, -3.00819], [107.58263, -2.98347], [107.61136, -2.91222], [107.6148, -2.77875], [107.63567, -2.75403], [107.63414, -2.69889], [107.64972, -2.58584], [107.66609, -2.56437], [107.70869, -2.55782], [107.76956, -2.56174], [107.83276, -2.535], [107.99525, -2.57834], [108.08457, -2.60528], [108.26305, -2.75139], [108.29123, -2.83626], [108.29332, -2.85379]]], [[[112.93942, -6.89334], [113.00166, -6.88722], [113.10248, -6.88389], [113.31219, -6.8925], [113.55194, -6.89528], [113.76639, -6.88722], [113.87275, -6.87278], [113.90624, -6.86542], [113.9411, -6.86542], [113.97192, -6.87222], [113.99136, -6.88028], [114.10443, -6.93139], [114.12345, -6.94979], [114.12796, -6.97326], [114.06624, -7.00389], [113.98581, -7.01916], [113.89249, -7.03889], [113.85992, -7.06535], [113.82747, -7.12389], [113.75, -7.11305], [113.70471, -7.11028], [113.67746, -7.11305], [113.62455, -7.12514], [113.56053, -7.16972], [113.54887, -7.18889], [113.50388, -7.22528], [113.44081, -7.22778], [113.40109, -7.22916], [113.17359, -7.22156], [113.10582, -7.19], [112.98194, -7.2], [112.85498, -7.16945], [112.825, -7.16528], [112.78652, -7.1625], [112.74241, -7.16416], [112.71694, -7.14875], [112.69414, -7.0925], [112.68776, -7.04764], [112.70296, -7.03375], [112.74359, -7.02486], [112.77013, -7.00347], [112.81387, -6.95166], [112.83881, -6.90882], [112.92165, -6.89334], [112.93942, -6.89334]]], [[[97.81079, 0.54972], [97.69927, 0.57805], [97.67984, 0.60194], [97.68899, 0.61993], [97.65608, 0.71695], [97.62108, 0.79861], [97.61218, 0.81695], [97.58373, 0.84764], [97.3922, 1.01305], [97.36664, 1.06305], [97.34552, 1.10334], [97.30524, 1.1725], [97.2506, 1.26028], [97.17081, 1.33305], [97.11468, 1.39334], [97.15775, 1.41166], [97.22359, 1.40834], [97.25178, 1.41597], [97.31552, 1.46722], [97.33241, 1.48792], [97.39636, 1.50139], [97.48246, 1.47], [97.52394, 1.42334], [97.53386, 1.39722], [97.54274, 1.37889], [97.68504, 1.18395], [97.73552, 1.165], [97.78761, 1.14805], [97.90935, 1.03924], [97.93615, 0.97035], [97.92007, 0.93554], [97.90331, 0.90611], [97.89539, 0.87639], [97.88761, 0.77319], [97.88692, 0.72944], [97.88692, 0.69111], [97.88643, 0.64257], [97.87038, 0.61361], [97.819, 0.55528], [97.81079, 0.54972]]], [[[99.28221, -1.73945], [99.25194, -1.66], [99.24359, -1.64084], [99.22568, -1.62215], [99.19859, -1.63389], [99.2211, -1.65945], [99.23831, -1.69555], [99.2486, -1.73195], [99.24915, -1.77361], [99.11221, -1.80528], [99.08707, -1.79945], [99.05386, -1.78472], [99.0361, -1.775], [98.87623, -1.67695], [98.82694, -1.60945], [98.82999, -1.57653], [98.80247, -1.52222], [98.79082, -1.50305], [98.73442, -1.42556], [98.71374, -1.40208], [98.69136, -1.37639], [98.63247, -1.28805], [98.60305, -1.22306], [98.59353, -1.18368], [98.61249, -1.15111], [98.62831, -1.12556], [98.64207, -1.09445], [98.6529, -1.0434], [98.65124, -0.99847], [98.65748, -0.97111], [98.69484, -0.94855], [98.75624, -0.95611], [98.78568, -0.9575], [98.83249, -0.92889], [98.88798, -0.91132], [98.92915, -0.95028], [98.99026, -1.10861], [99.05332, -1.22416], [99.05644, -1.27007], [99.10804, -1.36945], [99.22422, -1.58813], [99.25082, -1.58292], [99.27832, -1.61986], [99.29616, -1.70861], [99.2861, -1.73666], [99.28221, -1.73945]]], [[[131.64572, -7.11665], [131.65401, -7.11611], [131.71051, -7.14416], [131.74002, -7.20882], [131.69803, -7.22695], [131.67601, -7.22278], [131.64045, -7.25181], [131.67067, -7.40382], [131.67914, -7.44055], [131.67914, -7.48139], [131.6301, -7.62916], [131.57221, -7.70416], [131.48855, -7.77084], [131.40123, -7.83], [131.37689, -7.86389], [131.34412, -7.92195], [131.3447, -7.965], [131.34053, -7.99458], [131.32927, -8.01431], [131.30261, -8.02834], [131.13609, -8.01208], [131.10856, -7.99847], [131.08431, -7.86594], [131.1897, -7.685], [131.1765, -7.65556], [131.18829, -7.61584], [131.1994, -7.58611], [131.23705, -7.49097], [131.30636, -7.43306], [131.33344, -7.42264], [131.3858, -7.37278], [131.45691, -7.28695], [131.53533, -7.14819], [131.57913, -7.12445], [131.64572, -7.11665]]], [[[130.75943, -0.45278], [130.72676, -0.44097], [130.70914, -0.4175], [130.69074, -0.3338], [130.68022, -0.30343], [130.64448, -0.31441], [130.58901, -0.32366], [130.54277, -0.36604], [130.51241, -0.25424], [130.46177, -0.26542], [130.42859, -0.27528], [130.35995, -0.26722], [130.2437, -0.22764], [130.21933, -0.21126], [130.23947, -0.19868], [130.26345, -0.21076], [130.38524, -0.22125], [130.42844, -0.1975], [130.40065, -0.14985], [130.37401, -0.14955], [130.33893, -0.15174], [130.34552, -0.18757], [130.29637, -0.17653], [130.27617, -0.1391], [130.28372, -0.10625], [130.35995, -0.0875], [130.44423, -0.08752], [130.65525, -0.05334], [130.69888, -0.03663], [130.7197, -0.05195], [130.7681, -0.04785], [130.75116, -0.03222], [130.78374, -0.0125], [130.82471, -0.00867], [130.8472, -0.01153], [130.87745, -0.01916], [131.04248, -0.06639], [131.13971, -0.07584], [131.26248, -0.14222], [131.29984, -0.16764], [131.31329, -0.2025], [131.32221, -0.27334], [131.3111, -0.30195], [131.29663, -0.32889], [131.2836, -0.35], [131.25555, -0.38778], [131.25137, -0.39028], [131.16955, -0.33931], [131.10608, -0.33361], [131.03497, -0.36084], [130.97787, -0.36389], [130.94705, -0.345], [130.90136, -0.28], [130.87531, -0.25125], [130.79107, -0.21778], [130.71024, -0.09722], [130.68865, -0.08049], [130.61434, -0.0891], [130.62716, -0.1375], [130.72803, -0.24528], [130.82553, -0.29069], [130.88386, -0.30028], [130.91775, -0.32125], [130.94316, -0.36445], [130.93082, -0.39111], [130.9158, -0.40889], [130.88498, -0.42611], [130.8483, -0.44084], [130.84286, -0.44105], [130.8183, -0.44722], [130.79303, -0.45085], [130.75943, -0.45278]]], [[[122.70915, -4.61834], [122.73353, -4.64334], [122.74942, -4.74722], [122.76805, -4.875], [122.78027, -4.89695], [122.7754, -4.95556], [122.70776, -5.01445], [122.64638, -5.06757], [122.6002, -5.16847], [122.60443, -5.19555], [122.63165, -5.21695], [122.65735, -5.27611], [122.65637, -5.30361], [122.64359, -5.35236], [122.60276, -5.42271], [122.5486, -5.4375], [122.45471, -5.40389], [122.31192, -5.39208], [122.28471, -5.38174], [122.27374, -5.32778], [122.32249, -5.15361], [122.33763, -5.1184], [122.36567, -5.10375], [122.38805, -5.08834], [122.39694, -5.06847], [122.38971, -4.98361], [122.35748, -4.90306], [122.34832, -4.88153], [122.33117, -4.84903], [122.37422, -4.7559], [122.3961, -4.74361], [122.42124, -4.74389], [122.45582, -4.74084], [122.48693, -4.73445], [122.52158, -4.72243], [122.55317, -4.70403], [122.59055, -4.67278], [122.60415, -4.65757], [122.69831, -4.61187], [122.70915, -4.61834]]], [[[124.42493, -1.65712], [124.53055, -1.63611], [124.60804, -1.63528], [124.63527, -1.63528], [124.65694, -1.63778], [124.95525, -1.70097], [125.01152, -1.72097], [125.1187, -1.69177], [125.29074, -1.73326], [125.31845, -1.79014], [125.31998, -1.88743], [125.29804, -1.87986], [125.15957, -1.875], [125.05525, -1.89084], [125.0295, -1.90431], [125.0211, -1.93805], [124.99929, -1.94507], [124.96775, -1.93611], [124.92804, -1.92084], [124.85435, -1.89715], [124.78637, -1.91305], [124.7161, -1.94972], [124.69151, -1.96958], [124.57361, -2.0025], [124.52361, -2.01278], [124.40533, -2.01611], [124.32832, -1.8825], [124.32693, -1.82028], [124.36748, -1.695], [124.37692, -1.67708], [124.39513, -1.66285], [124.42493, -1.65712]]], [[[135.46085, -0.66243], [135.47913, -0.67215], [135.54602, -0.67819], [135.58274, -0.67445], [135.67088, -0.68868], [135.76444, -0.75097], [135.79532, -0.73215], [135.82025, -0.7075], [135.85164, -0.70347], [135.88955, -0.72556], [136.06484, -0.87416], [136.108, -0.94278], [136.19393, -1.06222], [136.2215, -1.06208], [136.26635, -1.04937], [136.36566, -1.09416], [136.38636, -1.11521], [136.33942, -1.15722], [136.31497, -1.17361], [136.26485, -1.19903], [136.15802, -1.22222], [136.12716, -1.22555], [136.09775, -1.22084], [136.07498, -1.20916], [136.04753, -1.18299], [136.01984, -1.17431], [135.99274, -1.17361], [135.96205, -1.17695], [135.91852, -1.1925], [135.88428, -1.18556], [135.83316, -1.13486], [135.78803, -0.95084], [135.78803, -0.92639], [135.7899, -0.89729], [135.76608, -0.84389], [135.7572, -0.82555], [135.72829, -0.82264], [135.62356, -0.87278], [135.60635, -0.85555], [135.53998, -0.79889], [135.51999, -0.78445], [135.48161, -0.77552], [135.48613, -0.80722], [135.46204, -0.7979], [135.42484, -0.76666], [135.40416, -0.74264], [135.36829, -0.66535], [135.38309, -0.6366], [135.46085, -0.66243]]], [[[128.14111, -1.58824], [128.15277, -1.60584], [128.15763, -1.61819], [128.15929, -1.64319], [128.15415, -1.66195], [128.14665, -1.67847], [128.13831, -1.68722], [128.12455, -1.69778], [128.09912, -1.71], [128.08969, -1.71416], [128.07885, -1.71695], [128.05887, -1.7175], [128.00333, -1.71139], [127.86165, -1.69639], [127.70624, -1.68931], [127.67804, -1.70028], [127.66971, -1.70584], [127.65582, -1.71972], [127.64027, -1.72792], [127.55721, -1.74139], [127.54415, -1.74222], [127.53334, -1.73945], [127.50388, -1.72778], [127.44081, -1.695], [127.43193, -1.69028], [127.39415, -1.65945], [127.38333, -1.64278], [127.37831, -1.63389], [127.37915, -1.62084], [127.38247, -1.60722], [127.39467, -1.57336], [127.39083, -1.54416], [127.40374, -1.48334], [127.42499, -1.44084], [127.4422, -1.42084], [127.46054, -1.43536], [127.55525, -1.37695], [127.58665, -1.35389], [127.6122, -1.33806], [127.62858, -1.33042], [127.6436, -1.32834], [127.68137, -1.33722], [127.72137, -1.34861], [127.87944, -1.42695], [128.11023, -1.56195], [128.14111, -1.58824]]], [[[134.12095, -6.17036], [134.19193, -6.22416], [134.2169, -6.23666], [134.27692, -6.29695], [134.2975, -6.30523], [134.30005, -6.31855], [134.28525, -6.33916], [134.30417, -6.3645], [134.33142, -6.38795], [134.39457, -6.41375], [134.42935, -6.44468], [134.45441, -6.44681], [134.46136, -6.45695], [134.51573, -6.5925], [134.51194, -6.60666], [134.49356, -6.64222], [134.47942, -6.65889], [134.45934, -6.67132], [134.43579, -6.68722], [134.40582, -6.71834], [134.34371, -6.80111], [134.35303, -6.80556], [134.36357, -6.80861], [134.36121, -6.81847], [134.32275, -6.85528], [134.20053, -6.92084], [134.18262, -6.92153], [134.06859, -6.82876], [134.0515, -6.77764], [134.05136, -6.76195], [134.09385, -6.52111], [134.12329, -6.44139], [134.12552, -6.34389], [134.12412, -6.29778], [134.12189, -6.28611], [134.11108, -6.24778], [134.10078, -6.2275], [134.09329, -6.21111], [134.09038, -6.19264], [134.10455, -6.17305], [134.12095, -6.17036]]], [[[125.97221, -7.65861], [126.01416, -7.67445], [126.10054, -7.70139], [126.18581, -7.72139], [126.33888, -7.69472], [126.35193, -7.68722], [126.37415, -7.67125], [126.38304, -7.65292], [126.41081, -7.63278], [126.48553, -7.59834], [126.54248, -7.58111], [126.61845, -7.565], [126.63039, -7.57347], [126.6322, -7.58861], [126.63039, -7.60334], [126.63527, -7.61222], [126.71928, -7.67166], [126.73442, -7.67361], [126.76583, -7.67222], [126.79055, -7.74972], [126.77665, -7.74972], [126.70888, -7.75305], [126.67331, -7.76181], [126.61151, -7.78222], [126.55935, -7.81916], [126.52527, -7.855], [126.51639, -7.86639], [126.50805, -7.87861], [126.50333, -7.8875], [126.41832, -7.93222], [126.27777, -7.91611], [126.13109, -7.88695], [126.11971, -7.88472], [126.06192, -7.88611], [125.99637, -7.89556], [125.92894, -7.91382], [125.89749, -7.94055], [125.84137, -7.98666], [125.80011, -8.01708], [125.78276, -8.02042], [125.77222, -8.00626], [125.81262, -7.85222], [125.91415, -7.73695], [125.97221, -7.65861]]], [[[123.55386, -1.305], [123.55386, -1.31889], [123.55275, -1.33111], [123.53235, -1.43222], [123.52512, -1.44208], [123.45401, -1.50632], [123.4104, -1.52264], [123.36136, -1.51416], [123.35665, -1.49834], [123.35386, -1.46666], [123.35054, -1.45639], [123.32194, -1.42264], [123.30998, -1.4175], [123.29776, -1.41889], [123.28874, -1.42361], [123.27304, -1.43876], [123.26749, -1.45028], [123.25525, -1.48611], [123.25249, -1.49695], [123.24553, -1.54472], [123.24498, -1.56472], [123.24694, -1.58334], [123.18151, -1.62403], [123.16401, -1.62306], [123.11845, -1.58972], [123.10915, -1.57834], [123.10999, -1.56555], [123.11706, -1.55556], [123.1336, -1.54458], [123.14902, -1.53597], [123.17811, -1.51368], [123.18332, -1.49819], [123.18193, -1.4825], [123.15738, -1.36755], [123.12915, -1.33111], [123.09555, -1.34889], [123.08805, -1.35861], [123.03901, -1.43625], [123.03096, -1.46424], [123.02026, -1.4825], [122.98804, -1.51889], [122.97499, -1.53334], [122.91665, -1.58472], [122.90678, -1.59181], [122.88874, -1.59576], [122.87345, -1.59278], [122.85971, -1.57916], [122.80567, -1.45445], [122.80359, -1.4325], [122.80359, -1.40639], [122.80359, -1.37916], [122.80582, -1.36], [122.83305, -1.28056], [122.8372, -1.27084], [122.84804, -1.25445], [122.89443, -1.19042], [122.90818, -1.18014], [122.92221, -1.17695], [123.18387, -1.14681], [123.19484, -1.15306], [123.23194, -1.20584], [123.23749, -1.21416], [123.23984, -1.22666], [123.22776, -1.24556], [123.21888, -1.25389], [123.19922, -1.26146], [123.19497, -1.2975], [123.23055, -1.39889], [123.25902, -1.38278], [123.3136, -1.30389], [123.33333, -1.26805], [123.33943, -1.25361], [123.35346, -1.23361], [123.37123, -1.22549], [123.40457, -1.22361], [123.45526, -1.23666], [123.53831, -1.27695], [123.55025, -1.28555], [123.55386, -1.305]]], [[[135.50504, -1.6004], [135.52081, -1.60945], [135.54248, -1.61472], [135.80915, -1.6375], [135.89832, -1.64416], [136.00247, -1.64834], [136.09079, -1.65306], [136.18332, -1.66055], [136.29358, -1.68861], [136.45886, -1.72166], [136.48759, -1.72084], [136.56637, -1.725], [136.70691, -1.73666], [136.80359, -1.7475], [136.81387, -1.75111], [136.83304, -1.75916], [136.89526, -1.78666], [136.90066, -1.79618], [136.87606, -1.82305], [136.86301, -1.82695], [136.83942, -1.82666], [136.6897, -1.85528], [136.54303, -1.90376], [136.45664, -1.89778], [136.21885, -1.87445], [136.07025, -1.84292], [135.98664, -1.81889], [135.95523, -1.79555], [135.93525, -1.78111], [135.87593, -1.75486], [135.7283, -1.71], [135.66944, -1.69834], [135.63025, -1.70166], [135.61801, -1.70305], [135.6044, -1.70305], [135.48358, -1.68319], [135.42122, -1.60882], [135.4751, -1.5925], [135.49469, -1.59639], [135.50504, -1.6004]]], [[[128.27665, 2.0173], [128.24802, 2.08916], [128.24524, 2.1], [128.22663, 2.24584], [128.23218, 2.30611], [128.29193, 2.41778], [128.30555, 2.43834], [128.34662, 2.48639], [128.43359, 2.57111], [128.45969, 2.58694], [128.56192, 2.63208], [128.57642, 2.6291], [128.68525, 2.47945], [128.69275, 2.45944], [128.69412, 2.44722], [128.69412, 2.43361], [128.69193, 2.415], [128.64554, 2.27889], [128.63998, 2.26361], [128.62635, 2.22945], [128.61996, 2.21528], [128.56857, 2.12194], [128.51215, 2.0566], [128.49802, 2.05], [128.46217, 2.04458], [128.44525, 2.04666], [128.41165, 2.04722], [128.39941, 2.04611], [128.38721, 2.04472], [128.33081, 2.03222], [128.27665, 2.0173]]], [[[124.47499, -8.13587], [124.50957, -8.13278], [124.54832, -8.13389], [124.57833, -8.13708], [124.67025, -8.17306], [124.85526, -8.17723], [124.91776, -8.1725], [124.9304, -8.16472], [125.08749, -8.15542], [125.09721, -8.16292], [125.13575, -8.22895], [125.13832, -8.25195], [125.13971, -8.32569], [125.12623, -8.34979], [125.10054, -8.35834], [125.05137, -8.37055], [125.0336, -8.37334], [124.81694, -8.40028], [124.60165, -8.43139], [124.42221, -8.47153], [124.35915, -8.46], [124.34915, -8.45278], [124.34193, -8.44305], [124.33512, -8.42542], [124.33527, -8.40973], [124.39818, -8.22542], [124.4536, -8.15084], [124.46763, -8.13569], [124.47499, -8.13587]]], [[[134.51617, -5.43644], [134.56906, -5.42937], [134.63177, -5.44889], [134.69275, -5.53028], [134.67914, -5.59278], [134.72107, -5.73695], [134.73523, -5.84666], [134.75525, -5.86084], [134.76004, -5.89334], [134.73024, -5.97708], [134.71415, -5.97875], [134.67969, -5.95785], [134.66301, -5.93695], [134.65343, -5.93278], [134.63022, -5.93486], [134.53201, -5.95778], [134.51284, -5.96234], [134.48945, -5.97149], [134.46606, -5.98369], [134.45387, -5.99183], [134.43761, -6.00148], [134.41777, -6.01064], [134.39643, -6.01876], [134.37965, -6.02385], [134.34412, -6.03055], [134.33108, -6.03], [134.30234, -6.02278], [134.30215, -5.91], [134.31745, -5.89778], [134.35855, -5.85278], [134.38096, -5.80674], [134.36603, -5.78806], [134.28343, -5.76584], [134.26691, -5.76916], [134.25537, -5.76778], [134.21521, -5.74305], [134.20631, -5.73486], [134.2041, -5.72319], [134.20911, -5.70403], [134.22749, -5.68319], [134.24062, -5.6775], [134.25439, -5.68084], [134.28385, -5.69306], [134.30966, -5.70805], [134.31799, -5.71361], [134.35993, -5.70611], [134.40716, -5.63306], [134.48304, -5.49195], [134.49362, -5.43729], [134.5072, -5.43334], [134.51617, -5.43644]]], [[[130.35055, -1.6802], [130.35523, -1.71056], [130.39221, -1.76611], [130.40246, -1.77639], [130.40802, -1.78472], [130.42636, -1.81416], [130.43221, -1.82542], [130.43637, -1.84195], [130.43567, -1.97472], [130.43053, -1.98334], [130.3815, -2.01097], [130.2283, -2.05584], [130.19177, -2.06376], [130.12079, -2.06611], [129.91193, -2.00389], [129.86191, -1.97861], [129.73691, -1.91278], [129.71795, -1.88819], [129.7251, -1.87472], [129.74105, -1.86334], [129.75177, -1.85681], [129.79107, -1.845], [129.82831, -1.83389], [129.95581, -1.78334], [129.97497, -1.77445], [129.98788, -1.76681], [130.0, -1.75742], [130.01331, -1.75111], [130.03803, -1.74139], [130.04885, -1.73861], [130.32303, -1.68111], [130.35055, -1.6802]]], [[[116.27105, -3.28525], [116.25805, -3.3625], [116.2561, -3.38111], [116.27165, -3.535], [116.29305, -3.62166], [116.30137, -3.66139], [116.31915, -3.76611], [116.30532, -3.90722], [116.15999, -4.01639], [116.14541, -4.02542], [116.11832, -4.03611], [116.08611, -4.04555], [116.05526, -4.04236], [116.05109, -4.03], [116.05109, -4.01639], [116.05443, -3.98555], [116.05998, -3.96361], [116.06554, -3.95528], [116.07721, -3.91111], [116.07582, -3.82889], [116.07373, -3.80708], [116.06694, -3.79], [116.04429, -3.77014], [116.03124, -3.75569], [116.02165, -3.73472], [116.01194, -3.71], [116.00722, -3.6875], [116.00665, -3.67445], [116.00722, -3.66139], [116.00861, -3.64916], [116.01277, -3.63278], [116.07249, -3.44472], [116.11415, -3.33584], [116.11832, -3.32639], [116.26013, -3.22445], [116.27318, -3.22778], [116.27665, -3.24834], [116.27105, -3.28525]]], [[[127.5313, -0.31035], [127.5718, -0.32145], [127.65665, -0.42319], [127.67915, -0.45889], [127.68415, -0.46778], [127.68332, -0.48084], [127.67165, -0.51166], [127.66609, -0.52334], [127.65248, -0.53416], [127.63527, -0.55139], [127.62581, -0.5625], [127.61748, -0.57472], [127.61276, -0.58361], [127.6086, -0.59389], [127.60386, -0.60972], [127.60248, -0.62542], [127.60721, -0.63778], [127.64915, -0.70431], [127.66609, -0.72], [127.68026, -0.72236], [127.68914, -0.71764], [127.70247, -0.70695], [127.71638, -0.70028], [127.78748, -0.69], [127.85124, -0.71861], [127.86165, -0.72889], [127.89575, -0.77792], [127.89249, -0.80778], [127.83832, -0.85639], [127.82666, -0.86528], [127.81525, -0.87181], [127.75388, -0.88861], [127.73985, -0.88542], [127.67499, -0.855], [127.65366, -0.82396], [127.60526, -0.76945], [127.53334, -0.80028], [127.4829, -0.82181], [127.47165, -0.82264], [127.45721, -0.81319], [127.44136, -0.78778], [127.43747, -0.77834], [127.43525, -0.76666], [127.43387, -0.7475], [127.40235, -0.62278], [127.37054, -0.59292], [127.30262, -0.51681], [127.28998, -0.47806], [127.28928, -0.45785], [127.32013, -0.34305], [127.35915, -0.32876], [127.37013, -0.33014], [127.40165, -0.35695], [127.41193, -0.36722], [127.48055, -0.35195], [127.5313, -0.31035]]], [[[96.48413, 2.37111], [96.48177, 2.36472], [96.47052, 2.35889], [96.43219, 2.34305], [96.41498, 2.33972], [96.33213, 2.35257], [96.31414, 2.36361], [96.3094, 2.3725], [96.29775, 2.40055], [96.2965, 2.42195], [96.0594, 2.57861], [96.03192, 2.5925], [96.0222, 2.59639], [95.87775, 2.64361], [95.86191, 2.64861], [95.81886, 2.65472], [95.70219, 2.76694], [95.69551, 2.78055], [95.69169, 2.80181], [95.69692, 2.81889], [95.70497, 2.83111], [95.79038, 2.93695], [95.87358, 2.92305], [95.88332, 2.91889], [95.89511, 2.91028], [95.90775, 2.89555], [95.91414, 2.88111], [95.9783, 2.795], [95.99635, 2.77778], [96.01275, 2.76694], [96.02915, 2.76278], [96.04914, 2.76222], [96.07942, 2.76007], [96.10107, 2.7525], [96.11359, 2.74444], [96.12358, 2.73416], [96.16275, 2.68278], [96.21359, 2.63055], [96.29303, 2.57334], [96.3472, 2.53834], [96.40385, 2.51834], [96.43135, 2.50334], [96.45886, 2.46222], [96.45941, 2.43555], [96.47108, 2.40194], [96.48413, 2.37111]]], [[[108.06157, 3.85186], [108.05345, 3.86084], [108.03137, 3.90389], [108.00471, 3.95916], [107.99165, 4.02416], [108.02567, 4.06555], [108.03499, 4.07], [108.05832, 4.07069], [108.06845, 4.0775], [108.16304, 4.17305], [108.18166, 4.19639], [108.25139, 4.18], [108.25417, 4.14861], [108.25776, 4.13139], [108.27026, 4.10319], [108.36345, 4.01166], [108.39055, 3.99069], [108.39749, 3.97694], [108.40665, 3.87277], [108.39388, 3.82722], [108.39055, 3.81695], [108.38443, 3.80278], [108.3211, 3.68264], [108.3111, 3.67542], [108.17887, 3.6475], [108.1172, 3.67611], [108.09444, 3.69472], [108.09999, 3.70625], [108.12886, 3.74334], [108.17192, 3.77805], [108.18776, 3.78972], [108.20139, 3.79639], [108.16526, 3.81778], [108.06157, 3.85186]]], [[[134.47827, -5.98877], [134.48996, -5.98369], [134.50928, -5.97606], [134.52656, -5.97047], [134.60715, -5.95278], [134.6423, -5.94965], [134.72996, -6.03472], [134.74829, -6.06055], [134.75387, -6.06889], [134.76694, -6.09], [134.77026, -6.10347], [134.74496, -6.23916], [134.74078, -6.24861], [134.71885, -6.295], [134.70801, -6.31139], [134.69357, -6.32416], [134.67358, -6.33861], [134.60552, -6.36958], [134.54901, -6.35486], [134.53857, -6.34472], [134.52777, -6.32834], [134.49356, -6.29416], [134.42832, -6.26639], [134.39749, -6.25958], [134.33455, -6.22472], [134.28775, -6.15861], [134.26853, -6.11493], [134.27136, -6.1], [134.28443, -6.06111], [134.29275, -6.04889], [134.31276, -6.04195], [134.36664, -6.03666], [134.42387, -6.01775], [134.44522, -6.00758], [134.47827, -5.98877]]], [[[130.89935, -0.89145], [130.9333, -0.93625], [130.99661, -0.9275], [131.0061, -0.92361], [131.01547, -0.91827], [131.03476, -0.91208], [131.07467, -0.97278], [131.0719, -1.08389], [131.0672, -1.11334], [131.0383, -1.23945], [131.03443, -1.24889], [131.00137, -1.32555], [130.99661, -1.33472], [130.98427, -1.34972], [130.96136, -1.35695], [130.87466, -1.34084], [130.83609, -1.31334], [130.75644, -1.24243], [130.74579, -1.21889], [130.73608, -1.18445], [130.70523, -1.14], [130.69299, -1.12276], [130.71338, -1.09153], [130.71024, -1.07778], [130.69775, -1.04889], [130.67595, -1.01195], [130.65428, -1.00611], [130.64358, -0.99972], [130.6393, -0.98695], [130.64325, -0.97264], [130.66415, -0.96111], [130.82385, -0.90834], [130.84442, -0.90166], [130.86023, -0.89666], [130.88415, -0.89334], [130.89935, -0.89145]]], [[[103.00657, 0.69273], [102.94274, 0.7575], [102.93525, 0.76416], [102.92691, 0.76972], [102.90913, 0.77945], [102.88997, 0.7875], [102.87413, 0.7925], [102.8558, 0.79444], [102.69274, 0.79861], [102.6722, 0.79861], [102.65497, 0.795], [102.6308, 0.78472], [102.61995, 0.78195], [102.57469, 0.7725], [102.55496, 0.77195], [102.54385, 0.77445], [102.50081, 0.79305], [102.48026, 0.80666], [102.46164, 0.8225], [102.41275, 0.86736], [102.40608, 0.87805], [102.41025, 0.8875], [102.43676, 0.92444], [102.4494, 0.93084], [102.48635, 0.93153], [102.49733, 0.94097], [102.50081, 0.95472], [102.50137, 0.96778], [102.49719, 0.98416], [102.49107, 0.99861], [102.47414, 1.03639], [102.46719, 1.05], [102.46664, 1.08361], [102.46775, 1.09584], [102.46997, 1.1075], [102.4733, 1.11778], [102.48684, 1.13166], [102.50833, 1.13778], [102.52191, 1.13778], [102.5383, 1.13361], [102.55496, 1.1225], [102.57831, 1.09805], [102.61497, 1.04428], [102.60495, 1.01689], [102.62423, 0.99414], [102.64699, 0.99066], [102.71488, 1.01381], [102.76053, 1.01028], [102.78305, 0.99861], [102.88803, 0.93903], [102.92497, 0.91444], [103.01136, 0.85], [103.03011, 0.83458], [103.04246, 0.81597], [103.04885, 0.79861], [103.05156, 0.78606], [103.05246, 0.78416], [103.05302, 0.77111], [103.05246, 0.75805], [103.04885, 0.73416], [103.03857, 0.71014], [103.02365, 0.69611], [103.00859, 0.69222], [103.00657, 0.69273]]], [[[101.77429, 1.9395], [101.73108, 1.885], [101.72775, 1.87472], [101.72635, 1.8625], [101.72845, 1.84055], [101.73053, 1.82555], [101.73192, 1.80639], [101.72816, 1.79292], [101.71815, 1.77889], [101.65663, 1.72945], [101.64413, 1.72139], [101.63053, 1.71444], [101.61415, 1.71028], [101.60164, 1.70916], [101.57415, 1.70916], [101.5558, 1.71111], [101.54469, 1.71389], [101.49191, 1.72945], [101.47011, 1.74181], [101.46054, 1.75278], [101.44746, 1.77069], [101.44094, 1.78458], [101.39372, 1.91555], [101.39331, 1.92555], [101.39845, 1.99222], [101.40442, 2.01722], [101.4097, 2.03222], [101.42455, 2.05181], [101.44135, 2.0625], [101.45581, 2.06861], [101.61607, 2.11528], [101.64205, 2.12], [101.6572, 2.11778], [101.66803, 2.11528], [101.67984, 2.10972], [101.69969, 2.09194], [101.77247, 1.99334], [101.77747, 1.97444], [101.77518, 1.94132], [101.77429, 1.9395]]], [[[122.85631, -10.75975], [122.93304, -10.7375], [123.07527, -10.68125], [123.08527, -10.67084], [123.18248, -10.58584], [123.25999, -10.52195], [123.3765, -10.43778], [123.39096, -10.43806], [123.39777, -10.44972], [123.40387, -10.59666], [123.39444, -10.68416], [123.31972, -10.69972], [123.26971, -10.73139], [123.2336, -10.78708], [123.21846, -10.80916], [123.19832, -10.82305], [123.18858, -10.82695], [123.17637, -10.82834], [123.1647, -10.82639], [123.15027, -10.82028], [123.13499, -10.81931], [122.9986, -10.85903], [122.96263, -10.8775], [122.95479, -10.89222], [122.84886, -10.92965], [122.8304, -10.92334], [122.82222, -10.91111], [122.80915, -10.80695], [122.80928, -10.78778], [122.83998, -10.76584], [122.84887, -10.76111], [122.85631, -10.75975]]], [[[123.4061, -8.59695], [123.37581, -8.5725], [123.30165, -8.55472], [123.2868, -8.55695], [123.23157, -8.55139], [123.21901, -8.53201], [123.35386, -8.41472], [123.36693, -8.40695], [123.38694, -8.39889], [123.40721, -8.39223], [123.43942, -8.38334], [123.45665, -8.37334], [123.46989, -8.35511], [123.47535, -8.34536], [123.47075, -8.33269], [123.46748, -8.31889], [123.42025, -8.31278], [123.40665, -8.31278], [123.39499, -8.315], [123.36179, -8.31584], [123.36415, -8.30472], [123.39083, -8.28361], [123.40248, -8.275], [123.41499, -8.27], [123.52637, -8.24292], [123.54971, -8.24778], [123.55887, -8.25389], [123.56192, -8.26778], [123.55735, -8.28639], [123.54235, -8.30195], [123.52976, -8.33105], [123.52465, -8.3476], [123.54263, -8.37292], [123.55609, -8.37666], [123.58221, -8.37805], [123.59658, -8.37368], [123.63832, -8.29916], [123.77748, -8.19222], [123.78762, -8.18472], [123.79791, -8.18139], [123.91915, -8.22806], [123.93247, -8.23548], [123.94151, -8.25625], [123.93609, -8.26778], [123.91915, -8.27834], [123.89943, -8.28584], [123.85193, -8.29306], [123.76443, -8.32722], [123.66693, -8.43278], [123.5361, -8.56695], [123.45387, -8.56972], [123.4061, -8.59695]]], [[[125.41585, -1.78388], [125.41638, -1.7875], [125.42054, -1.79695], [125.43567, -1.80597], [125.65359, -1.82445], [125.69331, -1.82166], [125.72929, -1.81472], [125.74832, -1.80028], [125.76083, -1.79597], [125.92165, -1.79], [125.98859, -1.78889], [126.01888, -1.79], [126.05026, -1.79278], [126.15665, -1.80722], [126.27165, -1.81555], [126.33693, -1.8175], [126.34887, -1.81986], [126.34583, -1.82986], [126.33415, -1.84222], [126.28804, -1.86472], [126.26416, -1.875], [126.25249, -1.87722], [125.98055, -1.90778], [125.82693, -1.9175], [125.46666, -1.94], [125.4397, -1.93111], [125.34763, -1.88361], [125.34012, -1.87069], [125.3354, -1.84347], [125.33971, -1.82222], [125.34721, -1.80945], [125.37609, -1.77986], [125.40999, -1.77472], [125.41585, -1.78388]]], [[[104.66689, 1.02383], [104.64552, 0.98972], [104.62358, 0.90889], [104.59525, 0.82424], [104.58331, 0.81916], [104.56052, 0.82444], [104.53525, 0.83361], [104.5258, 0.8375], [104.48246, 0.85611], [104.48802, 0.91916], [104.42302, 0.97472], [104.37163, 1.01444], [104.31607, 1.0], [104.30025, 0.99861], [104.27831, 1.00055], [104.25192, 1.00514], [104.23885, 1.01771], [104.23136, 1.085], [104.24274, 1.09916], [104.33511, 1.17528], [104.40872, 1.19681], [104.5347, 1.17666], [104.64219, 1.10416], [104.6497, 1.09445], [104.66219, 1.06584], [104.66747, 1.05055], [104.66969, 1.03569], [104.66689, 1.02383]]], [[[102.47744, 1.20605], [102.45137, 1.13084], [102.44483, 1.10653], [102.44662, 1.05611], [102.44858, 1.04444], [102.45275, 1.02805], [102.46164, 1.00278], [102.46581, 0.99305], [102.46885, 0.97916], [102.46511, 0.96298], [102.39761, 0.925], [102.38359, 0.92194], [102.37329, 0.92528], [102.28497, 1.00889], [102.27469, 1.01916], [102.26442, 1.02945], [102.25941, 1.03834], [102.23927, 1.07639], [102.23135, 1.09916], [102.20192, 1.27889], [102.20137, 1.29194], [102.20442, 1.39084], [102.21095, 1.40361], [102.23413, 1.41111], [102.2458, 1.41305], [102.25887, 1.41389], [102.27747, 1.41166], [102.28899, 1.40624], [102.30191, 1.39528], [102.46025, 1.25222], [102.46913, 1.24055], [102.47628, 1.22528], [102.47803, 1.20834], [102.47744, 1.20605]]], [[[109.75638, -1.03252], [109.75472, -1.09542], [109.76277, -1.11292], [109.77609, -1.12764], [109.77582, -1.14236], [109.66582, -1.21056], [109.50235, -1.29722], [109.48595, -1.30139], [109.46721, -1.29695], [109.45833, -1.29222], [109.44583, -1.28389], [109.42943, -1.27278], [109.41859, -1.26334], [109.4136, -1.25445], [109.41638, -1.24361], [109.42331, -1.22306], [109.43637, -1.19472], [109.44109, -1.17916], [109.44831, -1.11972], [109.45193, -1.06528], [109.45193, -1.05166], [109.44942, -1.04055], [109.49248, -0.97972], [109.58305, -0.97556], [109.62379, -0.98484], [109.67381, -1.00825], [109.71165, -0.98778], [109.73873, -1.00195], [109.74803, -1.01334], [109.75638, -1.03252]]], [[[102.49525, 1.43634], [102.49663, 1.35361], [102.50428, 1.29597], [102.50554, 1.28028], [102.5022, 1.26653], [102.49191, 1.25972], [102.4808, 1.26222], [102.46165, 1.27389], [102.42385, 1.30834], [102.37885, 1.35278], [102.34998, 1.38639], [102.33316, 1.40389], [102.30885, 1.42055], [102.28969, 1.42889], [102.27385, 1.43361], [102.26219, 1.43555], [102.24998, 1.43694], [102.21581, 1.43694], [102.1958, 1.43778], [102.17108, 1.44055], [102.14775, 1.44472], [102.13748, 1.44805], [102.1183, 1.45611], [102.10052, 1.46584], [102.08886, 1.47472], [102.05801, 1.50555], [102.04496, 1.52], [102.02441, 1.5475], [102.0136, 1.56444], [102.00386, 1.58222], [101.99913, 1.59111], [101.99407, 1.60695], [102.00942, 1.61986], [102.03691, 1.62334], [102.05608, 1.62194], [102.06636, 1.61861], [102.08081, 1.6125], [102.11982, 1.59334], [102.13135, 1.58778], [102.16302, 1.57805], [102.19635, 1.57055], [102.24303, 1.5625], [102.28858, 1.55597], [102.3322, 1.555], [102.34304, 1.55222], [102.43496, 1.5275], [102.44441, 1.52334], [102.45831, 1.51666], [102.46664, 1.51111], [102.47803, 1.50222], [102.48358, 1.49389], [102.48915, 1.47889], [102.49565, 1.44778], [102.49525, 1.43634]]], [[[121.98135, -5.08111], [122.02388, -5.15639], [122.05998, -5.23195], [122.05358, -5.42472], [122.0486, -5.45028], [122.04359, -5.46], [122.03194, -5.46889], [122.01972, -5.47347], [121.9618, -5.47666], [121.8647, -5.35972], [121.81609, -5.28875], [121.80831, -5.26916], [121.81234, -5.22222], [121.85582, -5.10361], [121.86137, -5.09208], [121.86971, -5.08334], [121.8936, -5.06611], [121.91067, -5.05931], [121.96998, -5.07125], [121.98135, -5.08111]]], [[[126.74971, 3.98389], [126.7, 3.99584], [126.69054, 4.07], [126.71152, 4.08292], [126.73221, 4.10555], [126.78902, 4.21264], [126.78887, 4.23639], [126.77693, 4.24722], [126.73804, 4.25861], [126.71928, 4.26125], [126.70972, 4.27055], [126.69275, 4.32611], [126.69026, 4.35972], [126.72136, 4.50305], [126.72527, 4.51416], [126.74186, 4.53979], [126.77499, 4.53639], [126.81554, 4.52666], [126.86041, 4.48611], [126.91582, 4.27584], [126.91249, 4.26166], [126.87053, 4.20805], [126.80386, 4.04527], [126.79637, 4.02084], [126.76222, 3.98736], [126.74971, 3.98389]]], [[[100.45943, -3.33389], [100.44123, -3.32445], [100.42775, -3.31055], [100.36887, -3.24084], [100.33527, -3.20028], [100.33805, -3.17972], [100.34082, -3.13542], [100.3361, -3.11958], [100.32444, -3.10722], [100.30012, -3.08376], [100.24694, -3.04916], [100.20247, -2.99222], [100.19136, -2.97584], [100.18595, -2.96361], [100.17401, -2.80792], [100.18012, -2.79695], [100.19748, -2.78695], [100.21471, -2.78014], [100.23248, -2.77876], [100.24359, -2.78361], [100.25525, -2.7925], [100.35109, -2.88889], [100.37109, -2.91028], [100.46471, -3.015], [100.46971, -3.02389], [100.47304, -3.03416], [100.47638, -3.10584], [100.47484, -3.12139], [100.46144, -3.13361], [100.42317, -3.14076], [100.40325, -3.13493], [100.37998, -3.15166], [100.39833, -3.19361], [100.42025, -3.23334], [100.43665, -3.25778], [100.45193, -3.27028], [100.47165, -3.29819], [100.47832, -3.31556], [100.47415, -3.32805], [100.45943, -3.33389]]], [[[104.92943, -0.33416], [104.85609, -0.30889], [104.84776, -0.30334], [104.79721, -0.265], [104.73922, -0.21986], [104.70693, -0.21055], [104.68387, -0.21084], [104.66137, -0.21555], [104.64777, -0.2225], [104.59915, -0.24916], [104.54221, -0.27195], [104.52749, -0.27361], [104.44289, -0.2225], [104.43525, -0.21305], [104.43248, -0.20195], [104.43178, -0.18695], [104.43734, -0.17861], [104.44832, -0.17584], [104.45845, -0.1725], [104.48081, -0.15361], [104.50664, -0.12111], [104.51483, -0.10528], [104.51554, -0.07528], [104.51331, -0.04972], [104.51331, -0.03611], [104.51469, -0.01695], [104.51747, -0.00611], [104.52498, 0.01042], [104.53803, 0.01722], [104.57581, 0.0125], [104.605, 0.0], [104.61469, -0.00528], [104.62302, -0.01084], [104.65385, -0.03472], [104.67108, -0.05195], [104.73886, -0.13486], [104.82026, -0.19361], [104.88889, -0.19361], [104.91915, -0.23222], [104.9272, -0.27861], [104.92943, -0.33416]]], [[[103.08307, 0.83715], [102.94412, 0.93555], [102.81607, 1.0], [102.76155, 1.02963], [102.72723, 1.03464], [102.69274, 1.02334], [102.65775, 1.05416], [102.70081, 1.13416], [102.71261, 1.15], [102.73026, 1.15972], [102.74191, 1.16166], [102.78305, 1.16166], [102.8008, 1.15889], [102.8119, 1.15611], [102.8222, 1.15278], [102.86746, 1.13639], [102.88665, 1.12805], [102.95637, 1.0945], [102.97025, 1.08764], [103.03719, 1.03778], [103.05107, 1.02389], [103.09455, 0.97847], [103.15663, 0.90334], [103.16553, 0.89166], [103.17039, 0.87945], [103.16899, 0.86153], [103.1656, 0.85384], [103.149, 0.83889], [103.13748, 0.83361], [103.12635, 0.83084], [103.1133, 0.83], [103.10106, 0.83139], [103.08525, 0.83611], [103.08307, 0.83715]]], [[[104.48521, -0.34801], [104.52735, -0.37084], [104.58472, -0.44389], [104.59275, -0.45611], [104.59636, -0.46986], [104.5936, -0.48445], [104.50444, -0.62125], [104.49345, -0.62695], [104.34471, -0.58361], [104.25012, -0.47472], [104.27693, -0.41028], [104.28623, -0.39555], [104.32222, -0.37334], [104.46609, -0.33889], [104.47693, -0.34166], [104.48521, -0.34801]]], [[[123.9808, -8.34278], [123.98831, -8.33666], [124.0372, -8.31028], [124.0486, -8.30805], [124.07179, -8.3125], [124.07693, -8.32111], [124.07747, -8.34055], [124.10637, -8.37195], [124.1536, -8.32375], [124.18304, -8.285], [124.20833, -8.2425], [124.24387, -8.19611], [124.25568, -8.18403], [124.27249, -8.18097], [124.28234, -8.18472], [124.29401, -8.19681], [124.29984, -8.20819], [124.30304, -8.22195], [124.29665, -8.30805], [124.29471, -8.31972], [124.29055, -8.32916], [124.18581, -8.49666], [124.16249, -8.52778], [124.14804, -8.54069], [124.12553, -8.55223], [124.11525, -8.55555], [124.06998, -8.55792], [124.04886, -8.54479], [124.04929, -8.525], [124.0522, -8.50416], [124.05005, -8.48403], [124.03305, -8.45528], [124.01763, -8.43666], [124.00583, -8.43111], [123.99109, -8.43278], [123.98082, -8.43639], [123.96401, -8.44666], [123.94971, -8.45972], [123.93429, -8.46819], [123.9229, -8.46708], [123.9111, -8.45861], [123.90686, -8.44605], [123.965, -8.35695], [123.97527, -8.34666], [123.9808, -8.34278]]], [[[128.03637, -3.59306], [128.08414, -3.58611], [128.18775, -3.56416], [128.20233, -3.55166], [128.22189, -3.53695], [128.23677, -3.52778], [128.27609, -3.51153], [128.29804, -3.50972], [128.33823, -3.51896], [128.34677, -3.53278], [128.33969, -3.61695], [128.33496, -3.62584], [128.2822, -3.68806], [128.23495, -3.72972], [128.13361, -3.77222], [128.11774, -3.77695], [128.09599, -3.77451], [128.13971, -3.73055], [128.20081, -3.675], [128.21024, -3.66416], [128.21336, -3.6491], [128.19705, -3.64216], [128.08359, -3.71139], [128.00137, -3.76611], [127.98554, -3.77431], [127.95645, -3.77625], [127.94246, -3.77139], [127.92692, -3.75958], [127.91832, -3.74084], [127.91555, -3.72972], [127.91415, -3.70389], [127.91638, -3.69222], [127.92443, -3.68], [127.93692, -3.66472], [127.95, -3.65055], [127.96817, -3.63445], [128.0047, -3.60945], [128.03082, -3.59445], [128.03637, -3.59306]]], [[[138.82303, -8.17306], [138.83469, -8.20916], [138.89636, -8.34334], [138.90442, -8.35556], [138.9086, -8.365], [138.90997, -8.38445], [138.89859, -8.40535], [138.88525, -8.4125], [138.87024, -8.41472], [138.84693, -8.41389], [138.79554, -8.41055], [138.73996, -8.40445], [138.57762, -8.37597], [138.55705, -8.36584], [138.54483, -8.34736], [138.54471, -8.33306], [138.54943, -8.32097], [138.70718, -8.18334], [138.80582, -8.15542], [138.81906, -8.15834], [138.82303, -8.17306]]], [[[123.0461, -3.97862], [123.07916, -4.00472], [123.08859, -4.00889], [123.10929, -4.01222], [123.1236, -4.00945], [123.14221, -4.00056], [123.17443, -3.99166], [123.19497, -3.99166], [123.20902, -3.99819], [123.23665, -4.03195], [123.24498, -4.04445], [123.25388, -4.06278], [123.25665, -4.07361], [123.25805, -4.09278], [123.25159, -4.11563], [123.16095, -4.23542], [123.14624, -4.24271], [123.07916, -4.23972], [123.06749, -4.23778], [123.03305, -4.20361], [123.01638, -4.18625], [122.96527, -4.11681], [122.95776, -4.10028], [122.95499, -4.08945], [122.9536, -4.04708], [123.00818, -3.98645], [123.02693, -3.97805], [123.03998, -3.97722], [123.0461, -3.97862]]], [[[133.18249, -5.30976], [133.18872, -5.32556], [133.18984, -5.3375], [133.18665, -5.35139], [133.12912, -5.54028], [133.11191, -5.59166], [133.10718, -5.60056], [133.09882, -5.61278], [133.08105, -5.62916], [133.06882, -5.63722], [133.04605, -5.64889], [133.03175, -5.65834], [133.01035, -5.68416], [133.00301, -5.69316], [132.96384, -5.75111], [132.95715, -5.76472], [132.94882, -5.7975], [132.94745, -5.80972], [132.94814, -5.82611], [132.95355, -5.83778], [132.95578, -5.84945], [132.95508, -5.86569], [132.8494, -6.00334], [132.83954, -6.00028], [132.83915, -5.98222], [132.87131, -5.87916], [132.8844, -5.83778], [132.93192, -5.6925], [132.93802, -5.67805], [132.95163, -5.65778], [132.96327, -5.64542], [132.97549, -5.64056], [132.98588, -5.62555], [133.01735, -5.55195], [133.10581, -5.32139], [133.11414, -5.30222], [133.12329, -5.29445], [133.13803, -5.29222], [133.1572, -5.29334], [133.17095, -5.29695], [133.18249, -5.30976]]], [[[100.20302, -2.75893], [100.19497, -2.76028], [100.17554, -2.76861], [100.15776, -2.77805], [100.1461, -2.78695], [100.14179, -2.79972], [100.13825, -2.82201], [100.0311, -2.84195], [100.01597, -2.83903], [100.00875, -2.82916], [99.98943, -2.75222], [99.96111, -2.55166], [99.96609, -2.50972], [99.97387, -2.49653], [99.98443, -2.48986], [99.99512, -2.49028], [100.00583, -2.49695], [100.15957, -2.62931], [100.18997, -2.66722], [100.20638, -2.69195], [100.21054, -2.70139], [100.21415, -2.71861], [100.21512, -2.75319], [100.20302, -2.75893]]], [[[129.63217, -7.79857], [129.67054, -7.79166], [129.68567, -7.78972], [129.70135, -7.79111], [129.81997, -7.82305], [129.84253, -7.84126], [129.86273, -7.91166], [129.86245, -7.92416], [129.85773, -7.93639], [129.84662, -7.95278], [129.77721, -8.05347], [129.76721, -8.06042], [129.75484, -8.06042], [129.69455, -8.04292], [129.67609, -8.02723], [129.61023, -7.94305], [129.59247, -7.92], [129.58414, -7.90778], [129.57608, -7.88542], [129.58496, -7.84334], [129.59052, -7.82166], [129.59691, -7.81111], [129.6069, -7.80389], [129.61913, -7.79931], [129.63217, -7.79857]]], [[[120.49561, -5.7872], [120.49443, -5.82472], [120.5211, -5.87305], [120.54915, -5.96166], [120.55942, -6.00611], [120.56137, -6.02792], [120.53568, -6.25445], [120.50388, -6.42708], [120.47991, -6.48222], [120.47304, -6.47472], [120.46138, -6.39361], [120.45999, -6.37806], [120.46887, -6.34278], [120.47165, -6.325], [120.47165, -6.30445], [120.44497, -6.16084], [120.44081, -6.03195], [120.44026, -5.93166], [120.44026, -5.91139], [120.44915, -5.84528], [120.45526, -5.81722], [120.46277, -5.79056], [120.47387, -5.77105], [120.48735, -5.76958], [120.49443, -5.77972], [120.49561, -5.7872]]], [[[99.85915, -2.37649], [99.82749, -2.35097], [99.77887, -2.34139], [99.73221, -2.325], [99.72331, -2.32028], [99.60555, -2.25389], [99.5686, -2.22014], [99.53082, -2.15861], [99.52665, -2.14556], [99.54359, -2.05542], [99.57263, -2.02639], [99.58222, -2.02222], [99.61026, -2.01611], [99.6254, -2.01542], [99.63638, -2.02166], [99.68498, -2.06876], [99.69386, -2.08056], [99.70082, -2.09416], [99.70694, -2.11556], [99.71041, -2.14278], [99.71527, -2.155], [99.74193, -2.19695], [99.77332, -2.24084], [99.80345, -2.27139], [99.81526, -2.28528], [99.82887, -2.30584], [99.84665, -2.33584], [99.85902, -2.36805], [99.85915, -2.37649]]], [[[125.95915, -1.97855], [125.97304, -1.98861], [125.99039, -2.00208], [126.00026, -2.01611], [126.00249, -2.02778], [126.00166, -2.04084], [125.99832, -2.05111], [125.99081, -2.07084], [125.97832, -2.09972], [125.97084, -2.12639], [125.96887, -2.145], [125.96915, -2.16166], [125.9736, -2.18111], [125.97693, -2.19139], [125.9861, -2.21], [125.99971, -2.23056], [126.01694, -2.26195], [126.0868, -2.42139], [126.0868, -2.43389], [126.07999, -2.45778], [126.06956, -2.47493], [126.05345, -2.48278], [126.03998, -2.47972], [126.00916, -2.4625], [125.99887, -2.45222], [125.98194, -2.42834], [125.96706, -2.40542], [125.96193, -2.38666], [125.95915, -2.36139], [125.9586, -2.33445], [125.95721, -2.32222], [125.95444, -2.31111], [125.94748, -2.29084], [125.94136, -2.27639], [125.93055, -2.26], [125.91805, -2.24472], [125.90776, -2.23472], [125.89582, -2.21569], [125.86193, -2.08666], [125.85999, -2.07166], [125.86387, -2.05528], [125.87025, -2.04084], [125.88527, -2.00805], [125.89999, -1.985], [125.92082, -1.97153], [125.93275, -1.97055], [125.95485, -1.97597], [125.95915, -1.97855]]], [[[125.88081, 3.36194], [125.86638, 3.37695], [125.79165, 3.41222], [125.73526, 3.5225], [125.66693, 3.63194], [125.64527, 3.65847], [125.64334, 3.68028], [125.64861, 3.7], [125.66046, 3.71569], [125.67386, 3.72416], [125.68581, 3.7275], [125.72971, 3.7225], [125.7511, 3.71445], [125.76138, 3.7075], [125.77805, 3.69305], [125.78943, 3.68278], [125.91207, 3.48916], [125.91977, 3.42174], [125.89665, 3.37834], [125.88541, 3.36334], [125.88081, 3.36194]]], [[[123.09081, -8.28574], [123.14888, -8.24639], [123.1586, -8.2425], [123.21749, -8.23361], [123.25999, -8.23903], [123.34116, -8.26639], [123.34665, -8.28347], [123.32916, -8.365], [123.32541, -8.37819], [123.31609, -8.39278], [123.30386, -8.40111], [123.29359, -8.40445], [123.2811, -8.40584], [123.08805, -8.41528], [123.01755, -8.41], [123.01679, -8.37528], [123.02083, -8.3625], [123.03859, -8.3325], [123.04695, -8.32028], [123.06805, -8.30056], [123.08333, -8.28861], [123.09081, -8.28574]]], [[[98.50221, -0.46639], [98.50166, -0.53972], [98.37747, -0.57056], [98.3261, -0.53972], [98.32415, -0.52], [98.36665, -0.36084], [98.37331, -0.34722], [98.42318, -0.24958], [98.43332, -0.24681], [98.44345, -0.25056], [98.45166, -0.25945], [98.46471, -0.28084], [98.48387, -0.31639], [98.51194, -0.37055], [98.51194, -0.4225], [98.50221, -0.46639]]], [[[127.24327, -0.26777], [127.25916, -0.28416], [127.28082, -0.38111], [127.26389, -0.465], [127.25402, -0.49764], [127.20915, -0.52055], [127.19971, -0.52472], [127.18304, -0.52889], [127.15915, -0.53222], [127.11637, -0.525], [127.10694, -0.49945], [127.10567, -0.29445], [127.13388, -0.27111], [127.14334, -0.26722], [127.15443, -0.26445], [127.19609, -0.25806], [127.21527, -0.25666], [127.23595, -0.2575], [127.24327, -0.26777]]], [[[132.73855, -5.67885], [132.80441, -5.7975], [132.80873, -5.81], [132.80915, -5.83361], [132.80774, -5.84584], [132.80441, -5.86305], [132.78207, -5.92597], [132.77485, -5.93584], [132.73945, -5.95021], [132.69193, -5.93528], [132.66665, -5.91], [132.66525, -5.89778], [132.6658, -5.86028], [132.66944, -5.83834], [132.65637, -5.71361], [132.64108, -5.67695], [132.62885, -5.63445], [132.63498, -5.61611], [132.69955, -5.59764], [132.73218, -5.65278], [132.73578, -5.66306], [132.73855, -5.67885]]], [[[104.15305, 1.13536], [104.15165, 1.11639], [104.13886, 1.04764], [104.09025, 0.99069], [104.07833, 0.98555], [104.03096, 0.98222], [103.96666, 1.00416], [103.95694, 1.00805], [103.94052, 1.01916], [103.92552, 1.03139], [103.91996, 1.03972], [103.90088, 1.08958], [103.9397, 1.12472], [104.01443, 1.17195], [104.08441, 1.18555], [104.09607, 1.18778], [104.10913, 1.18695], [104.11942, 1.18361], [104.13304, 1.17666], [104.14526, 1.16166], [104.15082, 1.14666], [104.15305, 1.13536]]], [[[103.72115, -0.27244], [103.73082, -0.27945], [103.75186, -0.29937], [103.75972, -0.31222], [103.76361, -0.32195], [103.76611, -0.33584], [103.76165, -0.34861], [103.75278, -0.35334], [103.61609, -0.39], [103.54721, -0.38361], [103.53554, -0.38166], [103.46361, -0.36722], [103.45359, -0.35986], [103.48055, -0.29805], [103.49637, -0.2725], [103.51249, -0.25097], [103.5293, -0.23695], [103.53831, -0.23222], [103.55775, -0.22764], [103.62331, -0.23361], [103.63361, -0.23695], [103.72115, -0.27244]]], [[[115.29333, -6.83879], [115.31667, -6.83945], [115.32887, -6.83945], [115.34943, -6.83945], [115.39526, -6.84166], [115.43304, -6.845], [115.46193, -6.85056], [115.48581, -6.86055], [115.53526, -6.88639], [115.56012, -6.9025], [115.57048, -6.92111], [115.56388, -6.93958], [115.54658, -6.95069], [115.50166, -6.9375], [115.46582, -6.92472], [115.44359, -6.91611], [115.38638, -6.91222], [115.34207, -6.93764], [115.34804, -6.94639], [115.35775, -6.95055], [115.37415, -6.95445], [115.38944, -6.96306], [115.39402, -6.97222], [115.38957, -6.98334], [115.29554, -7.00826], [115.27075, -6.99458], [115.215, -6.93278], [115.21165, -6.9225], [115.21111, -6.90972], [115.21443, -6.89945], [115.24721, -6.84153], [115.25749, -6.83472], [115.27138, -6.83472], [115.29333, -6.83879]]], [[[121.72635, -10.54468], [121.76888, -10.52], [121.84082, -10.46278], [121.85624, -10.44416], [121.8772, -10.43111], [121.89499, -10.42166], [121.90665, -10.41945], [121.91971, -10.42028], [121.99026, -10.43764], [121.99944, -10.44542], [122.00333, -10.45528], [122.00194, -10.4675], [121.99428, -10.51597], [121.97901, -10.53778], [121.87109, -10.6075], [121.85999, -10.61028], [121.84636, -10.61028], [121.74553, -10.60695], [121.73665, -10.60222], [121.71138, -10.58666], [121.69421, -10.57313], [121.69359, -10.5625], [121.72635, -10.54468]]], [[[130.84104, -0.77054], [130.88665, -0.77042], [130.91713, -0.79097], [130.8911, -0.83584], [130.86636, -0.84889], [130.83829, -0.86305], [130.79635, -0.87639], [130.66775, -0.90361], [130.58331, -0.9125], [130.55996, -0.90972], [130.47717, -0.90639], [130.44303, -0.91195], [130.42163, -0.925], [130.41137, -0.92834], [130.39763, -0.92389], [130.4483, -0.86528], [130.48664, -0.83528], [130.58414, -0.8275], [130.72787, -0.82834], [130.80469, -0.81111], [130.84104, -0.77054]]], [[[127.79779, -8.10386], [127.81081, -8.1025], [127.8436, -8.10111], [127.86499, -8.10722], [127.88138, -8.11472], [127.89722, -8.12305], [127.9272, -8.13389], [127.95, -8.13861], [127.96832, -8.14056], [128.05054, -8.1475], [128.06789, -8.14243], [128.08524, -8.1375], [128.10053, -8.13861], [128.11704, -8.14611], [128.12606, -8.15416], [128.12773, -8.16861], [128.12134, -8.17916], [128.03623, -8.26472], [128.02527, -8.2675], [128.00943, -8.26278], [127.82999, -8.20306], [127.81151, -8.19416], [127.80247, -8.18597], [127.76332, -8.11027], [127.77443, -8.10472], [127.78693, -8.10334], [127.79779, -8.10386]]], [[[102.37805, -5.4872], [102.32747, -5.4675], [102.25695, -5.45445], [102.09985, -5.33514], [102.11444, -5.31861], [102.16095, -5.27916], [102.17859, -5.27778], [102.26834, -5.31528], [102.38081, -5.3725], [102.39249, -5.38139], [102.40359, -5.39778], [102.40471, -5.41028], [102.38665, -5.48416], [102.37805, -5.4872]]], [[[130.76554, -8.355], [130.76498, -8.34195], [130.84024, -8.26056], [130.85663, -8.24306], [130.86856, -8.23416], [130.92746, -8.20445], [130.96164, -8.1475], [131.01352, -8.09028], [131.03245, -8.08484], [131.16665, -8.12222], [131.17832, -8.13125], [131.15775, -8.15555], [131.14194, -8.16695], [131.04663, -8.20916], [130.95941, -8.23695], [130.89722, -8.28111], [130.89554, -8.29625], [130.88831, -8.30666], [130.8219, -8.34945], [130.80414, -8.35222], [130.76554, -8.355]]], [[[117.5361, -8.39084], [117.52638, -8.38666], [117.48776, -8.36069], [117.48318, -8.35153], [117.4772, -8.24834], [117.47638, -8.20028], [117.48137, -8.19139], [117.5454, -8.14972], [117.56179, -8.14569], [117.57916, -8.14528], [117.6636, -8.15153], [117.67956, -8.15916], [117.68887, -8.17028], [117.69136, -8.18376], [117.67928, -8.19139], [117.63887, -8.22264], [117.6272, -8.23834], [117.62025, -8.25195], [117.59499, -8.30805], [117.57652, -8.35084], [117.55582, -8.37805], [117.54317, -8.38916], [117.5361, -8.39084]]], [[[134.21451, -6.02635], [134.22295, -6.03042], [134.23996, -6.07695], [134.24162, -6.09764], [134.22815, -6.12875], [134.23176, -6.14097], [134.32831, -6.23695], [134.33719, -6.24195], [134.36996, -6.25806], [134.40401, -6.28166], [134.36468, -6.30861], [134.33304, -6.32639], [134.23996, -6.25195], [134.13039, -6.15126], [134.11996, -6.13416], [134.11273, -6.11055], [134.11245, -6.09389], [134.12093, -6.04458], [134.12745, -6.03389], [134.15203, -6.0125], [134.15219, -6.03472], [134.15858, -6.04708], [134.18956, -6.04666], [134.21451, -6.02635]]], [[[134.45279, -6.28804], [134.45358, -6.29166], [134.46386, -6.30166], [134.55719, -6.3725], [134.57372, -6.38], [134.58915, -6.39542], [134.59775, -6.40722], [134.60413, -6.42472], [134.59912, -6.44278], [134.54387, -6.53361], [134.52777, -6.53], [134.50956, -6.51722], [134.48523, -6.47139], [134.45565, -6.42756], [134.43633, -6.43232], [134.38625, -6.39397], [134.36122, -6.39271], [134.34552, -6.35972], [134.3783, -6.32139], [134.4086, -6.29972], [134.44787, -6.28479], [134.45279, -6.28804]]], [[[119.45546, -8.42999], [119.46165, -8.44028], [119.49665, -8.48695], [119.5211, -8.48445], [119.54055, -8.48445], [119.56636, -8.49458], [119.58526, -8.56], [119.57025, -8.58986], [119.55554, -8.59903], [119.53707, -8.60084], [119.52665, -8.59764], [119.52457, -8.58597], [119.51214, -8.57298], [119.49109, -8.57639], [119.4561, -8.60306], [119.43776, -8.67334], [119.44484, -8.70819], [119.45165, -8.72023], [119.46471, -8.74292], [119.45144, -8.75326], [119.37692, -8.73972], [119.37456, -8.72222], [119.37781, -8.7182], [119.38275, -8.71416], [119.40416, -8.68084], [119.40526, -8.65639], [119.39777, -8.63806], [119.41568, -8.44569], [119.44693, -8.42847], [119.45546, -8.42999]]], [[[98.54415, -0.38639], [98.50444, -0.30334], [98.49609, -0.29111], [98.36998, -0.115], [98.29193, -0.01528], [98.30081, -0.00722], [98.34555, 0.00451], [98.37473, 0.00639], [98.3903, 0.00472], [98.39891, -0.00125], [98.44414, -0.06139], [98.45221, -0.07389], [98.45833, -0.08834], [98.46388, -0.11], [98.46582, -0.12195], [98.46998, -0.13834], [98.48248, -0.17389], [98.48859, -0.18889], [98.49332, -0.19778], [98.50722, -0.21834], [98.52222, -0.2375], [98.53526, -0.25195], [98.54415, -0.26361], [98.55332, -0.27834], [98.55804, -0.29416], [98.55832, -0.31084], [98.54748, -0.37055], [98.54415, -0.38639]]], [[[134.89441, -0.94332], [134.92998, -0.96111], [134.99231, -1.0259], [134.99205, -1.07389], [134.98745, -1.08666], [134.95941, -1.12695], [134.9458, -1.13389], [134.93469, -1.13666], [134.92248, -1.13805], [134.87995, -1.14084], [134.86621, -1.13722], [134.80109, -1.04069], [134.79914, -1.02556], [134.81205, -0.98236], [134.84095, -0.94334], [134.87525, -0.94], [134.88803, -0.94056], [134.89441, -0.94332]]], [[[98.80533, 0.09426], [98.75918, 0.08166], [98.63765, 0.07736], [98.52987, 0.09805], [98.51947, 0.11334], [98.51531, 0.12278], [98.51433, 0.13555], [98.52765, 0.15305], [98.54959, 0.17222], [98.55974, 0.17555], [98.61195, 0.17694], [98.7628, 0.17166], [98.78225, 0.16708], [98.79182, 0.16028], [98.82307, 0.12361], [98.83475, 0.10778], [98.83765, 0.08764], [98.80533, 0.09426]]], [[[103.29689, 0.58894], [103.29774, 0.58055], [103.29622, 0.55111], [103.29219, 0.54153], [103.28275, 0.53416], [103.27304, 0.53], [103.18525, 0.50805], [103.17357, 0.50584], [103.16038, 0.50972], [103.15108, 0.51764], [103.13942, 0.53334], [103.13525, 0.54361], [103.13289, 0.56445], [103.13997, 0.60194], [103.14552, 0.62445], [103.1497, 0.64084], [103.15525, 0.65611], [103.15997, 0.665], [103.17442, 0.68472], [103.19025, 0.69639], [103.20442, 0.7025], [103.21997, 0.70361], [103.23524, 0.695], [103.26665, 0.66458], [103.28135, 0.645], [103.28885, 0.63194], [103.29413, 0.61695], [103.29689, 0.58894]]], [[[103.50665, 0.7403], [103.50609, 0.73555], [103.49719, 0.71695], [103.47441, 0.67805], [103.46194, 0.65972], [103.45193, 0.6525], [103.43956, 0.64778], [103.42692, 0.6475], [103.4136, 0.65111], [103.40248, 0.66084], [103.35332, 0.74861], [103.34499, 0.76778], [103.33943, 0.78972], [103.33886, 0.80945], [103.34026, 0.82194], [103.34304, 0.83278], [103.37301, 0.88826], [103.38955, 0.88889], [103.42585, 0.83034], [103.46692, 0.80889], [103.50122, 0.76084], [103.50678, 0.74916], [103.50665, 0.7403]]], [[[105.7063, 2.84358], [105.70305, 2.85028], [105.68387, 3.00639], [105.69066, 3.0575], [105.70095, 3.05986], [105.83805, 2.98861], [105.84811, 2.97715], [105.81262, 2.89903], [105.76222, 2.84805], [105.73997, 2.83597], [105.71805, 2.83458], [105.7063, 2.84358]]], [[[123.41635, -10.15331], [123.42859, -10.14639], [123.4495, -10.13966], [123.50672, -10.18042], [123.40735, -10.33937], [123.32125, -10.34111], [123.31219, -10.32445], [123.30942, -10.31361], [123.3097, -10.27597], [123.31888, -10.25973], [123.39499, -10.16611], [123.41635, -10.15331]]], [[[130.63748, -0.41917], [130.66025, -0.42666], [130.69304, -0.45292], [130.69441, -0.46785], [130.66859, -0.51139], [130.65887, -0.51861], [130.63789, -0.52847], [130.60608, -0.54111], [130.59497, -0.54389], [130.58191, -0.54334], [130.4653, -0.52528], [130.45581, -0.46861], [130.47983, -0.45069], [130.61414, -0.41028], [130.62439, -0.41361], [130.63748, -0.41917]]], [[[127.2386, -0.61441], [127.2529, -0.62], [127.2904, -0.69097], [127.31825, -0.79458], [127.27762, -0.80834], [127.18665, -0.79195], [127.17554, -0.78916], [127.1611, -0.78132], [127.15359, -0.77], [127.15193, -0.75528], [127.15498, -0.74139], [127.18857, -0.63431], [127.20235, -0.62055], [127.21471, -0.61584], [127.22693, -0.61445], [127.2386, -0.61441]]], [[[122.90356, -8.61054], [122.89263, -8.60222], [122.88443, -8.58334], [122.88805, -8.56639], [122.8961, -8.54056], [122.90027, -8.53111], [122.90918, -8.51702], [122.91805, -8.50945], [122.98804, -8.45666], [122.99748, -8.4525], [123.00861, -8.44972], [123.15686, -8.43069], [123.17428, -8.43889], [123.18012, -8.45014], [123.17776, -8.46069], [123.16915, -8.4725], [123.1586, -8.47889], [123.14777, -8.48166], [123.0811, -8.49584], [123.06888, -8.49722], [122.96944, -8.5725], [122.92559, -8.61192], [122.90356, -8.61054]]], [[[117.90355, 4.17405], [117.90471, 4.17305], [117.9136, 4.14111], [117.92915, 4.05653], [117.92192, 4.04666], [117.90942, 4.03861], [117.89665, 4.03111], [117.88694, 4.02695], [117.86726, 4.02666], [117.85332, 4.03166], [117.84444, 4.03639], [117.83221, 4.04472], [117.81775, 4.05834], [117.71027, 4.14916], [117.68692, 4.16834], [117.72665, 4.16972], [117.83971, 4.17195], [117.87944, 4.17305], [117.90355, 4.17405]]], [[[117.23526, 3.57972], [117.24414, 3.58527], [117.25388, 3.58945], [117.27388, 3.59236], [117.39083, 3.56195], [117.51797, 3.48618], [117.51749, 3.47445], [117.49762, 3.45319], [117.48637, 3.44736], [117.46567, 3.45855], [117.45387, 3.46555], [117.43471, 3.47389], [117.41555, 3.48194], [117.39972, 3.4875], [117.3886, 3.49028], [117.36053, 3.49639], [117.34833, 3.49778], [117.33472, 3.49778], [117.32304, 3.49555], [117.28943, 3.495], [117.27693, 3.49639], [117.2661, 3.49916], [117.25249, 3.50584], [117.23996, 3.51416], [117.22971, 3.52445], [117.21666, 3.54555], [117.21609, 3.55861], [117.2211, 3.57055], [117.23526, 3.57972]]], [[[117.55469, 3.43335], [117.60873, 3.43472], [117.62526, 3.43416], [117.64915, 3.43055], [117.66249, 3.42694], [117.67249, 3.41972], [117.67804, 3.41139], [117.68137, 3.40111], [117.67943, 3.38278], [117.66415, 3.28416], [117.63193, 3.25889], [117.55762, 3.31805], [117.53334, 3.37945], [117.53055, 3.39028], [117.52916, 3.4025], [117.53137, 3.41416], [117.54067, 3.42701], [117.55469, 3.43335]]], [[[121.91217, -0.47422], [121.91331, -0.47528], [121.91151, -0.49055], [121.90415, -0.50389], [121.89026, -0.51389], [121.87816, -0.51611], [121.87442, -0.50361], [121.86554, -0.49181], [121.83805, -0.48222], [121.72638, -0.48361], [121.71054, -0.51222], [121.70582, -0.52472], [121.69692, -0.54146], [121.66665, -0.55431], [121.64721, -0.55111], [121.64083, -0.53361], [121.68109, -0.46111], [121.74136, -0.41861], [121.83943, -0.40834], [121.85109, -0.4075], [121.87859, -0.42111], [121.89083, -0.42945], [121.89972, -0.44111], [121.90721, -0.45416], [121.90999, -0.465], [121.91217, -0.47422]]], [[[97.34275, 2.05364], [97.33081, 2.03597], [97.32082, 2.03028], [97.30524, 2.05222], [97.29608, 2.06916], [97.29135, 2.07805], [97.27969, 2.09389], [97.23385, 2.14389], [97.2072, 2.17195], [97.19885, 2.1775], [97.15025, 2.19861], [97.11607, 2.20416], [97.10219, 2.21305], [97.10831, 2.22194], [97.16538, 2.23361], [97.28455, 2.22576], [97.32442, 2.16305], [97.32831, 2.15361], [97.34413, 2.10611], [97.34358, 2.05611], [97.34275, 2.05364]]], [[[131.91607, -7.10416], [131.92718, -7.10695], [131.9744, -7.17555], [131.97913, -7.18445], [131.98801, -7.22132], [131.9726, -7.25139], [131.96219, -7.25445], [131.91386, -7.22069], [131.90582, -7.20806], [131.90442, -7.18916], [131.89915, -7.17764], [131.89025, -7.16945], [131.87912, -7.16666], [131.83331, -7.15916], [131.82163, -7.16139], [131.80026, -7.16611], [131.76554, -7.17416], [131.73608, -7.16819], [131.72816, -7.15556], [131.72857, -7.13945], [131.73384, -7.12792], [131.75055, -7.11645], [131.91607, -7.10416]]], [[[117.61079, 4.10215], [117.6122, 4.10611], [117.63136, 4.12805], [117.64402, 4.13931], [117.66082, 4.14181], [117.67248, 4.13625], [117.74498, 4.0775], [117.75069, 4.06584], [117.75055, 4.05027], [117.72859, 4.00028], [117.71971, 3.99195], [117.68651, 3.97389], [117.67485, 3.97527], [117.65999, 3.98444], [117.60581, 4.02604], [117.59915, 4.04666], [117.59636, 4.06445], [117.59499, 4.07694], [117.59915, 4.08986], [117.61079, 4.10215]]], [[[106.82553, -2.90055], [106.89665, -2.92861], [106.90735, -2.93528], [106.91477, -2.95201], [106.89152, -3.02347], [106.85443, -3.03375], [106.82138, -3.02389], [106.72387, -2.96757], [106.74248, -2.92264], [106.80901, -2.89306], [106.82193, -2.89722], [106.82553, -2.90055]]], [[[128.62354, -7.06526], [128.69872, -7.1084], [128.70304, -7.11972], [128.67969, -7.17695], [128.65483, -7.20834], [128.63721, -7.21972], [128.62662, -7.21806], [128.53922, -7.16376], [128.52609, -7.14014], [128.52955, -7.12792], [128.54804, -7.10695], [128.58441, -7.08166], [128.59693, -7.07361], [128.61829, -7.06431], [128.62354, -7.06526]]], [[[116.42953, -3.40497], [116.42943, -3.43916], [116.42804, -3.45139], [116.40332, -3.58416], [116.39526, -3.61695], [116.39026, -3.63278], [116.38067, -3.64458], [116.31694, -3.54097], [116.35471, -3.44528], [116.3636, -3.43361], [116.40444, -3.38208], [116.41789, -3.37882], [116.42581, -3.38916], [116.42953, -3.40497]]], [[[122.04866, -0.37862], [122.0447, -0.39626], [122.03373, -0.40924], [122.01138, -0.41445], [121.9165, -0.41681], [121.89695, -0.41222], [121.87234, -0.39584], [121.85554, -0.375], [121.85554, -0.36334], [121.87512, -0.33834], [121.8875, -0.32945], [121.92165, -0.31722], [121.93193, -0.31361], [121.94749, -0.31264], [122.04762, -0.33813], [122.04866, -0.37862]]], [[[108.9559, -1.57086], [108.96374, -1.58153], [108.96499, -1.59681], [108.95804, -1.61556], [108.94664, -1.63326], [108.93137, -1.64361], [108.85179, -1.67028], [108.83943, -1.67028], [108.82943, -1.66639], [108.79575, -1.58208], [108.80455, -1.56458], [108.89638, -1.5375], [108.91415, -1.54], [108.93221, -1.54584], [108.9559, -1.57086]]], [[[112.69467, -5.73136], [112.72158, -5.74139], [112.7372, -5.77695], [112.73776, -5.79], [112.73248, -5.82556], [112.72464, -5.83986], [112.69275, -5.85278], [112.61998, -5.85945], [112.59033, -5.84507], [112.58443, -5.79834], [112.58777, -5.78458], [112.63748, -5.73847], [112.68166, -5.73], [112.6947, -5.73056], [112.69467, -5.73136]]], [[[128.44058, -3.51995], [128.46121, -3.51889], [128.50083, -3.5225], [128.51053, -3.52666], [128.5311, -3.54028], [128.55832, -3.56778], [128.56358, -3.57972], [128.56219, -3.59125], [128.54885, -3.60195], [128.52276, -3.61695], [128.40277, -3.64084], [128.38588, -3.6384], [128.38775, -3.61916], [128.4097, -3.5425], [128.41858, -3.53069], [128.43109, -3.5225], [128.44058, -3.51995]]], [[[127.41607, -7.51255], [127.48498, -7.53437], [127.48859, -7.54916], [127.48804, -7.56889], [127.48526, -7.58], [127.48109, -7.58945], [127.45387, -7.60972], [127.39415, -7.65111], [127.37921, -7.65855], [127.35928, -7.65458], [127.35025, -7.64653], [127.34527, -7.63111], [127.34694, -7.61666], [127.36679, -7.51597], [127.37553, -7.50778], [127.38735, -7.5025], [127.41331, -7.51], [127.41607, -7.51255]]], [[[128.5838, -3.49444], [128.62343, -3.52126], [128.67081, -3.53799], [128.67804, -3.52361], [128.69142, -3.50014], [128.70636, -3.50195], [128.71274, -3.50972], [128.71665, -3.51916], [128.72302, -3.54722], [128.7269, -3.59084], [128.72315, -3.61632], [128.63971, -3.62889], [128.62689, -3.62347], [128.61524, -3.60945], [128.55746, -3.5259], [128.55566, -3.50764], [128.56851, -3.49535], [128.5838, -3.49444]]], [[[95.38019, 5.83755], [95.3808, 5.81916], [95.38025, 5.80611], [95.34032, 5.77465], [95.29246, 5.78555], [95.28011, 5.79374], [95.21775, 5.88166], [95.21149, 5.89264], [95.21095, 5.90347], [95.22011, 5.91347], [95.33734, 5.89444], [95.38233, 5.84695], [95.38019, 5.83755]]], [[[115.58998, -8.80611], [115.56999, -8.80555], [115.55971, -8.80223], [115.5461, -8.79528], [115.51194, -8.77445], [115.5036, -8.76889], [115.47971, -8.74528], [115.46971, -8.73208], [115.47207, -8.72222], [115.50166, -8.68028], [115.51042, -8.67139], [115.52041, -8.66764], [115.56763, -8.67146], [115.58388, -8.68084], [115.60283, -8.70271], [115.61665, -8.72972], [115.61943, -8.74722], [115.61874, -8.76347], [115.59832, -8.8009], [115.58998, -8.80611]]], [[[129.53637, -0.2225], [129.48691, -0.16222], [129.36774, -0.04361], [129.29193, 0.03139], [129.28998, 0.04305], [129.30456, 0.045], [129.33829, 0.02278], [129.35745, 0.00778], [129.54316, -0.14305], [129.5658, -0.18278], [129.56816, -0.20063], [129.55469, -0.21361], [129.53637, -0.2225]]], [[[105.26111, -6.53326], [105.26361, -6.54472], [105.26138, -6.6125], [105.25041, -6.63916], [105.19554, -6.68347], [105.18525, -6.68347], [105.11748, -6.62625], [105.11442, -6.6109], [105.16443, -6.56666], [105.18637, -6.55445], [105.25436, -6.52875], [105.26111, -6.53326]]], [[[126.70526, 3.79444], [126.69637, 3.79722], [126.68442, 3.81445], [126.61081, 3.97681], [126.60317, 4.03687], [126.61885, 4.03819], [126.64276, 4.02055], [126.72311, 3.91215], [126.72665, 3.88555], [126.71291, 3.8], [126.70526, 3.79444]]], [[[129.8783, -1.14556], [129.95925, -1.17347], [129.93136, -1.21028], [129.83274, -1.24236], [129.74148, -1.21097], [129.74469, -1.19195], [129.7536, -1.18056], [129.76581, -1.17222], [129.85773, -1.14403], [129.86969, -1.14305], [129.8783, -1.14556]]], [[[119.69942, -8.72311], [119.72172, -8.73813], [119.7272, -8.75514], [119.7163, -8.78271], [119.68268, -8.80299], [119.60964, -8.77666], [119.61026, -8.75611], [119.6154, -8.73736], [119.63218, -8.72512], [119.64444, -8.67084], [119.63305, -8.60079], [119.6611, -8.61777], [119.71999, -8.68695], [119.69942, -8.72311]]], [[[133.32901, -4.10785], [133.34621, -4.11472], [133.41803, -4.16972], [133.50525, -4.2125], [133.51554, -4.21584], [133.53943, -4.22611], [133.55276, -4.23361], [133.57178, -4.24861], [133.61551, -4.30055], [133.60135, -4.29861], [133.42996, -4.22139], [133.32637, -4.17069], [133.32163, -4.15834], [133.31552, -4.11666], [133.31693, -4.10375], [133.32901, -4.10785]]], [[[104.17554, 0.79084], [104.1611, 0.83139], [104.15694, 0.84111], [104.14235, 0.86055], [104.1297, 0.86834], [104.09804, 0.88222], [104.08915, 0.93555], [104.09471, 0.94722], [104.10775, 0.94986], [104.26083, 0.86597], [104.26498, 0.85639], [104.26284, 0.84034], [104.24483, 0.82111], [104.17554, 0.79084]]], [[[120.65807, -7.02248], [120.68415, -7.04431], [120.74888, -7.07632], [120.76305, -7.07222], [120.77555, -7.06028], [120.78374, -7.07055], [120.78415, -7.08722], [120.78137, -7.09806], [120.76971, -7.13416], [120.67303, -7.14681], [120.65248, -7.13472], [120.63777, -7.12208], [120.62484, -7.08486], [120.63366, -7.01605], [120.65807, -7.02248]]], [[[131.03693, -7.4175], [131.16512, -7.40389], [131.17726, -7.41187], [131.17191, -7.42639], [131.13443, -7.46361], [131.07275, -7.51139], [131.06025, -7.5125], [130.9951, -7.48695], [130.98413, -7.47389], [130.98176, -7.45625], [130.99997, -7.42847], [131.01025, -7.42153], [131.03027, -7.4175], [131.03693, -7.4175]]], [[[138.63415, -6.7295], [138.65497, -6.74889], [138.6633, -6.75445], [138.69052, -6.76139], [138.71469, -6.76472], [138.7283, -6.76472], [138.73855, -6.76805], [138.74884, -6.77834], [138.76944, -6.80611], [138.78581, -6.83771], [138.74551, -6.86806], [138.72836, -6.87326], [138.71191, -6.87139], [138.70245, -6.8675], [138.68525, -6.85722], [138.61801, -6.76889], [138.61191, -6.75445], [138.61079, -6.73916], [138.6176, -6.72889], [138.6283, -6.72584], [138.63721, -6.73055], [138.63415, -6.7295]]], [[[128.85865, -8.1889], [128.86884, -8.18472], [128.89135, -8.18], [128.94553, -8.18056], [128.9697, -8.18389], [128.97913, -8.18805], [129.02916, -8.21319], [129.0347, -8.22806], [129.0329, -8.24334], [129.0154, -8.26681], [129.00525, -8.26945], [128.92499, -8.26264], [128.91275, -8.25805], [128.88471, -8.245], [128.84885, -8.22611], [128.83996, -8.22139], [128.83058, -8.20216], [128.83719, -8.19416], [128.85865, -8.1889]]], [[[134.71008, -6.59137], [134.71078, -6.59111], [134.7197, -6.59584], [134.73053, -6.60555], [134.73941, -6.61695], [134.74164, -6.62861], [134.72162, -6.69056], [134.66735, -6.77445], [134.6465, -6.76986], [134.62399, -6.75139], [134.62635, -6.71556], [134.67581, -6.61222], [134.68525, -6.59458], [134.69497, -6.58708], [134.70801, -6.58972], [134.71008, -6.59137]]], [[[119.08829, -8.13632], [119.10526, -8.14528], [119.12275, -8.15861], [119.13374, -8.17486], [119.13694, -8.19222], [119.13472, -8.20695], [119.1279, -8.22403], [119.10332, -8.25055], [119.09221, -8.26], [119.08333, -8.26472], [119.07249, -8.2675], [119.05887, -8.2675], [119.04513, -8.26416], [119.0361, -8.25584], [119.02443, -8.24027], [119.01485, -8.20306], [119.02388, -8.16778], [119.02777, -8.15834], [119.04221, -8.14542], [119.06081, -8.13639], [119.07513, -8.13389], [119.08829, -8.13632]]], [[[127.5661, -1.17775], [127.57166, -1.18306], [127.58235, -1.18972], [127.62859, -1.20861], [127.65109, -1.21334], [127.6147, -1.25778], [127.49553, -1.26889], [127.48665, -1.26416], [127.45693, -1.2425], [127.45693, -1.23208], [127.50653, -1.18584], [127.52222, -1.17778], [127.53249, -1.17416], [127.54705, -1.17166], [127.55831, -1.17389], [127.5661, -1.17775]]], [[[127.70807, -3.16059], [127.715, -3.15806], [127.75595, -3.15305], [127.78943, -3.17966], [127.79165, -3.21555], [127.78727, -3.24549], [127.77346, -3.25416], [127.69583, -3.255], [127.67304, -3.25375], [127.65805, -3.24472], [127.63833, -3.22458], [127.65526, -3.20445], [127.69971, -3.16695], [127.70807, -3.16059]]], [[[104.69693, 0.02278], [104.69165, 0.02416], [104.68193, 0.02889], [104.6736, 0.03445], [104.59315, 0.09722], [104.53802, 0.16195], [104.5258, 0.17694], [104.49191, 0.23368], [104.54122, 0.22472], [104.70526, 0.05028], [104.70999, 0.03861], [104.70388, 0.025], [104.69693, 0.02278]]], [[[120.8308, -7.26522], [120.83832, -7.26861], [120.87053, -7.2775], [120.93137, -7.28361], [120.96096, -7.285], [120.99541, -7.28069], [121.02748, -7.28639], [121.05331, -7.29445], [121.06304, -7.30208], [121.05887, -7.31347], [121.04387, -7.32916], [121.03221, -7.33472], [121.01305, -7.33584], [120.99942, -7.33584], [120.81638, -7.30556], [120.80262, -7.29861], [120.79165, -7.28916], [120.79109, -7.27542], [120.79915, -7.26666], [120.81464, -7.25979], [120.8286, -7.26334], [120.8308, -7.26522]]], [[[134.8855, -6.3085], [134.88888, -6.32903], [134.88694, -6.34389], [134.83322, -6.46972], [134.81607, -6.47], [134.7999, -6.45889], [134.79221, -6.44611], [134.78873, -6.39028], [134.79358, -6.37806], [134.84079, -6.29306], [134.85454, -6.28945], [134.87204, -6.29264], [134.88371, -6.30153], [134.8855, -6.3085]]], [[[123.58554, -5.25528], [123.59887, -5.25903], [123.6136, -5.26834], [123.6272, -5.2825], [123.63275, -5.29084], [123.63694, -5.30361], [123.63311, -5.37361], [123.60526, -5.37666], [123.57694, -5.37431], [123.56566, -5.36847], [123.55664, -5.35695], [123.54721, -5.33916], [123.5361, -5.31584], [123.52805, -5.29695], [123.52165, -5.27584], [123.51971, -5.26069], [123.52318, -5.25055], [123.53978, -5.25122], [123.58554, -5.25528]]], [[[114.32695, -7.06397], [114.33582, -7.06195], [114.35775, -7.06125], [114.37025, -7.06611], [114.3797, -7.07695], [114.3961, -7.10139], [114.40776, -7.12389], [114.41845, -7.16639], [114.40248, -7.18111], [114.38902, -7.18403], [114.32624, -7.16472], [114.29749, -7.10834], [114.29263, -7.09597], [114.29263, -7.08514], [114.30921, -7.06916], [114.32695, -7.06397]]], [[[108.78177, 2.8998], [108.79554, 2.90861], [108.81609, 2.92222], [108.82639, 2.9325], [108.83194, 2.94084], [108.8368, 2.95305], [108.83805, 2.96889], [108.84415, 2.99361], [108.8586, 3.00305], [108.87165, 3.00361], [108.88735, 2.99889], [108.89526, 2.98972], [108.89777, 2.97847], [108.88728, 2.89201], [108.83943, 2.84834], [108.82944, 2.84458], [108.77346, 2.8875], [108.78177, 2.8998]]], [[[103.43553, 1.02521], [103.44218, 0.98979], [103.40969, 0.98722], [103.3494, 1.005], [103.32275, 1.03653], [103.31295, 1.06208], [103.31694, 1.07611], [103.32775, 1.09916], [103.33983, 1.11805], [103.35052, 1.12472], [103.36996, 1.12916], [103.38575, 1.12507], [103.38692, 1.10889], [103.3847, 1.09722], [103.39081, 1.07611], [103.3997, 1.05403], [103.43553, 1.02521]]], [[[127.57309, -3.26675], [127.62387, -3.31528], [127.65041, -3.35361], [127.64305, -3.36195], [127.63275, -3.36528], [127.6172, -3.36625], [127.52068, -3.33278], [127.50916, -3.32695], [127.48859, -3.30639], [127.48109, -3.29334], [127.52471, -3.25819], [127.55137, -3.25819], [127.56972, -3.26389], [127.57309, -3.26675]]], [[[98.57782, 1.62282], [98.56236, 1.62028], [98.50027, 1.62278], [98.48915, 1.62555], [98.44801, 1.64055], [98.4333, 1.65319], [98.42691, 1.66722], [98.42857, 1.68124], [98.43914, 1.69472], [98.45317, 1.70458], [98.46455, 1.70569], [98.55505, 1.68166], [98.57985, 1.66722], [98.60225, 1.62708], [98.58175, 1.62278], [98.57782, 1.62282]]], [[[125.44586, 2.7525], [125.42609, 2.73416], [125.40694, 2.71555], [125.40221, 2.70334], [125.40082, 2.69084], [125.40388, 2.67694], [125.41374, 2.66639], [125.42192, 2.6575], [125.42609, 2.64431], [125.41582, 2.63069], [125.40359, 2.62666], [125.38971, 2.62945], [125.37656, 2.6384], [125.35694, 2.71278], [125.35471, 2.72445], [125.35651, 2.73847], [125.38082, 2.79292], [125.39194, 2.8025], [125.41137, 2.80694], [125.42262, 2.80528], [125.44331, 2.7875], [125.45034, 2.77215], [125.44803, 2.75666], [125.44586, 2.7525]]]]}}]}